ISO-10303-21;
HEADER;
FILE_DESCRIPTION(('Open CASCADE Model'),'2;1');
FILE_NAME('Open CASCADE Shape Model','2024-03-26T23:04:45',('Author'),(
    'Open CASCADE'),'Open CASCADE STEP processor 7.7','Open CASCADE 7.7'
  ,'Unknown');
FILE_SCHEMA(('AUTOMOTIVE_DESIGN { 1 0 10303 214 1 1 1 1 }'));
ENDSEC;
DATA;
#1 = APPLICATION_PROTOCOL_DEFINITION('international standard',
  'automotive_design',2000,#2);
#2 = APPLICATION_CONTEXT(
  'core data for automotive mechanical design processes');
#3 = SHAPE_DEFINITION_REPRESENTATION(#4,#10);
#4 = PRODUCT_DEFINITION_SHAPE('','',#5);
#5 = PRODUCT_DEFINITION('design','',#6,#9);
#6 = PRODUCT_DEFINITION_FORMATION('','',#7);
#7 = PRODUCT('Open CASCADE STEP translator 7.7 2',
  'Open CASCADE STEP translator 7.7 2','',(#8));
#8 = PRODUCT_CONTEXT('',#2,'mechanical');
#9 = PRODUCT_DEFINITION_CONTEXT('part definition',#2,'design');
#10 = ADVANCED_BREP_SHAPE_REPRESENTATION('',(#11,#15),#15057);
#11 = AXIS2_PLACEMENT_3D('',#12,#13,#14);
#12 = CARTESIAN_POINT('',(0.,0.,0.));
#13 = DIRECTION('',(0.,0.,1.));
#14 = DIRECTION('',(1.,0.,-0.));
#15 = MANIFOLD_SOLID_BREP('',#16);
#16 = CLOSED_SHELL('',(#17,#109,#199,#291,#383,#475,#567,#659,#751,#843,
    #935,#1027,#1119,#1211,#1303,#1395,#1487,#1577,#1669,#1761,#1851,
    #1936,#2028,#2118,#2201,#2291,#2376,#2468,#2560,#2645,#2737,#2829,
    #2919,#3004,#3096,#3186,#3276,#3364,#3447,#3537,#3620,#3703,#3793,
    #3881,#3964,#4054,#4137,#4218,#4306,#4389,#4474,#4566,#4654,#4735,
    #4823,#4906,#4996,#5074,#5159,#5237,#5325,#5413,#5489,#5570,#5660,
    #5750,#5842,#5925,#6003,#6061,#6137,#6215,#6303,#6393,#6485,#6541,
    #6617,#6700,#6790,#6880,#6963,#7051,#7134,#7219,#7304,#7385,#7473,
    #7549,#7637,#7695,#7748,#7779,#7825,#7878,#7909,#7955,#8038,#8044,
    #8075,#8106,#8157,#8208,#8261,#8287,#8333,#8381,#8427,#8473,#8519,
    #8565,#8613,#8666,#8712,#8743,#8789,#8835,#8883,#8929,#8975,#9021,
    #9074,#9120,#9151,#9197,#9243,#9289,#9340,#9391,#9437,#9483,#9529,
    #9582,#9628,#9679,#9730,#9783,#9836,#9862,#9888,#9936,#9989,#10020,
    #10073,#10119,#10150,#10196,#10242,#10288,#10341,#10387,#10418,
    #10444,#10470,#10516,#10567,#10615,#10641,#10667,#10693,#10746,
    #10772,#10798,#10844,#10890,#10916,#10922,#10948,#10954,#10980,
    #11026,#11052,#11083,#11134,#11180,#11206,#11252,#11278,#11326,
    #11352,#11403,#11449,#11500,#11548,#11574,#11600,#11626,#11672,
    #11698,#11724,#11750,#11801,#11847,#11873,#11899,#11925,#11976,
    #12029,#12055,#12081,#12107,#12113,#12139,#12165,#12191,#12217,
    #12248,#12294,#12320,#12346,#12352,#12378,#12436,#12462,#12468,
    #12494,#12520,#12571,#12597,#12603,#12654,#12707,#12733,#12739,
    #12765,#12771,#12797,#12823,#12829,#12855,#12881,#12887,#12893,
    #12899,#12905,#12911,#12917,#12923,#12929,#12960,#12986,#12992,
    #13018,#13044,#13090,#13116,#13122,#13168,#13214,#13240,#13246,
    #13272,#13278,#13284,#13290,#13296,#13302,#13308,#13314,#13320,
    #13326,#13332,#13358,#13364,#13390,#13396,#13402,#13448,#13474,
    #13500,#13526,#13532,#13578,#13584,#13590,#13596,#13602,#13608,
    #13614,#13620,#13626,#13632,#13638,#13644,#13670,#13701,#13747,
    #13753,#13779,#13805,#13811,#13837,#13863,#13869,#13875,#13901,
    #13947,#13973,#13979,#13985,#13991,#13997,#14023,#14049,#14075,
    #14101,#14147,#14173,#14199,#14205,#14231,#14277,#14283,#14309,
    #14315,#14361,#14367,#14373,#14379,#14385,#14391,#14397,#14403,
    #14429,#14435,#14441,#14467,#14493,#14519,#14525,#14551,#14557,
    #14563,#14569,#14575,#14581,#14612,#14638,#14644,#14670,#14696,
    #14747,#14773,#14779,#14825,#14851,#14877,#14883,#14889,#14895,
    #14901,#14927,#14933,#14981,#15007,#15013,#15019,#15045,#15051));
#17 = ADVANCED_FACE('',(#18),#32,.T.);
#18 = FACE_BOUND('',#19,.T.);
#19 = EDGE_LOOP('',(#20,#55,#83));
#20 = ORIENTED_EDGE('',*,*,#21,.T.);
#21 = EDGE_CURVE('',#22,#24,#26,.T.);
#22 = VERTEX_POINT('',#23);
#23 = CARTESIAN_POINT('',(283.297779,0.,30.));
#24 = VERTEX_POINT('',#25);
#25 = CARTESIAN_POINT('',(260.,0.,30.));
#26 = SURFACE_CURVE('',#27,(#31,#43),.PCURVE_S1.);
#27 = LINE('',#28,#29);
#28 = CARTESIAN_POINT('',(283.297779,0.,30.));
#29 = VECTOR('',#30,1.);
#30 = DIRECTION('',(-1.,0.,0.));
#31 = PCURVE('',#32,#37);
#32 = PLANE('',#33);
#33 = AXIS2_PLACEMENT_3D('',#34,#35,#36);
#34 = CARTESIAN_POINT('',(283.297779,0.,30.));
#35 = DIRECTION('',(0.,0.,-1.));
#36 = DIRECTION('',(-1.,0.,-0.));
#37 = DEFINITIONAL_REPRESENTATION('',(#38),#42);
#38 = LINE('',#39,#40);
#39 = CARTESIAN_POINT('',(0.,0.));
#40 = VECTOR('',#41,1.);
#41 = DIRECTION('',(1.,0.));
#42 = ( GEOMETRIC_REPRESENTATION_CONTEXT(2) 
PARAMETRIC_REPRESENTATION_CONTEXT() REPRESENTATION_CONTEXT('2D SPACE',''
  ) );
#43 = PCURVE('',#44,#49);
#44 = PLANE('',#45);
#45 = AXIS2_PLACEMENT_3D('',#46,#47,#48);
#46 = CARTESIAN_POINT('',(260.,0.,30.));
#47 = DIRECTION('',(-0.,-0.,-1.));
#48 = DIRECTION('',(-1.,0.,0.));
#49 = DEFINITIONAL_REPRESENTATION('',(#50),#54);
#50 = LINE('',#51,#52);
#51 = CARTESIAN_POINT('',(-23.297779,0.));
#52 = VECTOR('',#53,1.);
#53 = DIRECTION('',(1.,0.));
#54 = ( GEOMETRIC_REPRESENTATION_CONTEXT(2) 
PARAMETRIC_REPRESENTATION_CONTEXT() REPRESENTATION_CONTEXT('2D SPACE',''
  ) );
#55 = ORIENTED_EDGE('',*,*,#56,.T.);
#56 = EDGE_CURVE('',#24,#57,#59,.T.);
#57 = VERTEX_POINT('',#58);
#58 = CARTESIAN_POINT('',(272.518934,40.,30.));
#59 = SURFACE_CURVE('',#60,(#64,#71),.PCURVE_S1.);
#60 = LINE('',#61,#62);
#61 = CARTESIAN_POINT('',(260.,0.,30.));
#62 = VECTOR('',#63,1.);
#63 = DIRECTION('',(0.298686517002,0.954351279436,0.));
#64 = PCURVE('',#32,#65);
#65 = DEFINITIONAL_REPRESENTATION('',(#66),#70);
#66 = LINE('',#67,#68);
#67 = CARTESIAN_POINT('',(23.297779,0.));
#68 = VECTOR('',#69,1.);
#69 = DIRECTION('',(-0.298686517002,0.954351279436));
#70 = ( GEOMETRIC_REPRESENTATION_CONTEXT(2) 
PARAMETRIC_REPRESENTATION_CONTEXT() REPRESENTATION_CONTEXT('2D SPACE',''
  ) );
#71 = PCURVE('',#72,#77);
#72 = PLANE('',#73);
#73 = AXIS2_PLACEMENT_3D('',#74,#75,#76);
#74 = CARTESIAN_POINT('',(245.,40.,30.));
#75 = DIRECTION('',(-0.,-0.,-1.));
#76 = DIRECTION('',(-1.,0.,0.));
#77 = DEFINITIONAL_REPRESENTATION('',(#78),#82);
#78 = LINE('',#79,#80);
#79 = CARTESIAN_POINT('',(-15.,-40.));
#80 = VECTOR('',#81,1.);
#81 = DIRECTION('',(-0.298686517002,0.954351279436));
#82 = ( GEOMETRIC_REPRESENTATION_CONTEXT(2) 
PARAMETRIC_REPRESENTATION_CONTEXT() REPRESENTATION_CONTEXT('2D SPACE',''
  ) );
#83 = ORIENTED_EDGE('',*,*,#84,.T.);
#84 = EDGE_CURVE('',#57,#22,#85,.T.);
#85 = SURFACE_CURVE('',#86,(#90,#97),.PCURVE_S1.);
#86 = LINE('',#87,#88);
#87 = CARTESIAN_POINT('',(272.518934,40.,30.));
#88 = VECTOR('',#89,1.);
#89 = DIRECTION('',(0.260189859005,-0.965557474867,0.));
#90 = PCURVE('',#32,#91);
#91 = DEFINITIONAL_REPRESENTATION('',(#92),#96);
#92 = LINE('',#93,#94);
#93 = CARTESIAN_POINT('',(10.778845,40.));
#94 = VECTOR('',#95,1.);
#95 = DIRECTION('',(-0.260189859005,-0.965557474867));
#96 = ( GEOMETRIC_REPRESENTATION_CONTEXT(2) 
PARAMETRIC_REPRESENTATION_CONTEXT() REPRESENTATION_CONTEXT('2D SPACE',''
  ) );
#97 = PCURVE('',#98,#103);
#98 = PLANE('',#99);
#99 = AXIS2_PLACEMENT_3D('',#100,#101,#102);
#100 = CARTESIAN_POINT('',(272.518934,40.,30.));
#101 = DIRECTION('',(-0.,-0.,-1.));
#102 = DIRECTION('',(-1.,0.,0.));
#103 = DEFINITIONAL_REPRESENTATION('',(#104),#108);
#104 = LINE('',#105,#106);
#105 = CARTESIAN_POINT('',(0.,0.));
#106 = VECTOR('',#107,1.);
#107 = DIRECTION('',(-0.260189859005,-0.965557474867));
#108 = ( GEOMETRIC_REPRESENTATION_CONTEXT(2) 
PARAMETRIC_REPRESENTATION_CONTEXT() REPRESENTATION_CONTEXT('2D SPACE',''
  ) );
#109 = ADVANCED_FACE('',(#110),#122,.T.);
#110 = FACE_BOUND('',#111,.T.);
#111 = EDGE_LOOP('',(#112,#145,#173));
#112 = ORIENTED_EDGE('',*,*,#113,.T.);
#113 = EDGE_CURVE('',#22,#114,#116,.T.);
#114 = VERTEX_POINT('',#115);
#115 = CARTESIAN_POINT('',(278.866468,0.,90.374485));
#116 = SURFACE_CURVE('',#117,(#121,#133),.PCURVE_S1.);
#117 = LINE('',#118,#119);
#118 = CARTESIAN_POINT('',(283.297779,0.,30.));
#119 = VECTOR('',#120,1.);
#120 = DIRECTION('',(-7.320017690439E-02,0.,0.997317268527));
#121 = PCURVE('',#122,#127);
#122 = PLANE('',#123);
#123 = AXIS2_PLACEMENT_3D('',#124,#125,#126);
#124 = CARTESIAN_POINT('',(283.297779,0.,30.));
#125 = DIRECTION('',(0.996790111421,3.250955043839E-02,
    7.316148511132E-02));
#126 = DIRECTION('',(-7.320017690439E-02,4.336808689942E-19,
    0.997317268527));
#127 = DEFINITIONAL_REPRESENTATION('',(#128),#132);
#128 = LINE('',#129,#130);
#129 = CARTESIAN_POINT('',(0.,0.));
#130 = VECTOR('',#131,1.);
#131 = DIRECTION('',(1.,4.336808689942E-19));
#132 = ( GEOMETRIC_REPRESENTATION_CONTEXT(2) 
PARAMETRIC_REPRESENTATION_CONTEXT() REPRESENTATION_CONTEXT('2D SPACE',''
  ) );
#133 = PCURVE('',#134,#139);
#134 = PLANE('',#135);
#135 = AXIS2_PLACEMENT_3D('',#136,#137,#138);
#136 = CARTESIAN_POINT('',(278.866468,0.,90.374485));
#137 = DIRECTION('',(0.996790111421,-3.250955043839E-02,
    7.316148511132E-02));
#138 = DIRECTION('',(-7.320017690439E-02,0.,0.997317268527));
#139 = DEFINITIONAL_REPRESENTATION('',(#140),#144);
#140 = LINE('',#141,#142);
#141 = CARTESIAN_POINT('',(-60.53688921801,-2.775557561563E-17));
#142 = VECTOR('',#143,1.);
#143 = DIRECTION('',(1.,4.336808689942E-19));
#144 = ( GEOMETRIC_REPRESENTATION_CONTEXT(2) 
PARAMETRIC_REPRESENTATION_CONTEXT() REPRESENTATION_CONTEXT('2D SPACE',''
  ) );
#145 = ORIENTED_EDGE('',*,*,#146,.T.);
#146 = EDGE_CURVE('',#114,#147,#149,.T.);
#147 = VERTEX_POINT('',#148);
#148 = CARTESIAN_POINT('',(282.385819,-40.020646,60.208325));
#149 = SURFACE_CURVE('',#150,(#154,#161),.PCURVE_S1.);
#150 = LINE('',#151,#152);
#151 = CARTESIAN_POINT('',(278.866468,0.,90.374485));
#152 = VECTOR('',#153,1.);
#153 = DIRECTION('',(7.00510878496E-02,-0.796592834515,-0.600443753478)
  );
#154 = PCURVE('',#122,#155);
#155 = DEFINITIONAL_REPRESENTATION('',(#156),#160);
#156 = LINE('',#157,#158);
#157 = CARTESIAN_POINT('',(60.536889218013,2.775557561563E-17));
#158 = VECTOR('',#159,1.);
#159 = DIRECTION('',(-0.603960676145,0.797014116356));
#160 = ( GEOMETRIC_REPRESENTATION_CONTEXT(2) 
PARAMETRIC_REPRESENTATION_CONTEXT() REPRESENTATION_CONTEXT('2D SPACE',''
  ) );
#161 = PCURVE('',#162,#167);
#162 = PLANE('',#163);
#163 = AXIS2_PLACEMENT_3D('',#164,#165,#166);
#164 = CARTESIAN_POINT('',(271.181511,-40.018205,120.149321));
#165 = DIRECTION('',(0.981645313173,-5.198666605086E-02,0.183493503094)
  );
#166 = DIRECTION('',(-0.18374196283,-1.734723475977E-18,0.982974511926)
  );
#167 = DEFINITIONAL_REPRESENTATION('',(#168),#172);
#168 = LINE('',#169,#170);
#169 = CARTESIAN_POINT('',(-30.67995396821,-40.07239172858));
#170 = VECTOR('',#171,1.);
#171 = DIRECTION('',(-0.603092229893,0.797671462597));
#172 = ( GEOMETRIC_REPRESENTATION_CONTEXT(2) 
PARAMETRIC_REPRESENTATION_CONTEXT() REPRESENTATION_CONTEXT('2D SPACE',''
  ) );
#173 = ORIENTED_EDGE('',*,*,#174,.T.);
#174 = EDGE_CURVE('',#147,#22,#175,.T.);
#175 = SURFACE_CURVE('',#176,(#180,#187),.PCURVE_S1.);
#176 = LINE('',#177,#178);
#177 = CARTESIAN_POINT('',(282.385819,-40.020646,60.208325));
#178 = VECTOR('',#179,1.);
#179 = DIRECTION('',(1.818463096255E-02,0.79801820079,-0.602358921577));
#180 = PCURVE('',#122,#181);
#181 = DEFINITIONAL_REPRESENTATION('',(#182),#186);
#182 = LINE('',#183,#184);
#183 = CARTESIAN_POINT('',(30.194039809091,40.041811105538));
#184 = VECTOR('',#185,1.);
#185 = DIRECTION('',(-0.602074072544,-0.798440236443));
#186 = ( GEOMETRIC_REPRESENTATION_CONTEXT(2) 
PARAMETRIC_REPRESENTATION_CONTEXT() REPRESENTATION_CONTEXT('2D SPACE',''
  ) );
#187 = PCURVE('',#188,#193);
#188 = PLANE('',#189);
#189 = AXIS2_PLACEMENT_3D('',#190,#191,#192);
#190 = CARTESIAN_POINT('',(282.385819,-40.020646,60.208325));
#191 = DIRECTION('',(0.999405865526,3.134204682321E-03,
    3.432335520781E-02));
#192 = DIRECTION('',(-3.432352379231E-02,0.,0.999410774264));
#193 = DEFINITIONAL_REPRESENTATION('',(#194),#198);
#194 = LINE('',#195,#196);
#195 = CARTESIAN_POINT('',(0.,0.));
#196 = VECTOR('',#197,1.);
#197 = DIRECTION('',(-0.602628156812,-0.798022120381));
#198 = ( GEOMETRIC_REPRESENTATION_CONTEXT(2) 
PARAMETRIC_REPRESENTATION_CONTEXT() REPRESENTATION_CONTEXT('2D SPACE',''
  ) );
#199 = ADVANCED_FACE('',(#200),#214,.T.);
#200 = FACE_BOUND('',#201,.T.);
#201 = EDGE_LOOP('',(#202,#237,#265));
#202 = ORIENTED_EDGE('',*,*,#203,.T.);
#203 = EDGE_CURVE('',#204,#206,#208,.T.);
#204 = VERTEX_POINT('',#205);
#205 = CARTESIAN_POINT('',(256.696009,-139.571322,147.556566));
#206 = VERTEX_POINT('',#207);
#207 = CARTESIAN_POINT('',(244.020451,-144.345968,122.950961));
#208 = SURFACE_CURVE('',#209,(#213,#225),.PCURVE_S1.);
#209 = LINE('',#210,#211);
#210 = CARTESIAN_POINT('',(256.696009,-139.571322,147.556566));
#211 = VECTOR('',#212,1.);
#212 = DIRECTION('',(-0.451289609733,-0.169992368774,-0.876036690274));
#213 = PCURVE('',#214,#219);
#214 = PLANE('',#215);
#215 = AXIS2_PLACEMENT_3D('',#216,#217,#218);
#216 = CARTESIAN_POINT('',(256.696009,-139.571322,147.556566));
#217 = DIRECTION('',(2.498233486584E-02,-0.98371032859,0.178016494656));
#218 = DIRECTION('',(0.,-0.178072072238,-0.984017447553));
#219 = DEFINITIONAL_REPRESENTATION('',(#220),#224);
#220 = LINE('',#221,#222);
#221 = CARTESIAN_POINT('',(0.,0.));
#222 = VECTOR('',#223,1.);
#223 = DIRECTION('',(0.892306281298,-0.451430504459));
#224 = ( GEOMETRIC_REPRESENTATION_CONTEXT(2) 
PARAMETRIC_REPRESENTATION_CONTEXT() REPRESENTATION_CONTEXT('2D SPACE',''
  ) );
#225 = PCURVE('',#226,#231);
#226 = PLANE('',#227);
#227 = AXIS2_PLACEMENT_3D('',#228,#229,#230);
#228 = CARTESIAN_POINT('',(256.696009,-139.571322,147.556566));
#229 = DIRECTION('',(-8.260084591583E-02,-0.969516463819,0.230683607217)
  );
#230 = DIRECTION('',(0.,-0.231474622854,-0.972840942279));
#231 = DEFINITIONAL_REPRESENTATION('',(#232),#236);
#232 = LINE('',#233,#234);
#233 = CARTESIAN_POINT('',(0.,0.));
#234 = VECTOR('',#235,1.);
#235 = DIRECTION('',(0.891593278687,-0.452837084833));
#236 = ( GEOMETRIC_REPRESENTATION_CONTEXT(2) 
PARAMETRIC_REPRESENTATION_CONTEXT() REPRESENTATION_CONTEXT('2D SPACE',''
  ) );
#237 = ORIENTED_EDGE('',*,*,#238,.T.);
#238 = EDGE_CURVE('',#206,#239,#241,.T.);
#239 = VERTEX_POINT('',#240);
#240 = CARTESIAN_POINT('',(257.855997,-147.101675,105.781419));
#241 = SURFACE_CURVE('',#242,(#246,#253),.PCURVE_S1.);
#242 = LINE('',#243,#244);
#243 = CARTESIAN_POINT('',(244.020451,-144.345968,122.950961));
#244 = VECTOR('',#245,1.);
#245 = DIRECTION('',(0.622610749381,-0.124009041663,-0.772643263312));
#246 = PCURVE('',#214,#247);
#247 = DEFINITIONAL_REPRESENTATION('',(#248),#252);
#248 = LINE('',#249,#250);
#249 = CARTESIAN_POINT('',(25.062575735022,-12.67951536845));
#250 = VECTOR('',#251,1.);
#251 = DIRECTION('',(0.782376998859,0.622805131367));
#252 = ( GEOMETRIC_REPRESENTATION_CONTEXT(2) 
PARAMETRIC_REPRESENTATION_CONTEXT() REPRESENTATION_CONTEXT('2D SPACE',''
  ) );
#253 = PCURVE('',#254,#259);
#254 = PLANE('',#255);
#255 = AXIS2_PLACEMENT_3D('',#256,#257,#258);
#256 = CARTESIAN_POINT('',(225.513834,-142.118539,91.810678));
#257 = DIRECTION('',(-0.163433216406,-0.986196094408,2.658659719741E-02)
  );
#258 = DIRECTION('',(-0.986544824242,0.163491008197,0.));
#259 = DEFINITIONAL_REPRESENTATION('',(#260),#264);
#260 = LINE('',#261,#262);
#261 = CARTESIAN_POINT('',(-18.62177182847,-31.1512945481));
#262 = VECTOR('',#263,1.);
#263 = DIRECTION('',(-0.634507775566,0.772916478506));
#264 = ( GEOMETRIC_REPRESENTATION_CONTEXT(2) 
PARAMETRIC_REPRESENTATION_CONTEXT() REPRESENTATION_CONTEXT('2D SPACE',''
  ) );
#265 = ORIENTED_EDGE('',*,*,#266,.T.);
#266 = EDGE_CURVE('',#239,#204,#267,.T.);
#267 = SURFACE_CURVE('',#268,(#272,#279),.PCURVE_S1.);
#268 = LINE('',#269,#270);
#269 = CARTESIAN_POINT('',(257.855997,-147.101675,105.781419));
#270 = VECTOR('',#271,1.);
#271 = DIRECTION('',(-2.731679713896E-02,0.177333839045,0.983771570093)
  );
#272 = PCURVE('',#214,#273);
#273 = DEFINITIONAL_REPRESENTATION('',(#274),#278);
#274 = LINE('',#275,#276);
#275 = CARTESIAN_POINT('',(42.448419085488,1.160350153676));
#276 = VECTOR('',#277,1.);
#277 = DIRECTION('',(-0.999626593575,-2.732532557072E-02));
#278 = ( GEOMETRIC_REPRESENTATION_CONTEXT(2) 
PARAMETRIC_REPRESENTATION_CONTEXT() REPRESENTATION_CONTEXT('2D SPACE',''
  ) );
#279 = PCURVE('',#280,#285);
#280 = PLANE('',#281);
#281 = AXIS2_PLACEMENT_3D('',#282,#283,#284);
#282 = CARTESIAN_POINT('',(257.855997,-147.101675,105.781419));
#283 = DIRECTION('',(0.196893806339,-0.963905096825,0.179219957986));
#284 = DIRECTION('',(-0.979768499633,-0.200134172813,0.));
#285 = DEFINITIONAL_REPRESENTATION('',(#286),#290);
#286 = LINE('',#287,#288);
#287 = CARTESIAN_POINT('',(0.,0.));
#288 = VECTOR('',#289,1.);
#289 = DIRECTION('',(-8.726423841359E-03,-0.999961924039));
#290 = ( GEOMETRIC_REPRESENTATION_CONTEXT(2) 
PARAMETRIC_REPRESENTATION_CONTEXT() REPRESENTATION_CONTEXT('2D SPACE',''
  ) );
#291 = ADVANCED_FACE('',(#292),#306,.T.);
#292 = FACE_BOUND('',#293,.T.);
#293 = EDGE_LOOP('',(#294,#329,#357));
#294 = ORIENTED_EDGE('',*,*,#295,.T.);
#295 = EDGE_CURVE('',#296,#298,#300,.T.);
#296 = VERTEX_POINT('',#297);
#297 = CARTESIAN_POINT('',(228.967343,139.195462,139.20743));
#298 = VERTEX_POINT('',#299);
#299 = CARTESIAN_POINT('',(256.696009,139.571322,147.556566));
#300 = SURFACE_CURVE('',#301,(#305,#317),.PCURVE_S1.);
#301 = LINE('',#302,#303);
#302 = CARTESIAN_POINT('',(228.967343,139.195462,139.20743));
#303 = VECTOR('',#304,1.);
#304 = DIRECTION('',(0.957454926699,1.297823013733E-02,0.288290875475));
#305 = PCURVE('',#306,#311);
#306 = PLANE('',#307);
#307 = AXIS2_PLACEMENT_3D('',#308,#309,#310);
#308 = CARTESIAN_POINT('',(228.967343,139.195462,139.20743));
#309 = DIRECTION('',(-8.260084591583E-02,0.969516463819,0.230683607217)
  );
#310 = DIRECTION('',(-3.469446951954E-18,-0.231474622854,0.972840942279)
  );
#311 = DEFINITIONAL_REPRESENTATION('',(#312),#316);
#312 = LINE('',#313,#314);
#313 = CARTESIAN_POINT('',(0.,0.));
#314 = VECTOR('',#315,1.);
#315 = DIRECTION('',(0.277457036021,0.960738046068));
#316 = ( GEOMETRIC_REPRESENTATION_CONTEXT(2) 
PARAMETRIC_REPRESENTATION_CONTEXT() REPRESENTATION_CONTEXT('2D SPACE',''
  ) );
#317 = PCURVE('',#318,#323);
#318 = PLANE('',#319);
#319 = AXIS2_PLACEMENT_3D('',#320,#321,#322);
#320 = CARTESIAN_POINT('',(256.696009,139.571322,147.556566));
#321 = DIRECTION('',(-2.974480377699E-02,0.998105693741,
    5.385416204961E-02));
#322 = DIRECTION('',(0.,-5.387800169512E-02,0.998547525626));
#323 = DEFINITIONAL_REPRESENTATION('',(#324),#328);
#324 = LINE('',#325,#326);
#325 = CARTESIAN_POINT('',(-8.316758508196,-27.74094066072));
#326 = VECTOR('',#327,1.);
#327 = DIRECTION('',(0.28717289926,0.957878763691));
#328 = ( GEOMETRIC_REPRESENTATION_CONTEXT(2) 
PARAMETRIC_REPRESENTATION_CONTEXT() REPRESENTATION_CONTEXT('2D SPACE',''
  ) );
#329 = ORIENTED_EDGE('',*,*,#330,.T.);
#330 = EDGE_CURVE('',#298,#331,#333,.T.);
#331 = VERTEX_POINT('',#332);
#332 = CARTESIAN_POINT('',(244.020451,144.345968,122.950961));
#333 = SURFACE_CURVE('',#334,(#338,#345),.PCURVE_S1.);
#334 = LINE('',#335,#336);
#335 = CARTESIAN_POINT('',(256.696009,139.571322,147.556566));
#336 = VECTOR('',#337,1.);
#337 = DIRECTION('',(-0.451289609733,0.169992368774,-0.876036690274));
#338 = PCURVE('',#306,#339);
#339 = DEFINITIONAL_REPRESENTATION('',(#340),#344);
#340 = LINE('',#341,#342);
#341 = CARTESIAN_POINT('',(8.03537928171,27.823747781791));
#342 = VECTOR('',#343,1.);
#343 = DIRECTION('',(-0.891593278687,-0.452837084833));
#344 = ( GEOMETRIC_REPRESENTATION_CONTEXT(2) 
PARAMETRIC_REPRESENTATION_CONTEXT() REPRESENTATION_CONTEXT('2D SPACE',''
  ) );
#345 = PCURVE('',#346,#351);
#346 = PLANE('',#347);
#347 = AXIS2_PLACEMENT_3D('',#348,#349,#350);
#348 = CARTESIAN_POINT('',(244.020451,144.345968,122.950961));
#349 = DIRECTION('',(2.498233486584E-02,0.98371032859,0.178016494656));
#350 = DIRECTION('',(0.,-0.178072072238,0.984017447553));
#351 = DEFINITIONAL_REPRESENTATION('',(#352),#356);
#352 = LINE('',#353,#354);
#353 = CARTESIAN_POINT('',(25.062575735022,12.679515368459));
#354 = VECTOR('',#355,1.);
#355 = DIRECTION('',(-0.892306281298,-0.451430504459));
#356 = ( GEOMETRIC_REPRESENTATION_CONTEXT(2) 
PARAMETRIC_REPRESENTATION_CONTEXT() REPRESENTATION_CONTEXT('2D SPACE',''
  ) );
#357 = ORIENTED_EDGE('',*,*,#358,.T.);
#358 = EDGE_CURVE('',#331,#296,#359,.T.);
#359 = SURFACE_CURVE('',#360,(#364,#371),.PCURVE_S1.);
#360 = LINE('',#361,#362);
#361 = CARTESIAN_POINT('',(244.020451,144.345968,122.950961));
#362 = VECTOR('',#363,1.);
#363 = DIRECTION('',(-0.661781177006,-0.226432170875,0.714684647767));
#364 = PCURVE('',#306,#365);
#365 = DEFINITIONAL_REPRESENTATION('',(#366),#370);
#366 = LINE('',#367,#368);
#367 = CARTESIAN_POINT('',(-17.00717005395,15.104725208348));
#368 = VECTOR('',#369,1.);
#369 = DIRECTION('',(0.747687787521,-0.664050429103));
#370 = ( GEOMETRIC_REPRESENTATION_CONTEXT(2) 
PARAMETRIC_REPRESENTATION_CONTEXT() REPRESENTATION_CONTEXT('2D SPACE',''
  ) );
#371 = PCURVE('',#372,#377);
#372 = PLANE('',#373);
#373 = AXIS2_PLACEMENT_3D('',#374,#375,#376);
#374 = CARTESIAN_POINT('',(244.020451,144.345968,122.950961));
#375 = DIRECTION('',(-0.452884955816,0.880442929488,-0.140411768416));
#376 = DIRECTION('',(0.889252581179,0.457416491686,0.));
#377 = DEFINITIONAL_REPRESENTATION('',(#378),#382);
#378 = LINE('',#379,#380);
#379 = CARTESIAN_POINT('',(0.,0.));
#380 = VECTOR('',#381,1.);
#381 = DIRECTION('',(-0.692064429035,-0.721835733436));
#382 = ( GEOMETRIC_REPRESENTATION_CONTEXT(2) 
PARAMETRIC_REPRESENTATION_CONTEXT() REPRESENTATION_CONTEXT('2D SPACE',''
  ) );
#383 = ADVANCED_FACE('',(#384),#398,.T.);
#384 = FACE_BOUND('',#385,.T.);
#385 = EDGE_LOOP('',(#386,#421,#449));
#386 = ORIENTED_EDGE('',*,*,#387,.T.);
#387 = EDGE_CURVE('',#388,#390,#392,.T.);
#388 = VERTEX_POINT('',#389);
#389 = CARTESIAN_POINT('',(217.216273,-0.,60.));
#390 = VERTEX_POINT('',#391);
#391 = CARTESIAN_POINT('',(203.393244,-0.,53.053574));
#392 = SURFACE_CURVE('',#393,(#397,#409),.PCURVE_S1.);
#393 = LINE('',#394,#395);
#394 = CARTESIAN_POINT('',(217.216273,-0.,60.));
#395 = VECTOR('',#396,1.);
#396 = DIRECTION('',(-0.893522695139,0.,-0.449018032235));
#397 = PCURVE('',#398,#403);
#398 = PLANE('',#399);
#399 = AXIS2_PLACEMENT_3D('',#400,#401,#402);
#400 = CARTESIAN_POINT('',(217.216273,-0.,60.));
#401 = DIRECTION('',(-0.448973685576,1.405409345641E-02,0.893434447577)
  );
#402 = DIRECTION('',(0.893522695139,0.,0.449018032235));
#403 = DEFINITIONAL_REPRESENTATION('',(#404),#408);
#404 = LINE('',#405,#406);
#405 = CARTESIAN_POINT('',(0.,0.));
#406 = VECTOR('',#407,1.);
#407 = DIRECTION('',(-1.,-8.673617379884E-19));
#408 = ( GEOMETRIC_REPRESENTATION_CONTEXT(2) 
PARAMETRIC_REPRESENTATION_CONTEXT() REPRESENTATION_CONTEXT('2D SPACE',''
  ) );
#409 = PCURVE('',#410,#415);
#410 = PLANE('',#411);
#411 = AXIS2_PLACEMENT_3D('',#412,#413,#414);
#412 = CARTESIAN_POINT('',(203.393244,-0.,53.053574));
#413 = DIRECTION('',(-0.448973685576,-1.405409345641E-02,0.893434447577)
  );
#414 = DIRECTION('',(0.893522695139,0.,0.449018032235));
#415 = DEFINITIONAL_REPRESENTATION('',(#416),#420);
#416 = LINE('',#417,#418);
#417 = CARTESIAN_POINT('',(15.470260660646,1.387778780781E-17));
#418 = VECTOR('',#419,1.);
#419 = DIRECTION('',(-1.,-8.673617379884E-19));
#420 = ( GEOMETRIC_REPRESENTATION_CONTEXT(2) 
PARAMETRIC_REPRESENTATION_CONTEXT() REPRESENTATION_CONTEXT('2D SPACE',''
  ) );
#421 = ORIENTED_EDGE('',*,*,#422,.T.);
#422 = EDGE_CURVE('',#390,#423,#425,.T.);
#423 = VERTEX_POINT('',#424);
#424 = CARTESIAN_POINT('',(209.41929,-32.500518,56.593063));
#425 = SURFACE_CURVE('',#426,(#430,#437),.PCURVE_S1.);
#426 = LINE('',#427,#428);
#427 = CARTESIAN_POINT('',(203.393244,-0.,53.053574));
#428 = VECTOR('',#429,1.);
#429 = DIRECTION('',(0.181270346013,-0.977652700207,0.106471871562));
#430 = PCURVE('',#398,#431);
#431 = DEFINITIONAL_REPRESENTATION('',(#432),#436);
#432 = LINE('',#433,#434);
#433 = CARTESIAN_POINT('',(-15.47026066064,-2.775557561563E-17));
#434 = VECTOR('',#435,1.);
#435 = DIRECTION('',(0.209776958376,-0.977749266292));
#436 = ( GEOMETRIC_REPRESENTATION_CONTEXT(2) 
PARAMETRIC_REPRESENTATION_CONTEXT() REPRESENTATION_CONTEXT('2D SPACE',''
  ) );
#437 = PCURVE('',#438,#443);
#438 = PLANE('',#439);
#439 = AXIS2_PLACEMENT_3D('',#440,#441,#442);
#440 = CARTESIAN_POINT('',(197.74232,-32.500538,49.324601));
#441 = DIRECTION('',(-0.528440131669,-5.524409519383E-03,0.848952594755)
  );
#442 = DIRECTION('',(0.848965549686,4.336808689942E-19,0.528448195612));
#443 = DEFINITIONAL_REPRESENTATION('',(#444),#448);
#444 = LINE('',#445,#446);
#445 = CARTESIAN_POINT('',(6.768008853232,32.501033954945));
#446 = VECTOR('',#447,1.);
#447 = DIRECTION('',(0.210157147356,-0.977667619089));
#448 = ( GEOMETRIC_REPRESENTATION_CONTEXT(2) 
PARAMETRIC_REPRESENTATION_CONTEXT() REPRESENTATION_CONTEXT('2D SPACE',''
  ) );
#449 = ORIENTED_EDGE('',*,*,#450,.T.);
#450 = EDGE_CURVE('',#423,#388,#451,.T.);
#451 = SURFACE_CURVE('',#452,(#456,#463),.PCURVE_S1.);
#452 = LINE('',#453,#454);
#453 = CARTESIAN_POINT('',(209.41929,-32.500518,56.593063));
#454 = VECTOR('',#455,1.);
#455 = DIRECTION('',(0.232081453086,0.96739565079,0.101409338655));
#456 = PCURVE('',#398,#457);
#457 = DEFINITIONAL_REPRESENTATION('',(#458),#462);
#458 = LINE('',#459,#460);
#459 = CARTESIAN_POINT('',(-8.496557411799,-32.50372818678));
#460 = VECTOR('',#461,1.);
#461 = DIRECTION('',(0.252904667146,0.967491203751));
#462 = ( GEOMETRIC_REPRESENTATION_CONTEXT(2) 
PARAMETRIC_REPRESENTATION_CONTEXT() REPRESENTATION_CONTEXT('2D SPACE',''
  ) );
#463 = PCURVE('',#464,#469);
#464 = PLANE('',#465);
#465 = AXIS2_PLACEMENT_3D('',#466,#467,#468);
#466 = CARTESIAN_POINT('',(209.41929,-32.500518,56.593063));
#467 = DIRECTION('',(-0.417895287277,5.020960248639E-03,0.908481325526)
  );
#468 = DIRECTION('',(0.908492777169,0.,0.417900554956));
#469 = DEFINITIONAL_REPRESENTATION('',(#470),#474);
#470 = LINE('',#471,#472);
#471 = CARTESIAN_POINT('',(0.,0.));
#472 = VECTOR('',#473,1.);
#473 = DIRECTION('',(0.253223342745,0.967407845063));
#474 = ( GEOMETRIC_REPRESENTATION_CONTEXT(2) 
PARAMETRIC_REPRESENTATION_CONTEXT() REPRESENTATION_CONTEXT('2D SPACE',''
  ) );
#475 = ADVANCED_FACE('',(#476),#490,.T.);
#476 = FACE_BOUND('',#477,.T.);
#477 = EDGE_LOOP('',(#478,#513,#541));
#478 = ORIENTED_EDGE('',*,*,#479,.T.);
#479 = EDGE_CURVE('',#480,#482,#484,.T.);
#480 = VERTEX_POINT('',#481);
#481 = CARTESIAN_POINT('',(230.,-65.,164.));
#482 = VERTEX_POINT('',#483);
#483 = CARTESIAN_POINT('',(230.,-97.5,138.));
#484 = SURFACE_CURVE('',#485,(#489,#501),.PCURVE_S1.);
#485 = LINE('',#486,#487);
#486 = CARTESIAN_POINT('',(230.,-65.,164.));
#487 = VECTOR('',#488,1.);
#488 = DIRECTION('',(0.,-0.780868809443,-0.624695047554));
#489 = PCURVE('',#490,#495);
#490 = PLANE('',#491);
#491 = AXIS2_PLACEMENT_3D('',#492,#493,#494);
#492 = CARTESIAN_POINT('',(230.,-65.,164.));
#493 = DIRECTION('',(-1.,-0.,0.));
#494 = DIRECTION('',(-0.,0.,-1.));
#495 = DEFINITIONAL_REPRESENTATION('',(#496),#500);
#496 = LINE('',#497,#498);
#497 = CARTESIAN_POINT('',(0.,0.));
#498 = VECTOR('',#499,1.);
#499 = DIRECTION('',(0.624695047554,0.780868809443));
#500 = ( GEOMETRIC_REPRESENTATION_CONTEXT(2) 
PARAMETRIC_REPRESENTATION_CONTEXT() REPRESENTATION_CONTEXT('2D SPACE',''
  ) );
#501 = PCURVE('',#502,#507);
#502 = PLANE('',#503);
#503 = AXIS2_PLACEMENT_3D('',#504,#505,#506);
#504 = CARTESIAN_POINT('',(230.,-97.5,138.));
#505 = DIRECTION('',(-1.,-0.,-0.));
#506 = DIRECTION('',(0.,0.,-1.));
#507 = DEFINITIONAL_REPRESENTATION('',(#508),#512);
#508 = LINE('',#509,#510);
#509 = CARTESIAN_POINT('',(-26.,-32.5));
#510 = VECTOR('',#511,1.);
#511 = DIRECTION('',(0.624695047554,0.780868809443));
#512 = ( GEOMETRIC_REPRESENTATION_CONTEXT(2) 
PARAMETRIC_REPRESENTATION_CONTEXT() REPRESENTATION_CONTEXT('2D SPACE',''
  ) );
#513 = ORIENTED_EDGE('',*,*,#514,.T.);
#514 = EDGE_CURVE('',#482,#515,#517,.T.);
#515 = VERTEX_POINT('',#516);
#516 = CARTESIAN_POINT('',(230.,-97.5,190.));
#517 = SURFACE_CURVE('',#518,(#522,#529),.PCURVE_S1.);
#518 = LINE('',#519,#520);
#519 = CARTESIAN_POINT('',(230.,-97.5,138.));
#520 = VECTOR('',#521,1.);
#521 = DIRECTION('',(0.,0.,1.));
#522 = PCURVE('',#490,#523);
#523 = DEFINITIONAL_REPRESENTATION('',(#524),#528);
#524 = LINE('',#525,#526);
#525 = CARTESIAN_POINT('',(26.,32.5));
#526 = VECTOR('',#527,1.);
#527 = DIRECTION('',(-1.,0.));
#528 = ( GEOMETRIC_REPRESENTATION_CONTEXT(2) 
PARAMETRIC_REPRESENTATION_CONTEXT() REPRESENTATION_CONTEXT('2D SPACE',''
  ) );
#529 = PCURVE('',#530,#535);
#530 = PLANE('',#531);
#531 = AXIS2_PLACEMENT_3D('',#532,#533,#534);
#532 = CARTESIAN_POINT('',(230.,-130.,164.));
#533 = DIRECTION('',(-1.,-0.,-0.));
#534 = DIRECTION('',(0.,0.,-1.));
#535 = DEFINITIONAL_REPRESENTATION('',(#536),#540);
#536 = LINE('',#537,#538);
#537 = CARTESIAN_POINT('',(26.,-32.5));
#538 = VECTOR('',#539,1.);
#539 = DIRECTION('',(-1.,0.));
#540 = ( GEOMETRIC_REPRESENTATION_CONTEXT(2) 
PARAMETRIC_REPRESENTATION_CONTEXT() REPRESENTATION_CONTEXT('2D SPACE',''
  ) );
#541 = ORIENTED_EDGE('',*,*,#542,.T.);
#542 = EDGE_CURVE('',#515,#480,#543,.T.);
#543 = SURFACE_CURVE('',#544,(#548,#555),.PCURVE_S1.);
#544 = LINE('',#545,#546);
#545 = CARTESIAN_POINT('',(230.,-97.5,190.));
#546 = VECTOR('',#547,1.);
#547 = DIRECTION('',(0.,0.780868809443,-0.624695047554));
#548 = PCURVE('',#490,#549);
#549 = DEFINITIONAL_REPRESENTATION('',(#550),#554);
#550 = LINE('',#551,#552);
#551 = CARTESIAN_POINT('',(-26.,32.5));
#552 = VECTOR('',#553,1.);
#553 = DIRECTION('',(0.624695047554,-0.780868809443));
#554 = ( GEOMETRIC_REPRESENTATION_CONTEXT(2) 
PARAMETRIC_REPRESENTATION_CONTEXT() REPRESENTATION_CONTEXT('2D SPACE',''
  ) );
#555 = PCURVE('',#556,#561);
#556 = PLANE('',#557);
#557 = AXIS2_PLACEMENT_3D('',#558,#559,#560);
#558 = CARTESIAN_POINT('',(230.,-97.5,190.));
#559 = DIRECTION('',(-1.,0.,0.));
#560 = DIRECTION('',(0.,0.,-1.));
#561 = DEFINITIONAL_REPRESENTATION('',(#562),#566);
#562 = LINE('',#563,#564);
#563 = CARTESIAN_POINT('',(0.,-0.));
#564 = VECTOR('',#565,1.);
#565 = DIRECTION('',(0.624695047554,-0.780868809443));
#566 = ( GEOMETRIC_REPRESENTATION_CONTEXT(2) 
PARAMETRIC_REPRESENTATION_CONTEXT() REPRESENTATION_CONTEXT('2D SPACE',''
  ) );
#567 = ADVANCED_FACE('',(#568),#582,.T.);
#568 = FACE_BOUND('',#569,.T.);
#569 = EDGE_LOOP('',(#570,#605,#633));
#570 = ORIENTED_EDGE('',*,*,#571,.T.);
#571 = EDGE_CURVE('',#572,#574,#576,.T.);
#572 = VERTEX_POINT('',#573);
#573 = CARTESIAN_POINT('',(244.992221,-118.92266,30.));
#574 = VERTEX_POINT('',#575);
#575 = CARTESIAN_POINT('',(214.992221,-118.92266,30.));
#576 = SURFACE_CURVE('',#577,(#581,#593),.PCURVE_S1.);
#577 = LINE('',#578,#579);
#578 = CARTESIAN_POINT('',(244.992221,-118.92266,30.));
#579 = VECTOR('',#580,1.);
#580 = DIRECTION('',(-1.,0.,0.));
#581 = PCURVE('',#582,#587);
#582 = PLANE('',#583);
#583 = AXIS2_PLACEMENT_3D('',#584,#585,#586);
#584 = CARTESIAN_POINT('',(244.992221,-118.92266,30.));
#585 = DIRECTION('',(0.,0.,-1.));
#586 = DIRECTION('',(-1.,0.,-0.));
#587 = DEFINITIONAL_REPRESENTATION('',(#588),#592);
#588 = LINE('',#589,#590);
#589 = CARTESIAN_POINT('',(0.,0.));
#590 = VECTOR('',#591,1.);
#591 = DIRECTION('',(1.,0.));
#592 = ( GEOMETRIC_REPRESENTATION_CONTEXT(2) 
PARAMETRIC_REPRESENTATION_CONTEXT() REPRESENTATION_CONTEXT('2D SPACE',''
  ) );
#593 = PCURVE('',#594,#599);
#594 = PLANE('',#595);
#595 = AXIS2_PLACEMENT_3D('',#596,#597,#598);
#596 = CARTESIAN_POINT('',(214.992221,-118.92266,30.));
#597 = DIRECTION('',(-0.,-0.,-1.));
#598 = DIRECTION('',(-1.,0.,0.));
#599 = DEFINITIONAL_REPRESENTATION('',(#600),#604);
#600 = LINE('',#601,#602);
#601 = CARTESIAN_POINT('',(-30.,0.));
#602 = VECTOR('',#603,1.);
#603 = DIRECTION('',(1.,0.));
#604 = ( GEOMETRIC_REPRESENTATION_CONTEXT(2) 
PARAMETRIC_REPRESENTATION_CONTEXT() REPRESENTATION_CONTEXT('2D SPACE',''
  ) );
#605 = ORIENTED_EDGE('',*,*,#606,.T.);
#606 = EDGE_CURVE('',#574,#607,#609,.T.);
#607 = VERTEX_POINT('',#608);
#608 = CARTESIAN_POINT('',(230.,-80.,30.));
#609 = SURFACE_CURVE('',#610,(#614,#621),.PCURVE_S1.);
#610 = LINE('',#611,#612);
#611 = CARTESIAN_POINT('',(214.992221,-118.92266,30.));
#612 = VECTOR('',#613,1.);
#613 = DIRECTION('',(0.359762575497,0.933043883894,0.));
#614 = PCURVE('',#582,#615);
#615 = DEFINITIONAL_REPRESENTATION('',(#616),#620);
#616 = LINE('',#617,#618);
#617 = CARTESIAN_POINT('',(30.,0.));
#618 = VECTOR('',#619,1.);
#619 = DIRECTION('',(-0.359762575497,0.933043883894));
#620 = ( GEOMETRIC_REPRESENTATION_CONTEXT(2) 
PARAMETRIC_REPRESENTATION_CONTEXT() REPRESENTATION_CONTEXT('2D SPACE',''
  ) );
#621 = PCURVE('',#622,#627);
#622 = PLANE('',#623);
#623 = AXIS2_PLACEMENT_3D('',#624,#625,#626);
#624 = CARTESIAN_POINT('',(200.,-80.,30.));
#625 = DIRECTION('',(-0.,-0.,-1.));
#626 = DIRECTION('',(-1.,0.,0.));
#627 = DEFINITIONAL_REPRESENTATION('',(#628),#632);
#628 = LINE('',#629,#630);
#629 = CARTESIAN_POINT('',(-14.992221,-38.92266));
#630 = VECTOR('',#631,1.);
#631 = DIRECTION('',(-0.359762575497,0.933043883894));
#632 = ( GEOMETRIC_REPRESENTATION_CONTEXT(2) 
PARAMETRIC_REPRESENTATION_CONTEXT() REPRESENTATION_CONTEXT('2D SPACE',''
  ) );
#633 = ORIENTED_EDGE('',*,*,#634,.T.);
#634 = EDGE_CURVE('',#607,#572,#635,.T.);
#635 = SURFACE_CURVE('',#636,(#640,#647),.PCURVE_S1.);
#636 = LINE('',#637,#638);
#637 = CARTESIAN_POINT('',(230.,-80.,30.));
#638 = VECTOR('',#639,1.);
#639 = DIRECTION('',(0.359437828717,-0.933169034681,0.));
#640 = PCURVE('',#582,#641);
#641 = DEFINITIONAL_REPRESENTATION('',(#642),#646);
#642 = LINE('',#643,#644);
#643 = CARTESIAN_POINT('',(14.992221,38.92266));
#644 = VECTOR('',#645,1.);
#645 = DIRECTION('',(-0.359437828717,-0.933169034681));
#646 = ( GEOMETRIC_REPRESENTATION_CONTEXT(2) 
PARAMETRIC_REPRESENTATION_CONTEXT() REPRESENTATION_CONTEXT('2D SPACE',''
  ) );
#647 = PCURVE('',#648,#653);
#648 = PLANE('',#649);
#649 = AXIS2_PLACEMENT_3D('',#650,#651,#652);
#650 = CARTESIAN_POINT('',(230.,-80.,30.));
#651 = DIRECTION('',(0.,-0.,-1.));
#652 = DIRECTION('',(-1.,0.,-0.));
#653 = DEFINITIONAL_REPRESENTATION('',(#654),#658);
#654 = LINE('',#655,#656);
#655 = CARTESIAN_POINT('',(0.,0.));
#656 = VECTOR('',#657,1.);
#657 = DIRECTION('',(-0.359437828717,-0.933169034681));
#658 = ( GEOMETRIC_REPRESENTATION_CONTEXT(2) 
PARAMETRIC_REPRESENTATION_CONTEXT() REPRESENTATION_CONTEXT('2D SPACE',''
  ) );
#659 = ADVANCED_FACE('',(#660),#674,.T.);
#660 = FACE_BOUND('',#661,.T.);
#661 = EDGE_LOOP('',(#662,#697,#725));
#662 = ORIENTED_EDGE('',*,*,#663,.T.);
#663 = EDGE_CURVE('',#664,#666,#668,.T.);
#664 = VERTEX_POINT('',#665);
#665 = CARTESIAN_POINT('',(181.710018,0.,30.));
#666 = VERTEX_POINT('',#667);
#667 = CARTESIAN_POINT('',(200.,0.,30.));
#668 = SURFACE_CURVE('',#669,(#673,#685),.PCURVE_S1.);
#669 = LINE('',#670,#671);
#670 = CARTESIAN_POINT('',(181.710018,0.,30.));
#671 = VECTOR('',#672,1.);
#672 = DIRECTION('',(1.,0.,0.));
#673 = PCURVE('',#674,#679);
#674 = PLANE('',#675);
#675 = AXIS2_PLACEMENT_3D('',#676,#677,#678);
#676 = CARTESIAN_POINT('',(181.710018,0.,30.));
#677 = DIRECTION('',(0.,-0.,-1.));
#678 = DIRECTION('',(-1.,0.,-0.));
#679 = DEFINITIONAL_REPRESENTATION('',(#680),#684);
#680 = LINE('',#681,#682);
#681 = CARTESIAN_POINT('',(0.,0.));
#682 = VECTOR('',#683,1.);
#683 = DIRECTION('',(-1.,0.));
#684 = ( GEOMETRIC_REPRESENTATION_CONTEXT(2) 
PARAMETRIC_REPRESENTATION_CONTEXT() REPRESENTATION_CONTEXT('2D SPACE',''
  ) );
#685 = PCURVE('',#686,#691);
#686 = PLANE('',#687);
#687 = AXIS2_PLACEMENT_3D('',#688,#689,#690);
#688 = CARTESIAN_POINT('',(200.,0.,30.));
#689 = DIRECTION('',(-0.,-0.,-1.));
#690 = DIRECTION('',(-1.,0.,0.));
#691 = DEFINITIONAL_REPRESENTATION('',(#692),#696);
#692 = LINE('',#693,#694);
#693 = CARTESIAN_POINT('',(18.289982,0.));
#694 = VECTOR('',#695,1.);
#695 = DIRECTION('',(-1.,0.));
#696 = ( GEOMETRIC_REPRESENTATION_CONTEXT(2) 
PARAMETRIC_REPRESENTATION_CONTEXT() REPRESENTATION_CONTEXT('2D SPACE',''
  ) );
#697 = ORIENTED_EDGE('',*,*,#698,.T.);
#698 = EDGE_CURVE('',#666,#699,#701,.T.);
#699 = VERTEX_POINT('',#700);
#700 = CARTESIAN_POINT('',(189.782818,-40.,30.));
#701 = SURFACE_CURVE('',#702,(#706,#713),.PCURVE_S1.);
#702 = LINE('',#703,#704);
#703 = CARTESIAN_POINT('',(200.,0.,30.));
#704 = VECTOR('',#705,1.);
#705 = DIRECTION('',(-0.247483664453,-0.96889206614,0.));
#706 = PCURVE('',#674,#707);
#707 = DEFINITIONAL_REPRESENTATION('',(#708),#712);
#708 = LINE('',#709,#710);
#709 = CARTESIAN_POINT('',(-18.289982,0.));
#710 = VECTOR('',#711,1.);
#711 = DIRECTION('',(0.247483664453,-0.96889206614));
#712 = ( GEOMETRIC_REPRESENTATION_CONTEXT(2) 
PARAMETRIC_REPRESENTATION_CONTEXT() REPRESENTATION_CONTEXT('2D SPACE',''
  ) );
#713 = PCURVE('',#714,#719);
#714 = PLANE('',#715);
#715 = AXIS2_PLACEMENT_3D('',#716,#717,#718);
#716 = CARTESIAN_POINT('',(215.,-40.,30.));
#717 = DIRECTION('',(-0.,-0.,-1.));
#718 = DIRECTION('',(-1.,0.,0.));
#719 = DEFINITIONAL_REPRESENTATION('',(#720),#724);
#720 = LINE('',#721,#722);
#721 = CARTESIAN_POINT('',(15.,40.));
#722 = VECTOR('',#723,1.);
#723 = DIRECTION('',(0.247483664453,-0.96889206614));
#724 = ( GEOMETRIC_REPRESENTATION_CONTEXT(2) 
PARAMETRIC_REPRESENTATION_CONTEXT() REPRESENTATION_CONTEXT('2D SPACE',''
  ) );
#725 = ORIENTED_EDGE('',*,*,#726,.T.);
#726 = EDGE_CURVE('',#699,#664,#727,.T.);
#727 = SURFACE_CURVE('',#728,(#732,#739),.PCURVE_S1.);
#728 = LINE('',#729,#730);
#729 = CARTESIAN_POINT('',(189.782818,-40.,30.));
#730 = VECTOR('',#731,1.);
#731 = DIRECTION('',(-0.197831248208,0.980236092598,0.));
#732 = PCURVE('',#674,#733);
#733 = DEFINITIONAL_REPRESENTATION('',(#734),#738);
#734 = LINE('',#735,#736);
#735 = CARTESIAN_POINT('',(-8.0728,-40.));
#736 = VECTOR('',#737,1.);
#737 = DIRECTION('',(0.197831248208,0.980236092598));
#738 = ( GEOMETRIC_REPRESENTATION_CONTEXT(2) 
PARAMETRIC_REPRESENTATION_CONTEXT() REPRESENTATION_CONTEXT('2D SPACE',''
  ) );
#739 = PCURVE('',#740,#745);
#740 = PLANE('',#741);
#741 = AXIS2_PLACEMENT_3D('',#742,#743,#744);
#742 = CARTESIAN_POINT('',(180.008165,-79.17332,30.));
#743 = DIRECTION('',(-0.,0.,-1.));
#744 = DIRECTION('',(-1.,0.,0.));
#745 = DEFINITIONAL_REPRESENTATION('',(#746),#750);
#746 = LINE('',#747,#748);
#747 = CARTESIAN_POINT('',(-9.774653,39.17332));
#748 = VECTOR('',#749,1.);
#749 = DIRECTION('',(0.197831248208,0.980236092598));
#750 = ( GEOMETRIC_REPRESENTATION_CONTEXT(2) 
PARAMETRIC_REPRESENTATION_CONTEXT() REPRESENTATION_CONTEXT('2D SPACE',''
  ) );
#751 = ADVANCED_FACE('',(#752),#766,.T.);
#752 = FACE_BOUND('',#753,.T.);
#753 = EDGE_LOOP('',(#754,#789,#817));
#754 = ORIENTED_EDGE('',*,*,#755,.T.);
#755 = EDGE_CURVE('',#756,#758,#760,.T.);
#756 = VERTEX_POINT('',#757);
#757 = CARTESIAN_POINT('',(214.992221,118.92266,30.));
#758 = VERTEX_POINT('',#759);
#759 = CARTESIAN_POINT('',(244.992221,118.92266,30.));
#760 = SURFACE_CURVE('',#761,(#765,#777),.PCURVE_S1.);
#761 = LINE('',#762,#763);
#762 = CARTESIAN_POINT('',(214.992221,118.92266,30.));
#763 = VECTOR('',#764,1.);
#764 = DIRECTION('',(1.,0.,0.));
#765 = PCURVE('',#766,#771);
#766 = PLANE('',#767);
#767 = AXIS2_PLACEMENT_3D('',#768,#769,#770);
#768 = CARTESIAN_POINT('',(214.992221,118.92266,30.));
#769 = DIRECTION('',(0.,-0.,-1.));
#770 = DIRECTION('',(-1.,0.,-0.));
#771 = DEFINITIONAL_REPRESENTATION('',(#772),#776);
#772 = LINE('',#773,#774);
#773 = CARTESIAN_POINT('',(0.,0.));
#774 = VECTOR('',#775,1.);
#775 = DIRECTION('',(-1.,0.));
#776 = ( GEOMETRIC_REPRESENTATION_CONTEXT(2) 
PARAMETRIC_REPRESENTATION_CONTEXT() REPRESENTATION_CONTEXT('2D SPACE',''
  ) );
#777 = PCURVE('',#778,#783);
#778 = PLANE('',#779);
#779 = AXIS2_PLACEMENT_3D('',#780,#781,#782);
#780 = CARTESIAN_POINT('',(244.992221,118.92266,30.));
#781 = DIRECTION('',(-0.,-0.,-1.));
#782 = DIRECTION('',(-1.,0.,0.));
#783 = DEFINITIONAL_REPRESENTATION('',(#784),#788);
#784 = LINE('',#785,#786);
#785 = CARTESIAN_POINT('',(30.,0.));
#786 = VECTOR('',#787,1.);
#787 = DIRECTION('',(-1.,0.));
#788 = ( GEOMETRIC_REPRESENTATION_CONTEXT(2) 
PARAMETRIC_REPRESENTATION_CONTEXT() REPRESENTATION_CONTEXT('2D SPACE',''
  ) );
#789 = ORIENTED_EDGE('',*,*,#790,.T.);
#790 = EDGE_CURVE('',#758,#791,#793,.T.);
#791 = VERTEX_POINT('',#792);
#792 = CARTESIAN_POINT('',(230.,80.,30.));
#793 = SURFACE_CURVE('',#794,(#798,#805),.PCURVE_S1.);
#794 = LINE('',#795,#796);
#795 = CARTESIAN_POINT('',(244.992221,118.92266,30.));
#796 = VECTOR('',#797,1.);
#797 = DIRECTION('',(-0.359437828717,-0.933169034681,0.));
#798 = PCURVE('',#766,#799);
#799 = DEFINITIONAL_REPRESENTATION('',(#800),#804);
#800 = LINE('',#801,#802);
#801 = CARTESIAN_POINT('',(-30.,0.));
#802 = VECTOR('',#803,1.);
#803 = DIRECTION('',(0.359437828717,-0.933169034681));
#804 = ( GEOMETRIC_REPRESENTATION_CONTEXT(2) 
PARAMETRIC_REPRESENTATION_CONTEXT() REPRESENTATION_CONTEXT('2D SPACE',''
  ) );
#805 = PCURVE('',#806,#811);
#806 = PLANE('',#807);
#807 = AXIS2_PLACEMENT_3D('',#808,#809,#810);
#808 = CARTESIAN_POINT('',(260.,80.,30.));
#809 = DIRECTION('',(-0.,-0.,-1.));
#810 = DIRECTION('',(-1.,0.,0.));
#811 = DEFINITIONAL_REPRESENTATION('',(#812),#816);
#812 = LINE('',#813,#814);
#813 = CARTESIAN_POINT('',(15.007779,38.92266));
#814 = VECTOR('',#815,1.);
#815 = DIRECTION('',(0.359437828717,-0.933169034681));
#816 = ( GEOMETRIC_REPRESENTATION_CONTEXT(2) 
PARAMETRIC_REPRESENTATION_CONTEXT() REPRESENTATION_CONTEXT('2D SPACE',''
  ) );
#817 = ORIENTED_EDGE('',*,*,#818,.T.);
#818 = EDGE_CURVE('',#791,#756,#819,.T.);
#819 = SURFACE_CURVE('',#820,(#824,#831),.PCURVE_S1.);
#820 = LINE('',#821,#822);
#821 = CARTESIAN_POINT('',(230.,80.,30.));
#822 = VECTOR('',#823,1.);
#823 = DIRECTION('',(-0.359762575497,0.933043883894,0.));
#824 = PCURVE('',#766,#825);
#825 = DEFINITIONAL_REPRESENTATION('',(#826),#830);
#826 = LINE('',#827,#828);
#827 = CARTESIAN_POINT('',(-15.007779,-38.92266));
#828 = VECTOR('',#829,1.);
#829 = DIRECTION('',(0.359762575497,0.933043883894));
#830 = ( GEOMETRIC_REPRESENTATION_CONTEXT(2) 
PARAMETRIC_REPRESENTATION_CONTEXT() REPRESENTATION_CONTEXT('2D SPACE',''
  ) );
#831 = PCURVE('',#832,#837);
#832 = PLANE('',#833);
#833 = AXIS2_PLACEMENT_3D('',#834,#835,#836);
#834 = CARTESIAN_POINT('',(230.,80.,30.));
#835 = DIRECTION('',(0.,0.,-1.));
#836 = DIRECTION('',(-1.,0.,-0.));
#837 = DEFINITIONAL_REPRESENTATION('',(#838),#842);
#838 = LINE('',#839,#840);
#839 = CARTESIAN_POINT('',(0.,0.));
#840 = VECTOR('',#841,1.);
#841 = DIRECTION('',(0.359762575497,0.933043883894));
#842 = ( GEOMETRIC_REPRESENTATION_CONTEXT(2) 
PARAMETRIC_REPRESENTATION_CONTEXT() REPRESENTATION_CONTEXT('2D SPACE',''
  ) );
#843 = ADVANCED_FACE('',(#844),#858,.T.);
#844 = FACE_BOUND('',#845,.T.);
#845 = EDGE_LOOP('',(#846,#881,#909));
#846 = ORIENTED_EDGE('',*,*,#847,.T.);
#847 = EDGE_CURVE('',#848,#850,#852,.T.);
#848 = VERTEX_POINT('',#849);
#849 = CARTESIAN_POINT('',(268.585712,110.495323,119.251189));
#850 = VERTEX_POINT('',#851);
#851 = CARTESIAN_POINT('',(253.483825,102.989133,178.782718));
#852 = SURFACE_CURVE('',#853,(#857,#869),.PCURVE_S1.);
#853 = LINE('',#854,#855);
#854 = CARTESIAN_POINT('',(268.585712,110.495323,119.251189));
#855 = VECTOR('',#856,1.);
#856 = DIRECTION('',(-0.244074177887,-0.121313790344,0.962138638638));
#857 = PCURVE('',#858,#863);
#858 = PLANE('',#859);
#859 = AXIS2_PLACEMENT_3D('',#860,#861,#862);
#860 = CARTESIAN_POINT('',(268.585712,110.495323,119.251189));
#861 = DIRECTION('',(0.96329236975,8.403494206602E-02,0.254962622541));
#862 = DIRECTION('',(-0.255867675535,0.,0.966711814667));
#863 = DEFINITIONAL_REPRESENTATION('',(#864),#868);
#864 = LINE('',#865,#866);
#865 = CARTESIAN_POINT('',(0.,0.));
#866 = VECTOR('',#867,1.);
#867 = DIRECTION('',(0.992561481873,0.121744423698));
#868 = ( GEOMETRIC_REPRESENTATION_CONTEXT(2) 
PARAMETRIC_REPRESENTATION_CONTEXT() REPRESENTATION_CONTEXT('2D SPACE',''
  ) );
#869 = PCURVE('',#870,#875);
#870 = PLANE('',#871);
#871 = AXIS2_PLACEMENT_3D('',#872,#873,#874);
#872 = CARTESIAN_POINT('',(253.483825,102.989133,178.782718));
#873 = DIRECTION('',(0.955758376996,0.137873819201,0.25983982524));
#874 = DIRECTION('',(-0.262345274597,-6.938893903907E-18,0.964974070583)
  );
#875 = DEFINITIONAL_REPRESENTATION('',(#876),#880);
#876 = LINE('',#877,#878);
#877 = CARTESIAN_POINT('',(-61.40829055908,-7.578566814796));
#878 = VECTOR('',#879,1.);
#879 = DIRECTION('',(0.992470545812,0.122483532348));
#880 = ( GEOMETRIC_REPRESENTATION_CONTEXT(2) 
PARAMETRIC_REPRESENTATION_CONTEXT() REPRESENTATION_CONTEXT('2D SPACE',''
  ) );
#881 = ORIENTED_EDGE('',*,*,#882,.T.);
#882 = EDGE_CURVE('',#850,#883,#885,.T.);
#883 = VERTEX_POINT('',#884);
#884 = CARTESIAN_POINT('',(263.772411,72.559498,149.940201));
#885 = SURFACE_CURVE('',#886,(#890,#897),.PCURVE_S1.);
#886 = LINE('',#887,#888);
#887 = CARTESIAN_POINT('',(253.483825,102.989133,178.782718));
#888 = VECTOR('',#889,1.);
#889 = DIRECTION('',(0.23832340878,-0.704867932399,-0.668104146599));
#890 = PCURVE('',#858,#891);
#891 = DEFINITIONAL_REPRESENTATION('',(#892),#896);
#892 = LINE('',#893,#894);
#893 = CARTESIAN_POINT('',(61.413917152359,7.53283508102));
#894 = VECTOR('',#895,1.);
#895 = DIRECTION('',(-0.706843428575,0.707370035752));
#896 = ( GEOMETRIC_REPRESENTATION_CONTEXT(2) 
PARAMETRIC_REPRESENTATION_CONTEXT() REPRESENTATION_CONTEXT('2D SPACE',''
  ) );
#897 = PCURVE('',#898,#903);
#898 = PLANE('',#899);
#899 = AXIS2_PLACEMENT_3D('',#900,#901,#902);
#900 = CARTESIAN_POINT('',(248.519417,65.049197,209.441197));
#901 = DIRECTION('',(0.962898152139,8.181478566975E-02,0.257164323834));
#902 = DIRECTION('',(-0.258029354093,0.,0.966137077451));
#903 = DEFINITIONAL_REPRESENTATION('',(#904),#908);
#904 = LINE('',#905,#906);
#905 = CARTESIAN_POINT('',(-30.90125628985,-38.06755553981));
#906 = VECTOR('',#907,1.);
#907 = DIRECTION('',(-0.706974622861,0.707238914816));
#908 = ( GEOMETRIC_REPRESENTATION_CONTEXT(2) 
PARAMETRIC_REPRESENTATION_CONTEXT() REPRESENTATION_CONTEXT('2D SPACE',''
  ) );
#909 = ORIENTED_EDGE('',*,*,#910,.T.);
#910 = EDGE_CURVE('',#883,#848,#911,.T.);
#911 = SURFACE_CURVE('',#912,(#916,#923),.PCURVE_S1.);
#912 = LINE('',#913,#914);
#913 = CARTESIAN_POINT('',(263.772411,72.559498,149.940201));
#914 = VECTOR('',#915,1.);
#915 = DIRECTION('',(9.816707272488E-02,0.773699565361,-0.625901117104)
  );
#916 = PCURVE('',#858,#917);
#917 = DEFINITIONAL_REPRESENTATION('',(#918),#922);
#918 = LINE('',#919,#920);
#919 = CARTESIAN_POINT('',(30.89899861937,38.070487609217));
#920 = VECTOR('',#921,1.);
#921 = DIRECTION('',(-0.63018378543,-0.776446003648));
#922 = ( GEOMETRIC_REPRESENTATION_CONTEXT(2) 
PARAMETRIC_REPRESENTATION_CONTEXT() REPRESENTATION_CONTEXT('2D SPACE',''
  ) );
#923 = PCURVE('',#924,#929);
#924 = PLANE('',#925);
#925 = AXIS2_PLACEMENT_3D('',#926,#927,#928);
#926 = CARTESIAN_POINT('',(263.772411,72.559498,149.940201));
#927 = DIRECTION('',(0.963829499655,8.267918754595E-02,0.253370968228));
#928 = DIRECTION('',(-0.25424143629,0.,0.967140781931));
#929 = DEFINITIONAL_REPRESENTATION('',(#930),#934);
#930 = LINE('',#931,#932);
#931 = CARTESIAN_POINT('',(0.,0.));
#932 = VECTOR('',#933,1.);
#933 = DIRECTION('',(-0.630292633373,-0.776357647167));
#934 = ( GEOMETRIC_REPRESENTATION_CONTEXT(2) 
PARAMETRIC_REPRESENTATION_CONTEXT() REPRESENTATION_CONTEXT('2D SPACE',''
  ) );
#935 = ADVANCED_FACE('',(#936),#950,.T.);
#936 = FACE_BOUND('',#937,.T.);
#937 = EDGE_LOOP('',(#938,#973,#1001));
#938 = ORIENTED_EDGE('',*,*,#939,.T.);
#939 = EDGE_CURVE('',#940,#942,#944,.T.);
#940 = VERTEX_POINT('',#941);
#941 = CARTESIAN_POINT('',(230.,0.,255.876619));
#942 = VERTEX_POINT('',#943);
#943 = CARTESIAN_POINT('',(248.505762,-0.,209.443366));
#944 = SURFACE_CURVE('',#945,(#949,#961),.PCURVE_S1.);
#945 = LINE('',#946,#947);
#946 = CARTESIAN_POINT('',(230.,0.,255.876619));
#947 = VECTOR('',#948,1.);
#948 = DIRECTION('',(0.370225568008,-0.,-0.928941886661));
#949 = PCURVE('',#950,#955);
#950 = PLANE('',#951);
#951 = AXIS2_PLACEMENT_3D('',#952,#953,#954);
#952 = CARTESIAN_POINT('',(230.,0.,255.876619));
#953 = DIRECTION('',(0.928619671643,-2.633637215774E-02,0.370097150677)
  );
#954 = DIRECTION('',(-0.370225568008,-1.734723475977E-18,0.928941886661)
  );
#955 = DEFINITIONAL_REPRESENTATION('',(#956),#960);
#956 = LINE('',#957,#958);
#957 = CARTESIAN_POINT('',(0.,-0.));
#958 = VECTOR('',#959,1.);
#959 = DIRECTION('',(-1.,3.469446951954E-18));
#960 = ( GEOMETRIC_REPRESENTATION_CONTEXT(2) 
PARAMETRIC_REPRESENTATION_CONTEXT() REPRESENTATION_CONTEXT('2D SPACE',''
  ) );
#961 = PCURVE('',#962,#967);
#962 = PLANE('',#963);
#963 = AXIS2_PLACEMENT_3D('',#964,#965,#966);
#964 = CARTESIAN_POINT('',(248.505762,-0.,209.443366));
#965 = DIRECTION('',(0.928619671643,2.633637215774E-02,0.370097150677));
#966 = DIRECTION('',(-0.370225568008,0.,0.928941886661));
#967 = DEFINITIONAL_REPRESENTATION('',(#968),#972);
#968 = LINE('',#969,#970);
#969 = CARTESIAN_POINT('',(49.985099893495,-5.551115123126E-17));
#970 = VECTOR('',#971,1.);
#971 = DIRECTION('',(-1.,1.734723475977E-18));
#972 = ( GEOMETRIC_REPRESENTATION_CONTEXT(2) 
PARAMETRIC_REPRESENTATION_CONTEXT() REPRESENTATION_CONTEXT('2D SPACE',''
  ) );
#973 = ORIENTED_EDGE('',*,*,#974,.T.);
#974 = EDGE_CURVE('',#942,#975,#977,.T.);
#975 = VERTEX_POINT('',#976);
#976 = CARTESIAN_POINT('',(239.522507,32.516819,234.297387));
#977 = SURFACE_CURVE('',#978,(#982,#989),.PCURVE_S1.);
#978 = LINE('',#979,#980);
#979 = CARTESIAN_POINT('',(248.505762,-0.,209.443366));
#980 = VECTOR('',#981,1.);
#981 = DIRECTION('',(-0.214388045631,0.776023532176,0.593148584589));
#982 = PCURVE('',#950,#983);
#983 = DEFINITIONAL_REPRESENTATION('',(#984),#988);
#984 = LINE('',#985,#986);
#985 = CARTESIAN_POINT('',(-49.98509989349,2.22044604925E-16));
#986 = VECTOR('',#987,1.);
#987 = DIRECTION('',(0.630372501206,-0.776292798964));
#988 = ( GEOMETRIC_REPRESENTATION_CONTEXT(2) 
PARAMETRIC_REPRESENTATION_CONTEXT() REPRESENTATION_CONTEXT('2D SPACE',''
  ) );
#989 = PCURVE('',#990,#995);
#990 = PLANE('',#991);
#991 = AXIS2_PLACEMENT_3D('',#992,#993,#994);
#992 = CARTESIAN_POINT('',(255.970889,32.51578,179.645869));
#993 = DIRECTION('',(0.956634320166,4.42178033E-02,0.287915896318));
#994 = DIRECTION('',(-0.288197778354,0.,0.957570906279));
#995 = DEFINITIONAL_REPRESENTATION('',(#996),#1000);
#996 = LINE('',#997,#998);
#997 = CARTESIAN_POINT('',(30.684649223663,32.547614346066));
#998 = VECTOR('',#999,1.);
#999 = DIRECTION('',(0.629767986159,-0.776783292565));
#1000 = ( GEOMETRIC_REPRESENTATION_CONTEXT(2) 
PARAMETRIC_REPRESENTATION_CONTEXT() REPRESENTATION_CONTEXT('2D SPACE',''
  ) );
#1001 = ORIENTED_EDGE('',*,*,#1002,.T.);
#1002 = EDGE_CURVE('',#975,#940,#1003,.T.);
#1003 = SURFACE_CURVE('',#1004,(#1008,#1015),.PCURVE_S1.);
#1004 = LINE('',#1005,#1006);
#1005 = CARTESIAN_POINT('',(239.522507,32.516819,234.297387));
#1006 = VECTOR('',#1007,1.);
#1007 = DIRECTION('',(-0.237051076301,-0.809466135529,0.537188386561));
#1008 = PCURVE('',#950,#1009);
#1009 = DEFINITIONAL_REPRESENTATION('',(#1010),#1014);
#1010 = LINE('',#1011,#1012);
#1011 = CARTESIAN_POINT('',(-23.5713280497,-32.52810177564));
#1012 = VECTOR('',#1013,1.);
#1013 = DIRECTION('',(0.586779162675,0.809747006324));
#1014 = ( GEOMETRIC_REPRESENTATION_CONTEXT(2) 
PARAMETRIC_REPRESENTATION_CONTEXT() REPRESENTATION_CONTEXT('2D SPACE',''
  ) );
#1015 = PCURVE('',#1016,#1021);
#1016 = PLANE('',#1017);
#1017 = AXIS2_PLACEMENT_3D('',#1018,#1019,#1020);
#1018 = CARTESIAN_POINT('',(230.,65.097287,257.659103));
#1019 = DIRECTION('',(0.920677252424,-1.068380796604E-02,0.390178488793)
  );
#1020 = DIRECTION('',(-0.390200758918,-4.336808689942E-19,0.920729801701
    ));
#1021 = DEFINITIONAL_REPRESENTATION('',(#1022),#1026);
#1022 = LINE('',#1023,#1024);
#1023 = CARTESIAN_POINT('',(-25.22551759827,32.582327587637));
#1024 = VECTOR('',#1025,1.);
#1025 = DIRECTION('',(0.58710286651,0.809512337235));
#1026 = ( GEOMETRIC_REPRESENTATION_CONTEXT(2) 
PARAMETRIC_REPRESENTATION_CONTEXT() REPRESENTATION_CONTEXT('2D SPACE',''
  ) );
#1027 = ADVANCED_FACE('',(#1028),#1042,.T.);
#1028 = FACE_BOUND('',#1029,.T.);
#1029 = EDGE_LOOP('',(#1030,#1065,#1093));
#1030 = ORIENTED_EDGE('',*,*,#1031,.T.);
#1031 = EDGE_CURVE('',#1032,#1034,#1036,.T.);
#1032 = VERTEX_POINT('',#1033);
#1033 = CARTESIAN_POINT('',(253.483825,-102.989133,178.782718));
#1034 = VERTEX_POINT('',#1035);
#1035 = CARTESIAN_POINT('',(268.585712,-110.495323,119.251189));
#1036 = SURFACE_CURVE('',#1037,(#1041,#1053),.PCURVE_S1.);
#1037 = LINE('',#1038,#1039);
#1038 = CARTESIAN_POINT('',(253.483825,-102.989133,178.782718));
#1039 = VECTOR('',#1040,1.);
#1040 = DIRECTION('',(0.244074177887,-0.121313790344,-0.962138638638));
#1041 = PCURVE('',#1042,#1047);
#1042 = PLANE('',#1043);
#1043 = AXIS2_PLACEMENT_3D('',#1044,#1045,#1046);
#1044 = CARTESIAN_POINT('',(253.483825,-102.989133,178.782718));
#1045 = DIRECTION('',(0.96329236975,-8.403494206602E-02,0.254962622541)
  );
#1046 = DIRECTION('',(-0.255867675535,0.,0.966711814667));
#1047 = DEFINITIONAL_REPRESENTATION('',(#1048),#1052);
#1048 = LINE('',#1049,#1050);
#1049 = CARTESIAN_POINT('',(0.,-0.));
#1050 = VECTOR('',#1051,1.);
#1051 = DIRECTION('',(-0.992561481873,0.121744423698));
#1052 = ( GEOMETRIC_REPRESENTATION_CONTEXT(2) 
PARAMETRIC_REPRESENTATION_CONTEXT() REPRESENTATION_CONTEXT('2D SPACE',''
  ) );
#1053 = PCURVE('',#1054,#1059);
#1054 = PLANE('',#1055);
#1055 = AXIS2_PLACEMENT_3D('',#1056,#1057,#1058);
#1056 = CARTESIAN_POINT('',(268.585712,-110.495323,119.251189));
#1057 = DIRECTION('',(0.955758376996,-0.137873819201,0.25983982524));
#1058 = DIRECTION('',(-0.262345274597,0.,0.964974070583));
#1059 = DEFINITIONAL_REPRESENTATION('',(#1060),#1064);
#1060 = LINE('',#1061,#1062);
#1061 = CARTESIAN_POINT('',(61.40829055908,-7.578566814796));
#1062 = VECTOR('',#1063,1.);
#1063 = DIRECTION('',(-0.992470545812,0.122483532348));
#1064 = ( GEOMETRIC_REPRESENTATION_CONTEXT(2) 
PARAMETRIC_REPRESENTATION_CONTEXT() REPRESENTATION_CONTEXT('2D SPACE',''
  ) );
#1065 = ORIENTED_EDGE('',*,*,#1066,.T.);
#1066 = EDGE_CURVE('',#1034,#1067,#1069,.T.);
#1067 = VERTEX_POINT('',#1068);
#1068 = CARTESIAN_POINT('',(263.772411,-72.559498,149.940201));
#1069 = SURFACE_CURVE('',#1070,(#1074,#1081),.PCURVE_S1.);
#1070 = LINE('',#1071,#1072);
#1071 = CARTESIAN_POINT('',(268.585712,-110.495323,119.251189));
#1072 = VECTOR('',#1073,1.);
#1073 = DIRECTION('',(-9.816707272488E-02,0.773699565361,0.625901117104)
  );
#1074 = PCURVE('',#1042,#1075);
#1075 = DEFINITIONAL_REPRESENTATION('',(#1076),#1080);
#1076 = LINE('',#1077,#1078);
#1077 = CARTESIAN_POINT('',(-61.41391715235,7.53283508102));
#1078 = VECTOR('',#1079,1.);
#1079 = DIRECTION('',(0.63018378543,-0.776446003648));
#1080 = ( GEOMETRIC_REPRESENTATION_CONTEXT(2) 
PARAMETRIC_REPRESENTATION_CONTEXT() REPRESENTATION_CONTEXT('2D SPACE',''
  ) );
#1081 = PCURVE('',#1082,#1087);
#1082 = PLANE('',#1083);
#1083 = AXIS2_PLACEMENT_3D('',#1084,#1085,#1086);
#1084 = CARTESIAN_POINT('',(278.789873,-80.052782,90.368216));
#1085 = DIRECTION('',(0.963829499655,-8.267918754595E-02,0.253370968228)
  );
#1086 = DIRECTION('',(-0.25424143629,0.,0.967140781931));
#1087 = DEFINITIONAL_REPRESENTATION('',(#1088),#1092);
#1088 = LINE('',#1089,#1090);
#1089 = CARTESIAN_POINT('',(30.528221640472,30.547127803438));
#1090 = VECTOR('',#1091,1.);
#1091 = DIRECTION('',(0.630292633373,-0.776357647167));
#1092 = ( GEOMETRIC_REPRESENTATION_CONTEXT(2) 
PARAMETRIC_REPRESENTATION_CONTEXT() REPRESENTATION_CONTEXT('2D SPACE',''
  ) );
#1093 = ORIENTED_EDGE('',*,*,#1094,.T.);
#1094 = EDGE_CURVE('',#1067,#1032,#1095,.T.);
#1095 = SURFACE_CURVE('',#1096,(#1100,#1107),.PCURVE_S1.);
#1096 = LINE('',#1097,#1098);
#1097 = CARTESIAN_POINT('',(263.772411,-72.559498,149.940201));
#1098 = VECTOR('',#1099,1.);
#1099 = DIRECTION('',(-0.23832340878,-0.704867932399,0.668104146599));
#1100 = PCURVE('',#1042,#1101);
#1101 = DEFINITIONAL_REPRESENTATION('',(#1102),#1106);
#1102 = LINE('',#1103,#1104);
#1103 = CARTESIAN_POINT('',(-30.51491853299,-30.53765252819));
#1104 = VECTOR('',#1105,1.);
#1105 = DIRECTION('',(0.706843428575,0.707370035752));
#1106 = ( GEOMETRIC_REPRESENTATION_CONTEXT(2) 
PARAMETRIC_REPRESENTATION_CONTEXT() REPRESENTATION_CONTEXT('2D SPACE',''
  ) );
#1107 = PCURVE('',#1108,#1113);
#1108 = PLANE('',#1109);
#1109 = AXIS2_PLACEMENT_3D('',#1110,#1111,#1112);
#1110 = CARTESIAN_POINT('',(263.772411,-72.559498,149.940201));
#1111 = DIRECTION('',(0.962898152139,-8.181478566975E-02,0.257164323834)
  );
#1112 = DIRECTION('',(-0.258029354093,0.,0.966137077451));
#1113 = DEFINITIONAL_REPRESENTATION('',(#1114),#1118);
#1114 = LINE('',#1115,#1116);
#1115 = CARTESIAN_POINT('',(0.,-0.));
#1116 = VECTOR('',#1117,1.);
#1117 = DIRECTION('',(0.706974622861,0.707238914816));
#1118 = ( GEOMETRIC_REPRESENTATION_CONTEXT(2) 
PARAMETRIC_REPRESENTATION_CONTEXT() REPRESENTATION_CONTEXT('2D SPACE',''
  ) );
#1119 = ADVANCED_FACE('',(#1120),#1134,.T.);
#1120 = FACE_BOUND('',#1121,.T.);
#1121 = EDGE_LOOP('',(#1122,#1157,#1185));
#1122 = ORIENTED_EDGE('',*,*,#1123,.T.);
#1123 = EDGE_CURVE('',#1124,#1126,#1128,.T.);
#1124 = VERTEX_POINT('',#1125);
#1125 = CARTESIAN_POINT('',(214.896204,-154.909233,45.997383));
#1126 = VERTEX_POINT('',#1127);
#1127 = CARTESIAN_POINT('',(244.027834,-155.709711,46.832641));
#1128 = SURFACE_CURVE('',#1129,(#1133,#1145),.PCURVE_S1.);
#1129 = LINE('',#1130,#1131);
#1130 = CARTESIAN_POINT('',(214.896204,-154.909233,45.997383));
#1131 = VECTOR('',#1132,1.);
#1132 = DIRECTION('',(0.999212374382,-2.745632575386E-02,
    2.86492767278E-02));
#1133 = PCURVE('',#1134,#1139);
#1134 = PLANE('',#1135);
#1135 = AXIS2_PLACEMENT_3D('',#1136,#1137,#1138);
#1136 = CARTESIAN_POINT('',(214.896204,-154.909233,45.997383));
#1137 = DIRECTION('',(-3.172185458585E-02,-0.986443169464,0.161008066134
    ));
#1138 = DIRECTION('',(0.,-0.161089136604,-0.986939861424));
#1139 = DEFINITIONAL_REPRESENTATION('',(#1140),#1144);
#1140 = LINE('',#1141,#1142);
#1141 = CARTESIAN_POINT('',(0.,0.));
#1142 = VECTOR('',#1143,1.);
#1143 = DIRECTION('',(-2.385219739362E-02,0.999715495868));
#1144 = ( GEOMETRIC_REPRESENTATION_CONTEXT(2) 
PARAMETRIC_REPRESENTATION_CONTEXT() REPRESENTATION_CONTEXT('2D SPACE',''
  ) );
#1145 = PCURVE('',#1146,#1151);
#1146 = PLANE('',#1147);
#1147 = AXIS2_PLACEMENT_3D('',#1148,#1149,#1150);
#1148 = CARTESIAN_POINT('',(244.027834,-155.709711,46.832641));
#1149 = DIRECTION('',(-3.043903327212E-02,-0.993522606808,0.10948193922)
  );
#1150 = DIRECTION('',(4.336808689942E-19,-0.109532693902,-0.993983193503
    ));
#1151 = DEFINITIONAL_REPRESENTATION('',(#1152),#1156);
#1152 = LINE('',#1153,#1154);
#1153 = CARTESIAN_POINT('',(0.74255390249,-29.14513511915));
#1154 = VECTOR('',#1155,1.);
#1155 = DIRECTION('',(-2.546953424898E-02,0.999675598794));
#1156 = ( GEOMETRIC_REPRESENTATION_CONTEXT(2) 
PARAMETRIC_REPRESENTATION_CONTEXT() REPRESENTATION_CONTEXT('2D SPACE',''
  ) );
#1157 = ORIENTED_EDGE('',*,*,#1158,.T.);
#1158 = EDGE_CURVE('',#1126,#1159,#1161,.T.);
#1159 = VERTEX_POINT('',#1160);
#1160 = CARTESIAN_POINT('',(228.939772,-152.616662,62.810075));
#1161 = SURFACE_CURVE('',#1162,(#1166,#1173),.PCURVE_S1.);
#1162 = LINE('',#1163,#1164);
#1163 = CARTESIAN_POINT('',(244.027834,-155.709711,46.832641));
#1164 = VECTOR('',#1165,1.);
#1165 = DIRECTION('',(-0.679880465195,0.139375328189,0.719956297936));
#1166 = PCURVE('',#1134,#1167);
#1167 = DEFINITIONAL_REPRESENTATION('',(#1168),#1172);
#1168 = LINE('',#1169,#1170);
#1169 = CARTESIAN_POINT('',(-0.695401104883,29.146298302105));
#1170 = VECTOR('',#1171,1.);
#1171 = DIRECTION('',(-0.733005420198,-0.680222797295));
#1172 = ( GEOMETRIC_REPRESENTATION_CONTEXT(2) 
PARAMETRIC_REPRESENTATION_CONTEXT() REPRESENTATION_CONTEXT('2D SPACE',''
  ) );
#1173 = PCURVE('',#1174,#1179);
#1174 = PLANE('',#1175);
#1175 = AXIS2_PLACEMENT_3D('',#1176,#1177,#1178);
#1176 = CARTESIAN_POINT('',(258.072843,-153.387478,63.644668));
#1177 = DIRECTION('',(-3.073518763656E-02,-0.986325613588,0.161917053523
    ));
#1178 = DIRECTION('',(0.,-0.161993585364,-0.986791811022));
#1179 = DEFINITIONAL_REPRESENTATION('',(#1180),#1184);
#1180 = LINE('',#1181,#1182);
#1181 = CARTESIAN_POINT('',(16.966157420008,-14.05164752492));
#1182 = VECTOR('',#1183,1.);
#1183 = DIRECTION('',(-0.733024888222,-0.680201818027));
#1184 = ( GEOMETRIC_REPRESENTATION_CONTEXT(2) 
PARAMETRIC_REPRESENTATION_CONTEXT() REPRESENTATION_CONTEXT('2D SPACE',''
  ) );
#1185 = ORIENTED_EDGE('',*,*,#1186,.T.);
#1186 = EDGE_CURVE('',#1159,#1124,#1187,.T.);
#1187 = SURFACE_CURVE('',#1188,(#1192,#1199),.PCURVE_S1.);
#1188 = LINE('',#1189,#1190);
#1189 = CARTESIAN_POINT('',(228.939772,-152.616662,62.810075));
#1190 = VECTOR('',#1191,1.);
#1191 = DIRECTION('',(-0.637590733514,-0.104084804198,-0.763311476444));
#1192 = PCURVE('',#1134,#1193);
#1193 = DEFINITIONAL_REPRESENTATION('',(#1194),#1198);
#1194 = LINE('',#1195,#1196);
#1195 = CARTESIAN_POINT('',(-16.96242419564,14.050639190251));
#1196 = VECTOR('',#1197,1.);
#1197 = DIRECTION('',(0.770109454028,-0.63791177197));
#1198 = ( GEOMETRIC_REPRESENTATION_CONTEXT(2) 
PARAMETRIC_REPRESENTATION_CONTEXT() REPRESENTATION_CONTEXT('2D SPACE',''
  ) );
#1199 = PCURVE('',#1200,#1205);
#1200 = PLANE('',#1201);
#1201 = AXIS2_PLACEMENT_3D('',#1202,#1203,#1204);
#1202 = CARTESIAN_POINT('',(208.0203,-142.812449,66.252405));
#1203 = DIRECTION('',(-0.335260676405,-0.854593217297,0.396573715476));
#1204 = DIRECTION('',(0.,-0.420935167809,-0.907090725618));
#1205 = DEFINITIONAL_REPRESENTATION('',(#1206),#1210);
#1206 = LINE('',#1207,#1208);
#1207 = CARTESIAN_POINT('',(7.249443661906,22.204551419245));
#1208 = VECTOR('',#1209,1.);
#1209 = DIRECTION('',(0.736205715562,-0.676757818111));
#1210 = ( GEOMETRIC_REPRESENTATION_CONTEXT(2) 
PARAMETRIC_REPRESENTATION_CONTEXT() REPRESENTATION_CONTEXT('2D SPACE',''
  ) );
#1211 = ADVANCED_FACE('',(#1212),#1226,.T.);
#1212 = FACE_BOUND('',#1213,.T.);
#1213 = EDGE_LOOP('',(#1214,#1249,#1277));
#1214 = ORIENTED_EDGE('',*,*,#1215,.T.);
#1215 = EDGE_CURVE('',#1216,#1218,#1220,.T.);
#1216 = VERTEX_POINT('',#1217);
#1217 = CARTESIAN_POINT('',(244.027834,155.709711,46.832641));
#1218 = VERTEX_POINT('',#1219);
#1219 = CARTESIAN_POINT('',(214.896204,154.909233,45.997383));
#1220 = SURFACE_CURVE('',#1221,(#1225,#1237),.PCURVE_S1.);
#1221 = LINE('',#1222,#1223);
#1222 = CARTESIAN_POINT('',(244.027834,155.709711,46.832641));
#1223 = VECTOR('',#1224,1.);
#1224 = DIRECTION('',(-0.999212374382,-2.745632575386E-02,
    -2.86492767278E-02));
#1225 = PCURVE('',#1226,#1231);
#1226 = PLANE('',#1227);
#1227 = AXIS2_PLACEMENT_3D('',#1228,#1229,#1230);
#1228 = CARTESIAN_POINT('',(244.027834,155.709711,46.832641));
#1229 = DIRECTION('',(-3.172185458585E-02,0.986443169464,0.161008066134)
  );
#1230 = DIRECTION('',(8.673617379884E-19,-0.161089136604,0.986939861424)
  );
#1231 = DEFINITIONAL_REPRESENTATION('',(#1232),#1236);
#1232 = LINE('',#1233,#1234);
#1233 = CARTESIAN_POINT('',(0.,0.));
#1234 = VECTOR('',#1235,1.);
#1235 = DIRECTION('',(-2.385219739362E-02,-0.999715495868));
#1236 = ( GEOMETRIC_REPRESENTATION_CONTEXT(2) 
PARAMETRIC_REPRESENTATION_CONTEXT() REPRESENTATION_CONTEXT('2D SPACE',''
  ) );
#1237 = PCURVE('',#1238,#1243);
#1238 = PLANE('',#1239);
#1239 = AXIS2_PLACEMENT_3D('',#1240,#1241,#1242);
#1240 = CARTESIAN_POINT('',(214.896204,154.909233,45.997383));
#1241 = DIRECTION('',(-3.043903327212E-02,0.993522606808,0.10948193922)
  );
#1242 = DIRECTION('',(-4.336808689942E-19,-0.109532693902,0.993983193503
    ));
#1243 = DEFINITIONAL_REPRESENTATION('',(#1244),#1248);
#1244 = LINE('',#1245,#1246);
#1245 = CARTESIAN_POINT('',(0.74255390249,29.145135119156));
#1246 = VECTOR('',#1247,1.);
#1247 = DIRECTION('',(-2.546953424898E-02,-0.999675598794));
#1248 = ( GEOMETRIC_REPRESENTATION_CONTEXT(2) 
PARAMETRIC_REPRESENTATION_CONTEXT() REPRESENTATION_CONTEXT('2D SPACE',''
  ) );
#1249 = ORIENTED_EDGE('',*,*,#1250,.T.);
#1250 = EDGE_CURVE('',#1218,#1251,#1253,.T.);
#1251 = VERTEX_POINT('',#1252);
#1252 = CARTESIAN_POINT('',(228.939772,152.616662,62.810075));
#1253 = SURFACE_CURVE('',#1254,(#1258,#1265),.PCURVE_S1.);
#1254 = LINE('',#1255,#1256);
#1255 = CARTESIAN_POINT('',(214.896204,154.909233,45.997383));
#1256 = VECTOR('',#1257,1.);
#1257 = DIRECTION('',(0.637590733514,-0.104084804198,0.763311476444));
#1258 = PCURVE('',#1226,#1259);
#1259 = DEFINITIONAL_REPRESENTATION('',(#1260),#1264);
#1260 = LINE('',#1261,#1262);
#1261 = CARTESIAN_POINT('',(-0.695401104883,-29.1462983021));
#1262 = VECTOR('',#1263,1.);
#1263 = DIRECTION('',(0.770109454028,0.63791177197));
#1264 = ( GEOMETRIC_REPRESENTATION_CONTEXT(2) 
PARAMETRIC_REPRESENTATION_CONTEXT() REPRESENTATION_CONTEXT('2D SPACE',''
  ) );
#1265 = PCURVE('',#1266,#1271);
#1266 = PLANE('',#1267);
#1267 = AXIS2_PLACEMENT_3D('',#1268,#1269,#1270);
#1268 = CARTESIAN_POINT('',(200.324086,151.328446,61.46773));
#1269 = DIRECTION('',(-5.25821674517E-02,0.982640176885,0.177914019787)
  );
#1270 = DIRECTION('',(-1.734723475977E-18,-0.178160486837,0.984001443561
    ));
#1271 = DEFINITIONAL_REPRESENTATION('',(#1272),#1276);
#1272 = LINE('',#1273,#1274);
#1273 = CARTESIAN_POINT('',(-15.86079853556,14.592304981044));
#1274 = VECTOR('',#1275,1.);
#1275 = DIRECTION('',(0.769643394096,0.638473997845));
#1276 = ( GEOMETRIC_REPRESENTATION_CONTEXT(2) 
PARAMETRIC_REPRESENTATION_CONTEXT() REPRESENTATION_CONTEXT('2D SPACE',''
  ) );
#1277 = ORIENTED_EDGE('',*,*,#1278,.T.);
#1278 = EDGE_CURVE('',#1251,#1216,#1279,.T.);
#1279 = SURFACE_CURVE('',#1280,(#1284,#1291),.PCURVE_S1.);
#1280 = LINE('',#1281,#1282);
#1281 = CARTESIAN_POINT('',(228.939772,152.616662,62.810075));
#1282 = VECTOR('',#1283,1.);
#1283 = DIRECTION('',(0.679880465195,0.139375328189,-0.719956297936));
#1284 = PCURVE('',#1226,#1285);
#1285 = DEFINITIONAL_REPRESENTATION('',(#1286),#1290);
#1286 = LINE('',#1287,#1288);
#1287 = CARTESIAN_POINT('',(16.26702309076,-15.09565911185));
#1288 = VECTOR('',#1289,1.);
#1289 = DIRECTION('',(-0.733005420198,0.680222797295));
#1290 = ( GEOMETRIC_REPRESENTATION_CONTEXT(2) 
PARAMETRIC_REPRESENTATION_CONTEXT() REPRESENTATION_CONTEXT('2D SPACE',''
  ) );
#1291 = PCURVE('',#1292,#1297);
#1292 = PLANE('',#1293);
#1293 = AXIS2_PLACEMENT_3D('',#1294,#1295,#1296);
#1294 = CARTESIAN_POINT('',(228.939772,152.616662,62.810075));
#1295 = DIRECTION('',(-3.073518763656E-02,0.986325613588,0.161917053523)
  );
#1296 = DIRECTION('',(-8.673617379884E-19,-0.161993585364,0.986791811022
    ));
#1297 = DEFINITIONAL_REPRESENTATION('',(#1298),#1302);
#1298 = LINE('',#1299,#1300);
#1299 = CARTESIAN_POINT('',(0.,0.));
#1300 = VECTOR('',#1301,1.);
#1301 = DIRECTION('',(-0.733024888222,0.680201818027));
#1302 = ( GEOMETRIC_REPRESENTATION_CONTEXT(2) 
PARAMETRIC_REPRESENTATION_CONTEXT() REPRESENTATION_CONTEXT('2D SPACE',''
  ) );
#1303 = ADVANCED_FACE('',(#1304),#1318,.T.);
#1304 = FACE_BOUND('',#1305,.T.);
#1305 = EDGE_LOOP('',(#1306,#1341,#1369));
#1306 = ORIENTED_EDGE('',*,*,#1307,.T.);
#1307 = EDGE_CURVE('',#1308,#1310,#1312,.T.);
#1308 = VERTEX_POINT('',#1309);
#1309 = CARTESIAN_POINT('',(180.008165,79.17332,30.));
#1310 = VERTEX_POINT('',#1311);
#1311 = CARTESIAN_POINT('',(197.621572,104.894169,49.407339));
#1312 = SURFACE_CURVE('',#1313,(#1317,#1329),.PCURVE_S1.);
#1313 = LINE('',#1314,#1315);
#1314 = CARTESIAN_POINT('',(180.008165,79.17332,30.));
#1315 = VECTOR('',#1316,1.);
#1316 = DIRECTION('',(0.479653613259,0.700437919759,0.528506510699));
#1317 = PCURVE('',#1318,#1323);
#1318 = PLANE('',#1319);
#1319 = AXIS2_PLACEMENT_3D('',#1320,#1321,#1322);
#1320 = CARTESIAN_POINT('',(180.008165,79.17332,30.));
#1321 = DIRECTION('',(-0.637435019292,-0.135767669268,0.758448242243));
#1322 = DIRECTION('',(0.765536572968,-1.387778780781E-17,0.643392380627)
  );
#1323 = DEFINITIONAL_REPRESENTATION('',(#1324),#1328);
#1324 = LINE('',#1325,#1326);
#1325 = CARTESIAN_POINT('',(0.,0.));
#1326 = VECTOR('',#1327,1.);
#1327 = DIRECTION('',(0.707229445402,0.706984095689));
#1328 = ( GEOMETRIC_REPRESENTATION_CONTEXT(2) 
PARAMETRIC_REPRESENTATION_CONTEXT() REPRESENTATION_CONTEXT('2D SPACE',''
  ) );
#1329 = PCURVE('',#1330,#1335);
#1330 = PLANE('',#1331);
#1331 = AXIS2_PLACEMENT_3D('',#1332,#1333,#1334);
#1332 = CARTESIAN_POINT('',(197.621572,104.894169,49.407339));
#1333 = DIRECTION('',(-0.767744798934,4.337993899554E-02,0.639285620519)
  );
#1334 = DIRECTION('',(-0.63988798075,3.469446951954E-18,-0.768468198491)
  );
#1335 = DEFINITIONAL_REPRESENTATION('',(#1336),#1340);
#1336 = LINE('',#1337,#1338);
#1337 = CARTESIAN_POINT('',(26.184530278188,25.745084202621));
#1338 = VECTOR('',#1339,1.);
#1339 = DIRECTION('',(-0.713065028216,-0.701097900108));
#1340 = ( GEOMETRIC_REPRESENTATION_CONTEXT(2) 
PARAMETRIC_REPRESENTATION_CONTEXT() REPRESENTATION_CONTEXT('2D SPACE',''
  ) );
#1341 = ORIENTED_EDGE('',*,*,#1342,.T.);
#1342 = EDGE_CURVE('',#1310,#1343,#1345,.T.);
#1343 = VERTEX_POINT('',#1344);
#1344 = CARTESIAN_POINT('',(186.679508,112.393127,41.553489));
#1345 = SURFACE_CURVE('',#1346,(#1350,#1357),.PCURVE_S1.);
#1346 = LINE('',#1347,#1348);
#1347 = CARTESIAN_POINT('',(197.621572,104.894169,49.407339));
#1348 = VECTOR('',#1349,1.);
#1349 = DIRECTION('',(-0.70979659069,0.486447056252,-0.509468410511));
#1350 = PCURVE('',#1318,#1351);
#1351 = DEFINITIONAL_REPRESENTATION('',(#1352),#1356);
#1352 = LINE('',#1353,#1354);
#1353 = CARTESIAN_POINT('',(25.970241273909,25.961231763234));
#1354 = VECTOR('',#1355,1.);
#1355 = DIRECTION('',(-0.871163343034,0.490993309277));
#1356 = ( GEOMETRIC_REPRESENTATION_CONTEXT(2) 
PARAMETRIC_REPRESENTATION_CONTEXT() REPRESENTATION_CONTEXT('2D SPACE',''
  ) );
#1357 = PCURVE('',#1358,#1363);
#1358 = PLANE('',#1359);
#1359 = AXIS2_PLACEMENT_3D('',#1360,#1361,#1362);
#1360 = CARTESIAN_POINT('',(204.196591,137.841835,53.172034));
#1361 = DIRECTION('',(-0.573501589543,2.087341367532E-02,0.818938475951)
  );
#1362 = DIRECTION('',(0.819116939771,0.,0.573626567533));
#1363 = DEFINITIONAL_REPRESENTATION('',(#1364),#1368);
#1364 = LINE('',#1365,#1366);
#1365 = CARTESIAN_POINT('',(-7.545238512877,-32.95484598545));
#1366 = VECTOR('',#1367,1.);
#1367 = DIRECTION('',(-0.873651026814,0.486553063239));
#1368 = ( GEOMETRIC_REPRESENTATION_CONTEXT(2) 
PARAMETRIC_REPRESENTATION_CONTEXT() REPRESENTATION_CONTEXT('2D SPACE',''
  ) );
#1369 = ORIENTED_EDGE('',*,*,#1370,.T.);
#1370 = EDGE_CURVE('',#1343,#1308,#1371,.T.);
#1371 = SURFACE_CURVE('',#1372,(#1376,#1383),.PCURVE_S1.);
#1372 = LINE('',#1373,#1374);
#1373 = CARTESIAN_POINT('',(186.679508,112.393127,41.553489));
#1374 = VECTOR('',#1375,1.);
#1375 = DIRECTION('',(-0.186357233465,-0.927961780523,-0.322735054532));
#1376 = PCURVE('',#1318,#1377);
#1377 = DEFINITIONAL_REPRESENTATION('',(#1378),#1382);
#1378 = LINE('',#1379,#1380);
#1379 = CARTESIAN_POINT('',(12.540583849567,33.530273773502));
#1380 = VECTOR('',#1381,1.);
#1381 = DIRECTION('',(-0.350308552902,-0.936634356493));
#1382 = ( GEOMETRIC_REPRESENTATION_CONTEXT(2) 
PARAMETRIC_REPRESENTATION_CONTEXT() REPRESENTATION_CONTEXT('2D SPACE',''
  ) );
#1383 = PCURVE('',#1384,#1389);
#1384 = PLANE('',#1385);
#1385 = AXIS2_PLACEMENT_3D('',#1386,#1387,#1388);
#1386 = CARTESIAN_POINT('',(180.008165,79.17332,30.));
#1387 = DIRECTION('',(-0.754097770149,-7.546091237066E-02,0.652412602392
    ));
#1388 = DIRECTION('',(-0.654278105927,0.,-0.756254031464));
#1389 = DEFINITIONAL_REPRESENTATION('',(#1390),#1394);
#1390 = LINE('',#1391,#1392);
#1391 = CARTESIAN_POINT('',(-13.10228629574,-33.31479545844));
#1392 = VECTOR('',#1393,1.);
#1393 = DIRECTION('',(0.365999143822,0.93061518724));
#1394 = ( GEOMETRIC_REPRESENTATION_CONTEXT(2) 
PARAMETRIC_REPRESENTATION_CONTEXT() REPRESENTATION_CONTEXT('2D SPACE',''
  ) );
#1395 = ADVANCED_FACE('',(#1396),#1410,.T.);
#1396 = FACE_BOUND('',#1397,.T.);
#1397 = EDGE_LOOP('',(#1398,#1433,#1461));
#1398 = ORIENTED_EDGE('',*,*,#1399,.T.);
#1399 = EDGE_CURVE('',#1400,#1402,#1404,.T.);
#1400 = VERTEX_POINT('',#1401);
#1401 = CARTESIAN_POINT('',(180.008165,-79.17332,30.));
#1402 = VERTEX_POINT('',#1403);
#1403 = CARTESIAN_POINT('',(197.621572,-104.894169,49.407339));
#1404 = SURFACE_CURVE('',#1405,(#1409,#1421),.PCURVE_S1.);
#1405 = LINE('',#1406,#1407);
#1406 = CARTESIAN_POINT('',(180.008165,-79.17332,30.));
#1407 = VECTOR('',#1408,1.);
#1408 = DIRECTION('',(0.479653613259,-0.700437919759,0.528506510699));
#1409 = PCURVE('',#1410,#1415);
#1410 = PLANE('',#1411);
#1411 = AXIS2_PLACEMENT_3D('',#1412,#1413,#1414);
#1412 = CARTESIAN_POINT('',(180.008165,-79.17332,30.));
#1413 = DIRECTION('',(-0.767744798934,-4.337993899554E-02,0.639285620519
    ));
#1414 = DIRECTION('',(-0.63988798075,0.,-0.768468198491));
#1415 = DEFINITIONAL_REPRESENTATION('',(#1416),#1420);
#1416 = LINE('',#1417,#1418);
#1417 = CARTESIAN_POINT('',(0.,0.));
#1418 = VECTOR('',#1419,1.);
#1419 = DIRECTION('',(-0.713065028216,0.701097900108));
#1420 = ( GEOMETRIC_REPRESENTATION_CONTEXT(2) 
PARAMETRIC_REPRESENTATION_CONTEXT() REPRESENTATION_CONTEXT('2D SPACE',''
  ) );
#1421 = PCURVE('',#1422,#1427);
#1422 = PLANE('',#1423);
#1423 = AXIS2_PLACEMENT_3D('',#1424,#1425,#1426);
#1424 = CARTESIAN_POINT('',(197.621572,-104.894169,49.407339));
#1425 = DIRECTION('',(-0.637435019292,0.135767669268,0.758448242243));
#1426 = DIRECTION('',(0.765536572968,1.387778780781E-17,0.643392380627)
  );
#1427 = DEFINITIONAL_REPRESENTATION('',(#1428),#1432);
#1428 = LINE('',#1429,#1430);
#1429 = CARTESIAN_POINT('',(-25.9702412739,25.961231763234));
#1430 = VECTOR('',#1431,1.);
#1431 = DIRECTION('',(0.707229445402,-0.706984095689));
#1432 = ( GEOMETRIC_REPRESENTATION_CONTEXT(2) 
PARAMETRIC_REPRESENTATION_CONTEXT() REPRESENTATION_CONTEXT('2D SPACE',''
  ) );
#1433 = ORIENTED_EDGE('',*,*,#1434,.T.);
#1434 = EDGE_CURVE('',#1402,#1435,#1437,.T.);
#1435 = VERTEX_POINT('',#1436);
#1436 = CARTESIAN_POINT('',(192.374905,-72.499194,45.30462));
#1437 = SURFACE_CURVE('',#1438,(#1442,#1449),.PCURVE_S1.);
#1438 = LINE('',#1439,#1440);
#1439 = CARTESIAN_POINT('',(197.621572,-104.894169,49.407339));
#1440 = VECTOR('',#1441,1.);
#1441 = DIRECTION('',(-0.158641091121,0.979512170457,-0.124052054137));
#1442 = PCURVE('',#1410,#1443);
#1443 = DEFINITIONAL_REPRESENTATION('',(#1444),#1448);
#1444 = LINE('',#1445,#1446);
#1445 = CARTESIAN_POINT('',(-26.18453027818,25.745084202621));
#1446 = VECTOR('',#1447,1.);
#1447 = DIRECTION('',(0.196842586023,-0.980435105618));
#1448 = ( GEOMETRIC_REPRESENTATION_CONTEXT(2) 
PARAMETRIC_REPRESENTATION_CONTEXT() REPRESENTATION_CONTEXT('2D SPACE',''
  ) );
#1449 = PCURVE('',#1450,#1455);
#1450 = PLANE('',#1451);
#1451 = AXIS2_PLACEMENT_3D('',#1452,#1453,#1454);
#1452 = CARTESIAN_POINT('',(210.165687,-98.102751,56.613268));
#1453 = DIRECTION('',(-0.508719956756,2.659032775205E-02,0.860521330397)
  );
#1454 = DIRECTION('',(0.860825705692,1.734723475977E-18,0.508899896267)
  );
#1455 = DEFINITIONAL_REPRESENTATION('',(#1456),#1460);
#1456 = LINE('',#1457,#1458);
#1457 = CARTESIAN_POINT('',(-14.46539316775,-6.79382019479));
#1458 = VECTOR('',#1459,1.);
#1459 = DIRECTION('',(-0.199692406698,0.979858634042));
#1460 = ( GEOMETRIC_REPRESENTATION_CONTEXT(2) 
PARAMETRIC_REPRESENTATION_CONTEXT() REPRESENTATION_CONTEXT('2D SPACE',''
  ) );
#1461 = ORIENTED_EDGE('',*,*,#1462,.T.);
#1462 = EDGE_CURVE('',#1435,#1400,#1463,.T.);
#1463 = SURFACE_CURVE('',#1464,(#1468,#1475),.PCURVE_S1.);
#1464 = LINE('',#1465,#1466);
#1465 = CARTESIAN_POINT('',(192.374905,-72.499194,45.30462));
#1466 = VECTOR('',#1467,1.);
#1467 = DIRECTION('',(-0.595193755805,-0.321216272086,-0.736589777012));
#1468 = PCURVE('',#1410,#1469);
#1469 = DEFINITIONAL_REPRESENTATION('',(#1470),#1474);
#1470 = LINE('',#1471,#1472);
#1471 = CARTESIAN_POINT('',(-19.67444204704,-6.680414625851));
#1472 = VECTOR('',#1473,1.);
#1473 = DIRECTION('',(0.946903149524,0.321518934779));
#1474 = ( GEOMETRIC_REPRESENTATION_CONTEXT(2) 
PARAMETRIC_REPRESENTATION_CONTEXT() REPRESENTATION_CONTEXT('2D SPACE',''
  ) );
#1475 = PCURVE('',#1476,#1481);
#1476 = PLANE('',#1477);
#1477 = AXIS2_PLACEMENT_3D('',#1478,#1479,#1480);
#1478 = CARTESIAN_POINT('',(180.008165,-79.17332,30.));
#1479 = DIRECTION('',(-0.766508092724,-4.826864653641E-02,0.640418208322
    ));
#1480 = DIRECTION('',(-0.641165557592,0.,-0.767402585191));
#1481 = DEFINITIONAL_REPRESENTATION('',(#1482),#1486);
#1482 = LINE('',#1483,#1484);
#1483 = CARTESIAN_POINT('',(-19.67393270106,-6.681914509332));
#1484 = VECTOR('',#1485,1.);
#1485 = DIRECTION('',(0.94687863542,0.321591122056));
#1486 = ( GEOMETRIC_REPRESENTATION_CONTEXT(2) 
PARAMETRIC_REPRESENTATION_CONTEXT() REPRESENTATION_CONTEXT('2D SPACE',''
  ) );
#1487 = ADVANCED_FACE('',(#1488),#1500,.T.);
#1488 = FACE_BOUND('',#1489,.T.);
#1489 = EDGE_LOOP('',(#1490,#1523,#1551));
#1490 = ORIENTED_EDGE('',*,*,#1491,.T.);
#1491 = EDGE_CURVE('',#940,#1492,#1494,.T.);
#1492 = VERTEX_POINT('',#1493);
#1493 = CARTESIAN_POINT('',(230.,0.,216.));
#1494 = SURFACE_CURVE('',#1495,(#1499,#1511),.PCURVE_S1.);
#1495 = LINE('',#1496,#1497);
#1496 = CARTESIAN_POINT('',(230.,0.,255.876619));
#1497 = VECTOR('',#1498,1.);
#1498 = DIRECTION('',(0.,0.,-1.));
#1499 = PCURVE('',#1500,#1505);
#1500 = PLANE('',#1501);
#1501 = AXIS2_PLACEMENT_3D('',#1502,#1503,#1504);
#1502 = CARTESIAN_POINT('',(230.,0.,255.876619));
#1503 = DIRECTION('',(-1.,-0.,-0.));
#1504 = DIRECTION('',(0.,0.,-1.));
#1505 = DEFINITIONAL_REPRESENTATION('',(#1506),#1510);
#1506 = LINE('',#1507,#1508);
#1507 = CARTESIAN_POINT('',(0.,0.));
#1508 = VECTOR('',#1509,1.);
#1509 = DIRECTION('',(1.,0.));
#1510 = ( GEOMETRIC_REPRESENTATION_CONTEXT(2) 
PARAMETRIC_REPRESENTATION_CONTEXT() REPRESENTATION_CONTEXT('2D SPACE',''
  ) );
#1511 = PCURVE('',#1512,#1517);
#1512 = PLANE('',#1513);
#1513 = AXIS2_PLACEMENT_3D('',#1514,#1515,#1516);
#1514 = CARTESIAN_POINT('',(230.,0.,216.));
#1515 = DIRECTION('',(-1.,-0.,-0.));
#1516 = DIRECTION('',(0.,0.,-1.));
#1517 = DEFINITIONAL_REPRESENTATION('',(#1518),#1522);
#1518 = LINE('',#1519,#1520);
#1519 = CARTESIAN_POINT('',(-39.876619,0.));
#1520 = VECTOR('',#1521,1.);
#1521 = DIRECTION('',(1.,0.));
#1522 = ( GEOMETRIC_REPRESENTATION_CONTEXT(2) 
PARAMETRIC_REPRESENTATION_CONTEXT() REPRESENTATION_CONTEXT('2D SPACE',''
  ) );
#1523 = ORIENTED_EDGE('',*,*,#1524,.T.);
#1524 = EDGE_CURVE('',#1492,#1525,#1527,.T.);
#1525 = VERTEX_POINT('',#1526);
#1526 = CARTESIAN_POINT('',(230.,-32.5,237.461061));
#1527 = SURFACE_CURVE('',#1528,(#1532,#1539),.PCURVE_S1.);
#1528 = LINE('',#1529,#1530);
#1529 = CARTESIAN_POINT('',(230.,0.,216.));
#1530 = VECTOR('',#1531,1.);
#1531 = DIRECTION('',(0.,-0.834478815091,0.551040023196));
#1532 = PCURVE('',#1500,#1533);
#1533 = DEFINITIONAL_REPRESENTATION('',(#1534),#1538);
#1534 = LINE('',#1535,#1536);
#1535 = CARTESIAN_POINT('',(39.876619,0.));
#1536 = VECTOR('',#1537,1.);
#1537 = DIRECTION('',(-0.551040023196,0.834478815091));
#1538 = ( GEOMETRIC_REPRESENTATION_CONTEXT(2) 
PARAMETRIC_REPRESENTATION_CONTEXT() REPRESENTATION_CONTEXT('2D SPACE',''
  ) );
#1539 = PCURVE('',#1540,#1545);
#1540 = PLANE('',#1541);
#1541 = AXIS2_PLACEMENT_3D('',#1542,#1543,#1544);
#1542 = CARTESIAN_POINT('',(230.,-32.5,190.));
#1543 = DIRECTION('',(-1.,-0.,0.));
#1544 = DIRECTION('',(-0.,0.,-1.));
#1545 = DEFINITIONAL_REPRESENTATION('',(#1546),#1550);
#1546 = LINE('',#1547,#1548);
#1547 = CARTESIAN_POINT('',(-26.,-32.5));
#1548 = VECTOR('',#1549,1.);
#1549 = DIRECTION('',(-0.551040023196,0.834478815091));
#1550 = ( GEOMETRIC_REPRESENTATION_CONTEXT(2) 
PARAMETRIC_REPRESENTATION_CONTEXT() REPRESENTATION_CONTEXT('2D SPACE',''
  ) );
#1551 = ORIENTED_EDGE('',*,*,#1552,.T.);
#1552 = EDGE_CURVE('',#1525,#940,#1553,.T.);
#1553 = SURFACE_CURVE('',#1554,(#1558,#1565),.PCURVE_S1.);
#1554 = LINE('',#1555,#1556);
#1555 = CARTESIAN_POINT('',(230.,-32.5,237.461061));
#1556 = VECTOR('',#1557,1.);
#1557 = DIRECTION('',(0.,0.870034915976,0.492990106375));
#1558 = PCURVE('',#1500,#1559);
#1559 = DEFINITIONAL_REPRESENTATION('',(#1560),#1564);
#1560 = LINE('',#1561,#1562);
#1561 = CARTESIAN_POINT('',(18.415558,32.5));
#1562 = VECTOR('',#1563,1.);
#1563 = DIRECTION('',(-0.492990106375,-0.870034915976));
#1564 = ( GEOMETRIC_REPRESENTATION_CONTEXT(2) 
PARAMETRIC_REPRESENTATION_CONTEXT() REPRESENTATION_CONTEXT('2D SPACE',''
  ) );
#1565 = PCURVE('',#1566,#1571);
#1566 = PLANE('',#1567);
#1567 = AXIS2_PLACEMENT_3D('',#1568,#1569,#1570);
#1568 = CARTESIAN_POINT('',(230.,-65.097287,257.659103));
#1569 = DIRECTION('',(-1.,0.,0.));
#1570 = DIRECTION('',(0.,0.,-1.));
#1571 = DEFINITIONAL_REPRESENTATION('',(#1572),#1576);
#1572 = LINE('',#1573,#1574);
#1573 = CARTESIAN_POINT('',(20.198042,-32.597287));
#1574 = VECTOR('',#1575,1.);
#1575 = DIRECTION('',(-0.492990106375,-0.870034915976));
#1576 = ( GEOMETRIC_REPRESENTATION_CONTEXT(2) 
PARAMETRIC_REPRESENTATION_CONTEXT() REPRESENTATION_CONTEXT('2D SPACE',''
  ) );
#1577 = ADVANCED_FACE('',(#1578),#1592,.T.);
#1578 = FACE_BOUND('',#1579,.T.);
#1579 = EDGE_LOOP('',(#1580,#1615,#1643));
#1580 = ORIENTED_EDGE('',*,*,#1581,.T.);
#1581 = EDGE_CURVE('',#1582,#1584,#1586,.T.);
#1582 = VERTEX_POINT('',#1583);
#1583 = CARTESIAN_POINT('',(230.,97.5,190.));
#1584 = VERTEX_POINT('',#1585);
#1585 = CARTESIAN_POINT('',(230.,97.5,138.));
#1586 = SURFACE_CURVE('',#1587,(#1591,#1603),.PCURVE_S1.);
#1587 = LINE('',#1588,#1589);
#1588 = CARTESIAN_POINT('',(230.,97.5,190.));
#1589 = VECTOR('',#1590,1.);
#1590 = DIRECTION('',(0.,0.,-1.));
#1591 = PCURVE('',#1592,#1597);
#1592 = PLANE('',#1593);
#1593 = AXIS2_PLACEMENT_3D('',#1594,#1595,#1596);
#1594 = CARTESIAN_POINT('',(230.,97.5,190.));
#1595 = DIRECTION('',(-1.,-0.,-0.));
#1596 = DIRECTION('',(0.,0.,-1.));
#1597 = DEFINITIONAL_REPRESENTATION('',(#1598),#1602);
#1598 = LINE('',#1599,#1600);
#1599 = CARTESIAN_POINT('',(0.,0.));
#1600 = VECTOR('',#1601,1.);
#1601 = DIRECTION('',(1.,0.));
#1602 = ( GEOMETRIC_REPRESENTATION_CONTEXT(2) 
PARAMETRIC_REPRESENTATION_CONTEXT() REPRESENTATION_CONTEXT('2D SPACE',''
  ) );
#1603 = PCURVE('',#1604,#1609);
#1604 = PLANE('',#1605);
#1605 = AXIS2_PLACEMENT_3D('',#1606,#1607,#1608);
#1606 = CARTESIAN_POINT('',(230.,97.5,138.));
#1607 = DIRECTION('',(-1.,-0.,-0.));
#1608 = DIRECTION('',(0.,0.,-1.));
#1609 = DEFINITIONAL_REPRESENTATION('',(#1610),#1614);
#1610 = LINE('',#1611,#1612);
#1611 = CARTESIAN_POINT('',(-52.,0.));
#1612 = VECTOR('',#1613,1.);
#1613 = DIRECTION('',(1.,0.));
#1614 = ( GEOMETRIC_REPRESENTATION_CONTEXT(2) 
PARAMETRIC_REPRESENTATION_CONTEXT() REPRESENTATION_CONTEXT('2D SPACE',''
  ) );
#1615 = ORIENTED_EDGE('',*,*,#1616,.T.);
#1616 = EDGE_CURVE('',#1584,#1617,#1619,.T.);
#1617 = VERTEX_POINT('',#1618);
#1618 = CARTESIAN_POINT('',(230.,65.,164.));
#1619 = SURFACE_CURVE('',#1620,(#1624,#1631),.PCURVE_S1.);
#1620 = LINE('',#1621,#1622);
#1621 = CARTESIAN_POINT('',(230.,97.5,138.));
#1622 = VECTOR('',#1623,1.);
#1623 = DIRECTION('',(0.,-0.780868809443,0.624695047554));
#1624 = PCURVE('',#1592,#1625);
#1625 = DEFINITIONAL_REPRESENTATION('',(#1626),#1630);
#1626 = LINE('',#1627,#1628);
#1627 = CARTESIAN_POINT('',(52.,0.));
#1628 = VECTOR('',#1629,1.);
#1629 = DIRECTION('',(-0.624695047554,0.780868809443));
#1630 = ( GEOMETRIC_REPRESENTATION_CONTEXT(2) 
PARAMETRIC_REPRESENTATION_CONTEXT() REPRESENTATION_CONTEXT('2D SPACE',''
  ) );
#1631 = PCURVE('',#1632,#1637);
#1632 = PLANE('',#1633);
#1633 = AXIS2_PLACEMENT_3D('',#1634,#1635,#1636);
#1634 = CARTESIAN_POINT('',(230.,65.,112.));
#1635 = DIRECTION('',(-1.,-0.,0.));
#1636 = DIRECTION('',(-0.,0.,-1.));
#1637 = DEFINITIONAL_REPRESENTATION('',(#1638),#1642);
#1638 = LINE('',#1639,#1640);
#1639 = CARTESIAN_POINT('',(-26.,-32.5));
#1640 = VECTOR('',#1641,1.);
#1641 = DIRECTION('',(-0.624695047554,0.780868809443));
#1642 = ( GEOMETRIC_REPRESENTATION_CONTEXT(2) 
PARAMETRIC_REPRESENTATION_CONTEXT() REPRESENTATION_CONTEXT('2D SPACE',''
  ) );
#1643 = ORIENTED_EDGE('',*,*,#1644,.T.);
#1644 = EDGE_CURVE('',#1617,#1582,#1645,.T.);
#1645 = SURFACE_CURVE('',#1646,(#1650,#1657),.PCURVE_S1.);
#1646 = LINE('',#1647,#1648);
#1647 = CARTESIAN_POINT('',(230.,65.,164.));
#1648 = VECTOR('',#1649,1.);
#1649 = DIRECTION('',(0.,0.780868809443,0.624695047554));
#1650 = PCURVE('',#1592,#1651);
#1651 = DEFINITIONAL_REPRESENTATION('',(#1652),#1656);
#1652 = LINE('',#1653,#1654);
#1653 = CARTESIAN_POINT('',(26.,32.5));
#1654 = VECTOR('',#1655,1.);
#1655 = DIRECTION('',(-0.624695047554,-0.780868809443));
#1656 = ( GEOMETRIC_REPRESENTATION_CONTEXT(2) 
PARAMETRIC_REPRESENTATION_CONTEXT() REPRESENTATION_CONTEXT('2D SPACE',''
  ) );
#1657 = PCURVE('',#1658,#1663);
#1658 = PLANE('',#1659);
#1659 = AXIS2_PLACEMENT_3D('',#1660,#1661,#1662);
#1660 = CARTESIAN_POINT('',(230.,65.,164.));
#1661 = DIRECTION('',(-1.,0.,0.));
#1662 = DIRECTION('',(0.,0.,-1.));
#1663 = DEFINITIONAL_REPRESENTATION('',(#1664),#1668);
#1664 = LINE('',#1665,#1666);
#1665 = CARTESIAN_POINT('',(0.,-0.));
#1666 = VECTOR('',#1667,1.);
#1667 = DIRECTION('',(-0.624695047554,-0.780868809443));
#1668 = ( GEOMETRIC_REPRESENTATION_CONTEXT(2) 
PARAMETRIC_REPRESENTATION_CONTEXT() REPRESENTATION_CONTEXT('2D SPACE',''
  ) );
#1669 = ADVANCED_FACE('',(#1670),#1684,.T.);
#1670 = FACE_BOUND('',#1671,.T.);
#1671 = EDGE_LOOP('',(#1672,#1707,#1735));
#1672 = ORIENTED_EDGE('',*,*,#1673,.T.);
#1673 = EDGE_CURVE('',#1674,#1676,#1678,.T.);
#1674 = VERTEX_POINT('',#1675);
#1675 = CARTESIAN_POINT('',(230.,0.,60.));
#1676 = VERTEX_POINT('',#1677);
#1677 = CARTESIAN_POINT('',(230.,0.,112.));
#1678 = SURFACE_CURVE('',#1679,(#1683,#1695),.PCURVE_S1.);
#1679 = LINE('',#1680,#1681);
#1680 = CARTESIAN_POINT('',(230.,0.,60.));
#1681 = VECTOR('',#1682,1.);
#1682 = DIRECTION('',(0.,0.,1.));
#1683 = PCURVE('',#1684,#1689);
#1684 = PLANE('',#1685);
#1685 = AXIS2_PLACEMENT_3D('',#1686,#1687,#1688);
#1686 = CARTESIAN_POINT('',(230.,0.,60.));
#1687 = DIRECTION('',(-1.,0.,0.));
#1688 = DIRECTION('',(0.,0.,-1.));
#1689 = DEFINITIONAL_REPRESENTATION('',(#1690),#1694);
#1690 = LINE('',#1691,#1692);
#1691 = CARTESIAN_POINT('',(0.,-0.));
#1692 = VECTOR('',#1693,1.);
#1693 = DIRECTION('',(-1.,-0.));
#1694 = ( GEOMETRIC_REPRESENTATION_CONTEXT(2) 
PARAMETRIC_REPRESENTATION_CONTEXT() REPRESENTATION_CONTEXT('2D SPACE',''
  ) );
#1695 = PCURVE('',#1696,#1701);
#1696 = PLANE('',#1697);
#1697 = AXIS2_PLACEMENT_3D('',#1698,#1699,#1700);
#1698 = CARTESIAN_POINT('',(230.,0.,112.));
#1699 = DIRECTION('',(-1.,-0.,0.));
#1700 = DIRECTION('',(-0.,0.,-1.));
#1701 = DEFINITIONAL_REPRESENTATION('',(#1702),#1706);
#1702 = LINE('',#1703,#1704);
#1703 = CARTESIAN_POINT('',(52.,0.));
#1704 = VECTOR('',#1705,1.);
#1705 = DIRECTION('',(-1.,0.));
#1706 = ( GEOMETRIC_REPRESENTATION_CONTEXT(2) 
PARAMETRIC_REPRESENTATION_CONTEXT() REPRESENTATION_CONTEXT('2D SPACE',''
  ) );
#1707 = ORIENTED_EDGE('',*,*,#1708,.T.);
#1708 = EDGE_CURVE('',#1676,#1709,#1711,.T.);
#1709 = VERTEX_POINT('',#1710);
#1710 = CARTESIAN_POINT('',(230.,32.5,86.));
#1711 = SURFACE_CURVE('',#1712,(#1716,#1723),.PCURVE_S1.);
#1712 = LINE('',#1713,#1714);
#1713 = CARTESIAN_POINT('',(230.,0.,112.));
#1714 = VECTOR('',#1715,1.);
#1715 = DIRECTION('',(0.,0.780868809443,-0.624695047554));
#1716 = PCURVE('',#1684,#1717);
#1717 = DEFINITIONAL_REPRESENTATION('',(#1718),#1722);
#1718 = LINE('',#1719,#1720);
#1719 = CARTESIAN_POINT('',(-52.,-0.));
#1720 = VECTOR('',#1721,1.);
#1721 = DIRECTION('',(0.624695047554,-0.780868809443));
#1722 = ( GEOMETRIC_REPRESENTATION_CONTEXT(2) 
PARAMETRIC_REPRESENTATION_CONTEXT() REPRESENTATION_CONTEXT('2D SPACE',''
  ) );
#1723 = PCURVE('',#1724,#1729);
#1724 = PLANE('',#1725);
#1725 = AXIS2_PLACEMENT_3D('',#1726,#1727,#1728);
#1726 = CARTESIAN_POINT('',(230.,32.5,138.));
#1727 = DIRECTION('',(-1.,-0.,-0.));
#1728 = DIRECTION('',(0.,0.,-1.));
#1729 = DEFINITIONAL_REPRESENTATION('',(#1730),#1734);
#1730 = LINE('',#1731,#1732);
#1731 = CARTESIAN_POINT('',(26.,32.5));
#1732 = VECTOR('',#1733,1.);
#1733 = DIRECTION('',(0.624695047554,-0.780868809443));
#1734 = ( GEOMETRIC_REPRESENTATION_CONTEXT(2) 
PARAMETRIC_REPRESENTATION_CONTEXT() REPRESENTATION_CONTEXT('2D SPACE',''
  ) );
#1735 = ORIENTED_EDGE('',*,*,#1736,.T.);
#1736 = EDGE_CURVE('',#1709,#1674,#1737,.T.);
#1737 = SURFACE_CURVE('',#1738,(#1742,#1749),.PCURVE_S1.);
#1738 = LINE('',#1739,#1740);
#1739 = CARTESIAN_POINT('',(230.,32.5,86.));
#1740 = VECTOR('',#1741,1.);
#1741 = DIRECTION('',(0.,-0.780868809443,-0.624695047554));
#1742 = PCURVE('',#1684,#1743);
#1743 = DEFINITIONAL_REPRESENTATION('',(#1744),#1748);
#1744 = LINE('',#1745,#1746);
#1745 = CARTESIAN_POINT('',(-26.,-32.5));
#1746 = VECTOR('',#1747,1.);
#1747 = DIRECTION('',(0.624695047554,0.780868809443));
#1748 = ( GEOMETRIC_REPRESENTATION_CONTEXT(2) 
PARAMETRIC_REPRESENTATION_CONTEXT() REPRESENTATION_CONTEXT('2D SPACE',''
  ) );
#1749 = PCURVE('',#1750,#1755);
#1750 = PLANE('',#1751);
#1751 = AXIS2_PLACEMENT_3D('',#1752,#1753,#1754);
#1752 = CARTESIAN_POINT('',(230.,65.,60.));
#1753 = DIRECTION('',(-1.,-0.,-0.));
#1754 = DIRECTION('',(0.,0.,-1.));
#1755 = DEFINITIONAL_REPRESENTATION('',(#1756),#1760);
#1756 = LINE('',#1757,#1758);
#1757 = CARTESIAN_POINT('',(-26.,32.5));
#1758 = VECTOR('',#1759,1.);
#1759 = DIRECTION('',(0.624695047554,0.780868809443));
#1760 = ( GEOMETRIC_REPRESENTATION_CONTEXT(2) 
PARAMETRIC_REPRESENTATION_CONTEXT() REPRESENTATION_CONTEXT('2D SPACE',''
  ) );
#1761 = ADVANCED_FACE('',(#1762),#1774,.T.);
#1762 = FACE_BOUND('',#1763,.T.);
#1763 = EDGE_LOOP('',(#1764,#1797,#1825));
#1764 = ORIENTED_EDGE('',*,*,#1765,.T.);
#1765 = EDGE_CURVE('',#1766,#24,#1768,.T.);
#1766 = VERTEX_POINT('',#1767);
#1767 = CARTESIAN_POINT('',(230.,0.,30.));
#1768 = SURFACE_CURVE('',#1769,(#1773,#1785),.PCURVE_S1.);
#1769 = LINE('',#1770,#1771);
#1770 = CARTESIAN_POINT('',(230.,0.,30.));
#1771 = VECTOR('',#1772,1.);
#1772 = DIRECTION('',(1.,0.,0.));
#1773 = PCURVE('',#1774,#1779);
#1774 = PLANE('',#1775);
#1775 = AXIS2_PLACEMENT_3D('',#1776,#1777,#1778);
#1776 = CARTESIAN_POINT('',(230.,0.,30.));
#1777 = DIRECTION('',(0.,-0.,-1.));
#1778 = DIRECTION('',(-1.,0.,-0.));
#1779 = DEFINITIONAL_REPRESENTATION('',(#1780),#1784);
#1780 = LINE('',#1781,#1782);
#1781 = CARTESIAN_POINT('',(0.,0.));
#1782 = VECTOR('',#1783,1.);
#1783 = DIRECTION('',(-1.,0.));
#1784 = ( GEOMETRIC_REPRESENTATION_CONTEXT(2) 
PARAMETRIC_REPRESENTATION_CONTEXT() REPRESENTATION_CONTEXT('2D SPACE',''
  ) );
#1785 = PCURVE('',#1786,#1791);
#1786 = PLANE('',#1787);
#1787 = AXIS2_PLACEMENT_3D('',#1788,#1789,#1790);
#1788 = CARTESIAN_POINT('',(260.,0.,30.));
#1789 = DIRECTION('',(-0.,-0.,-1.));
#1790 = DIRECTION('',(-1.,0.,0.));
#1791 = DEFINITIONAL_REPRESENTATION('',(#1792),#1796);
#1792 = LINE('',#1793,#1794);
#1793 = CARTESIAN_POINT('',(30.,0.));
#1794 = VECTOR('',#1795,1.);
#1795 = DIRECTION('',(-1.,0.));
#1796 = ( GEOMETRIC_REPRESENTATION_CONTEXT(2) 
PARAMETRIC_REPRESENTATION_CONTEXT() REPRESENTATION_CONTEXT('2D SPACE',''
  ) );
#1797 = ORIENTED_EDGE('',*,*,#1798,.T.);
#1798 = EDGE_CURVE('',#24,#1799,#1801,.T.);
#1799 = VERTEX_POINT('',#1800);
#1800 = CARTESIAN_POINT('',(245.,-40.,30.));
#1801 = SURFACE_CURVE('',#1802,(#1806,#1813),.PCURVE_S1.);
#1802 = LINE('',#1803,#1804);
#1803 = CARTESIAN_POINT('',(260.,0.,30.));
#1804 = VECTOR('',#1805,1.);
#1805 = DIRECTION('',(-0.351123441588,-0.936329177569,0.));
#1806 = PCURVE('',#1774,#1807);
#1807 = DEFINITIONAL_REPRESENTATION('',(#1808),#1812);
#1808 = LINE('',#1809,#1810);
#1809 = CARTESIAN_POINT('',(-30.,0.));
#1810 = VECTOR('',#1811,1.);
#1811 = DIRECTION('',(0.351123441588,-0.936329177569));
#1812 = ( GEOMETRIC_REPRESENTATION_CONTEXT(2) 
PARAMETRIC_REPRESENTATION_CONTEXT() REPRESENTATION_CONTEXT('2D SPACE',''
  ) );
#1813 = PCURVE('',#1814,#1819);
#1814 = PLANE('',#1815);
#1815 = AXIS2_PLACEMENT_3D('',#1816,#1817,#1818);
#1816 = CARTESIAN_POINT('',(272.518934,-40.,30.));
#1817 = DIRECTION('',(-0.,-0.,-1.));
#1818 = DIRECTION('',(-1.,0.,0.));
#1819 = DEFINITIONAL_REPRESENTATION('',(#1820),#1824);
#1820 = LINE('',#1821,#1822);
#1821 = CARTESIAN_POINT('',(12.518934,40.));
#1822 = VECTOR('',#1823,1.);
#1823 = DIRECTION('',(0.351123441588,-0.936329177569));
#1824 = ( GEOMETRIC_REPRESENTATION_CONTEXT(2) 
PARAMETRIC_REPRESENTATION_CONTEXT() REPRESENTATION_CONTEXT('2D SPACE',''
  ) );
#1825 = ORIENTED_EDGE('',*,*,#1826,.T.);
#1826 = EDGE_CURVE('',#1799,#1766,#1827,.T.);
#1827 = SURFACE_CURVE('',#1828,(#1832,#1839),.PCURVE_S1.);
#1828 = LINE('',#1829,#1830);
#1829 = CARTESIAN_POINT('',(245.,-40.,30.));
#1830 = VECTOR('',#1831,1.);
#1831 = DIRECTION('',(-0.351123441588,0.936329177569,0.));
#1832 = PCURVE('',#1774,#1833);
#1833 = DEFINITIONAL_REPRESENTATION('',(#1834),#1838);
#1834 = LINE('',#1835,#1836);
#1835 = CARTESIAN_POINT('',(-15.,-40.));
#1836 = VECTOR('',#1837,1.);
#1837 = DIRECTION('',(0.351123441588,0.936329177569));
#1838 = ( GEOMETRIC_REPRESENTATION_CONTEXT(2) 
PARAMETRIC_REPRESENTATION_CONTEXT() REPRESENTATION_CONTEXT('2D SPACE',''
  ) );
#1839 = PCURVE('',#1840,#1845);
#1840 = PLANE('',#1841);
#1841 = AXIS2_PLACEMENT_3D('',#1842,#1843,#1844);
#1842 = CARTESIAN_POINT('',(245.,-40.,30.));
#1843 = DIRECTION('',(-0.,-0.,-1.));
#1844 = DIRECTION('',(-1.,0.,0.));
#1845 = DEFINITIONAL_REPRESENTATION('',(#1846),#1850);
#1846 = LINE('',#1847,#1848);
#1847 = CARTESIAN_POINT('',(0.,0.));
#1848 = VECTOR('',#1849,1.);
#1849 = DIRECTION('',(0.351123441588,0.936329177569));
#1850 = ( GEOMETRIC_REPRESENTATION_CONTEXT(2) 
PARAMETRIC_REPRESENTATION_CONTEXT() REPRESENTATION_CONTEXT('2D SPACE',''
  ) );
#1851 = ADVANCED_FACE('',(#1852),#1866,.T.);
#1852 = FACE_BOUND('',#1853,.T.);
#1853 = EDGE_LOOP('',(#1854,#1889,#1910));
#1854 = ORIENTED_EDGE('',*,*,#1855,.T.);
#1855 = EDGE_CURVE('',#1856,#1858,#1860,.T.);
#1856 = VERTEX_POINT('',#1857);
#1857 = CARTESIAN_POINT('',(260.,80.,30.));
#1858 = VERTEX_POINT('',#1859);
#1859 = CARTESIAN_POINT('',(283.543705,78.418582,30.));
#1860 = SURFACE_CURVE('',#1861,(#1865,#1877),.PCURVE_S1.);
#1861 = LINE('',#1862,#1863);
#1862 = CARTESIAN_POINT('',(260.,80.,30.));
#1863 = VECTOR('',#1864,1.);
#1864 = DIRECTION('',(0.997751736508,-6.701844742131E-02,0.));
#1865 = PCURVE('',#1866,#1871);
#1866 = PLANE('',#1867);
#1867 = AXIS2_PLACEMENT_3D('',#1868,#1869,#1870);
#1868 = CARTESIAN_POINT('',(260.,80.,30.));
#1869 = DIRECTION('',(0.,-0.,-1.));
#1870 = DIRECTION('',(-1.,0.,-0.));
#1871 = DEFINITIONAL_REPRESENTATION('',(#1872),#1876);
#1872 = LINE('',#1873,#1874);
#1873 = CARTESIAN_POINT('',(0.,0.));
#1874 = VECTOR('',#1875,1.);
#1875 = DIRECTION('',(-0.997751736508,-6.701844742131E-02));
#1876 = ( GEOMETRIC_REPRESENTATION_CONTEXT(2) 
PARAMETRIC_REPRESENTATION_CONTEXT() REPRESENTATION_CONTEXT('2D SPACE',''
  ) );
#1877 = PCURVE('',#1878,#1883);
#1878 = PLANE('',#1879);
#1879 = AXIS2_PLACEMENT_3D('',#1880,#1881,#1882);
#1880 = CARTESIAN_POINT('',(283.543705,78.418582,30.));
#1881 = DIRECTION('',(0.,-0.,-1.));
#1882 = DIRECTION('',(-1.,0.,-0.));
#1883 = DEFINITIONAL_REPRESENTATION('',(#1884),#1888);
#1884 = LINE('',#1885,#1886);
#1885 = CARTESIAN_POINT('',(23.543705,1.581418));
#1886 = VECTOR('',#1887,1.);
#1887 = DIRECTION('',(-0.997751736508,-6.701844742131E-02));
#1888 = ( GEOMETRIC_REPRESENTATION_CONTEXT(2) 
PARAMETRIC_REPRESENTATION_CONTEXT() REPRESENTATION_CONTEXT('2D SPACE',''
  ) );
#1889 = ORIENTED_EDGE('',*,*,#1890,.T.);
#1890 = EDGE_CURVE('',#1858,#57,#1891,.T.);
#1891 = SURFACE_CURVE('',#1892,(#1896,#1903),.PCURVE_S1.);
#1892 = LINE('',#1893,#1894);
#1893 = CARTESIAN_POINT('',(283.543705,78.418582,30.));
#1894 = VECTOR('',#1895,1.);
#1895 = DIRECTION('',(-0.275832004674,-0.961205859948,0.));
#1896 = PCURVE('',#1866,#1897);
#1897 = DEFINITIONAL_REPRESENTATION('',(#1898),#1902);
#1898 = LINE('',#1899,#1900);
#1899 = CARTESIAN_POINT('',(-23.543705,-1.581418));
#1900 = VECTOR('',#1901,1.);
#1901 = DIRECTION('',(0.275832004674,-0.961205859948));
#1902 = ( GEOMETRIC_REPRESENTATION_CONTEXT(2) 
PARAMETRIC_REPRESENTATION_CONTEXT() REPRESENTATION_CONTEXT('2D SPACE',''
  ) );
#1903 = PCURVE('',#98,#1904);
#1904 = DEFINITIONAL_REPRESENTATION('',(#1905),#1909);
#1905 = LINE('',#1906,#1907);
#1906 = CARTESIAN_POINT('',(-11.024771,38.418582));
#1907 = VECTOR('',#1908,1.);
#1908 = DIRECTION('',(0.275832004674,-0.961205859948));
#1909 = ( GEOMETRIC_REPRESENTATION_CONTEXT(2) 
PARAMETRIC_REPRESENTATION_CONTEXT() REPRESENTATION_CONTEXT('2D SPACE',''
  ) );
#1910 = ORIENTED_EDGE('',*,*,#1911,.T.);
#1911 = EDGE_CURVE('',#57,#1856,#1912,.T.);
#1912 = SURFACE_CURVE('',#1913,(#1917,#1924),.PCURVE_S1.);
#1913 = LINE('',#1914,#1915);
#1914 = CARTESIAN_POINT('',(272.518934,40.,30.));
#1915 = VECTOR('',#1916,1.);
#1916 = DIRECTION('',(-0.298686517002,0.954351279436,0.));
#1917 = PCURVE('',#1866,#1918);
#1918 = DEFINITIONAL_REPRESENTATION('',(#1919),#1923);
#1919 = LINE('',#1920,#1921);
#1920 = CARTESIAN_POINT('',(-12.518934,-40.));
#1921 = VECTOR('',#1922,1.);
#1922 = DIRECTION('',(0.298686517002,0.954351279436));
#1923 = ( GEOMETRIC_REPRESENTATION_CONTEXT(2) 
PARAMETRIC_REPRESENTATION_CONTEXT() REPRESENTATION_CONTEXT('2D SPACE',''
  ) );
#1924 = PCURVE('',#1925,#1930);
#1925 = PLANE('',#1926);
#1926 = AXIS2_PLACEMENT_3D('',#1927,#1928,#1929);
#1927 = CARTESIAN_POINT('',(272.518934,40.,30.));
#1928 = DIRECTION('',(-0.,-0.,-1.));
#1929 = DIRECTION('',(-1.,0.,0.));
#1930 = DEFINITIONAL_REPRESENTATION('',(#1931),#1935);
#1931 = LINE('',#1932,#1933);
#1932 = CARTESIAN_POINT('',(0.,0.));
#1933 = VECTOR('',#1934,1.);
#1934 = DIRECTION('',(0.298686517002,0.954351279436));
#1935 = ( GEOMETRIC_REPRESENTATION_CONTEXT(2) 
PARAMETRIC_REPRESENTATION_CONTEXT() REPRESENTATION_CONTEXT('2D SPACE',''
  ) );
#1936 = ADVANCED_FACE('',(#1937),#1951,.T.);
#1937 = FACE_BOUND('',#1938,.T.);
#1938 = EDGE_LOOP('',(#1939,#1974,#2002));
#1939 = ORIENTED_EDGE('',*,*,#1940,.T.);
#1940 = EDGE_CURVE('',#1941,#1943,#1945,.T.);
#1941 = VERTEX_POINT('',#1942);
#1942 = CARTESIAN_POINT('',(260.,-80.,30.));
#1943 = VERTEX_POINT('',#1944);
#1944 = CARTESIAN_POINT('',(283.543705,-78.418582,30.));
#1945 = SURFACE_CURVE('',#1946,(#1950,#1962),.PCURVE_S1.);
#1946 = LINE('',#1947,#1948);
#1947 = CARTESIAN_POINT('',(260.,-80.,30.));
#1948 = VECTOR('',#1949,1.);
#1949 = DIRECTION('',(0.997751736508,6.701844742131E-02,0.));
#1950 = PCURVE('',#1951,#1956);
#1951 = PLANE('',#1952);
#1952 = AXIS2_PLACEMENT_3D('',#1953,#1954,#1955);
#1953 = CARTESIAN_POINT('',(260.,-80.,30.));
#1954 = DIRECTION('',(0.,-0.,-1.));
#1955 = DIRECTION('',(-1.,0.,-0.));
#1956 = DEFINITIONAL_REPRESENTATION('',(#1957),#1961);
#1957 = LINE('',#1958,#1959);
#1958 = CARTESIAN_POINT('',(0.,0.));
#1959 = VECTOR('',#1960,1.);
#1960 = DIRECTION('',(-0.997751736508,6.701844742131E-02));
#1961 = ( GEOMETRIC_REPRESENTATION_CONTEXT(2) 
PARAMETRIC_REPRESENTATION_CONTEXT() REPRESENTATION_CONTEXT('2D SPACE',''
  ) );
#1962 = PCURVE('',#1963,#1968);
#1963 = PLANE('',#1964);
#1964 = AXIS2_PLACEMENT_3D('',#1965,#1966,#1967);
#1965 = CARTESIAN_POINT('',(283.543705,-78.418582,30.));
#1966 = DIRECTION('',(0.,-0.,-1.));
#1967 = DIRECTION('',(-1.,0.,-0.));
#1968 = DEFINITIONAL_REPRESENTATION('',(#1969),#1973);
#1969 = LINE('',#1970,#1971);
#1970 = CARTESIAN_POINT('',(23.543705,-1.581418));
#1971 = VECTOR('',#1972,1.);
#1972 = DIRECTION('',(-0.997751736508,6.701844742131E-02));
#1973 = ( GEOMETRIC_REPRESENTATION_CONTEXT(2) 
PARAMETRIC_REPRESENTATION_CONTEXT() REPRESENTATION_CONTEXT('2D SPACE',''
  ) );
#1974 = ORIENTED_EDGE('',*,*,#1975,.T.);
#1975 = EDGE_CURVE('',#1943,#1976,#1978,.T.);
#1976 = VERTEX_POINT('',#1977);
#1977 = CARTESIAN_POINT('',(272.772518,-118.41181,30.));
#1978 = SURFACE_CURVE('',#1979,(#1983,#1990),.PCURVE_S1.);
#1979 = LINE('',#1980,#1981);
#1980 = CARTESIAN_POINT('',(283.543705,-78.418582,30.));
#1981 = VECTOR('',#1982,1.);
#1982 = DIRECTION('',(-0.260058556106,-0.965592847631,0.));
#1983 = PCURVE('',#1951,#1984);
#1984 = DEFINITIONAL_REPRESENTATION('',(#1985),#1989);
#1985 = LINE('',#1986,#1987);
#1986 = CARTESIAN_POINT('',(-23.543705,1.581418));
#1987 = VECTOR('',#1988,1.);
#1988 = DIRECTION('',(0.260058556106,-0.965592847631));
#1989 = ( GEOMETRIC_REPRESENTATION_CONTEXT(2) 
PARAMETRIC_REPRESENTATION_CONTEXT() REPRESENTATION_CONTEXT('2D SPACE',''
  ) );
#1990 = PCURVE('',#1991,#1996);
#1991 = PLANE('',#1992);
#1992 = AXIS2_PLACEMENT_3D('',#1993,#1994,#1995);
#1993 = CARTESIAN_POINT('',(272.772518,-118.41181,30.));
#1994 = DIRECTION('',(-0.,-0.,-1.));
#1995 = DIRECTION('',(-1.,0.,0.));
#1996 = DEFINITIONAL_REPRESENTATION('',(#1997),#2001);
#1997 = LINE('',#1998,#1999);
#1998 = CARTESIAN_POINT('',(-10.771187,39.993228));
#1999 = VECTOR('',#2000,1.);
#2000 = DIRECTION('',(0.260058556106,-0.965592847631));
#2001 = ( GEOMETRIC_REPRESENTATION_CONTEXT(2) 
PARAMETRIC_REPRESENTATION_CONTEXT() REPRESENTATION_CONTEXT('2D SPACE',''
  ) );
#2002 = ORIENTED_EDGE('',*,*,#2003,.T.);
#2003 = EDGE_CURVE('',#1976,#1941,#2004,.T.);
#2004 = SURFACE_CURVE('',#2005,(#2009,#2016),.PCURVE_S1.);
#2005 = LINE('',#2006,#2007);
#2006 = CARTESIAN_POINT('',(272.772518,-118.41181,30.));
#2007 = VECTOR('',#2008,1.);
#2008 = DIRECTION('',(-0.315529137191,0.948915888571,0.));
#2009 = PCURVE('',#1951,#2010);
#2010 = DEFINITIONAL_REPRESENTATION('',(#2011),#2015);
#2011 = LINE('',#2012,#2013);
#2012 = CARTESIAN_POINT('',(-12.772518,-38.41181));
#2013 = VECTOR('',#2014,1.);
#2014 = DIRECTION('',(0.315529137191,0.948915888571));
#2015 = ( GEOMETRIC_REPRESENTATION_CONTEXT(2) 
PARAMETRIC_REPRESENTATION_CONTEXT() REPRESENTATION_CONTEXT('2D SPACE',''
  ) );
#2016 = PCURVE('',#2017,#2022);
#2017 = PLANE('',#2018);
#2018 = AXIS2_PLACEMENT_3D('',#2019,#2020,#2021);
#2019 = CARTESIAN_POINT('',(272.772518,-118.41181,30.));
#2020 = DIRECTION('',(0.,-0.,-1.));
#2021 = DIRECTION('',(-1.,0.,-0.));
#2022 = DEFINITIONAL_REPRESENTATION('',(#2023),#2027);
#2023 = LINE('',#2024,#2025);
#2024 = CARTESIAN_POINT('',(0.,0.));
#2025 = VECTOR('',#2026,1.);
#2026 = DIRECTION('',(0.315529137191,0.948915888571));
#2027 = ( GEOMETRIC_REPRESENTATION_CONTEXT(2) 
PARAMETRIC_REPRESENTATION_CONTEXT() REPRESENTATION_CONTEXT('2D SPACE',''
  ) );
#2028 = ADVANCED_FACE('',(#2029),#2041,.T.);
#2029 = FACE_BOUND('',#2030,.T.);
#2030 = EDGE_LOOP('',(#2031,#2064,#2092));
#2031 = ORIENTED_EDGE('',*,*,#2032,.T.);
#2032 = EDGE_CURVE('',#2033,#114,#2035,.T.);
#2033 = VERTEX_POINT('',#2034);
#2034 = CARTESIAN_POINT('',(263.028696,-0.,149.768125));
#2035 = SURFACE_CURVE('',#2036,(#2040,#2052),.PCURVE_S1.);
#2036 = LINE('',#2037,#2038);
#2037 = CARTESIAN_POINT('',(263.028696,-0.,149.768125));
#2038 = VECTOR('',#2039,1.);
#2039 = DIRECTION('',(0.257654570374,0.,-0.966237094281));
#2040 = PCURVE('',#2041,#2046);
#2041 = PLANE('',#2042);
#2042 = AXIS2_PLACEMENT_3D('',#2043,#2044,#2045);
#2043 = CARTESIAN_POINT('',(263.028696,-0.,149.768125));
#2044 = DIRECTION('',(0.966218819064,-6.150385828088E-03,0.257649697147)
  );
#2045 = DIRECTION('',(-0.257654570374,0.,0.966237094281));
#2046 = DEFINITIONAL_REPRESENTATION('',(#2047),#2051);
#2047 = LINE('',#2048,#2049);
#2048 = CARTESIAN_POINT('',(0.,-0.));
#2049 = VECTOR('',#2050,1.);
#2050 = DIRECTION('',(-1.,-4.336808689942E-19));
#2051 = ( GEOMETRIC_REPRESENTATION_CONTEXT(2) 
PARAMETRIC_REPRESENTATION_CONTEXT() REPRESENTATION_CONTEXT('2D SPACE',''
  ) );
#2052 = PCURVE('',#2053,#2058);
#2053 = PLANE('',#2054);
#2054 = AXIS2_PLACEMENT_3D('',#2055,#2056,#2057);
#2055 = CARTESIAN_POINT('',(278.866468,0.,90.374485));
#2056 = DIRECTION('',(0.966218819064,6.150385828088E-03,0.257649697147)
  );
#2057 = DIRECTION('',(-0.257654570374,0.,0.966237094281));
#2058 = DEFINITIONAL_REPRESENTATION('',(#2059),#2063);
#2059 = LINE('',#2060,#2061);
#2060 = CARTESIAN_POINT('',(61.469012472738,-1.387778780781E-17));
#2061 = VECTOR('',#2062,1.);
#2062 = DIRECTION('',(-1.,-2.168404344971E-19));
#2063 = ( GEOMETRIC_REPRESENTATION_CONTEXT(2) 
PARAMETRIC_REPRESENTATION_CONTEXT() REPRESENTATION_CONTEXT('2D SPACE',''
  ) );
#2064 = ORIENTED_EDGE('',*,*,#2065,.T.);
#2065 = EDGE_CURVE('',#114,#2066,#2068,.T.);
#2066 = VERTEX_POINT('',#2067);
#2067 = CARTESIAN_POINT('',(271.181511,40.018205,120.149321));
#2068 = SURFACE_CURVE('',#2069,(#2073,#2080),.PCURVE_S1.);
#2069 = LINE('',#2070,#2071);
#2070 = CARTESIAN_POINT('',(278.866468,0.,90.374485));
#2071 = VECTOR('',#2072,1.);
#2072 = DIRECTION('',(-0.152272746792,0.792936381693,0.58997025787));
#2073 = PCURVE('',#2041,#2074);
#2074 = DEFINITIONAL_REPRESENTATION('',(#2075),#2079);
#2075 = LINE('',#2076,#2077);
#2076 = CARTESIAN_POINT('',(-61.46901247273,-5.551115123126E-17));
#2077 = VECTOR('',#2078,1.);
#2078 = DIRECTION('',(0.609284916831,-0.792951379419));
#2079 = ( GEOMETRIC_REPRESENTATION_CONTEXT(2) 
PARAMETRIC_REPRESENTATION_CONTEXT() REPRESENTATION_CONTEXT('2D SPACE',''
  ) );
#2080 = PCURVE('',#2081,#2086);
#2081 = PLANE('',#2082);
#2082 = AXIS2_PLACEMENT_3D('',#2083,#2084,#2085);
#2083 = CARTESIAN_POINT('',(282.385819,40.020646,60.208325));
#2084 = DIRECTION('',(0.981645313173,5.198666605086E-02,0.183493503094)
  );
#2085 = DIRECTION('',(-0.18374196283,0.,0.982974511926));
#2086 = DEFINITIONAL_REPRESENTATION('',(#2087),#2091);
#2087 = LINE('',#2088,#2089);
#2088 = CARTESIAN_POINT('',(30.299218863297,40.074836033828));
#2089 = VECTOR('',#2090,1.);
#2090 = DIRECTION('',(0.607904619662,-0.794010058749));
#2091 = ( GEOMETRIC_REPRESENTATION_CONTEXT(2) 
PARAMETRIC_REPRESENTATION_CONTEXT() REPRESENTATION_CONTEXT('2D SPACE',''
  ) );
#2092 = ORIENTED_EDGE('',*,*,#2093,.T.);
#2093 = EDGE_CURVE('',#2066,#2033,#2094,.T.);
#2094 = SURFACE_CURVE('',#2095,(#2099,#2106),.PCURVE_S1.);
#2095 = LINE('',#2096,#2097);
#2096 = CARTESIAN_POINT('',(271.181511,40.018205,120.149321));
#2097 = VECTOR('',#2098,1.);
#2098 = DIRECTION('',(-0.161602004507,-0.793225670491,0.58709269099));
#2099 = PCURVE('',#2041,#2100);
#2100 = DEFINITIONAL_REPRESENTATION('',(#2101),#2105);
#2101 = LINE('',#2102,#2103);
#2102 = CARTESIAN_POINT('',(-30.71939715921,-40.01896191071));
#2103 = VECTOR('',#2104,1.);
#2104 = DIRECTION('',(0.608908230859,0.793240673688));
#2105 = ( GEOMETRIC_REPRESENTATION_CONTEXT(2) 
PARAMETRIC_REPRESENTATION_CONTEXT() REPRESENTATION_CONTEXT('2D SPACE',''
  ) );
#2106 = PCURVE('',#2107,#2112);
#2107 = PLANE('',#2108);
#2108 = AXIS2_PLACEMENT_3D('',#2109,#2110,#2111);
#2109 = CARTESIAN_POINT('',(271.181511,40.018205,120.149321));
#2110 = DIRECTION('',(0.969190582252,-1.550893588564E-02,0.245823286492)
  );
#2111 = DIRECTION('',(-0.245852855406,0.,0.969307161579));
#2112 = DEFINITIONAL_REPRESENTATION('',(#2113),#2117);
#2113 = LINE('',#2114,#2115);
#2114 = CARTESIAN_POINT('',(0.,-0.));
#2115 = VECTOR('',#2116,1.);
#2116 = DIRECTION('',(0.608803464135,0.793321083835));
#2117 = ( GEOMETRIC_REPRESENTATION_CONTEXT(2) 
PARAMETRIC_REPRESENTATION_CONTEXT() REPRESENTATION_CONTEXT('2D SPACE',''
  ) );
#2118 = ADVANCED_FACE('',(#2119),#2131,.T.);
#2119 = FACE_BOUND('',#2120,.T.);
#2120 = EDGE_LOOP('',(#2121,#2154,#2175));
#2121 = ORIENTED_EDGE('',*,*,#2122,.T.);
#2122 = EDGE_CURVE('',#2123,#1943,#2125,.T.);
#2123 = VERTEX_POINT('',#2124);
#2124 = CARTESIAN_POINT('',(278.789873,-80.052782,90.368216));
#2125 = SURFACE_CURVE('',#2126,(#2130,#2142),.PCURVE_S1.);
#2126 = LINE('',#2127,#2128);
#2127 = CARTESIAN_POINT('',(278.789873,-80.052782,90.368216));
#2128 = VECTOR('',#2129,1.);
#2129 = DIRECTION('',(7.847566360985E-02,2.697716904409E-02,
    -0.996550953324));
#2130 = PCURVE('',#2131,#2136);
#2131 = PLANE('',#2132);
#2132 = AXIS2_PLACEMENT_3D('',#2133,#2134,#2135);
#2133 = CARTESIAN_POINT('',(278.789873,-80.052782,90.368216));
#2134 = DIRECTION('',(0.996499257338,-3.102489813671E-02,
    7.763173205205E-02));
#2135 = DIRECTION('',(-7.766912103639E-02,0.,0.996979191176));
#2136 = DEFINITIONAL_REPRESENTATION('',(#2137),#2141);
#2137 = LINE('',#2138,#2139);
#2138 = CARTESIAN_POINT('',(0.,-0.));
#2139 = VECTOR('',#2140,1.);
#2140 = DIRECTION('',(-0.999635699226,-2.699016178462E-02));
#2141 = ( GEOMETRIC_REPRESENTATION_CONTEXT(2) 
PARAMETRIC_REPRESENTATION_CONTEXT() REPRESENTATION_CONTEXT('2D SPACE',''
  ) );
#2142 = PCURVE('',#2143,#2148);
#2143 = PLANE('',#2144);
#2144 = AXIS2_PLACEMENT_3D('',#2145,#2146,#2147);
#2145 = CARTESIAN_POINT('',(283.543705,-78.418582,30.));
#2146 = DIRECTION('',(0.9963776707,3.072517158038E-02,7.929376495832E-02
    ));
#2147 = DIRECTION('',(-7.933121957032E-02,0.,0.996848312233));
#2148 = DEFINITIONAL_REPRESENTATION('',(#2149),#2153);
#2149 = LINE('',#2150,#2151);
#2150 = CARTESIAN_POINT('',(60.555081522301,1.634971918536));
#2151 = VECTOR('',#2152,1.);
#2152 = DIRECTION('',(-0.999635705976,-2.698991177866E-02));
#2153 = ( GEOMETRIC_REPRESENTATION_CONTEXT(2) 
PARAMETRIC_REPRESENTATION_CONTEXT() REPRESENTATION_CONTEXT('2D SPACE',''
  ) );
#2154 = ORIENTED_EDGE('',*,*,#2155,.T.);
#2155 = EDGE_CURVE('',#1943,#147,#2156,.T.);
#2156 = SURFACE_CURVE('',#2157,(#2161,#2168),.PCURVE_S1.);
#2157 = LINE('',#2158,#2159);
#2158 = CARTESIAN_POINT('',(283.543705,-78.418582,30.));
#2159 = VECTOR('',#2160,1.);
#2160 = DIRECTION('',(-2.369314538701E-02,0.78571455239,0.618135322582)
  );
#2161 = PCURVE('',#2131,#2162);
#2162 = DEFINITIONAL_REPRESENTATION('',(#2163),#2167);
#2163 = LINE('',#2164,#2165);
#2164 = CARTESIAN_POINT('',(-60.55508111339,-1.634987063184));
#2165 = VECTOR('',#2166,1.);
#2166 = DIRECTION('',(0.618108279722,-0.786092968127));
#2167 = ( GEOMETRIC_REPRESENTATION_CONTEXT(2) 
PARAMETRIC_REPRESENTATION_CONTEXT() REPRESENTATION_CONTEXT('2D SPACE',''
  ) );
#2168 = PCURVE('',#188,#2169);
#2169 = DEFINITIONAL_REPRESENTATION('',(#2170),#2174);
#2170 = LINE('',#2171,#2172);
#2171 = CARTESIAN_POINT('',(-30.23026820513,38.398124597441));
#2172 = VECTOR('',#2173,1.);
#2173 = DIRECTION('',(0.618584333581,-0.78571841155));
#2174 = ( GEOMETRIC_REPRESENTATION_CONTEXT(2) 
PARAMETRIC_REPRESENTATION_CONTEXT() REPRESENTATION_CONTEXT('2D SPACE',''
  ) );
#2175 = ORIENTED_EDGE('',*,*,#2176,.T.);
#2176 = EDGE_CURVE('',#147,#2123,#2177,.T.);
#2177 = SURFACE_CURVE('',#2178,(#2182,#2189),.PCURVE_S1.);
#2178 = LINE('',#2179,#2180);
#2179 = CARTESIAN_POINT('',(282.385819,-40.020646,60.208325));
#2180 = VECTOR('',#2181,1.);
#2181 = DIRECTION('',(-7.156027464077E-02,-0.796650073893,0.600189792365
    ));
#2182 = PCURVE('',#2131,#2183);
#2183 = DEFINITIONAL_REPRESENTATION('',(#2184),#2188);
#2184 = LINE('',#2185,#2186);
#2185 = CARTESIAN_POINT('',(-30.34807770024,-40.05141627195));
#2186 = VECTOR('',#2187,1.);
#2187 = DIRECTION('',(0.603934757376,0.797033756395));
#2188 = ( GEOMETRIC_REPRESENTATION_CONTEXT(2) 
PARAMETRIC_REPRESENTATION_CONTEXT() REPRESENTATION_CONTEXT('2D SPACE',''
  ) );
#2189 = PCURVE('',#2190,#2195);
#2190 = PLANE('',#2191);
#2191 = AXIS2_PLACEMENT_3D('',#2192,#2193,#2194);
#2192 = CARTESIAN_POINT('',(282.385819,-40.020646,60.208325));
#2193 = DIRECTION('',(0.981742495147,5.006661597415E-02,0.183507512616)
  );
#2194 = DIRECTION('',(-0.183737941939,0.,0.98297526352));
#2195 = DEFINITIONAL_REPRESENTATION('',(#2196),#2200);
#2196 = LINE('',#2197,#2198);
#2197 = CARTESIAN_POINT('',(0.,0.));
#2198 = VECTOR('',#2199,1.);
#2199 = DIRECTION('',(0.603120056899,0.797650422783));
#2200 = ( GEOMETRIC_REPRESENTATION_CONTEXT(2) 
PARAMETRIC_REPRESENTATION_CONTEXT() REPRESENTATION_CONTEXT('2D SPACE',''
  ) );
#2201 = ADVANCED_FACE('',(#2202),#2214,.T.);
#2202 = FACE_BOUND('',#2203,.T.);
#2203 = EDGE_LOOP('',(#2204,#2237,#2265));
#2204 = ORIENTED_EDGE('',*,*,#2205,.T.);
#2205 = EDGE_CURVE('',#2206,#1858,#2208,.T.);
#2206 = VERTEX_POINT('',#2207);
#2207 = CARTESIAN_POINT('',(278.789873,80.052782,90.368216));
#2208 = SURFACE_CURVE('',#2209,(#2213,#2225),.PCURVE_S1.);
#2209 = LINE('',#2210,#2211);
#2210 = CARTESIAN_POINT('',(278.789873,80.052782,90.368216));
#2211 = VECTOR('',#2212,1.);
#2212 = DIRECTION('',(7.847566360985E-02,-2.697716904409E-02,
    -0.996550953324));
#2213 = PCURVE('',#2214,#2219);
#2214 = PLANE('',#2215);
#2215 = AXIS2_PLACEMENT_3D('',#2216,#2217,#2218);
#2216 = CARTESIAN_POINT('',(278.789873,80.052782,90.368216));
#2217 = DIRECTION('',(0.9963776707,-3.072517158038E-02,
    7.929376495832E-02));
#2218 = DIRECTION('',(-7.933121957032E-02,0.,0.996848312233));
#2219 = DEFINITIONAL_REPRESENTATION('',(#2220),#2224);
#2220 = LINE('',#2221,#2222);
#2221 = CARTESIAN_POINT('',(0.,-0.));
#2222 = VECTOR('',#2223,1.);
#2223 = DIRECTION('',(-0.999635705976,2.698991177866E-02));
#2224 = ( GEOMETRIC_REPRESENTATION_CONTEXT(2) 
PARAMETRIC_REPRESENTATION_CONTEXT() REPRESENTATION_CONTEXT('2D SPACE',''
  ) );
#2225 = PCURVE('',#2226,#2231);
#2226 = PLANE('',#2227);
#2227 = AXIS2_PLACEMENT_3D('',#2228,#2229,#2230);
#2228 = CARTESIAN_POINT('',(283.543705,78.418582,30.));
#2229 = DIRECTION('',(0.996499257338,3.102489813671E-02,
    7.763173205205E-02));
#2230 = DIRECTION('',(-7.766912103639E-02,0.,0.996979191176));
#2231 = DEFINITIONAL_REPRESENTATION('',(#2232),#2236);
#2232 = LINE('',#2233,#2234);
#2233 = CARTESIAN_POINT('',(60.555081113397,-1.634987063184));
#2234 = VECTOR('',#2235,1.);
#2235 = DIRECTION('',(-0.999635699226,2.699016178462E-02));
#2236 = ( GEOMETRIC_REPRESENTATION_CONTEXT(2) 
PARAMETRIC_REPRESENTATION_CONTEXT() REPRESENTATION_CONTEXT('2D SPACE',''
  ) );
#2237 = ORIENTED_EDGE('',*,*,#2238,.T.);
#2238 = EDGE_CURVE('',#1858,#2239,#2241,.T.);
#2239 = VERTEX_POINT('',#2240);
#2240 = CARTESIAN_POINT('',(282.374165,118.454009,60.209171));
#2241 = SURFACE_CURVE('',#2242,(#2246,#2253),.PCURVE_S1.);
#2242 = LINE('',#2243,#2244);
#2243 = CARTESIAN_POINT('',(283.543705,78.418582,30.));
#2244 = VECTOR('',#2245,1.);
#2245 = DIRECTION('',(-2.331261354583E-02,0.798032079102,0.602163867044)
  );
#2246 = PCURVE('',#2214,#2247);
#2247 = DEFINITIONAL_REPRESENTATION('',(#2248),#2252);
#2248 = LINE('',#2249,#2250);
#2249 = CARTESIAN_POINT('',(-60.5550815223,1.634971918536));
#2250 = VECTOR('',#2251,1.);
#2251 = DIRECTION('',(0.602115452615,-0.798409031589));
#2252 = ( GEOMETRIC_REPRESENTATION_CONTEXT(2) 
PARAMETRIC_REPRESENTATION_CONTEXT() REPRESENTATION_CONTEXT('2D SPACE',''
  ) );
#2253 = PCURVE('',#2254,#2259);
#2254 = PLANE('',#2255);
#2255 = AXIS2_PLACEMENT_3D('',#2256,#2257,#2258);
#2256 = CARTESIAN_POINT('',(282.374165,118.454009,60.209171));
#2257 = DIRECTION('',(0.998936218396,-5.376401537283E-03,
    4.579875416414E-02));
#2258 = DIRECTION('',(-4.579941610087E-02,0.,0.998950656181));
#2259 = DEFINITIONAL_REPRESENTATION('',(#2260),#2264);
#2260 = LINE('',#2261,#2262);
#2261 = CARTESIAN_POINT('',(-30.23103544224,40.036005638435));
#2262 = VECTOR('',#2263,1.);
#2263 = DIRECTION('',(0.602599694201,-0.798043613188));
#2264 = ( GEOMETRIC_REPRESENTATION_CONTEXT(2) 
PARAMETRIC_REPRESENTATION_CONTEXT() REPRESENTATION_CONTEXT('2D SPACE',''
  ) );
#2265 = ORIENTED_EDGE('',*,*,#2266,.T.);
#2266 = EDGE_CURVE('',#2239,#2206,#2267,.T.);
#2267 = SURFACE_CURVE('',#2268,(#2272,#2279),.PCURVE_S1.);
#2268 = LINE('',#2269,#2270);
#2269 = CARTESIAN_POINT('',(282.374165,118.454009,60.209171));
#2270 = VECTOR('',#2271,1.);
#2271 = DIRECTION('',(-7.320876504257E-02,-0.784340786071,0.615995136365
    ));
#2272 = PCURVE('',#2214,#2273);
#2273 = DEFINITIONAL_REPRESENTATION('',(#2274),#2278);
#2274 = LINE('',#2275,#2276);
#2275 = CARTESIAN_POINT('',(-30.34833936246,-38.41936591746));
#2276 = VECTOR('',#2277,1.);
#2277 = DIRECTION('',(0.619861452644,0.784711271441));
#2278 = ( GEOMETRIC_REPRESENTATION_CONTEXT(2) 
PARAMETRIC_REPRESENTATION_CONTEXT() REPRESENTATION_CONTEXT('2D SPACE',''
  ) );
#2279 = PCURVE('',#2280,#2285);
#2280 = PLANE('',#2281);
#2281 = AXIS2_PLACEMENT_3D('',#2282,#2283,#2284);
#2282 = CARTESIAN_POINT('',(282.374165,118.454009,60.209171));
#2283 = DIRECTION('',(0.966188408989,9.733220607976E-02,0.238760130664)
  );
#2284 = DIRECTION('',(-0.239899184266,-3.469446951954E-18,0.970797806646
    ));
#2285 = DEFINITIONAL_REPRESENTATION('',(#2286),#2290);
#2286 = LINE('',#2287,#2288);
#2287 = CARTESIAN_POINT('',(0.,0.));
#2288 = VECTOR('',#2289,1.);
#2289 = DIRECTION('',(0.615569450303,0.788082642782));
#2290 = ( GEOMETRIC_REPRESENTATION_CONTEXT(2) 
PARAMETRIC_REPRESENTATION_CONTEXT() REPRESENTATION_CONTEXT('2D SPACE',''
  ) );
#2291 = ADVANCED_FACE('',(#2292),#2304,.T.);
#2292 = FACE_BOUND('',#2293,.T.);
#2293 = EDGE_LOOP('',(#2294,#2327,#2350));
#2294 = ORIENTED_EDGE('',*,*,#2295,.T.);
#2295 = EDGE_CURVE('',#2296,#206,#2298,.T.);
#2296 = VERTEX_POINT('',#2297);
#2297 = CARTESIAN_POINT('',(224.782206,-134.907001,125.815678));
#2298 = SURFACE_CURVE('',#2299,(#2303,#2315),.PCURVE_S1.);
#2299 = LINE('',#2300,#2301);
#2300 = CARTESIAN_POINT('',(224.782206,-134.907001,125.815678));
#2301 = VECTOR('',#2302,1.);
#2302 = DIRECTION('',(0.889848540822,-0.4365913321,-0.132505030595));
#2303 = PCURVE('',#2304,#2309);
#2304 = PLANE('',#2305);
#2305 = AXIS2_PLACEMENT_3D('',#2306,#2307,#2308);
#2306 = CARTESIAN_POINT('',(224.782206,-134.907001,125.815678));
#2307 = DIRECTION('',(-0.452884955816,-0.880442929488,-0.140411768416));
#2308 = DIRECTION('',(-0.889252581179,0.457416491686,0.));
#2309 = DEFINITIONAL_REPRESENTATION('',(#2310),#2314);
#2310 = LINE('',#2311,#2312);
#2311 = CARTESIAN_POINT('',(0.,0.));
#2312 = VECTOR('',#2313,1.);
#2313 = DIRECTION('',(-0.991004187214,0.133830866862));
#2314 = ( GEOMETRIC_REPRESENTATION_CONTEXT(2) 
PARAMETRIC_REPRESENTATION_CONTEXT() REPRESENTATION_CONTEXT('2D SPACE',''
  ) );
#2315 = PCURVE('',#2316,#2321);
#2316 = PLANE('',#2317);
#2317 = AXIS2_PLACEMENT_3D('',#2318,#2319,#2320);
#2318 = CARTESIAN_POINT('',(230.,-130.,112.));
#2319 = DIRECTION('',(-0.447043051174,-0.77623478236,-0.444535795017));
#2320 = DIRECTION('',(-0.866564525602,0.499065048834,0.));
#2321 = DEFINITIONAL_REPRESENTATION('',(#2322),#2326);
#2322 = LINE('',#2323,#2324);
#2323 = CARTESIAN_POINT('',(2.072642488609,-15.42339601885));
#2324 = VECTOR('',#2325,1.);
#2325 = DIRECTION('',(-0.98899865311,0.14792452179));
#2326 = ( GEOMETRIC_REPRESENTATION_CONTEXT(2) 
PARAMETRIC_REPRESENTATION_CONTEXT() REPRESENTATION_CONTEXT('2D SPACE',''
  ) );
#2327 = ORIENTED_EDGE('',*,*,#2328,.T.);
#2328 = EDGE_CURVE('',#206,#2329,#2331,.T.);
#2329 = VERTEX_POINT('',#2330);
#2330 = CARTESIAN_POINT('',(228.967343,-139.195462,139.20743));
#2331 = SURFACE_CURVE('',#2332,(#2336,#2343),.PCURVE_S1.);
#2332 = LINE('',#2333,#2334);
#2333 = CARTESIAN_POINT('',(244.020451,-144.345968,122.950961));
#2334 = VECTOR('',#2335,1.);
#2335 = DIRECTION('',(-0.661781177006,0.226432170875,0.714684647767));
#2336 = PCURVE('',#2304,#2337);
#2337 = DEFINITIONAL_REPRESENTATION('',(#2338),#2342);
#2338 = LINE('',#2339,#2340);
#2339 = CARTESIAN_POINT('',(-21.42519819388,2.893381162227));
#2340 = VECTOR('',#2341,1.);
#2341 = DIRECTION('',(0.692064429035,-0.721835733436));
#2342 = ( GEOMETRIC_REPRESENTATION_CONTEXT(2) 
PARAMETRIC_REPRESENTATION_CONTEXT() REPRESENTATION_CONTEXT('2D SPACE',''
  ) );
#2343 = PCURVE('',#226,#2344);
#2344 = DEFINITIONAL_REPRESENTATION('',(#2345),#2349);
#2345 = LINE('',#2346,#2347);
#2346 = CARTESIAN_POINT('',(25.04254933566,-12.71902257344));
#2347 = VECTOR('',#2348,1.);
#2348 = DIRECTION('',(-0.747687787521,-0.664050429103));
#2349 = ( GEOMETRIC_REPRESENTATION_CONTEXT(2) 
PARAMETRIC_REPRESENTATION_CONTEXT() REPRESENTATION_CONTEXT('2D SPACE',''
  ) );
#2350 = ORIENTED_EDGE('',*,*,#2351,.T.);
#2351 = EDGE_CURVE('',#2329,#2296,#2352,.T.);
#2352 = SURFACE_CURVE('',#2353,(#2357,#2364),.PCURVE_S1.);
#2353 = LINE('',#2354,#2355);
#2354 = CARTESIAN_POINT('',(228.967343,-139.195462,139.20743));
#2355 = VECTOR('',#2356,1.);
#2356 = DIRECTION('',(-0.285261295073,0.292303917107,-0.912789358821));
#2357 = PCURVE('',#2304,#2358);
#2358 = DEFINITIONAL_REPRESENTATION('',(#2359),#2363);
#2359 = LINE('',#2360,#2361);
#2360 = CARTESIAN_POINT('',(-5.683256665191,-13.52574895391));
#2361 = VECTOR('',#2362,1.);
#2362 = DIRECTION('',(0.387373975223,0.92192266667));
#2363 = ( GEOMETRIC_REPRESENTATION_CONTEXT(2) 
PARAMETRIC_REPRESENTATION_CONTEXT() REPRESENTATION_CONTEXT('2D SPACE',''
  ) );
#2364 = PCURVE('',#2365,#2370);
#2365 = PLANE('',#2366);
#2366 = AXIS2_PLACEMENT_3D('',#2367,#2368,#2369);
#2367 = CARTESIAN_POINT('',(228.967343,-139.195462,139.20743));
#2368 = DIRECTION('',(-0.917249030361,-0.3594849177,0.17153661489));
#2369 = DIRECTION('',(0.364893461541,-0.931049279966,0.));
#2370 = DEFINITIONAL_REPRESENTATION('',(#2371),#2375);
#2371 = LINE('',#2372,#2373);
#2372 = CARTESIAN_POINT('',(0.,0.));
#2373 = VECTOR('',#2374,1.);
#2374 = DIRECTION('',(-0.376239332956,-0.926522511511));
#2375 = ( GEOMETRIC_REPRESENTATION_CONTEXT(2) 
PARAMETRIC_REPRESENTATION_CONTEXT() REPRESENTATION_CONTEXT('2D SPACE',''
  ) );
#2376 = ADVANCED_FACE('',(#2377),#2391,.T.);
#2377 = FACE_BOUND('',#2378,.T.);
#2378 = EDGE_LOOP('',(#2379,#2414,#2442));
#2379 = ORIENTED_EDGE('',*,*,#2380,.T.);
#2380 = EDGE_CURVE('',#2381,#2383,#2385,.T.);
#2381 = VERTEX_POINT('',#2382);
#2382 = CARTESIAN_POINT('',(270.663686,-147.682391,88.587409));
#2383 = VERTEX_POINT('',#2384);
#2384 = CARTESIAN_POINT('',(242.644007,-148.934323,79.997513));
#2385 = SURFACE_CURVE('',#2386,(#2390,#2402),.PCURVE_S1.);
#2386 = LINE('',#2387,#2388);
#2387 = CARTESIAN_POINT('',(270.663686,-147.682391,88.587409));
#2388 = VECTOR('',#2389,1.);
#2389 = DIRECTION('',(-0.955209883098,-4.267921196981E-02,
    -0.292835387371));
#2390 = PCURVE('',#2391,#2396);
#2391 = PLANE('',#2392);
#2392 = AXIS2_PLACEMENT_3D('',#2393,#2394,#2395);
#2393 = CARTESIAN_POINT('',(270.663686,-147.682391,88.587409));
#2394 = DIRECTION('',(-2.922753304104E-02,-0.971101327771,0.23687119393)
  );
#2395 = DIRECTION('',(0.,-0.23697243225,-0.971516374722));
#2396 = DEFINITIONAL_REPRESENTATION('',(#2397),#2401);
#2397 = LINE('',#2398,#2399);
#2398 = CARTESIAN_POINT('',(0.,0.));
#2399 = VECTOR('',#2400,1.);
#2400 = DIRECTION('',(0.294608170596,-0.955618138075));
#2401 = ( GEOMETRIC_REPRESENTATION_CONTEXT(2) 
PARAMETRIC_REPRESENTATION_CONTEXT() REPRESENTATION_CONTEXT('2D SPACE',''
  ) );
#2402 = PCURVE('',#2403,#2408);
#2403 = PLANE('',#2404);
#2404 = AXIS2_PLACEMENT_3D('',#2405,#2406,#2407);
#2405 = CARTESIAN_POINT('',(242.644007,-148.934323,79.997513));
#2406 = DIRECTION('',(2.78925018219E-02,-0.998124780256,
    5.448790123177E-02));
#2407 = DIRECTION('',(0.,-5.450910917358E-02,-0.99851327333));
#2408 = DEFINITIONAL_REPRESENTATION('',(#2409),#2413);
#2409 = LINE('',#2410,#2411);
#2410 = CARTESIAN_POINT('',(-8.645366870594,28.030584902198));
#2411 = VECTOR('',#2412,1.);
#2412 = DIRECTION('',(0.294726427016,-0.95558167271));
#2413 = ( GEOMETRIC_REPRESENTATION_CONTEXT(2) 
PARAMETRIC_REPRESENTATION_CONTEXT() REPRESENTATION_CONTEXT('2D SPACE',''
  ) );
#2414 = ORIENTED_EDGE('',*,*,#2415,.T.);
#2415 = EDGE_CURVE('',#2383,#2416,#2418,.T.);
#2416 = VERTEX_POINT('',#2417);
#2417 = CARTESIAN_POINT('',(258.072843,-153.387478,63.644668));
#2418 = SURFACE_CURVE('',#2419,(#2423,#2430),.PCURVE_S1.);
#2419 = LINE('',#2420,#2421);
#2420 = CARTESIAN_POINT('',(242.644007,-148.934323,79.997513));
#2421 = VECTOR('',#2422,1.);
#2422 = DIRECTION('',(0.673180432963,-0.194297017024,-0.713496162464));
#2423 = PCURVE('',#2391,#2424);
#2424 = DEFINITIONAL_REPRESENTATION('',(#2425),#2429);
#2425 = LINE('',#2426,#2427);
#2426 = CARTESIAN_POINT('',(8.641897992213,-28.03165456013));
#2427 = VECTOR('',#2428,1.);
#2428 = DIRECTION('',(0.739216241838,0.673468149063));
#2429 = ( GEOMETRIC_REPRESENTATION_CONTEXT(2) 
PARAMETRIC_REPRESENTATION_CONTEXT() REPRESENTATION_CONTEXT('2D SPACE',''
  ) );
#2430 = PCURVE('',#2431,#2436);
#2431 = PLANE('',#2432);
#2432 = AXIS2_PLACEMENT_3D('',#2433,#2434,#2435);
#2433 = CARTESIAN_POINT('',(228.939772,-152.616662,62.810075));
#2434 = DIRECTION('',(-3.241368382064E-02,-0.971690008874,0.234025382717
    ));
#2435 = DIRECTION('',(8.673617379884E-19,-0.234148418698,-0.972200863002
    ));
#2436 = DEFINITIONAL_REPRESENTATION('',(#2437),#2441);
#2437 = LINE('',#2438,#2439);
#2438 = CARTESIAN_POINT('',(-17.57185591034,13.711439833801));
#2439 = VECTOR('',#2440,1.);
#2440 = DIRECTION('',(0.73915592419,0.673534349336));
#2441 = ( GEOMETRIC_REPRESENTATION_CONTEXT(2) 
PARAMETRIC_REPRESENTATION_CONTEXT() REPRESENTATION_CONTEXT('2D SPACE',''
  ) );
#2442 = ORIENTED_EDGE('',*,*,#2443,.T.);
#2443 = EDGE_CURVE('',#2416,#2381,#2444,.T.);
#2444 = SURFACE_CURVE('',#2445,(#2449,#2456),.PCURVE_S1.);
#2445 = LINE('',#2446,#2447);
#2446 = CARTESIAN_POINT('',(258.072843,-153.387478,63.644668));
#2447 = VECTOR('',#2448,1.);
#2448 = DIRECTION('',(0.441521040238,0.200059356382,0.874663035089));
#2449 = PCURVE('',#2391,#2450);
#2450 = DEFINITIONAL_REPRESENTATION('',(#2451),#2455);
#2451 = LINE('',#2452,#2453);
#2452 = CARTESIAN_POINT('',(25.584229654545,-12.59622430352));
#2453 = VECTOR('',#2454,1.);
#2454 = DIRECTION('',(-0.897158013229,0.441709745532));
#2455 = ( GEOMETRIC_REPRESENTATION_CONTEXT(2) 
PARAMETRIC_REPRESENTATION_CONTEXT() REPRESENTATION_CONTEXT('2D SPACE',''
  ) );
#2456 = PCURVE('',#2457,#2462);
#2457 = PLANE('',#2458);
#2458 = AXIS2_PLACEMENT_3D('',#2459,#2460,#2461);
#2459 = CARTESIAN_POINT('',(270.663686,-147.682391,88.587409));
#2460 = DIRECTION('',(9.150609718505E-02,-0.979782653464,0.177911736962)
  );
#2461 = DIRECTION('',(-3.469446951954E-18,-0.178661307611,
    -0.983910634744));
#2462 = DEFINITIONAL_REPRESENTATION('',(#2463),#2467);
#2463 = LINE('',#2464,#2465);
#2464 = CARTESIAN_POINT('',(25.560706433025,-12.64389023861));
#2465 = VECTOR('',#2466,1.);
#2466 = DIRECTION('',(-0.896333128253,0.443381239112));
#2467 = ( GEOMETRIC_REPRESENTATION_CONTEXT(2) 
PARAMETRIC_REPRESENTATION_CONTEXT() REPRESENTATION_CONTEXT('2D SPACE',''
  ) );
#2468 = ADVANCED_FACE('',(#2469),#2483,.T.);
#2469 = FACE_BOUND('',#2470,.T.);
#2470 = EDGE_LOOP('',(#2471,#2506,#2534));
#2471 = ORIENTED_EDGE('',*,*,#2472,.T.);
#2472 = EDGE_CURVE('',#2473,#2475,#2477,.T.);
#2473 = VERTEX_POINT('',#2474);
#2474 = CARTESIAN_POINT('',(230.632753,-134.68708,182.193197));
#2475 = VERTEX_POINT('',#2476);
#2476 = CARTESIAN_POINT('',(242.858815,-133.9889,204.853742));
#2477 = SURFACE_CURVE('',#2478,(#2482,#2494),.PCURVE_S1.);
#2478 = LINE('',#2479,#2480);
#2479 = CARTESIAN_POINT('',(230.632753,-134.68708,182.193197));
#2480 = VECTOR('',#2481,1.);
#2481 = DIRECTION('',(0.474654714525,2.710557402597E-02,0.879754619105)
  );
#2482 = PCURVE('',#2483,#2488);
#2483 = PLANE('',#2484);
#2484 = AXIS2_PLACEMENT_3D('',#2485,#2486,#2487);
#2485 = CARTESIAN_POINT('',(230.632753,-134.68708,182.193197));
#2486 = DIRECTION('',(-0.207682535369,-0.967853587293,0.141871061411));
#2487 = DIRECTION('',(-0.977743318375,0.209804679102,-3.469446951954E-18
    ));
#2488 = DEFINITIONAL_REPRESENTATION('',(#2489),#2493);
#2489 = LINE('',#2490,#2491);
#2490 = CARTESIAN_POINT('',(0.,-0.));
#2491 = VECTOR('',#2492,1.);
#2492 = DIRECTION('',(-0.458403599402,-0.888744136439));
#2493 = ( GEOMETRIC_REPRESENTATION_CONTEXT(2) 
PARAMETRIC_REPRESENTATION_CONTEXT() REPRESENTATION_CONTEXT('2D SPACE',''
  ) );
#2494 = PCURVE('',#2495,#2500);
#2495 = PLANE('',#2496);
#2496 = AXIS2_PLACEMENT_3D('',#2497,#2498,#2499);
#2497 = CARTESIAN_POINT('',(242.858815,-133.9889,204.853742));
#2498 = DIRECTION('',(-0.133323997587,-0.985778109022,0.102304601268));
#2499 = DIRECTION('',(-0.990977650429,0.13402722242,0.));
#2500 = DEFINITIONAL_REPRESENTATION('',(#2501),#2505);
#2501 = LINE('',#2502,#2503);
#2502 = CARTESIAN_POINT('',(12.022179068614,22.780069303658));
#2503 = VECTOR('',#2504,1.);
#2504 = DIRECTION('',(-0.466739328966,-0.884394933724));
#2505 = ( GEOMETRIC_REPRESENTATION_CONTEXT(2) 
PARAMETRIC_REPRESENTATION_CONTEXT() REPRESENTATION_CONTEXT('2D SPACE',''
  ) );
#2506 = ORIENTED_EDGE('',*,*,#2507,.T.);
#2507 = EDGE_CURVE('',#2475,#2508,#2510,.T.);
#2508 = VERTEX_POINT('',#2509);
#2509 = CARTESIAN_POINT('',(230.,-130.,213.242485));
#2510 = SURFACE_CURVE('',#2511,(#2515,#2522),.PCURVE_S1.);
#2511 = LINE('',#2512,#2513);
#2512 = CARTESIAN_POINT('',(242.858815,-133.9889,204.853742));
#2513 = VECTOR('',#2514,1.);
#2514 = DIRECTION('',(-0.810622181285,0.251461026457,0.528827979009));
#2515 = PCURVE('',#2483,#2516);
#2516 = DEFINITIONAL_REPRESENTATION('',(#2517),#2521);
#2517 = LINE('',#2518,#2519);
#2518 = CARTESIAN_POINT('',(-11.80746899968,-22.89209520465));
#2519 = VECTOR('',#2520,1.);
#2520 = DIRECTION('',(0.84533812144,-0.534231654285));
#2521 = ( GEOMETRIC_REPRESENTATION_CONTEXT(2) 
PARAMETRIC_REPRESENTATION_CONTEXT() REPRESENTATION_CONTEXT('2D SPACE',''
  ) );
#2522 = PCURVE('',#2523,#2528);
#2523 = PLANE('',#2524);
#2524 = AXIS2_PLACEMENT_3D('',#2525,#2526,#2527);
#2525 = CARTESIAN_POINT('',(230.,-130.,213.242485));
#2526 = DIRECTION('',(-0.296279515812,-0.955101276572,
    -9.895960774764E-18));
#2527 = DIRECTION('',(-0.955101276572,0.296279515812,0.));
#2528 = DEFINITIONAL_REPRESENTATION('',(#2529),#2533);
#2529 = LINE('',#2530,#2531);
#2530 = CARTESIAN_POINT('',(-13.46329998233,8.388743));
#2531 = VECTOR('',#2532,1.);
#2532 = DIRECTION('',(0.848729031327,-0.528827979009));
#2533 = ( GEOMETRIC_REPRESENTATION_CONTEXT(2) 
PARAMETRIC_REPRESENTATION_CONTEXT() REPRESENTATION_CONTEXT('2D SPACE',''
  ) );
#2534 = ORIENTED_EDGE('',*,*,#2535,.T.);
#2535 = EDGE_CURVE('',#2508,#2473,#2536,.T.);
#2536 = SURFACE_CURVE('',#2537,(#2541,#2548),.PCURVE_S1.);
#2537 = LINE('',#2538,#2539);
#2538 = CARTESIAN_POINT('',(230.,-130.,213.242485));
#2539 = VECTOR('',#2540,1.);
#2540 = DIRECTION('',(2.014659488629E-02,-0.149234696571,-0.988596540584
    ));
#2541 = PCURVE('',#2483,#2542);
#2542 = DEFINITIONAL_REPRESENTATION('',(#2543),#2547);
#2543 = LINE('',#2544,#2545);
#2544 = CARTESIAN_POINT('',(1.602041333258,-31.36655614119));
#2545 = VECTOR('',#2546,1.);
#2546 = DIRECTION('',(-5.100833616314E-02,0.998698227515));
#2547 = ( GEOMETRIC_REPRESENTATION_CONTEXT(2) 
PARAMETRIC_REPRESENTATION_CONTEXT() REPRESENTATION_CONTEXT('2D SPACE',''
  ) );
#2548 = PCURVE('',#2549,#2554);
#2549 = PLANE('',#2550);
#2550 = AXIS2_PLACEMENT_3D('',#2551,#2552,#2553);
#2551 = CARTESIAN_POINT('',(230.,-130.,213.242485));
#2552 = DIRECTION('',(-0.991010272954,-0.133785794832,0.));
#2553 = DIRECTION('',(0.133785794832,-0.991010272954,0.));
#2554 = DEFINITIONAL_REPRESENTATION('',(#2555),#2559);
#2555 = LINE('',#2556,#2557);
#2556 = CARTESIAN_POINT('',(0.,0.));
#2557 = VECTOR('',#2558,1.);
#2558 = DIRECTION('',(0.150588445594,-0.988596540584));
#2559 = ( GEOMETRIC_REPRESENTATION_CONTEXT(2) 
PARAMETRIC_REPRESENTATION_CONTEXT() REPRESENTATION_CONTEXT('2D SPACE',''
  ) );
#2560 = ADVANCED_FACE('',(#2561),#2575,.T.);
#2561 = FACE_BOUND('',#2562,.T.);
#2562 = EDGE_LOOP('',(#2563,#2598,#2624));
#2563 = ORIENTED_EDGE('',*,*,#2564,.T.);
#2564 = EDGE_CURVE('',#2565,#2567,#2569,.T.);
#2565 = VERTEX_POINT('',#2566);
#2566 = CARTESIAN_POINT('',(257.855997,147.101675,105.781419));
#2567 = VERTEX_POINT('',#2568);
#2568 = CARTESIAN_POINT('',(225.513834,142.118539,91.810678));
#2569 = SURFACE_CURVE('',#2570,(#2574,#2586),.PCURVE_S1.);
#2570 = LINE('',#2571,#2572);
#2571 = CARTESIAN_POINT('',(257.855997,147.101675,105.781419));
#2572 = VECTOR('',#2573,1.);
#2573 = DIRECTION('',(-0.908965241941,-0.140049304057,-0.392642816535));
#2574 = PCURVE('',#2575,#2580);
#2575 = PLANE('',#2576);
#2576 = AXIS2_PLACEMENT_3D('',#2577,#2578,#2579);
#2577 = CARTESIAN_POINT('',(257.855997,147.101675,105.781419));
#2578 = DIRECTION('',(-0.163433216406,0.986196094408,2.658659719741E-02)
  );
#2579 = DIRECTION('',(0.986544824242,0.163491008197,0.));
#2580 = DEFINITIONAL_REPRESENTATION('',(#2581),#2585);
#2581 = LINE('',#2582,#2583);
#2582 = CARTESIAN_POINT('',(0.,0.));
#2583 = VECTOR('',#2584,1.);
#2584 = DIRECTION('',(-0.91963175677,0.392781659373));
#2585 = ( GEOMETRIC_REPRESENTATION_CONTEXT(2) 
PARAMETRIC_REPRESENTATION_CONTEXT() REPRESENTATION_CONTEXT('2D SPACE',''
  ) );
#2586 = PCURVE('',#2587,#2592);
#2587 = PLANE('',#2588);
#2588 = AXIS2_PLACEMENT_3D('',#2589,#2590,#2591);
#2589 = CARTESIAN_POINT('',(225.513834,142.118539,91.810678));
#2590 = DIRECTION('',(-0.235501136921,0.949695030354,0.20644264053));
#2591 = DIRECTION('',(0.970603078194,0.240685821351,0.));
#2592 = DEFINITIONAL_REPRESENTATION('',(#2593),#2597);
#2593 = LINE('',#2594,#2595);
#2594 = CARTESIAN_POINT('',(32.590773144331,-14.2783143913));
#2595 = VECTOR('',#2596,1.);
#2596 = DIRECTION('',(-0.915952343576,0.401287059718));
#2597 = ( GEOMETRIC_REPRESENTATION_CONTEXT(2) 
PARAMETRIC_REPRESENTATION_CONTEXT() REPRESENTATION_CONTEXT('2D SPACE',''
  ) );
#2598 = ORIENTED_EDGE('',*,*,#2599,.T.);
#2599 = EDGE_CURVE('',#2567,#331,#2600,.T.);
#2600 = SURFACE_CURVE('',#2601,(#2605,#2612),.PCURVE_S1.);
#2601 = LINE('',#2602,#2603);
#2602 = CARTESIAN_POINT('',(225.513834,142.118539,91.810678));
#2603 = VECTOR('',#2604,1.);
#2604 = DIRECTION('',(0.509924100662,6.137370917732E-02,0.858027202008)
  );
#2605 = PCURVE('',#2575,#2606);
#2606 = DEFINITIONAL_REPRESENTATION('',(#2607),#2611);
#2607 = LINE('',#2608,#2609);
#2608 = CARTESIAN_POINT('',(-32.72169144106,13.975681208367));
#2609 = VECTOR('',#2610,1.);
#2610 = DIRECTION('',(0.513097031855,-0.858330609906));
#2611 = ( GEOMETRIC_REPRESENTATION_CONTEXT(2) 
PARAMETRIC_REPRESENTATION_CONTEXT() REPRESENTATION_CONTEXT('2D SPACE',''
  ) );
#2612 = PCURVE('',#2613,#2618);
#2613 = PLANE('',#2614);
#2614 = AXIS2_PLACEMENT_3D('',#2615,#2616,#2617);
#2615 = CARTESIAN_POINT('',(230.,130.,112.));
#2616 = DIRECTION('',(-0.787018587993,0.435927111787,0.436542432488));
#2617 = DIRECTION('',(-0.485056862454,2.775557561563E-17,-0.874482612856
    ));
#2618 = DEFINITIONAL_REPRESENTATION('',(#2619),#2623);
#2619 = LINE('',#2620,#2621);
#2620 = CARTESIAN_POINT('',(19.831256658748,-13.46531303121));
#2621 = VECTOR('',#2622,1.);
#2622 = DIRECTION('',(-0.99767205387,-6.819437606789E-02));
#2623 = ( GEOMETRIC_REPRESENTATION_CONTEXT(2) 
PARAMETRIC_REPRESENTATION_CONTEXT() REPRESENTATION_CONTEXT('2D SPACE',''
  ) );
#2624 = ORIENTED_EDGE('',*,*,#2625,.T.);
#2625 = EDGE_CURVE('',#331,#2565,#2626,.T.);
#2626 = SURFACE_CURVE('',#2627,(#2631,#2638),.PCURVE_S1.);
#2627 = LINE('',#2628,#2629);
#2628 = CARTESIAN_POINT('',(244.020451,144.345968,122.950961));
#2629 = VECTOR('',#2630,1.);
#2630 = DIRECTION('',(0.622610749381,0.124009041663,-0.772643263312));
#2631 = PCURVE('',#2575,#2632);
#2632 = DEFINITIONAL_REPRESENTATION('',(#2633),#2637);
#2633 = LINE('',#2634,#2635);
#2634 = CARTESIAN_POINT('',(-14.09991961258,-17.17561333974));
#2635 = VECTOR('',#2636,1.);
#2636 = DIRECTION('',(0.634507775566,0.772916478506));
#2637 = ( GEOMETRIC_REPRESENTATION_CONTEXT(2) 
PARAMETRIC_REPRESENTATION_CONTEXT() REPRESENTATION_CONTEXT('2D SPACE',''
  ) );
#2638 = PCURVE('',#346,#2639);
#2639 = DEFINITIONAL_REPRESENTATION('',(#2640),#2644);
#2640 = LINE('',#2641,#2642);
#2641 = CARTESIAN_POINT('',(0.,0.));
#2642 = VECTOR('',#2643,1.);
#2643 = DIRECTION('',(-0.782376998859,0.622805131367));
#2644 = ( GEOMETRIC_REPRESENTATION_CONTEXT(2) 
PARAMETRIC_REPRESENTATION_CONTEXT() REPRESENTATION_CONTEXT('2D SPACE',''
  ) );
#2645 = ADVANCED_FACE('',(#2646),#2660,.T.);
#2646 = FACE_BOUND('',#2647,.T.);
#2647 = EDGE_LOOP('',(#2648,#2683,#2711));
#2648 = ORIENTED_EDGE('',*,*,#2649,.T.);
#2649 = EDGE_CURVE('',#2650,#2652,#2654,.T.);
#2650 = VERTEX_POINT('',#2651);
#2651 = CARTESIAN_POINT('',(229.827821,133.690634,177.575969));
#2652 = VERTEX_POINT('',#2653);
#2653 = CARTESIAN_POINT('',(242.858815,133.9889,204.853742));
#2654 = SURFACE_CURVE('',#2655,(#2659,#2671),.PCURVE_S1.);
#2655 = LINE('',#2656,#2657);
#2656 = CARTESIAN_POINT('',(229.827821,133.690634,177.575969));
#2657 = VECTOR('',#2658,1.);
#2658 = DIRECTION('',(0.431033416494,9.865909922454E-03,0.902282027798)
  );
#2659 = PCURVE('',#2660,#2665);
#2660 = PLANE('',#2661);
#2661 = AXIS2_PLACEMENT_3D('',#2662,#2663,#2664);
#2662 = CARTESIAN_POINT('',(229.827821,133.690634,177.575969));
#2663 = DIRECTION('',(-0.22785760146,0.968723994068,9.825852010246E-02)
  );
#2664 = DIRECTION('',(0.973434518383,0.228965583485,0.));
#2665 = DEFINITIONAL_REPRESENTATION('',(#2666),#2670);
#2666 = LINE('',#2667,#2668);
#2667 = CARTESIAN_POINT('',(0.,0.));
#2668 = VECTOR('',#2669,1.);
#2669 = DIRECTION('',(0.421841760014,-0.906669470926));
#2670 = ( GEOMETRIC_REPRESENTATION_CONTEXT(2) 
PARAMETRIC_REPRESENTATION_CONTEXT() REPRESENTATION_CONTEXT('2D SPACE',''
  ) );
#2671 = PCURVE('',#2672,#2677);
#2672 = PLANE('',#2673);
#2673 = AXIS2_PLACEMENT_3D('',#2674,#2675,#2676);
#2674 = CARTESIAN_POINT('',(242.858815,133.9889,204.853742));
#2675 = DIRECTION('',(-0.233948899808,0.966968964965,0.101187613241));
#2676 = DIRECTION('',(0.971957672359,0.235155869885,3.469446951954E-18)
  );
#2677 = DEFINITIONAL_REPRESENTATION('',(#2678),#2682);
#2678 = LINE('',#2679,#2680);
#2679 = CARTESIAN_POINT('',(-12.73571359745,27.418502261026));
#2680 = VECTOR('',#2681,1.);
#2681 = DIRECTION('',(0.421266262835,-0.906937007624));
#2682 = ( GEOMETRIC_REPRESENTATION_CONTEXT(2) 
PARAMETRIC_REPRESENTATION_CONTEXT() REPRESENTATION_CONTEXT('2D SPACE',''
  ) );
#2683 = ORIENTED_EDGE('',*,*,#2684,.T.);
#2684 = EDGE_CURVE('',#2652,#2685,#2687,.T.);
#2685 = VERTEX_POINT('',#2686);
#2686 = CARTESIAN_POINT('',(243.792891,138.239472,165.11373));
#2687 = SURFACE_CURVE('',#2688,(#2692,#2699),.PCURVE_S1.);
#2688 = LINE('',#2689,#2690);
#2689 = CARTESIAN_POINT('',(242.858815,133.9889,204.853742));
#2690 = VECTOR('',#2691,1.);
#2691 = DIRECTION('',(2.336498503232E-02,0.106323844268,-0.994056999178)
  );
#2692 = PCURVE('',#2660,#2693);
#2693 = DEFINITIONAL_REPRESENTATION('',(#2694),#2698);
#2694 = LINE('',#2695,#2696);
#2695 = CARTESIAN_POINT('',(12.753112017165,-27.41041409668));
#2696 = VECTOR('',#2697,1.);
#2697 = DIRECTION('',(4.70887839932E-02,0.998890707947));
#2698 = ( GEOMETRIC_REPRESENTATION_CONTEXT(2) 
PARAMETRIC_REPRESENTATION_CONTEXT() REPRESENTATION_CONTEXT('2D SPACE',''
  ) );
#2699 = PCURVE('',#2700,#2705);
#2700 = PLANE('',#2701);
#2701 = AXIS2_PLACEMENT_3D('',#2702,#2703,#2704);
#2702 = CARTESIAN_POINT('',(243.792891,138.239472,165.11373));
#2703 = DIRECTION('',(4.342417825233E-02,0.993282076483,0.107261630045)
  );
#2704 = DIRECTION('',(0.,-0.107362902735,0.994219898773));
#2705 = DEFINITIONAL_REPRESENTATION('',(#2706),#2710);
#2706 = LINE('',#2707,#2708);
#2707 = CARTESIAN_POINT('',(39.966664456084,-0.934957921977));
#2708 = VECTOR('',#2709,1.);
#2709 = DIRECTION('',(-0.999726485648,2.338704543618E-02));
#2710 = ( GEOMETRIC_REPRESENTATION_CONTEXT(2) 
PARAMETRIC_REPRESENTATION_CONTEXT() REPRESENTATION_CONTEXT('2D SPACE',''
  ) );
#2711 = ORIENTED_EDGE('',*,*,#2712,.T.);
#2712 = EDGE_CURVE('',#2685,#2650,#2713,.T.);
#2713 = SURFACE_CURVE('',#2714,(#2718,#2725),.PCURVE_S1.);
#2714 = LINE('',#2715,#2716);
#2715 = CARTESIAN_POINT('',(243.792891,138.239472,165.11373));
#2716 = VECTOR('',#2717,1.);
#2717 = DIRECTION('',(-0.725008316688,-0.236156738295,0.646987585422));
#2718 = PCURVE('',#2660,#2719);
#2719 = DEFINITIONAL_REPRESENTATION('',(#2720),#2724);
#2720 = LINE('',#2721,#2722);
#2721 = CARTESIAN_POINT('',(14.635608536482,12.522837973683));
#2722 = VECTOR('',#2723,1.);
#2723 = DIRECTION('',(-0.759819886957,-0.650133631944));
#2724 = ( GEOMETRIC_REPRESENTATION_CONTEXT(2) 
PARAMETRIC_REPRESENTATION_CONTEXT() REPRESENTATION_CONTEXT('2D SPACE',''
  ) );
#2725 = PCURVE('',#2726,#2731);
#2726 = PLANE('',#2727);
#2727 = AXIS2_PLACEMENT_3D('',#2728,#2729,#2730);
#2728 = CARTESIAN_POINT('',(243.792891,138.239472,165.11373));
#2729 = DIRECTION('',(-0.484378619409,0.842644933209,-0.235216643964));
#2730 = DIRECTION('',(0.866969526125,0.498361154958,-1.387778780781E-17)
  );
#2731 = DEFINITIONAL_REPRESENTATION('',(#2732),#2736);
#2732 = LINE('',#2733,#2734);
#2733 = CARTESIAN_POINT('',(0.,0.));
#2734 = VECTOR('',#2735,1.);
#2735 = DIRECTION('',(-0.746251461604,-0.665664146589));
#2736 = ( GEOMETRIC_REPRESENTATION_CONTEXT(2) 
PARAMETRIC_REPRESENTATION_CONTEXT() REPRESENTATION_CONTEXT('2D SPACE',''
  ) );
#2737 = ADVANCED_FACE('',(#2738),#2752,.T.);
#2738 = FACE_BOUND('',#2739,.T.);
#2739 = EDGE_LOOP('',(#2740,#2775,#2803));
#2740 = ORIENTED_EDGE('',*,*,#2741,.T.);
#2741 = EDGE_CURVE('',#2742,#2744,#2746,.T.);
#2742 = VERTEX_POINT('',#2743);
#2743 = CARTESIAN_POINT('',(258.072843,153.387478,63.644668));
#2744 = VERTEX_POINT('',#2745);
#2745 = CARTESIAN_POINT('',(270.663686,147.682391,88.587409));
#2746 = SURFACE_CURVE('',#2747,(#2751,#2763),.PCURVE_S1.);
#2747 = LINE('',#2748,#2749);
#2748 = CARTESIAN_POINT('',(258.072843,153.387478,63.644668));
#2749 = VECTOR('',#2750,1.);
#2750 = DIRECTION('',(0.441521040238,-0.200059356382,0.874663035089));
#2751 = PCURVE('',#2752,#2757);
#2752 = PLANE('',#2753);
#2753 = AXIS2_PLACEMENT_3D('',#2754,#2755,#2756);
#2754 = CARTESIAN_POINT('',(258.072843,153.387478,63.644668));
#2755 = DIRECTION('',(9.150609718505E-02,0.979782653464,0.177911736962)
  );
#2756 = DIRECTION('',(0.,-0.178661307611,0.983910634744));
#2757 = DEFINITIONAL_REPRESENTATION('',(#2758),#2762);
#2758 = LINE('',#2759,#2760);
#2759 = CARTESIAN_POINT('',(0.,0.));
#2760 = VECTOR('',#2761,1.);
#2761 = DIRECTION('',(0.896333128253,0.443381239112));
#2762 = ( GEOMETRIC_REPRESENTATION_CONTEXT(2) 
PARAMETRIC_REPRESENTATION_CONTEXT() REPRESENTATION_CONTEXT('2D SPACE',''
  ) );
#2763 = PCURVE('',#2764,#2769);
#2764 = PLANE('',#2765);
#2765 = AXIS2_PLACEMENT_3D('',#2766,#2767,#2768);
#2766 = CARTESIAN_POINT('',(242.644007,148.934323,79.997513));
#2767 = DIRECTION('',(-2.922753304104E-02,0.971101327771,0.23687119393)
  );
#2768 = DIRECTION('',(0.,-0.23697243225,0.971516374722));
#2769 = DEFINITIONAL_REPRESENTATION('',(#2770),#2774);
#2770 = LINE('',#2771,#2772);
#2771 = CARTESIAN_POINT('',(-16.94233166233,15.435430256605));
#2772 = VECTOR('',#2773,1.);
#2773 = DIRECTION('',(0.897158013229,0.441709745532));
#2774 = ( GEOMETRIC_REPRESENTATION_CONTEXT(2) 
PARAMETRIC_REPRESENTATION_CONTEXT() REPRESENTATION_CONTEXT('2D SPACE',''
  ) );
#2775 = ORIENTED_EDGE('',*,*,#2776,.T.);
#2776 = EDGE_CURVE('',#2744,#2777,#2779,.T.);
#2777 = VERTEX_POINT('',#2778);
#2778 = CARTESIAN_POINT('',(271.810411,155.158313,46.826752));
#2779 = SURFACE_CURVE('',#2780,(#2784,#2791),.PCURVE_S1.);
#2780 = LINE('',#2781,#2782);
#2781 = CARTESIAN_POINT('',(270.663686,147.682391,88.587409));
#2782 = VECTOR('',#2783,1.);
#2783 = DIRECTION('',(2.701988600165E-02,0.176152573806,-0.983991969735)
  );
#2784 = PCURVE('',#2752,#2785);
#2785 = DEFINITIONAL_REPRESENTATION('',(#2786),#2790);
#2786 = LINE('',#2787,#2788);
#2787 = CARTESIAN_POINT('',(25.560706433025,12.64389023861));
#2788 = VECTOR('',#2789,1.);
#2789 = DIRECTION('',(-0.9996318127,2.713372510995E-02));
#2790 = ( GEOMETRIC_REPRESENTATION_CONTEXT(2) 
PARAMETRIC_REPRESENTATION_CONTEXT() REPRESENTATION_CONTEXT('2D SPACE',''
  ) );
#2791 = PCURVE('',#2792,#2797);
#2792 = PLANE('',#2793);
#2793 = AXIS2_PLACEMENT_3D('',#2794,#2795,#2796);
#2794 = CARTESIAN_POINT('',(271.810411,155.158313,46.826752));
#2795 = DIRECTION('',(0.19171808458,0.965165040063,0.178046683441));
#2796 = DIRECTION('',(0.980836809726,-0.194831087576,-6.938893903907E-18
    ));
#2797 = DEFINITIONAL_REPRESENTATION('',(#2798),#2802);
#2798 = LINE('',#2799,#2800);
#2799 = CARTESIAN_POINT('',(0.331791923262,-42.43874144183));
#2800 = VECTOR('',#2801,1.);
#2801 = DIRECTION('',(-7.817898748887E-03,0.999969439763));
#2802 = ( GEOMETRIC_REPRESENTATION_CONTEXT(2) 
PARAMETRIC_REPRESENTATION_CONTEXT() REPRESENTATION_CONTEXT('2D SPACE',''
  ) );
#2803 = ORIENTED_EDGE('',*,*,#2804,.T.);
#2804 = EDGE_CURVE('',#2777,#2742,#2805,.T.);
#2805 = SURFACE_CURVE('',#2806,(#2810,#2817),.PCURVE_S1.);
#2806 = LINE('',#2807,#2808);
#2807 = CARTESIAN_POINT('',(271.810411,155.158313,46.826752));
#2808 = VECTOR('',#2809,1.);
#2809 = DIRECTION('',(-0.630522703313,-8.127724436535E-02,0.771903575685
    ));
#2810 = PCURVE('',#2752,#2811);
#2811 = DEFINITIONAL_REPRESENTATION('',(#2812),#2816);
#2812 = LINE('',#2813,#2814);
#2813 = CARTESIAN_POINT('',(-16.86370610329,13.79544657474));
#2814 = VECTOR('',#2815,1.);
#2815 = DIRECTION('',(0.774005235871,-0.633179196472));
#2816 = ( GEOMETRIC_REPRESENTATION_CONTEXT(2) 
PARAMETRIC_REPRESENTATION_CONTEXT() REPRESENTATION_CONTEXT('2D SPACE',''
  ) );
#2817 = PCURVE('',#2818,#2823);
#2818 = PLANE('',#2819);
#2819 = AXIS2_PLACEMENT_3D('',#2820,#2821,#2822);
#2820 = CARTESIAN_POINT('',(271.810411,155.158313,46.826752));
#2821 = DIRECTION('',(1.972367832029E-02,0.992503241305,0.120616302843)
  );
#2822 = DIRECTION('',(0.,-0.120639770978,0.992696351186));
#2823 = DEFINITIONAL_REPRESENTATION('',(#2824),#2828);
#2824 = LINE('',#2825,#2826);
#2825 = CARTESIAN_POINT('',(0.,0.));
#2826 = VECTOR('',#2827,1.);
#2827 = DIRECTION('',(0.776071131196,-0.630645383179));
#2828 = ( GEOMETRIC_REPRESENTATION_CONTEXT(2) 
PARAMETRIC_REPRESENTATION_CONTEXT() REPRESENTATION_CONTEXT('2D SPACE',''
  ) );
#2829 = ADVANCED_FACE('',(#2830),#2842,.T.);
#2830 = FACE_BOUND('',#2831,.T.);
#2831 = EDGE_LOOP('',(#2832,#2865,#2893));
#2832 = ORIENTED_EDGE('',*,*,#2833,.T.);
#2833 = EDGE_CURVE('',#2834,#390,#2836,.T.);
#2834 = VERTEX_POINT('',#2835);
#2835 = CARTESIAN_POINT('',(192.165627,-0.,45.490321));
#2836 = SURFACE_CURVE('',#2837,(#2841,#2853),.PCURVE_S1.);
#2837 = LINE('',#2838,#2839);
#2838 = CARTESIAN_POINT('',(192.165627,-0.,45.490321));
#2839 = VECTOR('',#2840,1.);
#2840 = DIRECTION('',(0.829375430962,0.,0.558691681088));
#2841 = PCURVE('',#2842,#2847);
#2842 = PLANE('',#2843);
#2843 = AXIS2_PLACEMENT_3D('',#2844,#2845,#2846);
#2844 = CARTESIAN_POINT('',(192.165627,-0.,45.490321));
#2845 = DIRECTION('',(-0.558690584086,-1.981675315091E-03,0.829373802466
    ));
#2846 = DIRECTION('',(0.829375430962,0.,0.558691681088));
#2847 = DEFINITIONAL_REPRESENTATION('',(#2848),#2852);
#2848 = LINE('',#2849,#2850);
#2849 = CARTESIAN_POINT('',(0.,0.));
#2850 = VECTOR('',#2851,1.);
#2851 = DIRECTION('',(1.,2.168404344971E-19));
#2852 = ( GEOMETRIC_REPRESENTATION_CONTEXT(2) 
PARAMETRIC_REPRESENTATION_CONTEXT() REPRESENTATION_CONTEXT('2D SPACE',''
  ) );
#2853 = PCURVE('',#2854,#2859);
#2854 = PLANE('',#2855);
#2855 = AXIS2_PLACEMENT_3D('',#2856,#2857,#2858);
#2856 = CARTESIAN_POINT('',(203.393244,-0.,53.053574));
#2857 = DIRECTION('',(-0.558690584086,1.981675315091E-03,0.829373802466)
  );
#2858 = DIRECTION('',(0.829375430962,0.,0.558691681088));
#2859 = DEFINITIONAL_REPRESENTATION('',(#2860),#2864);
#2860 = LINE('',#2861,#2862);
#2861 = CARTESIAN_POINT('',(-13.53743622111,0.));
#2862 = VECTOR('',#2863,1.);
#2863 = DIRECTION('',(1.,-2.168404344971E-19));
#2864 = ( GEOMETRIC_REPRESENTATION_CONTEXT(2) 
PARAMETRIC_REPRESENTATION_CONTEXT() REPRESENTATION_CONTEXT('2D SPACE',''
  ) );
#2865 = ORIENTED_EDGE('',*,*,#2866,.T.);
#2866 = EDGE_CURVE('',#390,#2867,#2869,.T.);
#2867 = VERTEX_POINT('',#2868);
#2868 = CARTESIAN_POINT('',(197.74232,32.500538,49.324601));
#2869 = SURFACE_CURVE('',#2870,(#2874,#2881),.PCURVE_S1.);
#2870 = LINE('',#2871,#2872);
#2871 = CARTESIAN_POINT('',(203.393244,-0.,53.053574));
#2872 = VECTOR('',#2873,1.);
#2873 = DIRECTION('',(-0.170217576805,0.978983759684,-0.112324417747));
#2874 = PCURVE('',#2842,#2875);
#2875 = DEFINITIONAL_REPRESENTATION('',(#2876),#2880);
#2876 = LINE('',#2877,#2878);
#2877 = CARTESIAN_POINT('',(13.537436221113,0.));
#2878 = VECTOR('',#2879,1.);
#2879 = DIRECTION('',(-0.203928993898,0.978985681942));
#2880 = ( GEOMETRIC_REPRESENTATION_CONTEXT(2) 
PARAMETRIC_REPRESENTATION_CONTEXT() REPRESENTATION_CONTEXT('2D SPACE',''
  ) );
#2881 = PCURVE('',#2882,#2887);
#2882 = PLANE('',#2883);
#2883 = AXIS2_PLACEMENT_3D('',#2884,#2885,#2886);
#2884 = CARTESIAN_POINT('',(209.41929,32.500518,56.593063));
#2885 = DIRECTION('',(-0.528440131669,5.524409519383E-03,0.848952594755)
  );
#2886 = DIRECTION('',(0.848965549686,0.,0.528448195612));
#2887 = DEFINITIONAL_REPRESENTATION('',(#2888),#2892);
#2888 = LINE('',#2889,#2890);
#2889 = CARTESIAN_POINT('',(-6.986342030264,-32.50101395464));
#2890 = VECTOR('',#2891,1.);
#2891 = DIRECTION('',(-0.20386649454,0.978998698878));
#2892 = ( GEOMETRIC_REPRESENTATION_CONTEXT(2) 
PARAMETRIC_REPRESENTATION_CONTEXT() REPRESENTATION_CONTEXT('2D SPACE',''
  ) );
#2893 = ORIENTED_EDGE('',*,*,#2894,.T.);
#2894 = EDGE_CURVE('',#2867,#2834,#2895,.T.);
#2895 = SURFACE_CURVE('',#2896,(#2900,#2907),.PCURVE_S1.);
#2896 = LINE('',#2897,#2898);
#2897 = CARTESIAN_POINT('',(197.74232,32.500538,49.324601));
#2898 = VECTOR('',#2899,1.);
#2899 = DIRECTION('',(-0.167984402562,-0.979000181449,-0.115498420848));
#2900 = PCURVE('',#2842,#2901);
#2901 = DEFINITIONAL_REPRESENTATION('',(#2902),#2906);
#2902 = LINE('',#2903,#2904);
#2903 = CARTESIAN_POINT('',(6.767352499179,32.500601815596));
#2904 = VECTOR('',#2905,1.);
#2905 = DIRECTION('',(-0.203850143177,-0.97900210374));
#2906 = ( GEOMETRIC_REPRESENTATION_CONTEXT(2) 
PARAMETRIC_REPRESENTATION_CONTEXT() REPRESENTATION_CONTEXT('2D SPACE',''
  ) );
#2907 = PCURVE('',#2908,#2913);
#2908 = PLANE('',#2909);
#2909 = AXIS2_PLACEMENT_3D('',#2910,#2911,#2912);
#2910 = CARTESIAN_POINT('',(197.74232,32.500538,49.324601));
#2911 = DIRECTION('',(-0.826460431258,7.599858186492E-02,0.557841707942)
  );
#2912 = DIRECTION('',(-0.559459706965,6.938893903907E-18,-0.828857548848
    ));
#2913 = DEFINITIONAL_REPRESENTATION('',(#2914),#2918);
#2914 = LINE('',#2915,#2916);
#2915 = CARTESIAN_POINT('',(0.,0.));
#2916 = VECTOR('',#2917,1.);
#2917 = DIRECTION('',(0.189712242633,0.981839734883));
#2918 = ( GEOMETRIC_REPRESENTATION_CONTEXT(2) 
PARAMETRIC_REPRESENTATION_CONTEXT() REPRESENTATION_CONTEXT('2D SPACE',''
  ) );
#2919 = ADVANCED_FACE('',(#2920),#2934,.T.);
#2920 = FACE_BOUND('',#2921,.T.);
#2921 = EDGE_LOOP('',(#2922,#2957,#2978));
#2922 = ORIENTED_EDGE('',*,*,#2923,.T.);
#2923 = EDGE_CURVE('',#2924,#2926,#2928,.T.);
#2924 = VERTEX_POINT('',#2925);
#2925 = CARTESIAN_POINT('',(203.402284,-65.000694,53.03839));
#2926 = VERTEX_POINT('',#2927);
#2927 = CARTESIAN_POINT('',(216.4281,-65.599759,60.));
#2928 = SURFACE_CURVE('',#2929,(#2933,#2945),.PCURVE_S1.);
#2929 = LINE('',#2930,#2931);
#2930 = CARTESIAN_POINT('',(203.402284,-65.000694,53.03839));
#2931 = VECTOR('',#2932,1.);
#2932 = DIRECTION('',(0.881220133516,-4.052783635855E-02,0.470965572804)
  );
#2933 = PCURVE('',#2934,#2939);
#2934 = PLANE('',#2935);
#2935 = AXIS2_PLACEMENT_3D('',#2936,#2937,#2938);
#2936 = CARTESIAN_POINT('',(203.402284,-65.000694,53.03839));
#2937 = DIRECTION('',(-0.471659343469,-9.116810228479E-03,0.881733716884
    ));
#2938 = DIRECTION('',(0.881770362359,0.,0.471678945964));
#2939 = DEFINITIONAL_REPRESENTATION('',(#2940),#2944);
#2940 = LINE('',#2941,#2942);
#2941 = CARTESIAN_POINT('',(0.,0.));
#2942 = VECTOR('',#2943,1.);
#2943 = DIRECTION('',(0.999178341414,-4.0529520724E-02));
#2944 = ( GEOMETRIC_REPRESENTATION_CONTEXT(2) 
PARAMETRIC_REPRESENTATION_CONTEXT() REPRESENTATION_CONTEXT('2D SPACE',''
  ) );
#2945 = PCURVE('',#2946,#2951);
#2946 = PLANE('',#2947);
#2947 = AXIS2_PLACEMENT_3D('',#2948,#2949,#2950);
#2948 = CARTESIAN_POINT('',(216.4281,-65.599759,60.));
#2949 = DIRECTION('',(-0.471390856649,-1.070522452809E-03,0.881923757617
    ));
#2950 = DIRECTION('',(0.881924262968,-5.421010862428E-20,0.471391126761)
  );
#2951 = DEFINITIONAL_REPRESENTATION('',(#2952),#2956);
#2952 = LINE('',#2953,#2954);
#2953 = CARTESIAN_POINT('',(-14.76942435732,0.59906534327));
#2954 = VECTOR('',#2955,1.);
#2955 = DIRECTION('',(0.999178408793,-4.052785958139E-02));
#2956 = ( GEOMETRIC_REPRESENTATION_CONTEXT(2) 
PARAMETRIC_REPRESENTATION_CONTEXT() REPRESENTATION_CONTEXT('2D SPACE',''
  ) );
#2957 = ORIENTED_EDGE('',*,*,#2958,.T.);
#2958 = EDGE_CURVE('',#2926,#423,#2959,.T.);
#2959 = SURFACE_CURVE('',#2960,(#2964,#2971),.PCURVE_S1.);
#2960 = LINE('',#2961,#2962);
#2961 = CARTESIAN_POINT('',(216.4281,-65.599759,60.));
#2962 = VECTOR('',#2963,1.);
#2963 = DIRECTION('',(-0.206115583658,0.973384836708,-0.100191445943));
#2964 = PCURVE('',#2934,#2965);
#2965 = DEFINITIONAL_REPRESENTATION('',(#2966),#2970);
#2966 = LINE('',#2967,#2968);
#2967 = CARTESIAN_POINT('',(14.769423361351,-0.599089897564));
#2968 = VECTOR('',#2969,1.);
#2969 = DIRECTION('',(-0.229004808507,0.973425291268));
#2970 = ( GEOMETRIC_REPRESENTATION_CONTEXT(2) 
PARAMETRIC_REPRESENTATION_CONTEXT() REPRESENTATION_CONTEXT('2D SPACE',''
  ) );
#2971 = PCURVE('',#464,#2972);
#2972 = DEFINITIONAL_REPRESENTATION('',(#2973),#2977);
#2973 = LINE('',#2974,#2975);
#2974 = CARTESIAN_POINT('',(7.791214124547,-33.09965822451));
#2975 = VECTOR('',#2976,1.);
#2976 = DIRECTION('',(-0.229124579877,0.973397106476));
#2977 = ( GEOMETRIC_REPRESENTATION_CONTEXT(2) 
PARAMETRIC_REPRESENTATION_CONTEXT() REPRESENTATION_CONTEXT('2D SPACE',''
  ) );
#2978 = ORIENTED_EDGE('',*,*,#2979,.T.);
#2979 = EDGE_CURVE('',#423,#2924,#2980,.T.);
#2980 = SURFACE_CURVE('',#2981,(#2985,#2992),.PCURVE_S1.);
#2981 = LINE('',#2982,#2983);
#2982 = CARTESIAN_POINT('',(209.41929,-32.500518,56.593063));
#2983 = VECTOR('',#2984,1.);
#2984 = DIRECTION('',(-0.181000327255,-0.977652754852,-0.106929754813));
#2985 = PCURVE('',#2934,#2986);
#2986 = DEFINITIONAL_REPRESENTATION('',(#2987),#2991);
#2987 = LINE('',#2988,#2989);
#2988 = CARTESIAN_POINT('',(6.982281974822,32.501526730233));
#2989 = VECTOR('',#2990,1.);
#2990 = DIRECTION('',(-0.210037238193,-0.97769338679));
#2991 = ( GEOMETRIC_REPRESENTATION_CONTEXT(2) 
PARAMETRIC_REPRESENTATION_CONTEXT() REPRESENTATION_CONTEXT('2D SPACE',''
  ) );
#2992 = PCURVE('',#2993,#2998);
#2993 = PLANE('',#2994);
#2994 = AXIS2_PLACEMENT_3D('',#2995,#2996,#2997);
#2995 = CARTESIAN_POINT('',(209.41929,-32.500518,56.593063));
#2996 = DIRECTION('',(-0.528441653387,4.980869794079E-03,0.848955010528)
  );
#2997 = DIRECTION('',(0.848965541614,-4.336808689942E-19,0.528448208581)
  );
#2998 = DEFINITIONAL_REPRESENTATION('',(#2999),#3003);
#2999 = LINE('',#3000,#3001);
#3000 = CARTESIAN_POINT('',(0.,0.));
#3001 = VECTOR('',#3002,1.);
#3002 = DIRECTION('',(-0.210169878235,-0.977664882402));
#3003 = ( GEOMETRIC_REPRESENTATION_CONTEXT(2) 
PARAMETRIC_REPRESENTATION_CONTEXT() REPRESENTATION_CONTEXT('2D SPACE',''
  ) );
#3004 = ADVANCED_FACE('',(#3005),#3019,.T.);
#3005 = FACE_BOUND('',#3006,.T.);
#3006 = EDGE_LOOP('',(#3007,#3042,#3070));
#3007 = ORIENTED_EDGE('',*,*,#3008,.T.);
#3008 = EDGE_CURVE('',#3009,#3011,#3013,.T.);
#3009 = VERTEX_POINT('',#3010);
#3010 = CARTESIAN_POINT('',(203.402284,65.000694,53.03839));
#3011 = VERTEX_POINT('',#3012);
#3012 = CARTESIAN_POINT('',(216.4281,65.599759,60.));
#3013 = SURFACE_CURVE('',#3014,(#3018,#3030),.PCURVE_S1.);
#3014 = LINE('',#3015,#3016);
#3015 = CARTESIAN_POINT('',(203.402284,65.000694,53.03839));
#3016 = VECTOR('',#3017,1.);
#3017 = DIRECTION('',(0.881220133516,4.052783635855E-02,0.470965572804)
  );
#3018 = PCURVE('',#3019,#3024);
#3019 = PLANE('',#3020);
#3020 = AXIS2_PLACEMENT_3D('',#3021,#3022,#3023);
#3021 = CARTESIAN_POINT('',(203.402284,65.000694,53.03839));
#3022 = DIRECTION('',(-0.471390856649,1.070522452809E-03,0.881923757617)
  );
#3023 = DIRECTION('',(0.881924262968,0.,0.471391126761));
#3024 = DEFINITIONAL_REPRESENTATION('',(#3025),#3029);
#3025 = LINE('',#3026,#3027);
#3026 = CARTESIAN_POINT('',(0.,0.));
#3027 = VECTOR('',#3028,1.);
#3028 = DIRECTION('',(0.999178408793,4.052785958139E-02));
#3029 = ( GEOMETRIC_REPRESENTATION_CONTEXT(2) 
PARAMETRIC_REPRESENTATION_CONTEXT() REPRESENTATION_CONTEXT('2D SPACE',''
  ) );
#3030 = PCURVE('',#3031,#3036);
#3031 = PLANE('',#3032);
#3032 = AXIS2_PLACEMENT_3D('',#3033,#3034,#3035);
#3033 = CARTESIAN_POINT('',(216.4281,65.599759,60.));
#3034 = DIRECTION('',(-0.471659343469,9.116810228479E-03,0.881733716884)
  );
#3035 = DIRECTION('',(0.881770362359,0.,0.471678945964));
#3036 = DEFINITIONAL_REPRESENTATION('',(#3037),#3041);
#3037 = LINE('',#3038,#3039);
#3038 = CARTESIAN_POINT('',(-14.76942336135,-0.599089897564));
#3039 = VECTOR('',#3040,1.);
#3040 = DIRECTION('',(0.999178341414,4.0529520724E-02));
#3041 = ( GEOMETRIC_REPRESENTATION_CONTEXT(2) 
PARAMETRIC_REPRESENTATION_CONTEXT() REPRESENTATION_CONTEXT('2D SPACE',''
  ) );
#3042 = ORIENTED_EDGE('',*,*,#3043,.T.);
#3043 = EDGE_CURVE('',#3011,#3044,#3046,.T.);
#3044 = VERTEX_POINT('',#3045);
#3045 = CARTESIAN_POINT('',(210.165687,98.102751,56.613268));
#3046 = SURFACE_CURVE('',#3047,(#3051,#3058),.PCURVE_S1.);
#3047 = LINE('',#3048,#3049);
#3048 = CARTESIAN_POINT('',(216.4281,65.599759,60.));
#3049 = VECTOR('',#3050,1.);
#3050 = DIRECTION('',(-0.188209678525,0.976840344997,-0.10178436666));
#3051 = PCURVE('',#3019,#3052);
#3052 = DEFINITIONAL_REPRESENTATION('',(#3053),#3057);
#3053 = LINE('',#3054,#3055);
#3054 = CARTESIAN_POINT('',(14.769424357323,0.59906534327));
#3055 = VECTOR('',#3056,1.);
#3056 = DIRECTION('',(-0.213966929304,0.976840904735));
#3057 = ( GEOMETRIC_REPRESENTATION_CONTEXT(2) 
PARAMETRIC_REPRESENTATION_CONTEXT() REPRESENTATION_CONTEXT('2D SPACE',''
  ) );
#3058 = PCURVE('',#3059,#3064);
#3059 = PLANE('',#3060);
#3060 = AXIS2_PLACEMENT_3D('',#3061,#3062,#3063);
#3061 = CARTESIAN_POINT('',(210.165687,98.102751,56.613268));
#3062 = DIRECTION('',(-0.249735013722,5.262990603928E-02,0.966882886347)
  );
#3063 = DIRECTION('',(0.968224762488,1.734723475977E-18,0.250081605291)
  );
#3064 = DEFINITIONAL_REPRESENTATION('',(#3065),#3069);
#3065 = LINE('',#3066,#3067);
#3066 = CARTESIAN_POINT('',(6.910382714778,-32.54810086487));
#3067 = VECTOR('',#3068,1.);
#3068 = DIRECTION('',(-0.207683669096,0.97819604047));
#3069 = ( GEOMETRIC_REPRESENTATION_CONTEXT(2) 
PARAMETRIC_REPRESENTATION_CONTEXT() REPRESENTATION_CONTEXT('2D SPACE',''
  ) );
#3070 = ORIENTED_EDGE('',*,*,#3071,.T.);
#3071 = EDGE_CURVE('',#3044,#3009,#3072,.T.);
#3072 = SURFACE_CURVE('',#3073,(#3077,#3084),.PCURVE_S1.);
#3073 = LINE('',#3074,#3075);
#3074 = CARTESIAN_POINT('',(210.165687,98.102751,56.613268));
#3075 = VECTOR('',#3076,1.);
#3076 = DIRECTION('',(-0.199072672242,-0.974319428206,-0.105222255187));
#3077 = PCURVE('',#3019,#3078);
#3078 = DEFINITIONAL_REPRESENTATION('',(#3079),#3083);
#3079 = LINE('',#3080,#3081);
#3080 = CARTESIAN_POINT('',(7.649974974381,33.102075967798));
#3081 = VECTOR('',#3082,1.);
#3082 = DIRECTION('',(-0.225167857177,-0.974319986501));
#3083 = ( GEOMETRIC_REPRESENTATION_CONTEXT(2) 
PARAMETRIC_REPRESENTATION_CONTEXT() REPRESENTATION_CONTEXT('2D SPACE',''
  ) );
#3084 = PCURVE('',#3085,#3090);
#3085 = PLANE('',#3086);
#3086 = AXIS2_PLACEMENT_3D('',#3087,#3088,#3089);
#3087 = CARTESIAN_POINT('',(210.165687,98.102751,56.613268));
#3088 = DIRECTION('',(-0.562266578754,2.561735991496E-02,0.826559160186)
  );
#3089 = DIRECTION('',(0.826830508112,0.,0.562451163085));
#3090 = DEFINITIONAL_REPRESENTATION('',(#3091),#3095);
#3091 = LINE('',#3092,#3093);
#3092 = CARTESIAN_POINT('',(0.,0.));
#3093 = VECTOR('',#3094,1.);
#3094 = DIRECTION('',(-0.223781738553,-0.974639283782));
#3095 = ( GEOMETRIC_REPRESENTATION_CONTEXT(2) 
PARAMETRIC_REPRESENTATION_CONTEXT() REPRESENTATION_CONTEXT('2D SPACE',''
  ) );
#3096 = ADVANCED_FACE('',(#3097),#3109,.T.);
#3097 = FACE_BOUND('',#3098,.T.);
#3098 = EDGE_LOOP('',(#3099,#3132,#3160));
#3099 = ORIENTED_EDGE('',*,*,#3100,.T.);
#3100 = EDGE_CURVE('',#480,#3101,#3103,.T.);
#3101 = VERTEX_POINT('',#3102);
#3102 = CARTESIAN_POINT('',(230.,-32.5,190.));
#3103 = SURFACE_CURVE('',#3104,(#3108,#3120),.PCURVE_S1.);
#3104 = LINE('',#3105,#3106);
#3105 = CARTESIAN_POINT('',(230.,-65.,164.));
#3106 = VECTOR('',#3107,1.);
#3107 = DIRECTION('',(0.,0.780868809443,0.624695047554));
#3108 = PCURVE('',#3109,#3114);
#3109 = PLANE('',#3110);
#3110 = AXIS2_PLACEMENT_3D('',#3111,#3112,#3113);
#3111 = CARTESIAN_POINT('',(230.,-65.,164.));
#3112 = DIRECTION('',(-1.,0.,0.));
#3113 = DIRECTION('',(0.,0.,-1.));
#3114 = DEFINITIONAL_REPRESENTATION('',(#3115),#3119);
#3115 = LINE('',#3116,#3117);
#3116 = CARTESIAN_POINT('',(0.,-0.));
#3117 = VECTOR('',#3118,1.);
#3118 = DIRECTION('',(-0.624695047554,-0.780868809443));
#3119 = ( GEOMETRIC_REPRESENTATION_CONTEXT(2) 
PARAMETRIC_REPRESENTATION_CONTEXT() REPRESENTATION_CONTEXT('2D SPACE',''
  ) );
#3120 = PCURVE('',#3121,#3126);
#3121 = PLANE('',#3122);
#3122 = AXIS2_PLACEMENT_3D('',#3123,#3124,#3125);
#3123 = CARTESIAN_POINT('',(230.,-32.5,190.));
#3124 = DIRECTION('',(-1.,0.,0.));
#3125 = DIRECTION('',(0.,0.,-1.));
#3126 = DEFINITIONAL_REPRESENTATION('',(#3127),#3131);
#3127 = LINE('',#3128,#3129);
#3128 = CARTESIAN_POINT('',(26.,32.5));
#3129 = VECTOR('',#3130,1.);
#3130 = DIRECTION('',(-0.624695047554,-0.780868809443));
#3131 = ( GEOMETRIC_REPRESENTATION_CONTEXT(2) 
PARAMETRIC_REPRESENTATION_CONTEXT() REPRESENTATION_CONTEXT('2D SPACE',''
  ) );
#3132 = ORIENTED_EDGE('',*,*,#3133,.T.);
#3133 = EDGE_CURVE('',#3101,#3134,#3136,.T.);
#3134 = VERTEX_POINT('',#3135);
#3135 = CARTESIAN_POINT('',(230.,-32.5,138.));
#3136 = SURFACE_CURVE('',#3137,(#3141,#3148),.PCURVE_S1.);
#3137 = LINE('',#3138,#3139);
#3138 = CARTESIAN_POINT('',(230.,-32.5,190.));
#3139 = VECTOR('',#3140,1.);
#3140 = DIRECTION('',(0.,0.,-1.));
#3141 = PCURVE('',#3109,#3142);
#3142 = DEFINITIONAL_REPRESENTATION('',(#3143),#3147);
#3143 = LINE('',#3144,#3145);
#3144 = CARTESIAN_POINT('',(-26.,-32.5));
#3145 = VECTOR('',#3146,1.);
#3146 = DIRECTION('',(1.,0.));
#3147 = ( GEOMETRIC_REPRESENTATION_CONTEXT(2) 
PARAMETRIC_REPRESENTATION_CONTEXT() REPRESENTATION_CONTEXT('2D SPACE',''
  ) );
#3148 = PCURVE('',#3149,#3154);
#3149 = PLANE('',#3150);
#3150 = AXIS2_PLACEMENT_3D('',#3151,#3152,#3153);
#3151 = CARTESIAN_POINT('',(230.,0.,164.));
#3152 = DIRECTION('',(-1.,0.,0.));
#3153 = DIRECTION('',(0.,0.,-1.));
#3154 = DEFINITIONAL_REPRESENTATION('',(#3155),#3159);
#3155 = LINE('',#3156,#3157);
#3156 = CARTESIAN_POINT('',(-26.,32.5));
#3157 = VECTOR('',#3158,1.);
#3158 = DIRECTION('',(1.,0.));
#3159 = ( GEOMETRIC_REPRESENTATION_CONTEXT(2) 
PARAMETRIC_REPRESENTATION_CONTEXT() REPRESENTATION_CONTEXT('2D SPACE',''
  ) );
#3160 = ORIENTED_EDGE('',*,*,#3161,.T.);
#3161 = EDGE_CURVE('',#3134,#480,#3162,.T.);
#3162 = SURFACE_CURVE('',#3163,(#3167,#3174),.PCURVE_S1.);
#3163 = LINE('',#3164,#3165);
#3164 = CARTESIAN_POINT('',(230.,-32.5,138.));
#3165 = VECTOR('',#3166,1.);
#3166 = DIRECTION('',(0.,-0.780868809443,0.624695047554));
#3167 = PCURVE('',#3109,#3168);
#3168 = DEFINITIONAL_REPRESENTATION('',(#3169),#3173);
#3169 = LINE('',#3170,#3171);
#3170 = CARTESIAN_POINT('',(26.,-32.5));
#3171 = VECTOR('',#3172,1.);
#3172 = DIRECTION('',(-0.624695047554,0.780868809443));
#3173 = ( GEOMETRIC_REPRESENTATION_CONTEXT(2) 
PARAMETRIC_REPRESENTATION_CONTEXT() REPRESENTATION_CONTEXT('2D SPACE',''
  ) );
#3174 = PCURVE('',#3175,#3180);
#3175 = PLANE('',#3176);
#3176 = AXIS2_PLACEMENT_3D('',#3177,#3178,#3179);
#3177 = CARTESIAN_POINT('',(230.,-32.5,138.));
#3178 = DIRECTION('',(-1.,-0.,-0.));
#3179 = DIRECTION('',(0.,0.,-1.));
#3180 = DEFINITIONAL_REPRESENTATION('',(#3181),#3185);
#3181 = LINE('',#3182,#3183);
#3182 = CARTESIAN_POINT('',(0.,0.));
#3183 = VECTOR('',#3184,1.);
#3184 = DIRECTION('',(-0.624695047554,0.780868809443));
#3185 = ( GEOMETRIC_REPRESENTATION_CONTEXT(2) 
PARAMETRIC_REPRESENTATION_CONTEXT() REPRESENTATION_CONTEXT('2D SPACE',''
  ) );
#3186 = ADVANCED_FACE('',(#3187),#3199,.T.);
#3187 = FACE_BOUND('',#3188,.T.);
#3188 = EDGE_LOOP('',(#3189,#3222,#3250));
#3189 = ORIENTED_EDGE('',*,*,#3190,.T.);
#3190 = EDGE_CURVE('',#3191,#482,#3193,.T.);
#3191 = VERTEX_POINT('',#3192);
#3192 = CARTESIAN_POINT('',(230.,-130.,112.));
#3193 = SURFACE_CURVE('',#3194,(#3198,#3210),.PCURVE_S1.);
#3194 = LINE('',#3195,#3196);
#3195 = CARTESIAN_POINT('',(230.,-130.,112.));
#3196 = VECTOR('',#3197,1.);
#3197 = DIRECTION('',(0.,0.780868809443,0.624695047554));
#3198 = PCURVE('',#3199,#3204);
#3199 = PLANE('',#3200);
#3200 = AXIS2_PLACEMENT_3D('',#3201,#3202,#3203);
#3201 = CARTESIAN_POINT('',(230.,-130.,112.));
#3202 = DIRECTION('',(-1.,0.,0.));
#3203 = DIRECTION('',(0.,0.,-1.));
#3204 = DEFINITIONAL_REPRESENTATION('',(#3205),#3209);
#3205 = LINE('',#3206,#3207);
#3206 = CARTESIAN_POINT('',(0.,-0.));
#3207 = VECTOR('',#3208,1.);
#3208 = DIRECTION('',(-0.624695047554,-0.780868809443));
#3209 = ( GEOMETRIC_REPRESENTATION_CONTEXT(2) 
PARAMETRIC_REPRESENTATION_CONTEXT() REPRESENTATION_CONTEXT('2D SPACE',''
  ) );
#3210 = PCURVE('',#3211,#3216);
#3211 = PLANE('',#3212);
#3212 = AXIS2_PLACEMENT_3D('',#3213,#3214,#3215);
#3213 = CARTESIAN_POINT('',(230.,-97.5,138.));
#3214 = DIRECTION('',(-1.,-0.,-0.));
#3215 = DIRECTION('',(0.,0.,-1.));
#3216 = DEFINITIONAL_REPRESENTATION('',(#3217),#3221);
#3217 = LINE('',#3218,#3219);
#3218 = CARTESIAN_POINT('',(26.,32.5));
#3219 = VECTOR('',#3220,1.);
#3220 = DIRECTION('',(-0.624695047554,-0.780868809443));
#3221 = ( GEOMETRIC_REPRESENTATION_CONTEXT(2) 
PARAMETRIC_REPRESENTATION_CONTEXT() REPRESENTATION_CONTEXT('2D SPACE',''
  ) );
#3222 = ORIENTED_EDGE('',*,*,#3223,.T.);
#3223 = EDGE_CURVE('',#482,#3224,#3226,.T.);
#3224 = VERTEX_POINT('',#3225);
#3225 = CARTESIAN_POINT('',(230.,-97.5,86.));
#3226 = SURFACE_CURVE('',#3227,(#3231,#3238),.PCURVE_S1.);
#3227 = LINE('',#3228,#3229);
#3228 = CARTESIAN_POINT('',(230.,-97.5,138.));
#3229 = VECTOR('',#3230,1.);
#3230 = DIRECTION('',(0.,0.,-1.));
#3231 = PCURVE('',#3199,#3232);
#3232 = DEFINITIONAL_REPRESENTATION('',(#3233),#3237);
#3233 = LINE('',#3234,#3235);
#3234 = CARTESIAN_POINT('',(-26.,-32.5));
#3235 = VECTOR('',#3236,1.);
#3236 = DIRECTION('',(1.,0.));
#3237 = ( GEOMETRIC_REPRESENTATION_CONTEXT(2) 
PARAMETRIC_REPRESENTATION_CONTEXT() REPRESENTATION_CONTEXT('2D SPACE',''
  ) );
#3238 = PCURVE('',#3239,#3244);
#3239 = PLANE('',#3240);
#3240 = AXIS2_PLACEMENT_3D('',#3241,#3242,#3243);
#3241 = CARTESIAN_POINT('',(230.,-65.,112.));
#3242 = DIRECTION('',(-1.,0.,0.));
#3243 = DIRECTION('',(0.,0.,-1.));
#3244 = DEFINITIONAL_REPRESENTATION('',(#3245),#3249);
#3245 = LINE('',#3246,#3247);
#3246 = CARTESIAN_POINT('',(-26.,32.5));
#3247 = VECTOR('',#3248,1.);
#3248 = DIRECTION('',(1.,0.));
#3249 = ( GEOMETRIC_REPRESENTATION_CONTEXT(2) 
PARAMETRIC_REPRESENTATION_CONTEXT() REPRESENTATION_CONTEXT('2D SPACE',''
  ) );
#3250 = ORIENTED_EDGE('',*,*,#3251,.T.);
#3251 = EDGE_CURVE('',#3224,#3191,#3252,.T.);
#3252 = SURFACE_CURVE('',#3253,(#3257,#3264),.PCURVE_S1.);
#3253 = LINE('',#3254,#3255);
#3254 = CARTESIAN_POINT('',(230.,-97.5,86.));
#3255 = VECTOR('',#3256,1.);
#3256 = DIRECTION('',(0.,-0.780868809443,0.624695047554));
#3257 = PCURVE('',#3199,#3258);
#3258 = DEFINITIONAL_REPRESENTATION('',(#3259),#3263);
#3259 = LINE('',#3260,#3261);
#3260 = CARTESIAN_POINT('',(26.,-32.5));
#3261 = VECTOR('',#3262,1.);
#3262 = DIRECTION('',(-0.624695047554,0.780868809443));
#3263 = ( GEOMETRIC_REPRESENTATION_CONTEXT(2) 
PARAMETRIC_REPRESENTATION_CONTEXT() REPRESENTATION_CONTEXT('2D SPACE',''
  ) );
#3264 = PCURVE('',#3265,#3270);
#3265 = PLANE('',#3266);
#3266 = AXIS2_PLACEMENT_3D('',#3267,#3268,#3269);
#3267 = CARTESIAN_POINT('',(230.,-97.5,86.));
#3268 = DIRECTION('',(-1.,-0.,-0.));
#3269 = DIRECTION('',(0.,0.,-1.));
#3270 = DEFINITIONAL_REPRESENTATION('',(#3271),#3275);
#3271 = LINE('',#3272,#3273);
#3272 = CARTESIAN_POINT('',(0.,0.));
#3273 = VECTOR('',#3274,1.);
#3274 = DIRECTION('',(-0.624695047554,0.780868809443));
#3275 = ( GEOMETRIC_REPRESENTATION_CONTEXT(2) 
PARAMETRIC_REPRESENTATION_CONTEXT() REPRESENTATION_CONTEXT('2D SPACE',''
  ) );
#3276 = ADVANCED_FACE('',(#3277),#3289,.T.);
#3277 = FACE_BOUND('',#3278,.T.);
#3278 = EDGE_LOOP('',(#3279,#3312,#3338));
#3279 = ORIENTED_EDGE('',*,*,#3280,.T.);
#3280 = EDGE_CURVE('',#2508,#3281,#3283,.T.);
#3281 = VERTEX_POINT('',#3282);
#3282 = CARTESIAN_POINT('',(230.,-97.5,239.248559));
#3283 = SURFACE_CURVE('',#3284,(#3288,#3300),.PCURVE_S1.);
#3284 = LINE('',#3285,#3286);
#3285 = CARTESIAN_POINT('',(230.,-130.,213.242485));
#3286 = VECTOR('',#3287,1.);
#3287 = DIRECTION('',(0.,0.780797621413,0.6247840222));
#3288 = PCURVE('',#3289,#3294);
#3289 = PLANE('',#3290);
#3290 = AXIS2_PLACEMENT_3D('',#3291,#3292,#3293);
#3291 = CARTESIAN_POINT('',(230.,-130.,213.242485));
#3292 = DIRECTION('',(-1.,0.,0.));
#3293 = DIRECTION('',(0.,0.,-1.));
#3294 = DEFINITIONAL_REPRESENTATION('',(#3295),#3299);
#3295 = LINE('',#3296,#3297);
#3296 = CARTESIAN_POINT('',(0.,-0.));
#3297 = VECTOR('',#3298,1.);
#3298 = DIRECTION('',(-0.6247840222,-0.780797621413));
#3299 = ( GEOMETRIC_REPRESENTATION_CONTEXT(2) 
PARAMETRIC_REPRESENTATION_CONTEXT() REPRESENTATION_CONTEXT('2D SPACE',''
  ) );
#3300 = PCURVE('',#3301,#3306);
#3301 = PLANE('',#3302);
#3302 = AXIS2_PLACEMENT_3D('',#3303,#3304,#3305);
#3303 = CARTESIAN_POINT('',(230.,-97.5,239.248559));
#3304 = DIRECTION('',(-1.,0.,0.));
#3305 = DIRECTION('',(0.,0.,-1.));
#3306 = DEFINITIONAL_REPRESENTATION('',(#3307),#3311);
#3307 = LINE('',#3308,#3309);
#3308 = CARTESIAN_POINT('',(26.006074,32.5));
#3309 = VECTOR('',#3310,1.);
#3310 = DIRECTION('',(-0.6247840222,-0.780797621413));
#3311 = ( GEOMETRIC_REPRESENTATION_CONTEXT(2) 
PARAMETRIC_REPRESENTATION_CONTEXT() REPRESENTATION_CONTEXT('2D SPACE',''
  ) );
#3312 = ORIENTED_EDGE('',*,*,#3313,.T.);
#3313 = EDGE_CURVE('',#3281,#515,#3314,.T.);
#3314 = SURFACE_CURVE('',#3315,(#3319,#3326),.PCURVE_S1.);
#3315 = LINE('',#3316,#3317);
#3316 = CARTESIAN_POINT('',(230.,-97.5,239.248559));
#3317 = VECTOR('',#3318,1.);
#3318 = DIRECTION('',(0.,0.,-1.));
#3319 = PCURVE('',#3289,#3320);
#3320 = DEFINITIONAL_REPRESENTATION('',(#3321),#3325);
#3321 = LINE('',#3322,#3323);
#3322 = CARTESIAN_POINT('',(-26.006074,-32.5));
#3323 = VECTOR('',#3324,1.);
#3324 = DIRECTION('',(1.,0.));
#3325 = ( GEOMETRIC_REPRESENTATION_CONTEXT(2) 
PARAMETRIC_REPRESENTATION_CONTEXT() REPRESENTATION_CONTEXT('2D SPACE',''
  ) );
#3326 = PCURVE('',#3327,#3332);
#3327 = PLANE('',#3328);
#3328 = AXIS2_PLACEMENT_3D('',#3329,#3330,#3331);
#3329 = CARTESIAN_POINT('',(230.,-65.,216.));
#3330 = DIRECTION('',(-1.,0.,0.));
#3331 = DIRECTION('',(0.,0.,-1.));
#3332 = DEFINITIONAL_REPRESENTATION('',(#3333),#3337);
#3333 = LINE('',#3334,#3335);
#3334 = CARTESIAN_POINT('',(-23.248559,32.5));
#3335 = VECTOR('',#3336,1.);
#3336 = DIRECTION('',(1.,0.));
#3337 = ( GEOMETRIC_REPRESENTATION_CONTEXT(2) 
PARAMETRIC_REPRESENTATION_CONTEXT() REPRESENTATION_CONTEXT('2D SPACE',''
  ) );
#3338 = ORIENTED_EDGE('',*,*,#3339,.T.);
#3339 = EDGE_CURVE('',#515,#2508,#3340,.T.);
#3340 = SURFACE_CURVE('',#3341,(#3345,#3352),.PCURVE_S1.);
#3341 = LINE('',#3342,#3343);
#3342 = CARTESIAN_POINT('',(230.,-97.5,190.));
#3343 = VECTOR('',#3344,1.);
#3344 = DIRECTION('',(0.,-0.813399530359,0.581705427181));
#3345 = PCURVE('',#3289,#3346);
#3346 = DEFINITIONAL_REPRESENTATION('',(#3347),#3351);
#3347 = LINE('',#3348,#3349);
#3348 = CARTESIAN_POINT('',(23.242485,-32.5));
#3349 = VECTOR('',#3350,1.);
#3350 = DIRECTION('',(-0.581705427181,0.813399530359));
#3351 = ( GEOMETRIC_REPRESENTATION_CONTEXT(2) 
PARAMETRIC_REPRESENTATION_CONTEXT() REPRESENTATION_CONTEXT('2D SPACE',''
  ) );
#3352 = PCURVE('',#3353,#3358);
#3353 = PLANE('',#3354);
#3354 = AXIS2_PLACEMENT_3D('',#3355,#3356,#3357);
#3355 = CARTESIAN_POINT('',(230.,-97.5,190.));
#3356 = DIRECTION('',(-1.,-0.,-0.));
#3357 = DIRECTION('',(0.,0.,-1.));
#3358 = DEFINITIONAL_REPRESENTATION('',(#3359),#3363);
#3359 = LINE('',#3360,#3361);
#3360 = CARTESIAN_POINT('',(0.,0.));
#3361 = VECTOR('',#3362,1.);
#3362 = DIRECTION('',(-0.581705427181,0.813399530359));
#3363 = ( GEOMETRIC_REPRESENTATION_CONTEXT(2) 
PARAMETRIC_REPRESENTATION_CONTEXT() REPRESENTATION_CONTEXT('2D SPACE',''
  ) );
#3364 = ADVANCED_FACE('',(#3365),#3375,.T.);
#3365 = FACE_BOUND('',#3366,.T.);
#3366 = EDGE_LOOP('',(#3367,#3393,#3421));
#3367 = ORIENTED_EDGE('',*,*,#3368,.T.);
#3368 = EDGE_CURVE('',#572,#1976,#3369,.T.);
#3369 = SURFACE_CURVE('',#3370,(#3374,#3386),.PCURVE_S1.);
#3370 = LINE('',#3371,#3372);
#3371 = CARTESIAN_POINT('',(244.992221,-118.92266,30.));
#3372 = VECTOR('',#3373,1.);
#3373 = DIRECTION('',(0.999830966453,1.838582392451E-02,0.));
#3374 = PCURVE('',#3375,#3380);
#3375 = PLANE('',#3376);
#3376 = AXIS2_PLACEMENT_3D('',#3377,#3378,#3379);
#3377 = CARTESIAN_POINT('',(244.992221,-118.92266,30.));
#3378 = DIRECTION('',(0.,-0.,-1.));
#3379 = DIRECTION('',(-1.,0.,-0.));
#3380 = DEFINITIONAL_REPRESENTATION('',(#3381),#3385);
#3381 = LINE('',#3382,#3383);
#3382 = CARTESIAN_POINT('',(0.,0.));
#3383 = VECTOR('',#3384,1.);
#3384 = DIRECTION('',(-0.999830966453,1.838582392451E-02));
#3385 = ( GEOMETRIC_REPRESENTATION_CONTEXT(2) 
PARAMETRIC_REPRESENTATION_CONTEXT() REPRESENTATION_CONTEXT('2D SPACE',''
  ) );
#3386 = PCURVE('',#2017,#3387);
#3387 = DEFINITIONAL_REPRESENTATION('',(#3388),#3392);
#3388 = LINE('',#3389,#3390);
#3389 = CARTESIAN_POINT('',(27.780297,-0.51085));
#3390 = VECTOR('',#3391,1.);
#3391 = DIRECTION('',(-0.999830966453,1.838582392451E-02));
#3392 = ( GEOMETRIC_REPRESENTATION_CONTEXT(2) 
PARAMETRIC_REPRESENTATION_CONTEXT() REPRESENTATION_CONTEXT('2D SPACE',''
  ) );
#3393 = ORIENTED_EDGE('',*,*,#3394,.T.);
#3394 = EDGE_CURVE('',#1976,#3395,#3397,.T.);
#3395 = VERTEX_POINT('',#3396);
#3396 = CARTESIAN_POINT('',(257.750474,-156.653712,30.));
#3397 = SURFACE_CURVE('',#3398,(#3402,#3409),.PCURVE_S1.);
#3398 = LINE('',#3399,#3400);
#3399 = CARTESIAN_POINT('',(272.772518,-118.41181,30.));
#3400 = VECTOR('',#3401,1.);
#3401 = DIRECTION('',(-0.365619472506,-0.930764417736,0.));
#3402 = PCURVE('',#3375,#3403);
#3403 = DEFINITIONAL_REPRESENTATION('',(#3404),#3408);
#3404 = LINE('',#3405,#3406);
#3405 = CARTESIAN_POINT('',(-27.780297,0.51085));
#3406 = VECTOR('',#3407,1.);
#3407 = DIRECTION('',(0.365619472506,-0.930764417736));
#3408 = ( GEOMETRIC_REPRESENTATION_CONTEXT(2) 
PARAMETRIC_REPRESENTATION_CONTEXT() REPRESENTATION_CONTEXT('2D SPACE',''
  ) );
#3409 = PCURVE('',#3410,#3415);
#3410 = PLANE('',#3411);
#3411 = AXIS2_PLACEMENT_3D('',#3412,#3413,#3414);
#3412 = CARTESIAN_POINT('',(283.960445,-155.848937,30.));
#3413 = DIRECTION('',(-0.,-0.,-1.));
#3414 = DIRECTION('',(-1.,0.,0.));
#3415 = DEFINITIONAL_REPRESENTATION('',(#3416),#3420);
#3416 = LINE('',#3417,#3418);
#3417 = CARTESIAN_POINT('',(11.187927,37.437127));
#3418 = VECTOR('',#3419,1.);
#3419 = DIRECTION('',(0.365619472506,-0.930764417736));
#3420 = ( GEOMETRIC_REPRESENTATION_CONTEXT(2) 
PARAMETRIC_REPRESENTATION_CONTEXT() REPRESENTATION_CONTEXT('2D SPACE',''
  ) );
#3421 = ORIENTED_EDGE('',*,*,#3422,.T.);
#3422 = EDGE_CURVE('',#3395,#572,#3423,.T.);
#3423 = SURFACE_CURVE('',#3424,(#3428,#3435),.PCURVE_S1.);
#3424 = LINE('',#3425,#3426);
#3425 = CARTESIAN_POINT('',(257.750474,-156.653712,30.));
#3426 = VECTOR('',#3427,1.);
#3427 = DIRECTION('',(-0.320320057229,0.947309379737,0.));
#3428 = PCURVE('',#3375,#3429);
#3429 = DEFINITIONAL_REPRESENTATION('',(#3430),#3434);
#3430 = LINE('',#3431,#3432);
#3431 = CARTESIAN_POINT('',(-12.758253,-37.731052));
#3432 = VECTOR('',#3433,1.);
#3433 = DIRECTION('',(0.320320057229,0.947309379737));
#3434 = ( GEOMETRIC_REPRESENTATION_CONTEXT(2) 
PARAMETRIC_REPRESENTATION_CONTEXT() REPRESENTATION_CONTEXT('2D SPACE',''
  ) );
#3435 = PCURVE('',#3436,#3441);
#3436 = PLANE('',#3437);
#3437 = AXIS2_PLACEMENT_3D('',#3438,#3439,#3440);
#3438 = CARTESIAN_POINT('',(257.750474,-156.653712,30.));
#3439 = DIRECTION('',(-0.,-0.,-1.));
#3440 = DIRECTION('',(-1.,0.,0.));
#3441 = DEFINITIONAL_REPRESENTATION('',(#3442),#3446);
#3442 = LINE('',#3443,#3444);
#3443 = CARTESIAN_POINT('',(0.,0.));
#3444 = VECTOR('',#3445,1.);
#3445 = DIRECTION('',(0.320320057229,0.947309379737));
#3446 = ( GEOMETRIC_REPRESENTATION_CONTEXT(2) 
PARAMETRIC_REPRESENTATION_CONTEXT() REPRESENTATION_CONTEXT('2D SPACE',''
  ) );
#3447 = ADVANCED_FACE('',(#3448),#3460,.T.);
#3448 = FACE_BOUND('',#3449,.T.);
#3449 = EDGE_LOOP('',(#3450,#3483,#3511));
#3450 = ORIENTED_EDGE('',*,*,#3451,.T.);
#3451 = EDGE_CURVE('',#3452,#574,#3454,.T.);
#3452 = VERTEX_POINT('',#3453);
#3453 = CARTESIAN_POINT('',(187.808637,-119.10832,30.));
#3454 = SURFACE_CURVE('',#3455,(#3459,#3471),.PCURVE_S1.);
#3455 = LINE('',#3456,#3457);
#3456 = CARTESIAN_POINT('',(187.808637,-119.10832,30.));
#3457 = VECTOR('',#3458,1.);
#3458 = DIRECTION('',(0.99997667734,6.829698023449E-03,0.));
#3459 = PCURVE('',#3460,#3465);
#3460 = PLANE('',#3461);
#3461 = AXIS2_PLACEMENT_3D('',#3462,#3463,#3464);
#3462 = CARTESIAN_POINT('',(187.808637,-119.10832,30.));
#3463 = DIRECTION('',(0.,-0.,-1.));
#3464 = DIRECTION('',(-1.,0.,-0.));
#3465 = DEFINITIONAL_REPRESENTATION('',(#3466),#3470);
#3466 = LINE('',#3467,#3468);
#3467 = CARTESIAN_POINT('',(0.,0.));
#3468 = VECTOR('',#3469,1.);
#3469 = DIRECTION('',(-0.99997667734,6.829698023449E-03));
#3470 = ( GEOMETRIC_REPRESENTATION_CONTEXT(2) 
PARAMETRIC_REPRESENTATION_CONTEXT() REPRESENTATION_CONTEXT('2D SPACE',''
  ) );
#3471 = PCURVE('',#3472,#3477);
#3472 = PLANE('',#3473);
#3473 = AXIS2_PLACEMENT_3D('',#3474,#3475,#3476);
#3474 = CARTESIAN_POINT('',(214.992221,-118.92266,30.));
#3475 = DIRECTION('',(-0.,-0.,-1.));
#3476 = DIRECTION('',(-1.,0.,0.));
#3477 = DEFINITIONAL_REPRESENTATION('',(#3478),#3482);
#3478 = LINE('',#3479,#3480);
#3479 = CARTESIAN_POINT('',(27.183584,-0.18566));
#3480 = VECTOR('',#3481,1.);
#3481 = DIRECTION('',(-0.99997667734,6.829698023449E-03));
#3482 = ( GEOMETRIC_REPRESENTATION_CONTEXT(2) 
PARAMETRIC_REPRESENTATION_CONTEXT() REPRESENTATION_CONTEXT('2D SPACE',''
  ) );
#3483 = ORIENTED_EDGE('',*,*,#3484,.T.);
#3484 = EDGE_CURVE('',#574,#3485,#3487,.T.);
#3485 = VERTEX_POINT('',#3486);
#3486 = CARTESIAN_POINT('',(202.7946,-157.30665,30.));
#3487 = SURFACE_CURVE('',#3488,(#3492,#3499),.PCURVE_S1.);
#3488 = LINE('',#3489,#3490);
#3489 = CARTESIAN_POINT('',(214.992221,-118.92266,30.));
#3490 = VECTOR('',#3491,1.);
#3491 = DIRECTION('',(-0.302854917602,-0.953036672371,0.));
#3492 = PCURVE('',#3460,#3493);
#3493 = DEFINITIONAL_REPRESENTATION('',(#3494),#3498);
#3494 = LINE('',#3495,#3496);
#3495 = CARTESIAN_POINT('',(-27.183584,0.18566));
#3496 = VECTOR('',#3497,1.);
#3497 = DIRECTION('',(0.302854917602,-0.953036672371));
#3498 = ( GEOMETRIC_REPRESENTATION_CONTEXT(2) 
PARAMETRIC_REPRESENTATION_CONTEXT() REPRESENTATION_CONTEXT('2D SPACE',''
  ) );
#3499 = PCURVE('',#3500,#3505);
#3500 = PLANE('',#3501);
#3501 = AXIS2_PLACEMENT_3D('',#3502,#3503,#3504);
#3502 = CARTESIAN_POINT('',(229.974722,-157.134044,30.));
#3503 = DIRECTION('',(-0.,-0.,-1.));
#3504 = DIRECTION('',(-1.,0.,0.));
#3505 = DEFINITIONAL_REPRESENTATION('',(#3506),#3510);
#3506 = LINE('',#3507,#3508);
#3507 = CARTESIAN_POINT('',(14.982501,38.211384));
#3508 = VECTOR('',#3509,1.);
#3509 = DIRECTION('',(0.302854917602,-0.953036672371));
#3510 = ( GEOMETRIC_REPRESENTATION_CONTEXT(2) 
PARAMETRIC_REPRESENTATION_CONTEXT() REPRESENTATION_CONTEXT('2D SPACE',''
  ) );
#3511 = ORIENTED_EDGE('',*,*,#3512,.T.);
#3512 = EDGE_CURVE('',#3485,#3452,#3513,.T.);
#3513 = SURFACE_CURVE('',#3514,(#3518,#3525),.PCURVE_S1.);
#3514 = LINE('',#3515,#3516);
#3515 = CARTESIAN_POINT('',(202.7946,-157.30665,30.));
#3516 = VECTOR('',#3517,1.);
#3517 = DIRECTION('',(-0.365219027804,0.930921619541,0.));
#3518 = PCURVE('',#3460,#3519);
#3519 = DEFINITIONAL_REPRESENTATION('',(#3520),#3524);
#3520 = LINE('',#3521,#3522);
#3521 = CARTESIAN_POINT('',(-14.985963,-38.19833));
#3522 = VECTOR('',#3523,1.);
#3523 = DIRECTION('',(0.365219027804,0.930921619541));
#3524 = ( GEOMETRIC_REPRESENTATION_CONTEXT(2) 
PARAMETRIC_REPRESENTATION_CONTEXT() REPRESENTATION_CONTEXT('2D SPACE',''
  ) );
#3525 = PCURVE('',#3526,#3531);
#3526 = PLANE('',#3527);
#3527 = AXIS2_PLACEMENT_3D('',#3528,#3529,#3530);
#3528 = CARTESIAN_POINT('',(202.7946,-157.30665,30.));
#3529 = DIRECTION('',(-0.,0.,-1.));
#3530 = DIRECTION('',(-1.,0.,0.));
#3531 = DEFINITIONAL_REPRESENTATION('',(#3532),#3536);
#3532 = LINE('',#3533,#3534);
#3533 = CARTESIAN_POINT('',(0.,0.));
#3534 = VECTOR('',#3535,1.);
#3535 = DIRECTION('',(0.365219027804,0.930921619541));
#3536 = ( GEOMETRIC_REPRESENTATION_CONTEXT(2) 
PARAMETRIC_REPRESENTATION_CONTEXT() REPRESENTATION_CONTEXT('2D SPACE',''
  ) );
#3537 = ADVANCED_FACE('',(#3538),#3550,.T.);
#3538 = FACE_BOUND('',#3539,.T.);
#3539 = EDGE_LOOP('',(#3540,#3568,#3594));
#3540 = ORIENTED_EDGE('',*,*,#3541,.T.);
#3541 = EDGE_CURVE('',#3542,#1799,#3544,.T.);
#3542 = VERTEX_POINT('',#3543);
#3543 = CARTESIAN_POINT('',(215.,-40.,30.));
#3544 = SURFACE_CURVE('',#3545,(#3549,#3561),.PCURVE_S1.);
#3545 = LINE('',#3546,#3547);
#3546 = CARTESIAN_POINT('',(215.,-40.,30.));
#3547 = VECTOR('',#3548,1.);
#3548 = DIRECTION('',(1.,0.,0.));
#3549 = PCURVE('',#3550,#3555);
#3550 = PLANE('',#3551);
#3551 = AXIS2_PLACEMENT_3D('',#3552,#3553,#3554);
#3552 = CARTESIAN_POINT('',(215.,-40.,30.));
#3553 = DIRECTION('',(0.,-0.,-1.));
#3554 = DIRECTION('',(-1.,0.,-0.));
#3555 = DEFINITIONAL_REPRESENTATION('',(#3556),#3560);
#3556 = LINE('',#3557,#3558);
#3557 = CARTESIAN_POINT('',(0.,0.));
#3558 = VECTOR('',#3559,1.);
#3559 = DIRECTION('',(-1.,0.));
#3560 = ( GEOMETRIC_REPRESENTATION_CONTEXT(2) 
PARAMETRIC_REPRESENTATION_CONTEXT() REPRESENTATION_CONTEXT('2D SPACE',''
  ) );
#3561 = PCURVE('',#1840,#3562);
#3562 = DEFINITIONAL_REPRESENTATION('',(#3563),#3567);
#3563 = LINE('',#3564,#3565);
#3564 = CARTESIAN_POINT('',(30.,0.));
#3565 = VECTOR('',#3566,1.);
#3566 = DIRECTION('',(-1.,0.));
#3567 = ( GEOMETRIC_REPRESENTATION_CONTEXT(2) 
PARAMETRIC_REPRESENTATION_CONTEXT() REPRESENTATION_CONTEXT('2D SPACE',''
  ) );
#3568 = ORIENTED_EDGE('',*,*,#3569,.T.);
#3569 = EDGE_CURVE('',#1799,#607,#3570,.T.);
#3570 = SURFACE_CURVE('',#3571,(#3575,#3582),.PCURVE_S1.);
#3571 = LINE('',#3572,#3573);
#3572 = CARTESIAN_POINT('',(245.,-40.,30.));
#3573 = VECTOR('',#3574,1.);
#3574 = DIRECTION('',(-0.351123441588,-0.936329177569,0.));
#3575 = PCURVE('',#3550,#3576);
#3576 = DEFINITIONAL_REPRESENTATION('',(#3577),#3581);
#3577 = LINE('',#3578,#3579);
#3578 = CARTESIAN_POINT('',(-30.,0.));
#3579 = VECTOR('',#3580,1.);
#3580 = DIRECTION('',(0.351123441588,-0.936329177569));
#3581 = ( GEOMETRIC_REPRESENTATION_CONTEXT(2) 
PARAMETRIC_REPRESENTATION_CONTEXT() REPRESENTATION_CONTEXT('2D SPACE',''
  ) );
#3582 = PCURVE('',#3583,#3588);
#3583 = PLANE('',#3584);
#3584 = AXIS2_PLACEMENT_3D('',#3585,#3586,#3587);
#3585 = CARTESIAN_POINT('',(260.,-80.,30.));
#3586 = DIRECTION('',(0.,-0.,-1.));
#3587 = DIRECTION('',(-1.,0.,-0.));
#3588 = DEFINITIONAL_REPRESENTATION('',(#3589),#3593);
#3589 = LINE('',#3590,#3591);
#3590 = CARTESIAN_POINT('',(15.,40.));
#3591 = VECTOR('',#3592,1.);
#3592 = DIRECTION('',(0.351123441588,-0.936329177569));
#3593 = ( GEOMETRIC_REPRESENTATION_CONTEXT(2) 
PARAMETRIC_REPRESENTATION_CONTEXT() REPRESENTATION_CONTEXT('2D SPACE',''
  ) );
#3594 = ORIENTED_EDGE('',*,*,#3595,.T.);
#3595 = EDGE_CURVE('',#607,#3542,#3596,.T.);
#3596 = SURFACE_CURVE('',#3597,(#3601,#3608),.PCURVE_S1.);
#3597 = LINE('',#3598,#3599);
#3598 = CARTESIAN_POINT('',(230.,-80.,30.));
#3599 = VECTOR('',#3600,1.);
#3600 = DIRECTION('',(-0.351123441588,0.936329177569,0.));
#3601 = PCURVE('',#3550,#3602);
#3602 = DEFINITIONAL_REPRESENTATION('',(#3603),#3607);
#3603 = LINE('',#3604,#3605);
#3604 = CARTESIAN_POINT('',(-15.,-40.));
#3605 = VECTOR('',#3606,1.);
#3606 = DIRECTION('',(0.351123441588,0.936329177569));
#3607 = ( GEOMETRIC_REPRESENTATION_CONTEXT(2) 
PARAMETRIC_REPRESENTATION_CONTEXT() REPRESENTATION_CONTEXT('2D SPACE',''
  ) );
#3608 = PCURVE('',#3609,#3614);
#3609 = PLANE('',#3610);
#3610 = AXIS2_PLACEMENT_3D('',#3611,#3612,#3613);
#3611 = CARTESIAN_POINT('',(230.,-80.,30.));
#3612 = DIRECTION('',(-0.,-0.,-1.));
#3613 = DIRECTION('',(-1.,0.,0.));
#3614 = DEFINITIONAL_REPRESENTATION('',(#3615),#3619);
#3615 = LINE('',#3616,#3617);
#3616 = CARTESIAN_POINT('',(0.,0.));
#3617 = VECTOR('',#3618,1.);
#3618 = DIRECTION('',(0.351123441588,0.936329177569));
#3619 = ( GEOMETRIC_REPRESENTATION_CONTEXT(2) 
PARAMETRIC_REPRESENTATION_CONTEXT() REPRESENTATION_CONTEXT('2D SPACE',''
  ) );
#3620 = ADVANCED_FACE('',(#3621),#3633,.T.);
#3621 = FACE_BOUND('',#3622,.T.);
#3622 = EDGE_LOOP('',(#3623,#3656,#3677));
#3623 = ORIENTED_EDGE('',*,*,#3624,.T.);
#3624 = EDGE_CURVE('',#3625,#1400,#3627,.T.);
#3625 = VERTEX_POINT('',#3626);
#3626 = CARTESIAN_POINT('',(200.,-80.,30.));
#3627 = SURFACE_CURVE('',#3628,(#3632,#3644),.PCURVE_S1.);
#3628 = LINE('',#3629,#3630);
#3629 = CARTESIAN_POINT('',(200.,-80.,30.));
#3630 = VECTOR('',#3631,1.);
#3631 = DIRECTION('',(-0.999146147143,4.131557392907E-02,0.));
#3632 = PCURVE('',#3633,#3638);
#3633 = PLANE('',#3634);
#3634 = AXIS2_PLACEMENT_3D('',#3635,#3636,#3637);
#3635 = CARTESIAN_POINT('',(200.,-80.,30.));
#3636 = DIRECTION('',(0.,0.,-1.));
#3637 = DIRECTION('',(-1.,0.,-0.));
#3638 = DEFINITIONAL_REPRESENTATION('',(#3639),#3643);
#3639 = LINE('',#3640,#3641);
#3640 = CARTESIAN_POINT('',(0.,0.));
#3641 = VECTOR('',#3642,1.);
#3642 = DIRECTION('',(0.999146147143,4.131557392907E-02));
#3643 = ( GEOMETRIC_REPRESENTATION_CONTEXT(2) 
PARAMETRIC_REPRESENTATION_CONTEXT() REPRESENTATION_CONTEXT('2D SPACE',''
  ) );
#3644 = PCURVE('',#3645,#3650);
#3645 = PLANE('',#3646);
#3646 = AXIS2_PLACEMENT_3D('',#3647,#3648,#3649);
#3647 = CARTESIAN_POINT('',(180.008165,-79.17332,30.));
#3648 = DIRECTION('',(0.,0.,-1.));
#3649 = DIRECTION('',(-1.,0.,-0.));
#3650 = DEFINITIONAL_REPRESENTATION('',(#3651),#3655);
#3651 = LINE('',#3652,#3653);
#3652 = CARTESIAN_POINT('',(-19.991835,-0.82668));
#3653 = VECTOR('',#3654,1.);
#3654 = DIRECTION('',(0.999146147143,4.131557392907E-02));
#3655 = ( GEOMETRIC_REPRESENTATION_CONTEXT(2) 
PARAMETRIC_REPRESENTATION_CONTEXT() REPRESENTATION_CONTEXT('2D SPACE',''
  ) );
#3656 = ORIENTED_EDGE('',*,*,#3657,.T.);
#3657 = EDGE_CURVE('',#1400,#699,#3658,.T.);
#3658 = SURFACE_CURVE('',#3659,(#3663,#3670),.PCURVE_S1.);
#3659 = LINE('',#3660,#3661);
#3660 = CARTESIAN_POINT('',(180.008165,-79.17332,30.));
#3661 = VECTOR('',#3662,1.);
#3662 = DIRECTION('',(0.242100217068,0.970251248335,0.));
#3663 = PCURVE('',#3633,#3664);
#3664 = DEFINITIONAL_REPRESENTATION('',(#3665),#3669);
#3665 = LINE('',#3666,#3667);
#3666 = CARTESIAN_POINT('',(19.991835,0.82668));
#3667 = VECTOR('',#3668,1.);
#3668 = DIRECTION('',(-0.242100217068,0.970251248335));
#3669 = ( GEOMETRIC_REPRESENTATION_CONTEXT(2) 
PARAMETRIC_REPRESENTATION_CONTEXT() REPRESENTATION_CONTEXT('2D SPACE',''
  ) );
#3670 = PCURVE('',#740,#3671);
#3671 = DEFINITIONAL_REPRESENTATION('',(#3672),#3676);
#3672 = LINE('',#3673,#3674);
#3673 = CARTESIAN_POINT('',(0.,0.));
#3674 = VECTOR('',#3675,1.);
#3675 = DIRECTION('',(-0.242100217068,0.970251248335));
#3676 = ( GEOMETRIC_REPRESENTATION_CONTEXT(2) 
PARAMETRIC_REPRESENTATION_CONTEXT() REPRESENTATION_CONTEXT('2D SPACE',''
  ) );
#3677 = ORIENTED_EDGE('',*,*,#3678,.T.);
#3678 = EDGE_CURVE('',#699,#3625,#3679,.T.);
#3679 = SURFACE_CURVE('',#3680,(#3684,#3691),.PCURVE_S1.);
#3680 = LINE('',#3681,#3682);
#3681 = CARTESIAN_POINT('',(189.782818,-40.,30.));
#3682 = VECTOR('',#3683,1.);
#3683 = DIRECTION('',(0.247483664453,-0.96889206614,0.));
#3684 = PCURVE('',#3633,#3685);
#3685 = DEFINITIONAL_REPRESENTATION('',(#3686),#3690);
#3686 = LINE('',#3687,#3688);
#3687 = CARTESIAN_POINT('',(10.217182,40.));
#3688 = VECTOR('',#3689,1.);
#3689 = DIRECTION('',(-0.247483664453,-0.96889206614));
#3690 = ( GEOMETRIC_REPRESENTATION_CONTEXT(2) 
PARAMETRIC_REPRESENTATION_CONTEXT() REPRESENTATION_CONTEXT('2D SPACE',''
  ) );
#3691 = PCURVE('',#3692,#3697);
#3692 = PLANE('',#3693);
#3693 = AXIS2_PLACEMENT_3D('',#3694,#3695,#3696);
#3694 = CARTESIAN_POINT('',(189.782818,-40.,30.));
#3695 = DIRECTION('',(0.,0.,-1.));
#3696 = DIRECTION('',(-1.,0.,-0.));
#3697 = DEFINITIONAL_REPRESENTATION('',(#3698),#3702);
#3698 = LINE('',#3699,#3700);
#3699 = CARTESIAN_POINT('',(0.,0.));
#3700 = VECTOR('',#3701,1.);
#3701 = DIRECTION('',(-0.247483664453,-0.96889206614));
#3702 = ( GEOMETRIC_REPRESENTATION_CONTEXT(2) 
PARAMETRIC_REPRESENTATION_CONTEXT() REPRESENTATION_CONTEXT('2D SPACE',''
  ) );
#3703 = ADVANCED_FACE('',(#3704),#3716,.T.);
#3704 = FACE_BOUND('',#3705,.T.);
#3705 = EDGE_LOOP('',(#3706,#3739,#3767));
#3706 = ORIENTED_EDGE('',*,*,#3707,.T.);
#3707 = EDGE_CURVE('',#3708,#1308,#3710,.T.);
#3708 = VERTEX_POINT('',#3709);
#3709 = CARTESIAN_POINT('',(200.,80.,30.));
#3710 = SURFACE_CURVE('',#3711,(#3715,#3727),.PCURVE_S1.);
#3711 = LINE('',#3712,#3713);
#3712 = CARTESIAN_POINT('',(200.,80.,30.));
#3713 = VECTOR('',#3714,1.);
#3714 = DIRECTION('',(-0.999146147143,-4.131557392907E-02,0.));
#3715 = PCURVE('',#3716,#3721);
#3716 = PLANE('',#3717);
#3717 = AXIS2_PLACEMENT_3D('',#3718,#3719,#3720);
#3718 = CARTESIAN_POINT('',(200.,80.,30.));
#3719 = DIRECTION('',(-0.,0.,-1.));
#3720 = DIRECTION('',(-1.,0.,0.));
#3721 = DEFINITIONAL_REPRESENTATION('',(#3722),#3726);
#3722 = LINE('',#3723,#3724);
#3723 = CARTESIAN_POINT('',(0.,0.));
#3724 = VECTOR('',#3725,1.);
#3725 = DIRECTION('',(0.999146147143,-4.131557392907E-02));
#3726 = ( GEOMETRIC_REPRESENTATION_CONTEXT(2) 
PARAMETRIC_REPRESENTATION_CONTEXT() REPRESENTATION_CONTEXT('2D SPACE',''
  ) );
#3727 = PCURVE('',#3728,#3733);
#3728 = PLANE('',#3729);
#3729 = AXIS2_PLACEMENT_3D('',#3730,#3731,#3732);
#3730 = CARTESIAN_POINT('',(180.008165,79.17332,30.));
#3731 = DIRECTION('',(-0.,-0.,-1.));
#3732 = DIRECTION('',(-1.,0.,0.));
#3733 = DEFINITIONAL_REPRESENTATION('',(#3734),#3738);
#3734 = LINE('',#3735,#3736);
#3735 = CARTESIAN_POINT('',(-19.991835,0.82668));
#3736 = VECTOR('',#3737,1.);
#3737 = DIRECTION('',(0.999146147143,-4.131557392907E-02));
#3738 = ( GEOMETRIC_REPRESENTATION_CONTEXT(2) 
PARAMETRIC_REPRESENTATION_CONTEXT() REPRESENTATION_CONTEXT('2D SPACE',''
  ) );
#3739 = ORIENTED_EDGE('',*,*,#3740,.T.);
#3740 = EDGE_CURVE('',#1308,#3741,#3743,.T.);
#3741 = VERTEX_POINT('',#3742);
#3742 = CARTESIAN_POINT('',(187.808637,119.10832,30.));
#3743 = SURFACE_CURVE('',#3744,(#3748,#3755),.PCURVE_S1.);
#3744 = LINE('',#3745,#3746);
#3745 = CARTESIAN_POINT('',(180.008165,79.17332,30.));
#3746 = VECTOR('',#3747,1.);
#3747 = DIRECTION('',(0.191706309707,0.981452337518,0.));
#3748 = PCURVE('',#3716,#3749);
#3749 = DEFINITIONAL_REPRESENTATION('',(#3750),#3754);
#3750 = LINE('',#3751,#3752);
#3751 = CARTESIAN_POINT('',(19.991835,-0.82668));
#3752 = VECTOR('',#3753,1.);
#3753 = DIRECTION('',(-0.191706309707,0.981452337518));
#3754 = ( GEOMETRIC_REPRESENTATION_CONTEXT(2) 
PARAMETRIC_REPRESENTATION_CONTEXT() REPRESENTATION_CONTEXT('2D SPACE',''
  ) );
#3755 = PCURVE('',#3756,#3761);
#3756 = PLANE('',#3757);
#3757 = AXIS2_PLACEMENT_3D('',#3758,#3759,#3760);
#3758 = CARTESIAN_POINT('',(180.008165,79.17332,30.));
#3759 = DIRECTION('',(0.,0.,-1.));
#3760 = DIRECTION('',(-1.,0.,-0.));
#3761 = DEFINITIONAL_REPRESENTATION('',(#3762),#3766);
#3762 = LINE('',#3763,#3764);
#3763 = CARTESIAN_POINT('',(0.,0.));
#3764 = VECTOR('',#3765,1.);
#3765 = DIRECTION('',(-0.191706309707,0.981452337518));
#3766 = ( GEOMETRIC_REPRESENTATION_CONTEXT(2) 
PARAMETRIC_REPRESENTATION_CONTEXT() REPRESENTATION_CONTEXT('2D SPACE',''
  ) );
#3767 = ORIENTED_EDGE('',*,*,#3768,.T.);
#3768 = EDGE_CURVE('',#3741,#3708,#3769,.T.);
#3769 = SURFACE_CURVE('',#3770,(#3774,#3781),.PCURVE_S1.);
#3770 = LINE('',#3771,#3772);
#3771 = CARTESIAN_POINT('',(187.808637,119.10832,30.));
#3772 = VECTOR('',#3773,1.);
#3773 = DIRECTION('',(0.297608022909,-0.954688150497,0.));
#3774 = PCURVE('',#3716,#3775);
#3775 = DEFINITIONAL_REPRESENTATION('',(#3776),#3780);
#3776 = LINE('',#3777,#3778);
#3777 = CARTESIAN_POINT('',(12.191363,39.10832));
#3778 = VECTOR('',#3779,1.);
#3779 = DIRECTION('',(-0.297608022909,-0.954688150497));
#3780 = ( GEOMETRIC_REPRESENTATION_CONTEXT(2) 
PARAMETRIC_REPRESENTATION_CONTEXT() REPRESENTATION_CONTEXT('2D SPACE',''
  ) );
#3781 = PCURVE('',#3782,#3787);
#3782 = PLANE('',#3783);
#3783 = AXIS2_PLACEMENT_3D('',#3784,#3785,#3786);
#3784 = CARTESIAN_POINT('',(187.808637,119.10832,30.));
#3785 = DIRECTION('',(0.,0.,-1.));
#3786 = DIRECTION('',(-1.,0.,-0.));
#3787 = DEFINITIONAL_REPRESENTATION('',(#3788),#3792);
#3788 = LINE('',#3789,#3790);
#3789 = CARTESIAN_POINT('',(0.,0.));
#3790 = VECTOR('',#3791,1.);
#3791 = DIRECTION('',(-0.297608022909,-0.954688150497));
#3792 = ( GEOMETRIC_REPRESENTATION_CONTEXT(2) 
PARAMETRIC_REPRESENTATION_CONTEXT() REPRESENTATION_CONTEXT('2D SPACE',''
  ) );
#3793 = ADVANCED_FACE('',(#3794),#3804,.T.);
#3794 = FACE_BOUND('',#3795,.T.);
#3795 = EDGE_LOOP('',(#3796,#3827,#3855));
#3796 = ORIENTED_EDGE('',*,*,#3797,.T.);
#3797 = EDGE_CURVE('',#1766,#666,#3798,.T.);
#3798 = SURFACE_CURVE('',#3799,(#3803,#3815),.PCURVE_S1.);
#3799 = LINE('',#3800,#3801);
#3800 = CARTESIAN_POINT('',(230.,0.,30.));
#3801 = VECTOR('',#3802,1.);
#3802 = DIRECTION('',(-1.,0.,0.));
#3803 = PCURVE('',#3804,#3809);
#3804 = PLANE('',#3805);
#3805 = AXIS2_PLACEMENT_3D('',#3806,#3807,#3808);
#3806 = CARTESIAN_POINT('',(230.,0.,30.));
#3807 = DIRECTION('',(0.,0.,-1.));
#3808 = DIRECTION('',(-1.,0.,-0.));
#3809 = DEFINITIONAL_REPRESENTATION('',(#3810),#3814);
#3810 = LINE('',#3811,#3812);
#3811 = CARTESIAN_POINT('',(0.,0.));
#3812 = VECTOR('',#3813,1.);
#3813 = DIRECTION('',(1.,0.));
#3814 = ( GEOMETRIC_REPRESENTATION_CONTEXT(2) 
PARAMETRIC_REPRESENTATION_CONTEXT() REPRESENTATION_CONTEXT('2D SPACE',''
  ) );
#3815 = PCURVE('',#3816,#3821);
#3816 = PLANE('',#3817);
#3817 = AXIS2_PLACEMENT_3D('',#3818,#3819,#3820);
#3818 = CARTESIAN_POINT('',(200.,0.,30.));
#3819 = DIRECTION('',(0.,0.,-1.));
#3820 = DIRECTION('',(-1.,0.,-0.));
#3821 = DEFINITIONAL_REPRESENTATION('',(#3822),#3826);
#3822 = LINE('',#3823,#3824);
#3823 = CARTESIAN_POINT('',(-30.,0.));
#3824 = VECTOR('',#3825,1.);
#3825 = DIRECTION('',(1.,0.));
#3826 = ( GEOMETRIC_REPRESENTATION_CONTEXT(2) 
PARAMETRIC_REPRESENTATION_CONTEXT() REPRESENTATION_CONTEXT('2D SPACE',''
  ) );
#3827 = ORIENTED_EDGE('',*,*,#3828,.T.);
#3828 = EDGE_CURVE('',#666,#3829,#3831,.T.);
#3829 = VERTEX_POINT('',#3830);
#3830 = CARTESIAN_POINT('',(215.,40.,30.));
#3831 = SURFACE_CURVE('',#3832,(#3836,#3843),.PCURVE_S1.);
#3832 = LINE('',#3833,#3834);
#3833 = CARTESIAN_POINT('',(200.,0.,30.));
#3834 = VECTOR('',#3835,1.);
#3835 = DIRECTION('',(0.351123441588,0.936329177569,0.));
#3836 = PCURVE('',#3804,#3837);
#3837 = DEFINITIONAL_REPRESENTATION('',(#3838),#3842);
#3838 = LINE('',#3839,#3840);
#3839 = CARTESIAN_POINT('',(30.,0.));
#3840 = VECTOR('',#3841,1.);
#3841 = DIRECTION('',(-0.351123441588,0.936329177569));
#3842 = ( GEOMETRIC_REPRESENTATION_CONTEXT(2) 
PARAMETRIC_REPRESENTATION_CONTEXT() REPRESENTATION_CONTEXT('2D SPACE',''
  ) );
#3843 = PCURVE('',#3844,#3849);
#3844 = PLANE('',#3845);
#3845 = AXIS2_PLACEMENT_3D('',#3846,#3847,#3848);
#3846 = CARTESIAN_POINT('',(189.782818,40.,30.));
#3847 = DIRECTION('',(-0.,-0.,-1.));
#3848 = DIRECTION('',(-1.,0.,0.));
#3849 = DEFINITIONAL_REPRESENTATION('',(#3850),#3854);
#3850 = LINE('',#3851,#3852);
#3851 = CARTESIAN_POINT('',(-10.217182,-40.));
#3852 = VECTOR('',#3853,1.);
#3853 = DIRECTION('',(-0.351123441588,0.936329177569));
#3854 = ( GEOMETRIC_REPRESENTATION_CONTEXT(2) 
PARAMETRIC_REPRESENTATION_CONTEXT() REPRESENTATION_CONTEXT('2D SPACE',''
  ) );
#3855 = ORIENTED_EDGE('',*,*,#3856,.T.);
#3856 = EDGE_CURVE('',#3829,#1766,#3857,.T.);
#3857 = SURFACE_CURVE('',#3858,(#3862,#3869),.PCURVE_S1.);
#3858 = LINE('',#3859,#3860);
#3859 = CARTESIAN_POINT('',(215.,40.,30.));
#3860 = VECTOR('',#3861,1.);
#3861 = DIRECTION('',(0.351123441588,-0.936329177569,0.));
#3862 = PCURVE('',#3804,#3863);
#3863 = DEFINITIONAL_REPRESENTATION('',(#3864),#3868);
#3864 = LINE('',#3865,#3866);
#3865 = CARTESIAN_POINT('',(15.,40.));
#3866 = VECTOR('',#3867,1.);
#3867 = DIRECTION('',(-0.351123441588,-0.936329177569));
#3868 = ( GEOMETRIC_REPRESENTATION_CONTEXT(2) 
PARAMETRIC_REPRESENTATION_CONTEXT() REPRESENTATION_CONTEXT('2D SPACE',''
  ) );
#3869 = PCURVE('',#3870,#3875);
#3870 = PLANE('',#3871);
#3871 = AXIS2_PLACEMENT_3D('',#3872,#3873,#3874);
#3872 = CARTESIAN_POINT('',(215.,40.,30.));
#3873 = DIRECTION('',(0.,0.,-1.));
#3874 = DIRECTION('',(-1.,0.,-0.));
#3875 = DEFINITIONAL_REPRESENTATION('',(#3876),#3880);
#3876 = LINE('',#3877,#3878);
#3877 = CARTESIAN_POINT('',(0.,0.));
#3878 = VECTOR('',#3879,1.);
#3879 = DIRECTION('',(-0.351123441588,-0.936329177569));
#3880 = ( GEOMETRIC_REPRESENTATION_CONTEXT(2) 
PARAMETRIC_REPRESENTATION_CONTEXT() REPRESENTATION_CONTEXT('2D SPACE',''
  ) );
#3881 = ADVANCED_FACE('',(#3882),#3892,.T.);
#3882 = FACE_BOUND('',#3883,.T.);
#3883 = EDGE_LOOP('',(#3884,#3910,#3938));
#3884 = ORIENTED_EDGE('',*,*,#3885,.T.);
#3885 = EDGE_CURVE('',#756,#3741,#3886,.T.);
#3886 = SURFACE_CURVE('',#3887,(#3891,#3903),.PCURVE_S1.);
#3887 = LINE('',#3888,#3889);
#3888 = CARTESIAN_POINT('',(214.992221,118.92266,30.));
#3889 = VECTOR('',#3890,1.);
#3890 = DIRECTION('',(-0.99997667734,6.829698023449E-03,0.));
#3891 = PCURVE('',#3892,#3897);
#3892 = PLANE('',#3893);
#3893 = AXIS2_PLACEMENT_3D('',#3894,#3895,#3896);
#3894 = CARTESIAN_POINT('',(214.992221,118.92266,30.));
#3895 = DIRECTION('',(0.,0.,-1.));
#3896 = DIRECTION('',(-1.,0.,-0.));
#3897 = DEFINITIONAL_REPRESENTATION('',(#3898),#3902);
#3898 = LINE('',#3899,#3900);
#3899 = CARTESIAN_POINT('',(0.,0.));
#3900 = VECTOR('',#3901,1.);
#3901 = DIRECTION('',(0.99997667734,6.829698023449E-03));
#3902 = ( GEOMETRIC_REPRESENTATION_CONTEXT(2) 
PARAMETRIC_REPRESENTATION_CONTEXT() REPRESENTATION_CONTEXT('2D SPACE',''
  ) );
#3903 = PCURVE('',#3782,#3904);
#3904 = DEFINITIONAL_REPRESENTATION('',(#3905),#3909);
#3905 = LINE('',#3906,#3907);
#3906 = CARTESIAN_POINT('',(-27.183584,-0.18566));
#3907 = VECTOR('',#3908,1.);
#3908 = DIRECTION('',(0.99997667734,6.829698023449E-03));
#3909 = ( GEOMETRIC_REPRESENTATION_CONTEXT(2) 
PARAMETRIC_REPRESENTATION_CONTEXT() REPRESENTATION_CONTEXT('2D SPACE',''
  ) );
#3910 = ORIENTED_EDGE('',*,*,#3911,.T.);
#3911 = EDGE_CURVE('',#3741,#3912,#3914,.T.);
#3912 = VERTEX_POINT('',#3913);
#3913 = CARTESIAN_POINT('',(202.7946,157.30665,30.));
#3914 = SURFACE_CURVE('',#3915,(#3919,#3926),.PCURVE_S1.);
#3915 = LINE('',#3916,#3917);
#3916 = CARTESIAN_POINT('',(187.808637,119.10832,30.));
#3917 = VECTOR('',#3918,1.);
#3918 = DIRECTION('',(0.365219027804,0.930921619541,0.));
#3919 = PCURVE('',#3892,#3920);
#3920 = DEFINITIONAL_REPRESENTATION('',(#3921),#3925);
#3921 = LINE('',#3922,#3923);
#3922 = CARTESIAN_POINT('',(27.183584,0.18566));
#3923 = VECTOR('',#3924,1.);
#3924 = DIRECTION('',(-0.365219027804,0.930921619541));
#3925 = ( GEOMETRIC_REPRESENTATION_CONTEXT(2) 
PARAMETRIC_REPRESENTATION_CONTEXT() REPRESENTATION_CONTEXT('2D SPACE',''
  ) );
#3926 = PCURVE('',#3927,#3932);
#3927 = PLANE('',#3928);
#3928 = AXIS2_PLACEMENT_3D('',#3929,#3930,#3931);
#3929 = CARTESIAN_POINT('',(177.241909,157.666142,30.));
#3930 = DIRECTION('',(0.,-0.,-1.));
#3931 = DIRECTION('',(-1.,0.,-0.));
#3932 = DEFINITIONAL_REPRESENTATION('',(#3933),#3937);
#3933 = LINE('',#3934,#3935);
#3934 = CARTESIAN_POINT('',(-10.566728,-38.557822));
#3935 = VECTOR('',#3936,1.);
#3936 = DIRECTION('',(-0.365219027804,0.930921619541));
#3937 = ( GEOMETRIC_REPRESENTATION_CONTEXT(2) 
PARAMETRIC_REPRESENTATION_CONTEXT() REPRESENTATION_CONTEXT('2D SPACE',''
  ) );
#3938 = ORIENTED_EDGE('',*,*,#3939,.T.);
#3939 = EDGE_CURVE('',#3912,#756,#3940,.T.);
#3940 = SURFACE_CURVE('',#3941,(#3945,#3952),.PCURVE_S1.);
#3941 = LINE('',#3942,#3943);
#3942 = CARTESIAN_POINT('',(202.7946,157.30665,30.));
#3943 = VECTOR('',#3944,1.);
#3944 = DIRECTION('',(0.302854917602,-0.953036672371,0.));
#3945 = PCURVE('',#3892,#3946);
#3946 = DEFINITIONAL_REPRESENTATION('',(#3947),#3951);
#3947 = LINE('',#3948,#3949);
#3948 = CARTESIAN_POINT('',(12.197621,38.38399));
#3949 = VECTOR('',#3950,1.);
#3950 = DIRECTION('',(-0.302854917602,-0.953036672371));
#3951 = ( GEOMETRIC_REPRESENTATION_CONTEXT(2) 
PARAMETRIC_REPRESENTATION_CONTEXT() REPRESENTATION_CONTEXT('2D SPACE',''
  ) );
#3952 = PCURVE('',#3953,#3958);
#3953 = PLANE('',#3954);
#3954 = AXIS2_PLACEMENT_3D('',#3955,#3956,#3957);
#3955 = CARTESIAN_POINT('',(202.7946,157.30665,30.));
#3956 = DIRECTION('',(0.,-0.,-1.));
#3957 = DIRECTION('',(-1.,0.,-0.));
#3958 = DEFINITIONAL_REPRESENTATION('',(#3959),#3963);
#3959 = LINE('',#3960,#3961);
#3960 = CARTESIAN_POINT('',(0.,0.));
#3961 = VECTOR('',#3962,1.);
#3962 = DIRECTION('',(-0.302854917602,-0.953036672371));
#3963 = ( GEOMETRIC_REPRESENTATION_CONTEXT(2) 
PARAMETRIC_REPRESENTATION_CONTEXT() REPRESENTATION_CONTEXT('2D SPACE',''
  ) );
#3964 = ADVANCED_FACE('',(#3965),#3977,.T.);
#3965 = FACE_BOUND('',#3966,.T.);
#3966 = EDGE_LOOP('',(#3967,#4000,#4028));
#3967 = ORIENTED_EDGE('',*,*,#3968,.T.);
#3968 = EDGE_CURVE('',#3969,#758,#3971,.T.);
#3969 = VERTEX_POINT('',#3970);
#3970 = CARTESIAN_POINT('',(272.772518,118.41181,30.));
#3971 = SURFACE_CURVE('',#3972,(#3976,#3988),.PCURVE_S1.);
#3972 = LINE('',#3973,#3974);
#3973 = CARTESIAN_POINT('',(272.772518,118.41181,30.));
#3974 = VECTOR('',#3975,1.);
#3975 = DIRECTION('',(-0.999830966453,1.838582392451E-02,0.));
#3976 = PCURVE('',#3977,#3982);
#3977 = PLANE('',#3978);
#3978 = AXIS2_PLACEMENT_3D('',#3979,#3980,#3981);
#3979 = CARTESIAN_POINT('',(272.772518,118.41181,30.));
#3980 = DIRECTION('',(0.,0.,-1.));
#3981 = DIRECTION('',(-1.,0.,-0.));
#3982 = DEFINITIONAL_REPRESENTATION('',(#3983),#3987);
#3983 = LINE('',#3984,#3985);
#3984 = CARTESIAN_POINT('',(0.,0.));
#3985 = VECTOR('',#3986,1.);
#3986 = DIRECTION('',(0.999830966453,1.838582392451E-02));
#3987 = ( GEOMETRIC_REPRESENTATION_CONTEXT(2) 
PARAMETRIC_REPRESENTATION_CONTEXT() REPRESENTATION_CONTEXT('2D SPACE',''
  ) );
#3988 = PCURVE('',#3989,#3994);
#3989 = PLANE('',#3990);
#3990 = AXIS2_PLACEMENT_3D('',#3991,#3992,#3993);
#3991 = CARTESIAN_POINT('',(244.992221,118.92266,30.));
#3992 = DIRECTION('',(0.,0.,-1.));
#3993 = DIRECTION('',(-1.,0.,-0.));
#3994 = DEFINITIONAL_REPRESENTATION('',(#3995),#3999);
#3995 = LINE('',#3996,#3997);
#3996 = CARTESIAN_POINT('',(-27.780297,-0.51085));
#3997 = VECTOR('',#3998,1.);
#3998 = DIRECTION('',(0.999830966453,1.838582392451E-02));
#3999 = ( GEOMETRIC_REPRESENTATION_CONTEXT(2) 
PARAMETRIC_REPRESENTATION_CONTEXT() REPRESENTATION_CONTEXT('2D SPACE',''
  ) );
#4000 = ORIENTED_EDGE('',*,*,#4001,.T.);
#4001 = EDGE_CURVE('',#758,#4002,#4004,.T.);
#4002 = VERTEX_POINT('',#4003);
#4003 = CARTESIAN_POINT('',(257.750474,156.653712,30.));
#4004 = SURFACE_CURVE('',#4005,(#4009,#4016),.PCURVE_S1.);
#4005 = LINE('',#4006,#4007);
#4006 = CARTESIAN_POINT('',(244.992221,118.92266,30.));
#4007 = VECTOR('',#4008,1.);
#4008 = DIRECTION('',(0.320320057229,0.947309379737,0.));
#4009 = PCURVE('',#3977,#4010);
#4010 = DEFINITIONAL_REPRESENTATION('',(#4011),#4015);
#4011 = LINE('',#4012,#4013);
#4012 = CARTESIAN_POINT('',(27.780297,0.51085));
#4013 = VECTOR('',#4014,1.);
#4014 = DIRECTION('',(-0.320320057229,0.947309379737));
#4015 = ( GEOMETRIC_REPRESENTATION_CONTEXT(2) 
PARAMETRIC_REPRESENTATION_CONTEXT() REPRESENTATION_CONTEXT('2D SPACE',''
  ) );
#4016 = PCURVE('',#4017,#4022);
#4017 = PLANE('',#4018);
#4018 = AXIS2_PLACEMENT_3D('',#4019,#4020,#4021);
#4019 = CARTESIAN_POINT('',(229.974722,157.134044,30.));
#4020 = DIRECTION('',(0.,-0.,-1.));
#4021 = DIRECTION('',(-1.,0.,-0.));
#4022 = DEFINITIONAL_REPRESENTATION('',(#4023),#4027);
#4023 = LINE('',#4024,#4025);
#4024 = CARTESIAN_POINT('',(-15.017499,-38.211384));
#4025 = VECTOR('',#4026,1.);
#4026 = DIRECTION('',(-0.320320057229,0.947309379737));
#4027 = ( GEOMETRIC_REPRESENTATION_CONTEXT(2) 
PARAMETRIC_REPRESENTATION_CONTEXT() REPRESENTATION_CONTEXT('2D SPACE',''
  ) );
#4028 = ORIENTED_EDGE('',*,*,#4029,.T.);
#4029 = EDGE_CURVE('',#4002,#3969,#4030,.T.);
#4030 = SURFACE_CURVE('',#4031,(#4035,#4042),.PCURVE_S1.);
#4031 = LINE('',#4032,#4033);
#4032 = CARTESIAN_POINT('',(257.750474,156.653712,30.));
#4033 = VECTOR('',#4034,1.);
#4034 = DIRECTION('',(0.365619472506,-0.930764417736,0.));
#4035 = PCURVE('',#3977,#4036);
#4036 = DEFINITIONAL_REPRESENTATION('',(#4037),#4041);
#4037 = LINE('',#4038,#4039);
#4038 = CARTESIAN_POINT('',(15.022044,38.241902));
#4039 = VECTOR('',#4040,1.);
#4040 = DIRECTION('',(-0.365619472506,-0.930764417736));
#4041 = ( GEOMETRIC_REPRESENTATION_CONTEXT(2) 
PARAMETRIC_REPRESENTATION_CONTEXT() REPRESENTATION_CONTEXT('2D SPACE',''
  ) );
#4042 = PCURVE('',#4043,#4048);
#4043 = PLANE('',#4044);
#4044 = AXIS2_PLACEMENT_3D('',#4045,#4046,#4047);
#4045 = CARTESIAN_POINT('',(257.750474,156.653712,30.));
#4046 = DIRECTION('',(0.,-0.,-1.));
#4047 = DIRECTION('',(-1.,0.,-0.));
#4048 = DEFINITIONAL_REPRESENTATION('',(#4049),#4053);
#4049 = LINE('',#4050,#4051);
#4050 = CARTESIAN_POINT('',(0.,0.));
#4051 = VECTOR('',#4052,1.);
#4052 = DIRECTION('',(-0.365619472506,-0.930764417736));
#4053 = ( GEOMETRIC_REPRESENTATION_CONTEXT(2) 
PARAMETRIC_REPRESENTATION_CONTEXT() REPRESENTATION_CONTEXT('2D SPACE',''
  ) );
#4054 = ADVANCED_FACE('',(#4055),#4067,.T.);
#4055 = FACE_BOUND('',#4056,.T.);
#4056 = EDGE_LOOP('',(#4057,#4085,#4111));
#4057 = ORIENTED_EDGE('',*,*,#4058,.T.);
#4058 = EDGE_CURVE('',#4059,#3829,#4061,.T.);
#4059 = VERTEX_POINT('',#4060);
#4060 = CARTESIAN_POINT('',(245.,40.,30.));
#4061 = SURFACE_CURVE('',#4062,(#4066,#4078),.PCURVE_S1.);
#4062 = LINE('',#4063,#4064);
#4063 = CARTESIAN_POINT('',(245.,40.,30.));
#4064 = VECTOR('',#4065,1.);
#4065 = DIRECTION('',(-1.,0.,0.));
#4066 = PCURVE('',#4067,#4072);
#4067 = PLANE('',#4068);
#4068 = AXIS2_PLACEMENT_3D('',#4069,#4070,#4071);
#4069 = CARTESIAN_POINT('',(245.,40.,30.));
#4070 = DIRECTION('',(0.,0.,-1.));
#4071 = DIRECTION('',(-1.,0.,-0.));
#4072 = DEFINITIONAL_REPRESENTATION('',(#4073),#4077);
#4073 = LINE('',#4074,#4075);
#4074 = CARTESIAN_POINT('',(0.,0.));
#4075 = VECTOR('',#4076,1.);
#4076 = DIRECTION('',(1.,0.));
#4077 = ( GEOMETRIC_REPRESENTATION_CONTEXT(2) 
PARAMETRIC_REPRESENTATION_CONTEXT() REPRESENTATION_CONTEXT('2D SPACE',''
  ) );
#4078 = PCURVE('',#3870,#4079);
#4079 = DEFINITIONAL_REPRESENTATION('',(#4080),#4084);
#4080 = LINE('',#4081,#4082);
#4081 = CARTESIAN_POINT('',(-30.,0.));
#4082 = VECTOR('',#4083,1.);
#4083 = DIRECTION('',(1.,0.));
#4084 = ( GEOMETRIC_REPRESENTATION_CONTEXT(2) 
PARAMETRIC_REPRESENTATION_CONTEXT() REPRESENTATION_CONTEXT('2D SPACE',''
  ) );
#4085 = ORIENTED_EDGE('',*,*,#4086,.T.);
#4086 = EDGE_CURVE('',#3829,#791,#4087,.T.);
#4087 = SURFACE_CURVE('',#4088,(#4092,#4099),.PCURVE_S1.);
#4088 = LINE('',#4089,#4090);
#4089 = CARTESIAN_POINT('',(215.,40.,30.));
#4090 = VECTOR('',#4091,1.);
#4091 = DIRECTION('',(0.351123441588,0.936329177569,0.));
#4092 = PCURVE('',#4067,#4093);
#4093 = DEFINITIONAL_REPRESENTATION('',(#4094),#4098);
#4094 = LINE('',#4095,#4096);
#4095 = CARTESIAN_POINT('',(30.,0.));
#4096 = VECTOR('',#4097,1.);
#4097 = DIRECTION('',(-0.351123441588,0.936329177569));
#4098 = ( GEOMETRIC_REPRESENTATION_CONTEXT(2) 
PARAMETRIC_REPRESENTATION_CONTEXT() REPRESENTATION_CONTEXT('2D SPACE',''
  ) );
#4099 = PCURVE('',#4100,#4105);
#4100 = PLANE('',#4101);
#4101 = AXIS2_PLACEMENT_3D('',#4102,#4103,#4104);
#4102 = CARTESIAN_POINT('',(200.,80.,30.));
#4103 = DIRECTION('',(0.,0.,-1.));
#4104 = DIRECTION('',(-1.,0.,-0.));
#4105 = DEFINITIONAL_REPRESENTATION('',(#4106),#4110);
#4106 = LINE('',#4107,#4108);
#4107 = CARTESIAN_POINT('',(-15.,-40.));
#4108 = VECTOR('',#4109,1.);
#4109 = DIRECTION('',(-0.351123441588,0.936329177569));
#4110 = ( GEOMETRIC_REPRESENTATION_CONTEXT(2) 
PARAMETRIC_REPRESENTATION_CONTEXT() REPRESENTATION_CONTEXT('2D SPACE',''
  ) );
#4111 = ORIENTED_EDGE('',*,*,#4112,.T.);
#4112 = EDGE_CURVE('',#791,#4059,#4113,.T.);
#4113 = SURFACE_CURVE('',#4114,(#4118,#4125),.PCURVE_S1.);
#4114 = LINE('',#4115,#4116);
#4115 = CARTESIAN_POINT('',(230.,80.,30.));
#4116 = VECTOR('',#4117,1.);
#4117 = DIRECTION('',(0.351123441588,-0.936329177569,0.));
#4118 = PCURVE('',#4067,#4119);
#4119 = DEFINITIONAL_REPRESENTATION('',(#4120),#4124);
#4120 = LINE('',#4121,#4122);
#4121 = CARTESIAN_POINT('',(15.,40.));
#4122 = VECTOR('',#4123,1.);
#4123 = DIRECTION('',(-0.351123441588,-0.936329177569));
#4124 = ( GEOMETRIC_REPRESENTATION_CONTEXT(2) 
PARAMETRIC_REPRESENTATION_CONTEXT() REPRESENTATION_CONTEXT('2D SPACE',''
  ) );
#4125 = PCURVE('',#4126,#4131);
#4126 = PLANE('',#4127);
#4127 = AXIS2_PLACEMENT_3D('',#4128,#4129,#4130);
#4128 = CARTESIAN_POINT('',(230.,80.,30.));
#4129 = DIRECTION('',(0.,0.,-1.));
#4130 = DIRECTION('',(-1.,0.,-0.));
#4131 = DEFINITIONAL_REPRESENTATION('',(#4132),#4136);
#4132 = LINE('',#4133,#4134);
#4133 = CARTESIAN_POINT('',(0.,0.));
#4134 = VECTOR('',#4135,1.);
#4135 = DIRECTION('',(-0.351123441588,-0.936329177569));
#4136 = ( GEOMETRIC_REPRESENTATION_CONTEXT(2) 
PARAMETRIC_REPRESENTATION_CONTEXT() REPRESENTATION_CONTEXT('2D SPACE',''
  ) );
#4137 = ADVANCED_FACE('',(#4138),#4148,.T.);
#4138 = FACE_BOUND('',#4139,.T.);
#4139 = EDGE_LOOP('',(#4140,#4166,#4192));
#4140 = ORIENTED_EDGE('',*,*,#4141,.T.);
#4141 = EDGE_CURVE('',#848,#2239,#4142,.T.);
#4142 = SURFACE_CURVE('',#4143,(#4147,#4159),.PCURVE_S1.);
#4143 = LINE('',#4144,#4145);
#4144 = CARTESIAN_POINT('',(268.585712,110.495323,119.251189));
#4145 = VECTOR('',#4146,1.);
#4146 = DIRECTION('',(0.225482739801,0.130148489065,-0.965514839267));
#4147 = PCURVE('',#4148,#4153);
#4148 = PLANE('',#4149);
#4149 = AXIS2_PLACEMENT_3D('',#4150,#4151,#4152);
#4150 = CARTESIAN_POINT('',(268.585712,110.495323,119.251189));
#4151 = DIRECTION('',(0.958573779223,0.147413408957,0.243732633528));
#4152 = DIRECTION('',(-0.246424833399,-6.938893903907E-18,0.969161906744
    ));
#4153 = DEFINITIONAL_REPRESENTATION('',(#4154),#4158);
#4154 = LINE('',#4155,#4156);
#4155 = CARTESIAN_POINT('',(0.,0.));
#4156 = VECTOR('',#4157,1.);
#4157 = DIRECTION('',(-0.991304749204,-0.13158607147));
#4158 = ( GEOMETRIC_REPRESENTATION_CONTEXT(2) 
PARAMETRIC_REPRESENTATION_CONTEXT() REPRESENTATION_CONTEXT('2D SPACE',''
  ) );
#4159 = PCURVE('',#2280,#4160);
#4160 = DEFINITIONAL_REPRESENTATION('',(#4161),#4165);
#4161 = LINE('',#4162,#4163);
#4162 = CARTESIAN_POINT('',(60.625700201339,7.996654524834));
#4163 = VECTOR('',#4164,1.);
#4164 = DIRECTION('',(-0.991412813589,-0.130769388814));
#4165 = ( GEOMETRIC_REPRESENTATION_CONTEXT(2) 
PARAMETRIC_REPRESENTATION_CONTEXT() REPRESENTATION_CONTEXT('2D SPACE',''
  ) );
#4166 = ORIENTED_EDGE('',*,*,#4167,.T.);
#4167 = EDGE_CURVE('',#2239,#2744,#4168,.T.);
#4168 = SURFACE_CURVE('',#4169,(#4173,#4180),.PCURVE_S1.);
#4169 = LINE('',#4170,#4171);
#4170 = CARTESIAN_POINT('',(282.374165,118.454009,60.209171));
#4171 = VECTOR('',#4172,1.);
#4172 = DIRECTION('',(-0.276267541559,0.689540815442,0.669484659511));
#4173 = PCURVE('',#4148,#4174);
#4174 = DEFINITIONAL_REPRESENTATION('',(#4175),#4179);
#4175 = LINE('',#4176,#4177);
#4176 = CARTESIAN_POINT('',(-60.61909197626,-8.046595333741));
#4177 = VECTOR('',#4178,1.);
#4178 = DIRECTION('',(0.71691821205,-0.697157282994));
#4179 = ( GEOMETRIC_REPRESENTATION_CONTEXT(2) 
PARAMETRIC_REPRESENTATION_CONTEXT() REPRESENTATION_CONTEXT('2D SPACE',''
  ) );
#4180 = PCURVE('',#4181,#4186);
#4181 = PLANE('',#4182);
#4182 = AXIS2_PLACEMENT_3D('',#4183,#4184,#4185);
#4183 = CARTESIAN_POINT('',(283.960445,155.848937,30.));
#4184 = DIRECTION('',(0.959029482143,0.152300913543,0.238886760024));
#4185 = DIRECTION('',(-0.241706466556,-6.938893903907E-18,0.970349413369
    ));
#4186 = DEFINITIONAL_REPRESENTATION('',(#4187),#4191);
#4187 = LINE('',#4188,#4189);
#4188 = CARTESIAN_POINT('',(29.696865491976,37.836320075059));
#4189 = VECTOR('',#4190,1.);
#4190 = DIRECTION('',(0.71640969791,-0.697679829679));
#4191 = ( GEOMETRIC_REPRESENTATION_CONTEXT(2) 
PARAMETRIC_REPRESENTATION_CONTEXT() REPRESENTATION_CONTEXT('2D SPACE',''
  ) );
#4192 = ORIENTED_EDGE('',*,*,#4193,.T.);
#4193 = EDGE_CURVE('',#2744,#848,#4194,.T.);
#4194 = SURFACE_CURVE('',#4195,(#4199,#4206),.PCURVE_S1.);
#4195 = LINE('',#4196,#4197);
#4196 = CARTESIAN_POINT('',(270.663686,147.682391,88.587409));
#4197 = VECTOR('',#4198,1.);
#4198 = DIRECTION('',(-4.307236103879E-02,-0.770815620826,0.635600543113
    ));
#4199 = PCURVE('',#4148,#4200);
#4200 = DEFINITIONAL_REPRESENTATION('',(#4201),#4205);
#4201 = LINE('',#4202,#4203);
#4202 = CARTESIAN_POINT('',(-30.23023188954,-37.59782555114));
#4203 = VECTOR('',#4204,1.);
#4204 = DIRECTION('',(0.626613933684,0.779329826269));
#4205 = ( GEOMETRIC_REPRESENTATION_CONTEXT(2) 
PARAMETRIC_REPRESENTATION_CONTEXT() REPRESENTATION_CONTEXT('2D SPACE',''
  ) );
#4206 = PCURVE('',#4207,#4212);
#4207 = PLANE('',#4208);
#4208 = AXIS2_PLACEMENT_3D('',#4209,#4210,#4211);
#4209 = CARTESIAN_POINT('',(270.663686,147.682391,88.587409));
#4210 = DIRECTION('',(0.957143717963,0.150532528981,0.247418392371));
#4211 = DIRECTION('',(-0.250270207244,6.938893903907E-18,0.968176029122)
  );
#4212 = DEFINITIONAL_REPRESENTATION('',(#4213),#4217);
#4213 = LINE('',#4214,#4215);
#4214 = CARTESIAN_POINT('',(0.,0.));
#4215 = VECTOR('',#4216,1.);
#4216 = DIRECTION('',(0.626152938662,0.779700261257));
#4217 = ( GEOMETRIC_REPRESENTATION_CONTEXT(2) 
PARAMETRIC_REPRESENTATION_CONTEXT() REPRESENTATION_CONTEXT('2D SPACE',''
  ) );
#4218 = ADVANCED_FACE('',(#4219),#4231,.T.);
#4219 = FACE_BOUND('',#4220,.T.);
#4220 = EDGE_LOOP('',(#4221,#4254,#4280));
#4221 = ORIENTED_EDGE('',*,*,#4222,.T.);
#4222 = EDGE_CURVE('',#4223,#850,#4225,.T.);
#4223 = VERTEX_POINT('',#4224);
#4224 = CARTESIAN_POINT('',(239.442503,97.537024,236.027865));
#4225 = SURFACE_CURVE('',#4226,(#4230,#4242),.PCURVE_S1.);
#4226 = LINE('',#4227,#4228);
#4227 = CARTESIAN_POINT('',(239.442503,97.537024,236.027865));
#4228 = VECTOR('',#4229,1.);
#4229 = DIRECTION('',(0.23720984004,9.210627772585E-02,-0.967082170962)
  );
#4230 = PCURVE('',#4231,#4236);
#4231 = PLANE('',#4232);
#4232 = AXIS2_PLACEMENT_3D('',#4233,#4234,#4235);
#4233 = CARTESIAN_POINT('',(239.442503,97.537024,236.027865));
#4234 = DIRECTION('',(0.961283585244,0.121448149458,0.247354433423));
#4235 = DIRECTION('',(-0.249199060429,3.469446951954E-18,0.968452284979)
  );
#4236 = DEFINITIONAL_REPRESENTATION('',(#4237),#4241);
#4237 = LINE('',#4238,#4239);
#4238 = CARTESIAN_POINT('',(0.,0.));
#4239 = VECTOR('',#4240,1.);
#4240 = DIRECTION('',(-0.995685407493,-9.27931533356E-02));
#4241 = ( GEOMETRIC_REPRESENTATION_CONTEXT(2) 
PARAMETRIC_REPRESENTATION_CONTEXT() REPRESENTATION_CONTEXT('2D SPACE',''
  ) );
#4242 = PCURVE('',#4243,#4248);
#4243 = PLANE('',#4244);
#4244 = AXIS2_PLACEMENT_3D('',#4245,#4246,#4247);
#4245 = CARTESIAN_POINT('',(253.483825,102.989133,178.782718));
#4246 = DIRECTION('',(0.967212192515,7.058355808761E-02,0.243964210446)
  );
#4247 = DIRECTION('',(-0.244574210242,0.,0.969630576913));
#4248 = DEFINITIONAL_REPRESENTATION('',(#4249),#4253);
#4249 = LINE('',#4250,#4251);
#4250 = CARTESIAN_POINT('',(58.940790149979,5.465741267505));
#4251 = VECTOR('',#4252,1.);
#4252 = DIRECTION('',(-0.995727852641,-9.233657712318E-02));
#4253 = ( GEOMETRIC_REPRESENTATION_CONTEXT(2) 
PARAMETRIC_REPRESENTATION_CONTEXT() REPRESENTATION_CONTEXT('2D SPACE',''
  ) );
#4254 = ORIENTED_EDGE('',*,*,#4255,.T.);
#4255 = EDGE_CURVE('',#850,#2652,#4256,.T.);
#4256 = SURFACE_CURVE('',#4257,(#4261,#4268),.PCURVE_S1.);
#4257 = LINE('',#4258,#4259);
#4258 = CARTESIAN_POINT('',(253.483825,102.989133,178.782718));
#4259 = VECTOR('',#4260,1.);
#4260 = DIRECTION('',(-0.253727309317,0.740280476948,0.622581133634));
#4261 = PCURVE('',#4231,#4262);
#4262 = DEFINITIONAL_REPRESENTATION('',(#4263),#4267);
#4263 = LINE('',#4264,#4265);
#4264 = CARTESIAN_POINT('',(-58.93827766569,-5.492767691093));
#4265 = VECTOR('',#4266,1.);
#4266 = DIRECTION('',(0.666168728539,-0.745801062694));
#4267 = ( GEOMETRIC_REPRESENTATION_CONTEXT(2) 
PARAMETRIC_REPRESENTATION_CONTEXT() REPRESENTATION_CONTEXT('2D SPACE',''
  ) );
#4268 = PCURVE('',#4269,#4274);
#4269 = PLANE('',#4270);
#4270 = AXIS2_PLACEMENT_3D('',#4271,#4272,#4273);
#4271 = CARTESIAN_POINT('',(256.696009,139.571322,147.556566));
#4272 = DIRECTION('',(0.961711095115,0.124125275962,0.244345422301));
#4273 = DIRECTION('',(-0.24624978148,0.,0.969206399649));
#4274 = DEFINITIONAL_REPRESENTATION('',(#4275),#4279);
#4275 = LINE('',#4276,#4277);
#4276 = CARTESIAN_POINT('',(31.055585962895,36.867300244389));
#4277 = VECTOR('',#4278,1.);
#4278 = DIRECTION('',(0.665889913493,-0.746050013811));
#4279 = ( GEOMETRIC_REPRESENTATION_CONTEXT(2) 
PARAMETRIC_REPRESENTATION_CONTEXT() REPRESENTATION_CONTEXT('2D SPACE',''
  ) );
#4280 = ORIENTED_EDGE('',*,*,#4281,.T.);
#4281 = EDGE_CURVE('',#2652,#4223,#4282,.T.);
#4282 = SURFACE_CURVE('',#4283,(#4287,#4294),.PCURVE_S1.);
#4283 = LINE('',#4284,#4285);
#4284 = CARTESIAN_POINT('',(242.858815,133.9889,204.853742));
#4285 = VECTOR('',#4286,1.);
#4286 = DIRECTION('',(-7.104629093251E-02,-0.758060325676,0.648303144509
    ));
#4287 = PCURVE('',#4231,#4288);
#4288 = DEFINITIONAL_REPRESENTATION('',(#4289),#4293);
#4289 = LINE('',#4290,#4291);
#4290 = CARTESIAN_POINT('',(-31.0419923921,-36.72371311221));
#4291 = VECTOR('',#4292,1.);
#4292 = DIRECTION('',(0.645555330606,0.763713503302));
#4293 = ( GEOMETRIC_REPRESENTATION_CONTEXT(2) 
PARAMETRIC_REPRESENTATION_CONTEXT() REPRESENTATION_CONTEXT('2D SPACE',''
  ) );
#4294 = PCURVE('',#4295,#4300);
#4295 = PLANE('',#4296);
#4296 = AXIS2_PLACEMENT_3D('',#4297,#4298,#4299);
#4297 = CARTESIAN_POINT('',(242.858815,133.9889,204.853742));
#4298 = DIRECTION('',(0.967305765142,0.106274712116,0.230272104884));
#4299 = DIRECTION('',(-0.231583607572,0.,0.972815004358));
#4300 = DEFINITIONAL_REPRESENTATION('',(#4301),#4305);
#4301 = LINE('',#4302,#4303);
#4302 = CARTESIAN_POINT('',(0.,0.));
#4303 = VECTOR('',#4304,1.);
#4304 = DIRECTION('',(0.64713218271,0.762377818474));
#4305 = ( GEOMETRIC_REPRESENTATION_CONTEXT(2) 
PARAMETRIC_REPRESENTATION_CONTEXT() REPRESENTATION_CONTEXT('2D SPACE',''
  ) );
#4306 = ADVANCED_FACE('',(#4307),#4319,.T.);
#4307 = FACE_BOUND('',#4308,.T.);
#4308 = EDGE_LOOP('',(#4309,#4337,#4363));
#4309 = ORIENTED_EDGE('',*,*,#4310,.T.);
#4310 = EDGE_CURVE('',#4311,#2066,#4313,.T.);
#4311 = VERTEX_POINT('',#4312);
#4312 = CARTESIAN_POINT('',(255.970889,32.51578,179.645869));
#4313 = SURFACE_CURVE('',#4314,(#4318,#4330),.PCURVE_S1.);
#4314 = LINE('',#4315,#4316);
#4315 = CARTESIAN_POINT('',(255.970889,32.51578,179.645869));
#4316 = VECTOR('',#4317,1.);
#4317 = DIRECTION('',(0.245861212667,0.121267579225,-0.961689366862));
#4318 = PCURVE('',#4319,#4324);
#4319 = PLANE('',#4320);
#4320 = AXIS2_PLACEMENT_3D('',#4321,#4322,#4323);
#4321 = CARTESIAN_POINT('',(255.970889,32.51578,179.645869));
#4322 = DIRECTION('',(0.968991815595,-5.528740751642E-03,0.247030958254)
  );
#4323 = DIRECTION('',(-0.247034733835,0.,0.969006625508));
#4324 = DEFINITIONAL_REPRESENTATION('',(#4325),#4329);
#4325 = LINE('',#4326,#4327);
#4326 = CARTESIAN_POINT('',(0.,-0.));
#4327 = VECTOR('',#4328,1.);
#4328 = DIRECTION('',(-0.992619627401,-0.121269432659));
#4329 = ( GEOMETRIC_REPRESENTATION_CONTEXT(2) 
PARAMETRIC_REPRESENTATION_CONTEXT() REPRESENTATION_CONTEXT('2D SPACE',''
  ) );
#4330 = PCURVE('',#2107,#4331);
#4331 = DEFINITIONAL_REPRESENTATION('',(#4332),#4336);
#4332 = LINE('',#4333,#4334);
#4333 = CARTESIAN_POINT('',(61.410004916842,7.503327431033));
#4334 = VECTOR('',#4335,1.);
#4335 = DIRECTION('',(-0.992618071681,-0.121282165925));
#4336 = ( GEOMETRIC_REPRESENTATION_CONTEXT(2) 
PARAMETRIC_REPRESENTATION_CONTEXT() REPRESENTATION_CONTEXT('2D SPACE',''
  ) );
#4337 = ORIENTED_EDGE('',*,*,#4338,.T.);
#4338 = EDGE_CURVE('',#2066,#883,#4339,.T.);
#4339 = SURFACE_CURVE('',#4340,(#4344,#4351),.PCURVE_S1.);
#4340 = LINE('',#4341,#4342);
#4341 = CARTESIAN_POINT('',(271.181511,40.018205,120.149321));
#4342 = VECTOR('',#4343,1.);
#4343 = DIRECTION('',(-0.165617576176,0.72740414791,0.665923437089));
#4344 = PCURVE('',#4319,#4345);
#4345 = DEFINITIONAL_REPRESENTATION('',(#4346),#4350);
#4346 = LINE('',#4347,#4348);
#4347 = CARTESIAN_POINT('',(-61.41010116411,-7.502539665845));
#4348 = VECTOR('',#4349,1.);
#4349 = DIRECTION('',(0.68619751647,-0.727415265437));
#4350 = ( GEOMETRIC_REPRESENTATION_CONTEXT(2) 
PARAMETRIC_REPRESENTATION_CONTEXT() REPRESENTATION_CONTEXT('2D SPACE',''
  ) );
#4351 = PCURVE('',#4352,#4357);
#4352 = PLANE('',#4353);
#4353 = AXIS2_PLACEMENT_3D('',#4354,#4355,#4356);
#4354 = CARTESIAN_POINT('',(278.789873,80.052782,90.368216));
#4355 = DIRECTION('',(0.969740718124,-2.695369273583E-03,0.244122253385)
  );
#4356 = DIRECTION('',(-0.244123140166,1.084202172486E-19,0.969744240733)
  );
#4357 = DEFINITIONAL_REPRESENTATION('',(#4358),#4362);
#4358 = LINE('',#4359,#4360);
#4359 = CARTESIAN_POINT('',(30.737432279385,40.034722426704));
#4360 = VECTOR('',#4361,1.);
#4361 = DIRECTION('',(0.686206500649,-0.727406790226));
#4362 = ( GEOMETRIC_REPRESENTATION_CONTEXT(2) 
PARAMETRIC_REPRESENTATION_CONTEXT() REPRESENTATION_CONTEXT('2D SPACE',''
  ) );
#4363 = ORIENTED_EDGE('',*,*,#4364,.T.);
#4364 = EDGE_CURVE('',#883,#4311,#4365,.T.);
#4365 = SURFACE_CURVE('',#4366,(#4370,#4377),.PCURVE_S1.);
#4366 = LINE('',#4367,#4368);
#4367 = CARTESIAN_POINT('',(263.772411,72.559498,149.940201));
#4368 = VECTOR('',#4369,1.);
#4369 = DIRECTION('',(-0.154590494332,-0.793483394717,0.588630513455));
#4370 = PCURVE('',#4319,#4371);
#4371 = DEFINITIONAL_REPRESENTATION('',(#4372),#4376);
#4372 = LINE('',#4373,#4374);
#4373 = CARTESIAN_POINT('',(-30.71223601792,-40.04433002168));
#4374 = VECTOR('',#4375,1.);
#4375 = DIRECTION('',(0.608576089135,0.793495522189));
#4376 = ( GEOMETRIC_REPRESENTATION_CONTEXT(2) 
PARAMETRIC_REPRESENTATION_CONTEXT() REPRESENTATION_CONTEXT('2D SPACE',''
  ) );
#4377 = PCURVE('',#4378,#4383);
#4378 = PLANE('',#4379);
#4379 = AXIS2_PLACEMENT_3D('',#4380,#4381,#4382);
#4380 = CARTESIAN_POINT('',(263.772411,72.559498,149.940201));
#4381 = DIRECTION('',(0.968817223394,-4.978780486828E-03,0.247726460839)
  );
#4382 = DIRECTION('',(-0.247729531249,0.,0.968829231262));
#4383 = DEFINITIONAL_REPRESENTATION('',(#4384),#4388);
#4384 = LINE('',#4385,#4386);
#4385 = CARTESIAN_POINT('',(0.,-0.));
#4386 = VECTOR('',#4387,1.);
#4387 = DIRECTION('',(0.608579078544,0.793493229434));
#4388 = ( GEOMETRIC_REPRESENTATION_CONTEXT(2) 
PARAMETRIC_REPRESENTATION_CONTEXT() REPRESENTATION_CONTEXT('2D SPACE',''
  ) );
#4389 = ADVANCED_FACE('',(#4390),#4404,.T.);
#4390 = FACE_BOUND('',#4391,.T.);
#4391 = EDGE_LOOP('',(#4392,#4427,#4448));
#4392 = ORIENTED_EDGE('',*,*,#4393,.T.);
#4393 = EDGE_CURVE('',#4394,#4396,#4398,.T.);
#4394 = VERTEX_POINT('',#4395);
#4395 = CARTESIAN_POINT('',(248.519417,65.049197,209.441197));
#4396 = VERTEX_POINT('',#4397);
#4397 = CARTESIAN_POINT('',(230.,65.097287,257.659103));
#4398 = SURFACE_CURVE('',#4399,(#4403,#4415),.PCURVE_S1.);
#4399 = LINE('',#4400,#4401);
#4400 = CARTESIAN_POINT('',(248.519417,65.049197,209.441197));
#4401 = VECTOR('',#4402,1.);
#4402 = DIRECTION('',(-0.358541539341,9.310370097982E-04,0.933513308816)
  );
#4403 = PCURVE('',#4404,#4409);
#4404 = PLANE('',#4405);
#4405 = AXIS2_PLACEMENT_3D('',#4406,#4407,#4408);
#4406 = CARTESIAN_POINT('',(248.519417,65.049197,209.441197));
#4407 = DIRECTION('',(0.933402999861,1.576245053431E-02,0.358483451505)
  );
#4408 = DIRECTION('',(-0.358527993281,0.,0.933518975722));
#4409 = DEFINITIONAL_REPRESENTATION('',(#4410),#4414);
#4410 = LINE('',#4411,#4412);
#4411 = CARTESIAN_POINT('',(0.,0.));
#4412 = VECTOR('',#4413,1.);
#4413 = DIRECTION('',(0.999999566477,-9.311526916838E-04));
#4414 = ( GEOMETRIC_REPRESENTATION_CONTEXT(2) 
PARAMETRIC_REPRESENTATION_CONTEXT() REPRESENTATION_CONTEXT('2D SPACE',''
  ) );
#4415 = PCURVE('',#4416,#4421);
#4416 = PLANE('',#4417);
#4417 = AXIS2_PLACEMENT_3D('',#4418,#4419,#4420);
#4418 = CARTESIAN_POINT('',(230.,65.097287,257.659103));
#4419 = DIRECTION('',(0.93300646694,-3.260588819242E-02,0.358379392131)
  );
#4420 = DIRECTION('',(-0.358570048606,0.,0.933502822836));
#4421 = DEFINITIONAL_REPRESENTATION('',(#4422),#4426);
#4422 = LINE('',#4423,#4424);
#4423 = CARTESIAN_POINT('',(-51.65205961608,4.811558369731E-02));
#4424 = VECTOR('',#4425,1.);
#4425 = DIRECTION('',(0.999999566124,-9.315323179508E-04));
#4426 = ( GEOMETRIC_REPRESENTATION_CONTEXT(2) 
PARAMETRIC_REPRESENTATION_CONTEXT() REPRESENTATION_CONTEXT('2D SPACE',''
  ) );
#4427 = ORIENTED_EDGE('',*,*,#4428,.T.);
#4428 = EDGE_CURVE('',#4396,#975,#4429,.T.);
#4429 = SURFACE_CURVE('',#4430,(#4434,#4441),.PCURVE_S1.);
#4430 = LINE('',#4431,#4432);
#4431 = CARTESIAN_POINT('',(230.,65.097287,257.659103));
#4432 = VECTOR('',#4433,1.);
#4433 = DIRECTION('',(0.231095130653,-0.790672824835,-0.56694931401));
#4434 = PCURVE('',#4404,#4435);
#4435 = DEFINITIONAL_REPRESENTATION('',(#4436),#4440);
#4436 = LINE('',#4437,#4438);
#4437 = CARTESIAN_POINT('',(51.652059634346,-4.809597521023E-02));
#4438 = VECTOR('',#4439,1.);
#4439 = DIRECTION('',(-0.612112016351,0.79077106639));
#4440 = ( GEOMETRIC_REPRESENTATION_CONTEXT(2) 
PARAMETRIC_REPRESENTATION_CONTEXT() REPRESENTATION_CONTEXT('2D SPACE',''
  ) );
#4441 = PCURVE('',#1016,#4442);
#4442 = DEFINITIONAL_REPRESENTATION('',(#4443),#4447);
#4443 = LINE('',#4444,#4445);
#4444 = CARTESIAN_POINT('',(0.,-0.));
#4445 = VECTOR('',#4446,1.);
#4446 = DIRECTION('',(-0.612180624826,0.79071795388));
#4447 = ( GEOMETRIC_REPRESENTATION_CONTEXT(2) 
PARAMETRIC_REPRESENTATION_CONTEXT() REPRESENTATION_CONTEXT('2D SPACE',''
  ) );
#4448 = ORIENTED_EDGE('',*,*,#4449,.T.);
#4449 = EDGE_CURVE('',#975,#4394,#4450,.T.);
#4450 = SURFACE_CURVE('',#4451,(#4455,#4462),.PCURVE_S1.);
#4451 = LINE('',#4452,#4453);
#4452 = CARTESIAN_POINT('',(239.522507,32.516819,234.297387));
#4453 = VECTOR('',#4454,1.);
#4454 = DIRECTION('',(0.214630484463,0.776093130961,-0.592969819817));
#4455 = PCURVE('',#4404,#4456);
#4456 = DEFINITIONAL_REPRESENTATION('',(#4457),#4461);
#4457 = LINE('',#4458,#4459);
#4458 = CARTESIAN_POINT('',(26.429369117193,32.536420166734));
#4459 = VECTOR('',#4460,1.);
#4460 = DIRECTION('',(-0.630499615721,-0.776189560981));
#4461 = ( GEOMETRIC_REPRESENTATION_CONTEXT(2) 
PARAMETRIC_REPRESENTATION_CONTEXT() REPRESENTATION_CONTEXT('2D SPACE',''
  ) );
#4462 = PCURVE('',#4463,#4468);
#4463 = PLANE('',#4464);
#4464 = AXIS2_PLACEMENT_3D('',#4465,#4466,#4467);
#4465 = CARTESIAN_POINT('',(239.522507,32.516819,234.297387));
#4466 = DIRECTION('',(0.956618569766,-4.45769694811E-02,0.287912844054)
  );
#4467 = DIRECTION('',(-0.28819932778,-1.734723475977E-18,0.957570439951)
  );
#4468 = DEFINITIONAL_REPRESENTATION('',(#4469),#4473);
#4469 = LINE('',#4470,#4471);
#4470 = CARTESIAN_POINT('',(0.,-0.));
#4471 = VECTOR('',#4472,1.);
#4472 = DIRECTION('',(-0.629666732583,-0.776865371785));
#4473 = ( GEOMETRIC_REPRESENTATION_CONTEXT(2) 
PARAMETRIC_REPRESENTATION_CONTEXT() REPRESENTATION_CONTEXT('2D SPACE',''
  ) );
#4474 = ADVANCED_FACE('',(#4475),#4489,.T.);
#4475 = FACE_BOUND('',#4476,.T.);
#4476 = EDGE_LOOP('',(#4477,#4512,#4540));
#4477 = ORIENTED_EDGE('',*,*,#4478,.T.);
#4478 = EDGE_CURVE('',#4479,#4481,#4483,.T.);
#4479 = VERTEX_POINT('',#4480);
#4480 = CARTESIAN_POINT('',(248.519417,-65.049197,209.441197));
#4481 = VERTEX_POINT('',#4482);
#4482 = CARTESIAN_POINT('',(230.,-65.097287,257.659103));
#4483 = SURFACE_CURVE('',#4484,(#4488,#4500),.PCURVE_S1.);
#4484 = LINE('',#4485,#4486);
#4485 = CARTESIAN_POINT('',(248.519417,-65.049197,209.441197));
#4486 = VECTOR('',#4487,1.);
#4487 = DIRECTION('',(-0.358541539341,-9.310370097982E-04,0.933513308816
    ));
#4488 = PCURVE('',#4489,#4494);
#4489 = PLANE('',#4490);
#4490 = AXIS2_PLACEMENT_3D('',#4491,#4492,#4493);
#4491 = CARTESIAN_POINT('',(248.519417,-65.049197,209.441197));
#4492 = DIRECTION('',(0.93300646694,3.260588819242E-02,0.358379392131));
#4493 = DIRECTION('',(-0.358570048606,0.,0.933502822836));
#4494 = DEFINITIONAL_REPRESENTATION('',(#4495),#4499);
#4495 = LINE('',#4496,#4497);
#4496 = CARTESIAN_POINT('',(0.,0.));
#4497 = VECTOR('',#4498,1.);
#4498 = DIRECTION('',(0.999999566124,9.315323179508E-04));
#4499 = ( GEOMETRIC_REPRESENTATION_CONTEXT(2) 
PARAMETRIC_REPRESENTATION_CONTEXT() REPRESENTATION_CONTEXT('2D SPACE',''
  ) );
#4500 = PCURVE('',#4501,#4506);
#4501 = PLANE('',#4502);
#4502 = AXIS2_PLACEMENT_3D('',#4503,#4504,#4505);
#4503 = CARTESIAN_POINT('',(230.,-65.097287,257.659103));
#4504 = DIRECTION('',(0.933402999861,-1.576245053431E-02,0.358483451505)
  );
#4505 = DIRECTION('',(-0.358527993281,-8.673617379884E-19,0.933518975722
    ));
#4506 = DEFINITIONAL_REPRESENTATION('',(#4507),#4511);
#4507 = LINE('',#4508,#4509);
#4508 = CARTESIAN_POINT('',(-51.65205963434,-4.809597521023E-02));
#4509 = VECTOR('',#4510,1.);
#4510 = DIRECTION('',(0.999999566477,9.311526916838E-04));
#4511 = ( GEOMETRIC_REPRESENTATION_CONTEXT(2) 
PARAMETRIC_REPRESENTATION_CONTEXT() REPRESENTATION_CONTEXT('2D SPACE',''
  ) );
#4512 = ORIENTED_EDGE('',*,*,#4513,.T.);
#4513 = EDGE_CURVE('',#4481,#4514,#4516,.T.);
#4514 = VERTEX_POINT('',#4515);
#4515 = CARTESIAN_POINT('',(239.442503,-97.537024,236.027865));
#4516 = SURFACE_CURVE('',#4517,(#4521,#4528),.PCURVE_S1.);
#4517 = LINE('',#4518,#4519);
#4518 = CARTESIAN_POINT('',(230.,-65.097287,257.659103));
#4519 = VECTOR('',#4520,1.);
#4520 = DIRECTION('',(0.235371607215,-0.808619603863,-0.539198055232));
#4521 = PCURVE('',#4489,#4522);
#4522 = DEFINITIONAL_REPRESENTATION('',(#4523),#4527);
#4523 = LINE('',#4524,#4525);
#4524 = CARTESIAN_POINT('',(51.652059616083,4.811558369731E-02));
#4525 = VECTOR('',#4526,1.);
#4526 = DIRECTION('',(-0.587740115266,0.809049786421));
#4527 = ( GEOMETRIC_REPRESENTATION_CONTEXT(2) 
PARAMETRIC_REPRESENTATION_CONTEXT() REPRESENTATION_CONTEXT('2D SPACE',''
  ) );
#4528 = PCURVE('',#4529,#4534);
#4529 = PLANE('',#4530);
#4530 = AXIS2_PLACEMENT_3D('',#4531,#4532,#4533);
#4531 = CARTESIAN_POINT('',(230.,-65.097287,257.659103));
#4532 = DIRECTION('',(0.925829684882,1.775107734535E-02,0.377523898375)
  );
#4533 = DIRECTION('',(-0.377583391466,-8.673617379884E-19,0.925975584175
    ));
#4534 = DEFINITIONAL_REPRESENTATION('',(#4535),#4539);
#4535 = LINE('',#4536,#4537);
#4536 = CARTESIAN_POINT('',(0.,0.));
#4537 = VECTOR('',#4538,1.);
#4538 = DIRECTION('',(-0.588156643886,0.808747032299));
#4539 = ( GEOMETRIC_REPRESENTATION_CONTEXT(2) 
PARAMETRIC_REPRESENTATION_CONTEXT() REPRESENTATION_CONTEXT('2D SPACE',''
  ) );
#4540 = ORIENTED_EDGE('',*,*,#4541,.T.);
#4541 = EDGE_CURVE('',#4514,#4479,#4542,.T.);
#4542 = SURFACE_CURVE('',#4543,(#4547,#4554),.PCURVE_S1.);
#4543 = LINE('',#4544,#4545);
#4544 = CARTESIAN_POINT('',(239.442503,-97.537024,236.027865));
#4545 = VECTOR('',#4546,1.);
#4546 = DIRECTION('',(0.211336896213,0.756410881814,-0.619014777023));
#4547 = PCURVE('',#4489,#4548);
#4548 = DEFINITIONAL_REPRESENTATION('',(#4549),#4553);
#4549 = LINE('',#4550,#4551);
#4550 = CARTESIAN_POINT('',(28.073439121974,32.505110400556));
#4551 = VECTOR('',#4552,1.);
#4552 = DIRECTION('',(-0.653631122876,-0.75681328953));
#4553 = ( GEOMETRIC_REPRESENTATION_CONTEXT(2) 
PARAMETRIC_REPRESENTATION_CONTEXT() REPRESENTATION_CONTEXT('2D SPACE',''
  ) );
#4554 = PCURVE('',#4555,#4560);
#4555 = PLANE('',#4556);
#4556 = AXIS2_PLACEMENT_3D('',#4557,#4558,#4559);
#4557 = CARTESIAN_POINT('',(239.442503,-97.537024,236.027865));
#4558 = DIRECTION('',(0.967212192515,-7.058355808761E-02,0.243964210446)
  );
#4559 = DIRECTION('',(-0.244574210242,0.,0.969630576913));
#4560 = DEFINITIONAL_REPRESENTATION('',(#4561),#4565);
#4561 = LINE('',#4562,#4563);
#4562 = CARTESIAN_POINT('',(0.,-0.));
#4563 = VECTOR('',#4564,1.);
#4564 = DIRECTION('',(-0.651903209849,-0.7583021858));
#4565 = ( GEOMETRIC_REPRESENTATION_CONTEXT(2) 
PARAMETRIC_REPRESENTATION_CONTEXT() REPRESENTATION_CONTEXT('2D SPACE',''
  ) );
#4566 = ADVANCED_FACE('',(#4567),#4577,.T.);
#4567 = FACE_BOUND('',#4568,.T.);
#4568 = EDGE_LOOP('',(#4569,#4600,#4628));
#4569 = ORIENTED_EDGE('',*,*,#4570,.T.);
#4570 = EDGE_CURVE('',#2033,#942,#4571,.T.);
#4571 = SURFACE_CURVE('',#4572,(#4576,#4588),.PCURVE_S1.);
#4572 = LINE('',#4573,#4574);
#4573 = CARTESIAN_POINT('',(263.028696,-0.,149.768125));
#4574 = VECTOR('',#4575,1.);
#4575 = DIRECTION('',(-0.236464332928,0.,0.971640169637));
#4576 = PCURVE('',#4577,#4582);
#4577 = PLANE('',#4578);
#4578 = AXIS2_PLACEMENT_3D('',#4579,#4580,#4581);
#4579 = CARTESIAN_POINT('',(263.028696,-0.,149.768125));
#4580 = DIRECTION('',(0.971620410219,6.377451085676E-03,0.236459524154)
  );
#4581 = DIRECTION('',(-0.236464332928,0.,0.971640169637));
#4582 = DEFINITIONAL_REPRESENTATION('',(#4583),#4587);
#4583 = LINE('',#4584,#4585);
#4584 = CARTESIAN_POINT('',(0.,0.));
#4585 = VECTOR('',#4586,1.);
#4586 = DIRECTION('',(1.,2.168404344971E-19));
#4587 = ( GEOMETRIC_REPRESENTATION_CONTEXT(2) 
PARAMETRIC_REPRESENTATION_CONTEXT() REPRESENTATION_CONTEXT('2D SPACE',''
  ) );
#4588 = PCURVE('',#4589,#4594);
#4589 = PLANE('',#4590);
#4590 = AXIS2_PLACEMENT_3D('',#4591,#4592,#4593);
#4591 = CARTESIAN_POINT('',(248.505762,-0.,209.443366));
#4592 = DIRECTION('',(0.971620410219,-6.377451085676E-03,0.236459524154)
  );
#4593 = DIRECTION('',(-0.236464332928,0.,0.971640169637));
#4594 = DEFINITIONAL_REPRESENTATION('',(#4595),#4599);
#4595 = LINE('',#4596,#4597);
#4596 = CARTESIAN_POINT('',(-61.41701718885,-1.387778780781E-17));
#4597 = VECTOR('',#4598,1.);
#4598 = DIRECTION('',(1.,0.));
#4599 = ( GEOMETRIC_REPRESENTATION_CONTEXT(2) 
PARAMETRIC_REPRESENTATION_CONTEXT() REPRESENTATION_CONTEXT('2D SPACE',''
  ) );
#4600 = ORIENTED_EDGE('',*,*,#4601,.T.);
#4601 = EDGE_CURVE('',#942,#4602,#4604,.T.);
#4602 = VERTEX_POINT('',#4603);
#4603 = CARTESIAN_POINT('',(255.970889,-32.51578,179.645869));
#4604 = SURFACE_CURVE('',#4605,(#4609,#4616),.PCURVE_S1.);
#4605 = LINE('',#4606,#4607);
#4606 = CARTESIAN_POINT('',(248.505762,-0.,209.443366));
#4607 = VECTOR('',#4608,1.);
#4608 = DIRECTION('',(0.166887981589,-0.726912334376,-0.666143272677));
#4609 = PCURVE('',#4577,#4610);
#4610 = DEFINITIONAL_REPRESENTATION('',(#4611),#4615);
#4611 = LINE('',#4612,#4613);
#4612 = CARTESIAN_POINT('',(61.417017188858,1.387778780781E-17));
#4613 = VECTOR('',#4614,1.);
#4614 = DIRECTION('',(-0.686714617707,0.726927117274));
#4615 = ( GEOMETRIC_REPRESENTATION_CONTEXT(2) 
PARAMETRIC_REPRESENTATION_CONTEXT() REPRESENTATION_CONTEXT('2D SPACE',''
  ) );
#4616 = PCURVE('',#4617,#4622);
#4617 = PLANE('',#4618);
#4618 = AXIS2_PLACEMENT_3D('',#4619,#4620,#4621);
#4619 = CARTESIAN_POINT('',(239.522507,-32.516819,234.297387));
#4620 = DIRECTION('',(0.956634320166,-4.42178033E-02,0.287915896318));
#4621 = DIRECTION('',(-0.288197778354,-1.734723475977E-18,0.957570906279
    ));
#4622 = DEFINITIONAL_REPRESENTATION('',(#4623),#4627);
#4623 = LINE('',#4624,#4625);
#4624 = CARTESIAN_POINT('',(-26.38844154703,-32.54865436329));
#4625 = VECTOR('',#4626,1.);
#4626 = DIRECTION('',(-0.685976162857,0.727624012793));
#4627 = ( GEOMETRIC_REPRESENTATION_CONTEXT(2) 
PARAMETRIC_REPRESENTATION_CONTEXT() REPRESENTATION_CONTEXT('2D SPACE',''
  ) );
#4628 = ORIENTED_EDGE('',*,*,#4629,.T.);
#4629 = EDGE_CURVE('',#4602,#2033,#4630,.T.);
#4630 = SURFACE_CURVE('',#4631,(#4635,#4642),.PCURVE_S1.);
#4631 = LINE('',#4632,#4633);
#4632 = CARTESIAN_POINT('',(255.970889,-32.51578,179.645869));
#4633 = VECTOR('',#4634,1.);
#4634 = DIRECTION('',(0.157826509531,0.727117086381,-0.668125389116));
#4635 = PCURVE('',#4577,#4636);
#4636 = DEFINITIONAL_REPRESENTATION('',(#4637),#4641);
#4637 = LINE('',#4638,#4639);
#4638 = CARTESIAN_POINT('',(30.699335872731,32.51644125916));
#4639 = VECTOR('',#4640,1.);
#4640 = DIRECTION('',(-0.686497806715,-0.727131873442));
#4641 = ( GEOMETRIC_REPRESENTATION_CONTEXT(2) 
PARAMETRIC_REPRESENTATION_CONTEXT() REPRESENTATION_CONTEXT('2D SPACE',''
  ) );
#4642 = PCURVE('',#4643,#4648);
#4643 = PLANE('',#4644);
#4644 = AXIS2_PLACEMENT_3D('',#4645,#4646,#4647);
#4645 = CARTESIAN_POINT('',(255.970889,-32.51578,179.645869));
#4646 = DIRECTION('',(0.969190582252,1.550893588564E-02,0.245823286492)
  );
#4647 = DIRECTION('',(-0.245852855406,-4.336808689942E-19,0.969307161579
    ));
#4648 = DEFINITIONAL_REPRESENTATION('',(#4649),#4653);
#4649 = LINE('',#4650,#4651);
#4650 = CARTESIAN_POINT('',(0.,0.));
#4651 = VECTOR('',#4652,1.);
#4652 = DIRECTION('',(-0.68642082253,-0.727204547838));
#4653 = ( GEOMETRIC_REPRESENTATION_CONTEXT(2) 
PARAMETRIC_REPRESENTATION_CONTEXT() REPRESENTATION_CONTEXT('2D SPACE',''
  ) );
#4654 = ADVANCED_FACE('',(#4655),#4665,.T.);
#4655 = FACE_BOUND('',#4656,.T.);
#4656 = EDGE_LOOP('',(#4657,#4683,#4709));
#4657 = ORIENTED_EDGE('',*,*,#4658,.T.);
#4658 = EDGE_CURVE('',#1032,#4514,#4659,.T.);
#4659 = SURFACE_CURVE('',#4660,(#4664,#4676),.PCURVE_S1.);
#4660 = LINE('',#4661,#4662);
#4661 = CARTESIAN_POINT('',(253.483825,-102.989133,178.782718));
#4662 = VECTOR('',#4663,1.);
#4663 = DIRECTION('',(-0.23720984004,9.210627772585E-02,0.967082170962)
  );
#4664 = PCURVE('',#4665,#4670);
#4665 = PLANE('',#4666);
#4666 = AXIS2_PLACEMENT_3D('',#4667,#4668,#4669);
#4667 = CARTESIAN_POINT('',(253.483825,-102.989133,178.782718));
#4668 = DIRECTION('',(0.961283585244,-0.121448149458,0.247354433423));
#4669 = DIRECTION('',(-0.249199060429,-3.469446951954E-18,0.968452284979
    ));
#4670 = DEFINITIONAL_REPRESENTATION('',(#4671),#4675);
#4671 = LINE('',#4672,#4673);
#4672 = CARTESIAN_POINT('',(0.,-0.));
#4673 = VECTOR('',#4674,1.);
#4674 = DIRECTION('',(0.995685407493,-9.27931533356E-02));
#4675 = ( GEOMETRIC_REPRESENTATION_CONTEXT(2) 
PARAMETRIC_REPRESENTATION_CONTEXT() REPRESENTATION_CONTEXT('2D SPACE',''
  ) );
#4676 = PCURVE('',#4555,#4677);
#4677 = DEFINITIONAL_REPRESENTATION('',(#4678),#4682);
#4678 = LINE('',#4679,#4680);
#4679 = CARTESIAN_POINT('',(-58.94079014997,5.465741267505));
#4680 = VECTOR('',#4681,1.);
#4681 = DIRECTION('',(0.995727852641,-9.233657712318E-02));
#4682 = ( GEOMETRIC_REPRESENTATION_CONTEXT(2) 
PARAMETRIC_REPRESENTATION_CONTEXT() REPRESENTATION_CONTEXT('2D SPACE',''
  ) );
#4683 = ORIENTED_EDGE('',*,*,#4684,.T.);
#4684 = EDGE_CURVE('',#4514,#2475,#4685,.T.);
#4685 = SURFACE_CURVE('',#4686,(#4690,#4697),.PCURVE_S1.);
#4686 = LINE('',#4687,#4688);
#4687 = CARTESIAN_POINT('',(239.442503,-97.537024,236.027865));
#4688 = VECTOR('',#4689,1.);
#4689 = DIRECTION('',(7.104629093251E-02,-0.758060325676,-0.648303144509
    ));
#4690 = PCURVE('',#4665,#4691);
#4691 = DEFINITIONAL_REPRESENTATION('',(#4692),#4696);
#4692 = LINE('',#4693,#4694);
#4693 = CARTESIAN_POINT('',(58.938277665698,-5.492767691093));
#4694 = VECTOR('',#4695,1.);
#4695 = DIRECTION('',(-0.645555330606,0.763713503302));
#4696 = ( GEOMETRIC_REPRESENTATION_CONTEXT(2) 
PARAMETRIC_REPRESENTATION_CONTEXT() REPRESENTATION_CONTEXT('2D SPACE',''
  ) );
#4697 = PCURVE('',#4698,#4703);
#4698 = PLANE('',#4699);
#4699 = AXIS2_PLACEMENT_3D('',#4700,#4701,#4702);
#4700 = CARTESIAN_POINT('',(230.,-130.,260.710812));
#4701 = DIRECTION('',(0.967305765142,-0.106274712116,0.230272104884));
#4702 = DIRECTION('',(-0.231583607572,3.469446951954E-18,0.972815004358)
  );
#4703 = DEFINITIONAL_REPRESENTATION('',(#4704),#4708);
#4704 = LINE('',#4705,#4706);
#4705 = CARTESIAN_POINT('',(-26.19867010261,-32.64786717598));
#4706 = VECTOR('',#4707,1.);
#4707 = DIRECTION('',(-0.64713218271,0.762377818474));
#4708 = ( GEOMETRIC_REPRESENTATION_CONTEXT(2) 
PARAMETRIC_REPRESENTATION_CONTEXT() REPRESENTATION_CONTEXT('2D SPACE',''
  ) );
#4709 = ORIENTED_EDGE('',*,*,#4710,.T.);
#4710 = EDGE_CURVE('',#2475,#1032,#4711,.T.);
#4711 = SURFACE_CURVE('',#4712,(#4716,#4723),.PCURVE_S1.);
#4712 = LINE('',#4713,#4714);
#4713 = CARTESIAN_POINT('',(242.858815,-133.9889,204.853742));
#4714 = VECTOR('',#4715,1.);
#4715 = DIRECTION('',(0.253727309317,0.740280476948,-0.622581133634));
#4716 = PCURVE('',#4665,#4717);
#4717 = DEFINITIONAL_REPRESENTATION('',(#4718),#4722);
#4718 = LINE('',#4719,#4720);
#4719 = CARTESIAN_POINT('',(27.896285273594,31.230945421124));
#4720 = VECTOR('',#4721,1.);
#4721 = DIRECTION('',(-0.666168728539,-0.745801062694));
#4722 = ( GEOMETRIC_REPRESENTATION_CONTEXT(2) 
PARAMETRIC_REPRESENTATION_CONTEXT() REPRESENTATION_CONTEXT('2D SPACE',''
  ) );
#4723 = PCURVE('',#4724,#4729);
#4724 = PLANE('',#4725);
#4725 = AXIS2_PLACEMENT_3D('',#4726,#4727,#4728);
#4726 = CARTESIAN_POINT('',(242.858815,-133.9889,204.853742));
#4727 = DIRECTION('',(0.961711095115,-0.124125275962,0.244345422301));
#4728 = DIRECTION('',(-0.24624978148,0.,0.969206399649));
#4729 = DEFINITIONAL_REPRESENTATION('',(#4730),#4734);
#4730 = LINE('',#4731,#4732);
#4731 = CARTESIAN_POINT('',(0.,-0.));
#4732 = VECTOR('',#4733,1.);
#4733 = DIRECTION('',(-0.665889913493,-0.746050013811));
#4734 = ( GEOMETRIC_REPRESENTATION_CONTEXT(2) 
PARAMETRIC_REPRESENTATION_CONTEXT() REPRESENTATION_CONTEXT('2D SPACE',''
  ) );
#4735 = ADVANCED_FACE('',(#4736),#4748,.T.);
#4736 = FACE_BOUND('',#4737,.T.);
#4737 = EDGE_LOOP('',(#4738,#4771,#4797));
#4738 = ORIENTED_EDGE('',*,*,#4739,.T.);
#4739 = EDGE_CURVE('',#4740,#1034,#4742,.T.);
#4740 = VERTEX_POINT('',#4741);
#4741 = CARTESIAN_POINT('',(282.374165,-118.454009,60.209171));
#4742 = SURFACE_CURVE('',#4743,(#4747,#4759),.PCURVE_S1.);
#4743 = LINE('',#4744,#4745);
#4744 = CARTESIAN_POINT('',(282.374165,-118.454009,60.209171));
#4745 = VECTOR('',#4746,1.);
#4746 = DIRECTION('',(-0.225482739801,0.130148489065,0.965514839267));
#4747 = PCURVE('',#4748,#4753);
#4748 = PLANE('',#4749);
#4749 = AXIS2_PLACEMENT_3D('',#4750,#4751,#4752);
#4750 = CARTESIAN_POINT('',(282.374165,-118.454009,60.209171));
#4751 = DIRECTION('',(0.958573779223,-0.147413408957,0.243732633528));
#4752 = DIRECTION('',(-0.246424833399,0.,0.969161906744));
#4753 = DEFINITIONAL_REPRESENTATION('',(#4754),#4758);
#4754 = LINE('',#4755,#4756);
#4755 = CARTESIAN_POINT('',(0.,-0.));
#4756 = VECTOR('',#4757,1.);
#4757 = DIRECTION('',(0.991304749204,-0.13158607147));
#4758 = ( GEOMETRIC_REPRESENTATION_CONTEXT(2) 
PARAMETRIC_REPRESENTATION_CONTEXT() REPRESENTATION_CONTEXT('2D SPACE',''
  ) );
#4759 = PCURVE('',#4760,#4765);
#4760 = PLANE('',#4761);
#4761 = AXIS2_PLACEMENT_3D('',#4762,#4763,#4764);
#4762 = CARTESIAN_POINT('',(268.585712,-110.495323,119.251189));
#4763 = DIRECTION('',(0.966188408989,-9.733220607976E-02,0.238760130664)
  );
#4764 = DIRECTION('',(-0.239899184266,0.,0.970797806646));
#4765 = DEFINITIONAL_REPRESENTATION('',(#4766),#4770);
#4766 = LINE('',#4767,#4768);
#4767 = CARTESIAN_POINT('',(-60.62570020133,7.996654524834));
#4768 = VECTOR('',#4769,1.);
#4769 = DIRECTION('',(0.991412813589,-0.130769388814));
#4770 = ( GEOMETRIC_REPRESENTATION_CONTEXT(2) 
PARAMETRIC_REPRESENTATION_CONTEXT() REPRESENTATION_CONTEXT('2D SPACE',''
  ) );
#4771 = ORIENTED_EDGE('',*,*,#4772,.T.);
#4772 = EDGE_CURVE('',#1034,#2381,#4773,.T.);
#4773 = SURFACE_CURVE('',#4774,(#4778,#4785),.PCURVE_S1.);
#4774 = LINE('',#4775,#4776);
#4775 = CARTESIAN_POINT('',(268.585712,-110.495323,119.251189));
#4776 = VECTOR('',#4777,1.);
#4777 = DIRECTION('',(4.307236103879E-02,-0.770815620826,-0.635600543113
    ));
#4778 = PCURVE('',#4748,#4779);
#4779 = DEFINITIONAL_REPRESENTATION('',(#4780),#4784);
#4780 = LINE('',#4781,#4782);
#4781 = CARTESIAN_POINT('',(60.619091976267,-8.046595333741));
#4782 = VECTOR('',#4783,1.);
#4783 = DIRECTION('',(-0.626613933684,0.779329826269));
#4784 = ( GEOMETRIC_REPRESENTATION_CONTEXT(2) 
PARAMETRIC_REPRESENTATION_CONTEXT() REPRESENTATION_CONTEXT('2D SPACE',''
  ) );
#4785 = PCURVE('',#4786,#4791);
#4786 = PLANE('',#4787);
#4787 = AXIS2_PLACEMENT_3D('',#4788,#4789,#4790);
#4788 = CARTESIAN_POINT('',(256.696009,-139.571322,147.556566));
#4789 = DIRECTION('',(0.957143717963,-0.150532528981,0.247418392371));
#4790 = DIRECTION('',(-0.250270207244,-6.938893903907E-18,0.968176029122
    ));
#4791 = DEFINITIONAL_REPRESENTATION('',(#4792),#4796);
#4792 = LINE('',#4793,#4794);
#4793 = CARTESIAN_POINT('',(-30.38022594053,-29.41113724748));
#4794 = VECTOR('',#4795,1.);
#4795 = DIRECTION('',(-0.626152938662,0.779700261257));
#4796 = ( GEOMETRIC_REPRESENTATION_CONTEXT(2) 
PARAMETRIC_REPRESENTATION_CONTEXT() REPRESENTATION_CONTEXT('2D SPACE',''
  ) );
#4797 = ORIENTED_EDGE('',*,*,#4798,.T.);
#4798 = EDGE_CURVE('',#2381,#4740,#4799,.T.);
#4799 = SURFACE_CURVE('',#4800,(#4804,#4811),.PCURVE_S1.);
#4800 = LINE('',#4801,#4802);
#4801 = CARTESIAN_POINT('',(270.663686,-147.682391,88.587409));
#4802 = VECTOR('',#4803,1.);
#4803 = DIRECTION('',(0.276267541559,0.689540815442,-0.669484659511));
#4804 = PCURVE('',#4748,#4805);
#4805 = DEFINITIONAL_REPRESENTATION('',(#4806),#4810);
#4806 = LINE('',#4807,#4808);
#4807 = CARTESIAN_POINT('',(30.388860086721,29.551230217399));
#4808 = VECTOR('',#4809,1.);
#4809 = DIRECTION('',(-0.71691821205,-0.697157282994));
#4810 = ( GEOMETRIC_REPRESENTATION_CONTEXT(2) 
PARAMETRIC_REPRESENTATION_CONTEXT() REPRESENTATION_CONTEXT('2D SPACE',''
  ) );
#4811 = PCURVE('',#4812,#4817);
#4812 = PLANE('',#4813);
#4813 = AXIS2_PLACEMENT_3D('',#4814,#4815,#4816);
#4814 = CARTESIAN_POINT('',(270.663686,-147.682391,88.587409));
#4815 = DIRECTION('',(0.959029482143,-0.152300913543,0.238886760024));
#4816 = DIRECTION('',(-0.241706466556,0.,0.970349413369));
#4817 = DEFINITIONAL_REPRESENTATION('',(#4818),#4822);
#4818 = LINE('',#4819,#4820);
#4819 = CARTESIAN_POINT('',(0.,-0.));
#4820 = VECTOR('',#4821,1.);
#4821 = DIRECTION('',(-0.71640969791,-0.697679829679));
#4822 = ( GEOMETRIC_REPRESENTATION_CONTEXT(2) 
PARAMETRIC_REPRESENTATION_CONTEXT() REPRESENTATION_CONTEXT('2D SPACE',''
  ) );
#4823 = ADVANCED_FACE('',(#4824),#4836,.T.);
#4824 = FACE_BOUND('',#4825,.T.);
#4825 = EDGE_LOOP('',(#4826,#4854,#4880));
#4826 = ORIENTED_EDGE('',*,*,#4827,.T.);
#4827 = EDGE_CURVE('',#4828,#4602,#4830,.T.);
#4828 = VERTEX_POINT('',#4829);
#4829 = CARTESIAN_POINT('',(271.181511,-40.018205,120.149321));
#4830 = SURFACE_CURVE('',#4831,(#4835,#4847),.PCURVE_S1.);
#4831 = LINE('',#4832,#4833);
#4832 = CARTESIAN_POINT('',(271.181511,-40.018205,120.149321));
#4833 = VECTOR('',#4834,1.);
#4834 = DIRECTION('',(-0.245861212667,0.121267579225,0.961689366862));
#4835 = PCURVE('',#4836,#4841);
#4836 = PLANE('',#4837);
#4837 = AXIS2_PLACEMENT_3D('',#4838,#4839,#4840);
#4838 = CARTESIAN_POINT('',(271.181511,-40.018205,120.149321));
#4839 = DIRECTION('',(0.968991815595,5.528740751642E-03,0.247030958254)
  );
#4840 = DIRECTION('',(-0.247034733835,0.,0.969006625508));
#4841 = DEFINITIONAL_REPRESENTATION('',(#4842),#4846);
#4842 = LINE('',#4843,#4844);
#4843 = CARTESIAN_POINT('',(0.,0.));
#4844 = VECTOR('',#4845,1.);
#4845 = DIRECTION('',(0.992619627401,-0.121269432659));
#4846 = ( GEOMETRIC_REPRESENTATION_CONTEXT(2) 
PARAMETRIC_REPRESENTATION_CONTEXT() REPRESENTATION_CONTEXT('2D SPACE',''
  ) );
#4847 = PCURVE('',#4643,#4848);
#4848 = DEFINITIONAL_REPRESENTATION('',(#4849),#4853);
#4849 = LINE('',#4850,#4851);
#4850 = CARTESIAN_POINT('',(-61.41000491684,7.503327431033));
#4851 = VECTOR('',#4852,1.);
#4852 = DIRECTION('',(0.992618071681,-0.121282165925));
#4853 = ( GEOMETRIC_REPRESENTATION_CONTEXT(2) 
PARAMETRIC_REPRESENTATION_CONTEXT() REPRESENTATION_CONTEXT('2D SPACE',''
  ) );
#4854 = ORIENTED_EDGE('',*,*,#4855,.T.);
#4855 = EDGE_CURVE('',#4602,#1067,#4856,.T.);
#4856 = SURFACE_CURVE('',#4857,(#4861,#4868),.PCURVE_S1.);
#4857 = LINE('',#4858,#4859);
#4858 = CARTESIAN_POINT('',(255.970889,-32.51578,179.645869));
#4859 = VECTOR('',#4860,1.);
#4860 = DIRECTION('',(0.154590494332,-0.793483394717,-0.588630513455));
#4861 = PCURVE('',#4836,#4862);
#4862 = DEFINITIONAL_REPRESENTATION('',(#4863),#4867);
#4863 = LINE('',#4864,#4865);
#4864 = CARTESIAN_POINT('',(61.41010116411,-7.502539665845));
#4865 = VECTOR('',#4866,1.);
#4866 = DIRECTION('',(-0.608576089135,0.793495522189));
#4867 = ( GEOMETRIC_REPRESENTATION_CONTEXT(2) 
PARAMETRIC_REPRESENTATION_CONTEXT() REPRESENTATION_CONTEXT('2D SPACE',''
  ) );
#4868 = PCURVE('',#4869,#4874);
#4869 = PLANE('',#4870);
#4870 = AXIS2_PLACEMENT_3D('',#4871,#4872,#4873);
#4871 = CARTESIAN_POINT('',(248.519417,-65.049197,209.441197));
#4872 = DIRECTION('',(0.968817223394,4.978780486828E-03,0.247726460839)
  );
#4873 = DIRECTION('',(-0.247729531249,0.,0.968829231262));
#4874 = DEFINITIONAL_REPRESENTATION('',(#4875),#4879);
#4875 = LINE('',#4876,#4877);
#4876 = CARTESIAN_POINT('',(-30.7125343871,-32.53382023081));
#4877 = VECTOR('',#4878,1.);
#4878 = DIRECTION('',(-0.608579078544,0.793493229434));
#4879 = ( GEOMETRIC_REPRESENTATION_CONTEXT(2) 
PARAMETRIC_REPRESENTATION_CONTEXT() REPRESENTATION_CONTEXT('2D SPACE',''
  ) );
#4880 = ORIENTED_EDGE('',*,*,#4881,.T.);
#4881 = EDGE_CURVE('',#1067,#4828,#4882,.T.);
#4882 = SURFACE_CURVE('',#4883,(#4887,#4894),.PCURVE_S1.);
#4883 = LINE('',#4884,#4885);
#4884 = CARTESIAN_POINT('',(263.772411,-72.559498,149.940201));
#4885 = VECTOR('',#4886,1.);
#4886 = DIRECTION('',(0.165617576176,0.72740414791,-0.665923437089));
#4887 = PCURVE('',#4836,#4888);
#4888 = DEFINITIONAL_REPRESENTATION('',(#4889),#4893);
#4889 = LINE('',#4890,#4891);
#4890 = CARTESIAN_POINT('',(30.697865146181,32.541790355835));
#4891 = VECTOR('',#4892,1.);
#4892 = DIRECTION('',(-0.68619751647,-0.727415265437));
#4893 = ( GEOMETRIC_REPRESENTATION_CONTEXT(2) 
PARAMETRIC_REPRESENTATION_CONTEXT() REPRESENTATION_CONTEXT('2D SPACE',''
  ) );
#4894 = PCURVE('',#4895,#4900);
#4895 = PLANE('',#4896);
#4896 = AXIS2_PLACEMENT_3D('',#4897,#4898,#4899);
#4897 = CARTESIAN_POINT('',(263.772411,-72.559498,149.940201));
#4898 = DIRECTION('',(0.969740718124,2.695369273583E-03,0.244122253385)
  );
#4899 = DIRECTION('',(-0.244123140166,-1.084202172486E-19,0.969744240733
    ));
#4900 = DEFINITIONAL_REPRESENTATION('',(#4901),#4905);
#4901 = LINE('',#4902,#4903);
#4902 = CARTESIAN_POINT('',(0.,0.));
#4903 = VECTOR('',#4904,1.);
#4904 = DIRECTION('',(-0.686206500649,-0.727406790226));
#4905 = ( GEOMETRIC_REPRESENTATION_CONTEXT(2) 
PARAMETRIC_REPRESENTATION_CONTEXT() REPRESENTATION_CONTEXT('2D SPACE',''
  ) );
#4906 = ADVANCED_FACE('',(#4907),#4919,.T.);
#4907 = FACE_BOUND('',#4908,.T.);
#4908 = EDGE_LOOP('',(#4909,#4942,#4970));
#4909 = ORIENTED_EDGE('',*,*,#4910,.T.);
#4910 = EDGE_CURVE('',#4911,#3191,#4913,.T.);
#4911 = VERTEX_POINT('',#4912);
#4912 = CARTESIAN_POINT('',(220.130095,-137.223051,78.756629));
#4913 = SURFACE_CURVE('',#4914,(#4918,#4930),.PCURVE_S1.);
#4914 = LINE('',#4915,#4916);
#4915 = CARTESIAN_POINT('',(220.130095,-137.223051,78.756629));
#4916 = VECTOR('',#4917,1.);
#4917 = DIRECTION('',(0.278638696821,0.203914983752,0.938498351642));
#4918 = PCURVE('',#4919,#4924);
#4919 = PLANE('',#4920);
#4920 = AXIS2_PLACEMENT_3D('',#4921,#4922,#4923);
#4921 = CARTESIAN_POINT('',(220.130095,-137.223051,78.756629));
#4922 = DIRECTION('',(-0.936430413878,0.274625838403,0.218354594285));
#4923 = DIRECTION('',(-0.281416562181,-0.959585701504,0.));
#4924 = DEFINITIONAL_REPRESENTATION('',(#4925),#4929);
#4925 = LINE('',#4926,#4927);
#4926 = CARTESIAN_POINT('',(0.,0.));
#4927 = VECTOR('',#4928,1.);
#4928 = DIRECTION('',(-0.274087446881,0.961704773547));
#4929 = ( GEOMETRIC_REPRESENTATION_CONTEXT(2) 
PARAMETRIC_REPRESENTATION_CONTEXT() REPRESENTATION_CONTEXT('2D SPACE',''
  ) );
#4930 = PCURVE('',#4931,#4936);
#4931 = PLANE('',#4932);
#4932 = AXIS2_PLACEMENT_3D('',#4933,#4934,#4935);
#4933 = CARTESIAN_POINT('',(225.513834,-142.118539,91.810678));
#4934 = DIRECTION('',(-0.931230882768,-0.181626452482,0.315944417165));
#4935 = DIRECTION('',(-0.321288212035,6.938893903907E-18,-0.94698145959)
  );
#4936 = DEFINITIONAL_REPRESENTATION('',(#4937),#4941);
#4937 = LINE('',#4938,#4939);
#4938 = CARTESIAN_POINT('',(14.091674252954,-4.978288904966));
#4939 = VECTOR('',#4940,1.);
#4940 = DIRECTION('',(-0.978263867566,-0.207363944344));
#4941 = ( GEOMETRIC_REPRESENTATION_CONTEXT(2) 
PARAMETRIC_REPRESENTATION_CONTEXT() REPRESENTATION_CONTEXT('2D SPACE',''
  ) );
#4942 = ORIENTED_EDGE('',*,*,#4943,.T.);
#4943 = EDGE_CURVE('',#3191,#4944,#4946,.T.);
#4944 = VERTEX_POINT('',#4945);
#4945 = CARTESIAN_POINT('',(217.469551,-131.381715,60.));
#4946 = SURFACE_CURVE('',#4947,(#4951,#4958),.PCURVE_S1.);
#4947 = LINE('',#4948,#4949);
#4948 = CARTESIAN_POINT('',(230.,-130.,112.));
#4949 = VECTOR('',#4950,1.);
#4950 = DIRECTION('',(-0.234186539521,-2.582342056974E-02,
    -0.971848658824));
#4951 = PCURVE('',#4919,#4952);
#4952 = DEFINITIONAL_REPRESENTATION('',(#4953),#4957);
#4953 = LINE('',#4954,#4955);
#4954 = CARTESIAN_POINT('',(-9.708691194984,34.065385968483));
#4955 = VECTOR('',#4956,1.);
#4956 = DIRECTION('',(9.068375600376E-02,-0.995879739927));
#4957 = ( GEOMETRIC_REPRESENTATION_CONTEXT(2) 
PARAMETRIC_REPRESENTATION_CONTEXT() REPRESENTATION_CONTEXT('2D SPACE',''
  ) );
#4958 = PCURVE('',#4959,#4964);
#4959 = PLANE('',#4960);
#4960 = AXIS2_PLACEMENT_3D('',#4961,#4962,#4963);
#4961 = CARTESIAN_POINT('',(230.,-130.,112.));
#4962 = DIRECTION('',(-0.109604259835,0.993975304636,0.));
#4963 = DIRECTION('',(0.993975304636,0.109604259835,0.));
#4964 = DEFINITIONAL_REPRESENTATION('',(#4965),#4969);
#4965 = LINE('',#4966,#4967);
#4966 = CARTESIAN_POINT('',(0.,0.));
#4967 = VECTOR('',#4968,1.);
#4968 = DIRECTION('',(-0.23560599386,0.971848658824));
#4969 = ( GEOMETRIC_REPRESENTATION_CONTEXT(2) 
PARAMETRIC_REPRESENTATION_CONTEXT() REPRESENTATION_CONTEXT('2D SPACE',''
  ) );
#4970 = ORIENTED_EDGE('',*,*,#4971,.T.);
#4971 = EDGE_CURVE('',#4944,#4911,#4972,.T.);
#4972 = SURFACE_CURVE('',#4973,(#4977,#4984),.PCURVE_S1.);
#4973 = LINE('',#4974,#4975);
#4974 = CARTESIAN_POINT('',(217.469551,-131.381715,60.));
#4975 = VECTOR('',#4976,1.);
#4976 = DIRECTION('',(0.134204842102,-0.294652362653,0.946133735547));
#4977 = PCURVE('',#4919,#4978);
#4978 = DEFINITIONAL_REPRESENTATION('',(#4979),#4983);
#4979 = LINE('',#4980,#4981);
#4980 = CARTESIAN_POINT('',(-4.856541357267,-19.22042762608));
#4981 = VECTOR('',#4982,1.);
#4982 = DIRECTION('',(0.244976728824,0.969528958997));
#4983 = ( GEOMETRIC_REPRESENTATION_CONTEXT(2) 
PARAMETRIC_REPRESENTATION_CONTEXT() REPRESENTATION_CONTEXT('2D SPACE',''
  ) );
#4984 = PCURVE('',#4985,#4990);
#4985 = PLANE('',#4986);
#4986 = AXIS2_PLACEMENT_3D('',#4987,#4988,#4989);
#4987 = CARTESIAN_POINT('',(217.469551,-131.381715,60.));
#4988 = DIRECTION('',(-0.642890528397,0.700685938836,0.309404239813));
#4989 = DIRECTION('',(0.736842346664,0.676064609459,0.));
#4990 = DEFINITIONAL_REPRESENTATION('',(#4991),#4995);
#4991 = LINE('',#4992,#4993);
#4992 = CARTESIAN_POINT('',(0.,0.));
#4993 = VECTOR('',#4994,1.);
#4994 = DIRECTION('',(-0.100316223695,-0.99495560467));
#4995 = ( GEOMETRIC_REPRESENTATION_CONTEXT(2) 
PARAMETRIC_REPRESENTATION_CONTEXT() REPRESENTATION_CONTEXT('2D SPACE',''
  ) );
#4996 = ADVANCED_FACE('',(#4997),#5009,.T.);
#4997 = FACE_BOUND('',#4998,.T.);
#4998 = EDGE_LOOP('',(#4999,#5027,#5053));
#4999 = ORIENTED_EDGE('',*,*,#5000,.T.);
#5000 = EDGE_CURVE('',#239,#5001,#5003,.T.);
#5001 = VERTEX_POINT('',#5002);
#5002 = CARTESIAN_POINT('',(225.513834,-142.118539,91.810678));
#5003 = SURFACE_CURVE('',#5004,(#5008,#5020),.PCURVE_S1.);
#5004 = LINE('',#5005,#5006);
#5005 = CARTESIAN_POINT('',(257.855997,-147.101675,105.781419));
#5006 = VECTOR('',#5007,1.);
#5007 = DIRECTION('',(-0.908965241941,0.140049304057,-0.392642816535));
#5008 = PCURVE('',#5009,#5014);
#5009 = PLANE('',#5010);
#5010 = AXIS2_PLACEMENT_3D('',#5011,#5012,#5013);
#5011 = CARTESIAN_POINT('',(257.855997,-147.101675,105.781419));
#5012 = DIRECTION('',(-0.235501136921,-0.949695030354,0.20644264053));
#5013 = DIRECTION('',(-0.970603078194,0.240685821351,0.));
#5014 = DEFINITIONAL_REPRESENTATION('',(#5015),#5019);
#5015 = LINE('',#5016,#5017);
#5016 = CARTESIAN_POINT('',(0.,-0.));
#5017 = VECTOR('',#5018,1.);
#5018 = DIRECTION('',(0.915952343576,0.401287059718));
#5019 = ( GEOMETRIC_REPRESENTATION_CONTEXT(2) 
PARAMETRIC_REPRESENTATION_CONTEXT() REPRESENTATION_CONTEXT('2D SPACE',''
  ) );
#5020 = PCURVE('',#254,#5021);
#5021 = DEFINITIONAL_REPRESENTATION('',(#5022),#5026);
#5022 = LINE('',#5023,#5024);
#5023 = CARTESIAN_POINT('',(-32.72169144106,-13.97568120836));
#5024 = VECTOR('',#5025,1.);
#5025 = DIRECTION('',(0.91963175677,0.392781659373));
#5026 = ( GEOMETRIC_REPRESENTATION_CONTEXT(2) 
PARAMETRIC_REPRESENTATION_CONTEXT() REPRESENTATION_CONTEXT('2D SPACE',''
  ) );
#5027 = ORIENTED_EDGE('',*,*,#5028,.T.);
#5028 = EDGE_CURVE('',#5001,#2383,#5029,.T.);
#5029 = SURFACE_CURVE('',#5030,(#5034,#5041),.PCURVE_S1.);
#5030 = LINE('',#5031,#5032);
#5031 = CARTESIAN_POINT('',(225.513834,-142.118539,91.810678));
#5032 = VECTOR('',#5033,1.);
#5033 = DIRECTION('',(0.782331323068,-0.311275391934,-0.539504709268));
#5034 = PCURVE('',#5009,#5035);
#5035 = DEFINITIONAL_REPRESENTATION('',(#5036),#5040);
#5036 = LINE('',#5037,#5038);
#5037 = CARTESIAN_POINT('',(32.590773144331,14.278314391302));
#5038 = VECTOR('',#5039,1.);
#5039 = DIRECTION('',(-0.834252763712,0.551382196157));
#5040 = ( GEOMETRIC_REPRESENTATION_CONTEXT(2) 
PARAMETRIC_REPRESENTATION_CONTEXT() REPRESENTATION_CONTEXT('2D SPACE',''
  ) );
#5041 = PCURVE('',#5042,#5047);
#5042 = PLANE('',#5043);
#5043 = AXIS2_PLACEMENT_3D('',#5044,#5045,#5046);
#5044 = CARTESIAN_POINT('',(214.108841,-147.488088,78.583474));
#5045 = DIRECTION('',(-6.679248902742E-02,-0.903100809486,0.424202417857
    ));
#5046 = DIRECTION('',(0.,-0.425151829377,-0.905122048112));
#5047 = DEFINITIONAL_REPRESENTATION('',(#5048),#5052);
#5048 = LINE('',#5049,#5050);
#5049 = CARTESIAN_POINT('',(-14.25510755554,11.430518624754));
#5050 = VECTOR('',#5051,1.);
#5051 = DIRECTION('',(0.620656909739,0.784082266343));
#5052 = ( GEOMETRIC_REPRESENTATION_CONTEXT(2) 
PARAMETRIC_REPRESENTATION_CONTEXT() REPRESENTATION_CONTEXT('2D SPACE',''
  ) );
#5053 = ORIENTED_EDGE('',*,*,#5054,.T.);
#5054 = EDGE_CURVE('',#2383,#239,#5055,.T.);
#5055 = SURFACE_CURVE('',#5056,(#5060,#5067),.PCURVE_S1.);
#5056 = LINE('',#5057,#5058);
#5057 = CARTESIAN_POINT('',(242.644007,-148.934323,79.997513));
#5058 = VECTOR('',#5059,1.);
#5059 = DIRECTION('',(0.507186650286,6.110276172108E-02,0.85966746727));
#5060 = PCURVE('',#5009,#5061);
#5061 = DEFINITIONAL_REPRESENTATION('',(#5062),#5066);
#5062 = LINE('',#5063,#5064);
#5063 = CARTESIAN_POINT('',(14.323711930337,26.351552584346));
#5064 = VECTOR('',#5065,1.);
#5065 = DIRECTION('',(-0.477570355595,-0.878593509797));
#5066 = ( GEOMETRIC_REPRESENTATION_CONTEXT(2) 
PARAMETRIC_REPRESENTATION_CONTEXT() REPRESENTATION_CONTEXT('2D SPACE',''
  ) );
#5067 = PCURVE('',#2403,#5068);
#5068 = DEFINITIONAL_REPRESENTATION('',(#5069),#5073);
#5069 = LINE('',#5070,#5071);
#5070 = CARTESIAN_POINT('',(0.,0.));
#5071 = VECTOR('',#5072,1.);
#5072 = DIRECTION('',(-0.861720033829,0.507384058972));
#5073 = ( GEOMETRIC_REPRESENTATION_CONTEXT(2) 
PARAMETRIC_REPRESENTATION_CONTEXT() REPRESENTATION_CONTEXT('2D SPACE',''
  ) );
#5074 = ADVANCED_FACE('',(#5075),#5087,.T.);
#5075 = FACE_BOUND('',#5076,.T.);
#5076 = EDGE_LOOP('',(#5077,#5105,#5133));
#5077 = ORIENTED_EDGE('',*,*,#5078,.T.);
#5078 = EDGE_CURVE('',#5079,#4944,#5081,.T.);
#5079 = VERTEX_POINT('',#5080);
#5080 = CARTESIAN_POINT('',(208.0203,-142.812449,66.252405));
#5081 = SURFACE_CURVE('',#5082,(#5086,#5098),.PCURVE_S1.);
#5082 = LINE('',#5083,#5084);
#5083 = CARTESIAN_POINT('',(208.0203,-142.812449,66.252405));
#5084 = VECTOR('',#5085,1.);
#5085 = DIRECTION('',(0.587099616024,0.710212856265,-0.38847360227));
#5086 = PCURVE('',#5087,#5092);
#5087 = PLANE('',#5088);
#5088 = AXIS2_PLACEMENT_3D('',#5089,#5090,#5091);
#5089 = CARTESIAN_POINT('',(208.0203,-142.812449,66.252405));
#5090 = DIRECTION('',(-0.564585338378,0.703143983842,0.432240596977));
#5091 = DIRECTION('',(0.779747709377,0.626093850569,0.));
#5092 = DEFINITIONAL_REPRESENTATION('',(#5093),#5097);
#5093 = LINE('',#5094,#5095);
#5094 = CARTESIAN_POINT('',(0.,0.));
#5095 = VECTOR('',#5096,1.);
#5096 = DIRECTION('',(0.902449482674,0.430795695454));
#5097 = ( GEOMETRIC_REPRESENTATION_CONTEXT(2) 
PARAMETRIC_REPRESENTATION_CONTEXT() REPRESENTATION_CONTEXT('2D SPACE',''
  ) );
#5098 = PCURVE('',#4985,#5099);
#5099 = DEFINITIONAL_REPRESENTATION('',(#5100),#5104);
#5100 = LINE('',#5101,#5102);
#5101 = CARTESIAN_POINT('',(-14.69052299859,-6.575038140693));
#5102 = VECTOR('',#5103,1.);
#5103 = DIRECTION('',(0.9127496361,0.408519401987));
#5104 = ( GEOMETRIC_REPRESENTATION_CONTEXT(2) 
PARAMETRIC_REPRESENTATION_CONTEXT() REPRESENTATION_CONTEXT('2D SPACE',''
  ) );
#5105 = ORIENTED_EDGE('',*,*,#5106,.T.);
#5106 = EDGE_CURVE('',#4944,#5107,#5109,.T.);
#5107 = VERTEX_POINT('',#5108);
#5108 = CARTESIAN_POINT('',(204.196591,-137.841835,53.172034));
#5109 = SURFACE_CURVE('',#5110,(#5114,#5121),.PCURVE_S1.);
#5110 = LINE('',#5111,#5112);
#5111 = CARTESIAN_POINT('',(217.469551,-131.381715,60.));
#5112 = VECTOR('',#5113,1.);
#5113 = DIRECTION('',(-0.816082037459,-0.397197602632,-0.419814450204));
#5114 = PCURVE('',#5087,#5115);
#5115 = DEFINITIONAL_REPRESENTATION('',(#5116),#5120);
#5116 = LINE('',#5117,#5118);
#5117 = CARTESIAN_POINT('',(14.524744087476,6.93357063259));
#5118 = VECTOR('',#5119,1.);
#5119 = DIRECTION('',(-0.885021075841,0.465550958883));
#5120 = ( GEOMETRIC_REPRESENTATION_CONTEXT(2) 
PARAMETRIC_REPRESENTATION_CONTEXT() REPRESENTATION_CONTEXT('2D SPACE',''
  ) );
#5121 = PCURVE('',#5122,#5127);
#5122 = PLANE('',#5123);
#5123 = AXIS2_PLACEMENT_3D('',#5124,#5125,#5126);
#5124 = CARTESIAN_POINT('',(217.469551,-131.381715,60.));
#5125 = DIRECTION('',(-0.461035300831,9.385159495733E-03,0.887332164507)
  );
#5126 = DIRECTION('',(0.887371245738,0.,0.461055606448));
#5127 = DEFINITIONAL_REPRESENTATION('',(#5128),#5132);
#5128 = LINE('',#5129,#5130);
#5129 = CARTESIAN_POINT('',(0.,0.));
#5130 = VECTOR('',#5131,1.);
#5131 = DIRECTION('',(-0.917725540139,-0.397215096612));
#5132 = ( GEOMETRIC_REPRESENTATION_CONTEXT(2) 
PARAMETRIC_REPRESENTATION_CONTEXT() REPRESENTATION_CONTEXT('2D SPACE',''
  ) );
#5133 = ORIENTED_EDGE('',*,*,#5134,.T.);
#5134 = EDGE_CURVE('',#5107,#5079,#5135,.T.);
#5135 = SURFACE_CURVE('',#5136,(#5140,#5147),.PCURVE_S1.);
#5136 = LINE('',#5137,#5138);
#5137 = CARTESIAN_POINT('',(204.196591,-137.841835,53.172034));
#5138 = VECTOR('',#5139,1.);
#5139 = DIRECTION('',(0.263595105692,-0.34265931918,0.901721803681));
#5140 = PCURVE('',#5087,#5141);
#5141 = DEFINITIONAL_REPRESENTATION('',(#5142),#5146);
#5142 = LINE('',#5143,#5144);
#5143 = CARTESIAN_POINT('',(0.130542524878,14.50540651621));
#5144 = VECTOR('',#5145,1.);
#5145 = DIRECTION('',(-8.999212712736E-03,-0.999959506265));
#5146 = ( GEOMETRIC_REPRESENTATION_CONTEXT(2) 
PARAMETRIC_REPRESENTATION_CONTEXT() REPRESENTATION_CONTEXT('2D SPACE',''
  ) );
#5147 = PCURVE('',#5148,#5153);
#5148 = PLANE('',#5149);
#5149 = AXIS2_PLACEMENT_3D('',#5150,#5151,#5152);
#5150 = CARTESIAN_POINT('',(204.196591,-137.841835,53.172034));
#5151 = DIRECTION('',(-0.736034879772,0.532773861473,0.417617849583));
#5152 = DIRECTION('',(-0.586353194247,-0.810055511429,0.));
#5153 = DEFINITIONAL_REPRESENTATION('',(#5154),#5158);
#5154 = LINE('',#5155,#5156);
#5155 = CARTESIAN_POINT('',(0.,0.));
#5156 = VECTOR('',#5157,1.);
#5157 = DIRECTION('',(0.123013237834,0.992405029873));
#5158 = ( GEOMETRIC_REPRESENTATION_CONTEXT(2) 
PARAMETRIC_REPRESENTATION_CONTEXT() REPRESENTATION_CONTEXT('2D SPACE',''
  ) );
#5159 = ADVANCED_FACE('',(#5160),#5172,.T.);
#5160 = FACE_BOUND('',#5161,.T.);
#5161 = EDGE_LOOP('',(#5162,#5195,#5216));
#5162 = ORIENTED_EDGE('',*,*,#5163,.T.);
#5163 = EDGE_CURVE('',#4911,#5164,#5166,.T.);
#5164 = VERTEX_POINT('',#5165);
#5165 = CARTESIAN_POINT('',(214.108841,-147.488088,78.583474));
#5166 = SURFACE_CURVE('',#5167,(#5171,#5183),.PCURVE_S1.);
#5167 = LINE('',#5168,#5169);
#5168 = CARTESIAN_POINT('',(220.130095,-137.223051,78.756629));
#5169 = VECTOR('',#5170,1.);
#5170 = DIRECTION('',(-0.505904735731,-0.862466660725,
    -1.454845361374E-02));
#5171 = PCURVE('',#5172,#5177);
#5172 = PLANE('',#5173);
#5173 = AXIS2_PLACEMENT_3D('',#5174,#5175,#5176);
#5174 = CARTESIAN_POINT('',(220.130095,-137.223051,78.756629));
#5175 = DIRECTION('',(-0.761020087019,0.438331149034,0.478240766707));
#5176 = DIRECTION('',(-0.532080056976,-2.775557561563E-17,
    -0.846694049211));
#5177 = DEFINITIONAL_REPRESENTATION('',(#5178),#5182);
#5178 = LINE('',#5179,#5180);
#5179 = CARTESIAN_POINT('',(-0.,0.));
#5180 = VECTOR('',#5181,1.);
#5181 = DIRECTION('',(0.281499909712,0.959561254341));
#5182 = ( GEOMETRIC_REPRESENTATION_CONTEXT(2) 
PARAMETRIC_REPRESENTATION_CONTEXT() REPRESENTATION_CONTEXT('2D SPACE',''
  ) );
#5183 = PCURVE('',#5184,#5189);
#5184 = PLANE('',#5185);
#5185 = AXIS2_PLACEMENT_3D('',#5186,#5187,#5188);
#5186 = CARTESIAN_POINT('',(214.108841,-147.488088,78.583474));
#5187 = DIRECTION('',(-0.737903764214,0.423981030379,0.525107722889));
#5188 = DIRECTION('',(-0.579799599052,0.,-0.814759120808));
#5189 = DEFINITIONAL_REPRESENTATION('',(#5190),#5194);
#5190 = LINE('',#5191,#5192);
#5191 = CARTESIAN_POINT('',(-3.632200270551,-11.33417787898));
#5192 = VECTOR('',#5193,1.);
#5193 = DIRECTION('',(0.305176848211,0.952295695315));
#5194 = ( GEOMETRIC_REPRESENTATION_CONTEXT(2) 
PARAMETRIC_REPRESENTATION_CONTEXT() REPRESENTATION_CONTEXT('2D SPACE',''
  ) );
#5195 = ORIENTED_EDGE('',*,*,#5196,.T.);
#5196 = EDGE_CURVE('',#5164,#5001,#5197,.T.);
#5197 = SURFACE_CURVE('',#5198,(#5202,#5209),.PCURVE_S1.);
#5198 = LINE('',#5199,#5200);
#5199 = CARTESIAN_POINT('',(214.108841,-147.488088,78.583474));
#5200 = VECTOR('',#5201,1.);
#5201 = DIRECTION('',(0.624179751123,0.293868111841,0.723906880151));
#5202 = PCURVE('',#5172,#5203);
#5203 = DEFINITIONAL_REPRESENTATION('',(#5204),#5208);
#5204 = LINE('',#5205,#5206);
#5205 = CARTESIAN_POINT('',(3.350398479476,11.420652215466));
#5206 = VECTOR('',#5207,1.);
#5207 = DIRECTION('',(-0.945041245148,-0.326951135446));
#5208 = ( GEOMETRIC_REPRESENTATION_CONTEXT(2) 
PARAMETRIC_REPRESENTATION_CONTEXT() REPRESENTATION_CONTEXT('2D SPACE',''
  ) );
#5209 = PCURVE('',#5042,#5210);
#5210 = DEFINITIONAL_REPRESENTATION('',(#5211),#5215);
#5211 = LINE('',#5212,#5213);
#5212 = CARTESIAN_POINT('',(0.,0.));
#5213 = VECTOR('',#5214,1.);
#5214 = DIRECTION('',(-0.780162643349,0.62557673384));
#5215 = ( GEOMETRIC_REPRESENTATION_CONTEXT(2) 
PARAMETRIC_REPRESENTATION_CONTEXT() REPRESENTATION_CONTEXT('2D SPACE',''
  ) );
#5216 = ORIENTED_EDGE('',*,*,#5217,.T.);
#5217 = EDGE_CURVE('',#5001,#4911,#5218,.T.);
#5218 = SURFACE_CURVE('',#5219,(#5223,#5230),.PCURVE_S1.);
#5219 = LINE('',#5220,#5221);
#5220 = CARTESIAN_POINT('',(225.513834,-142.118539,91.810678));
#5221 = VECTOR('',#5222,1.);
#5222 = DIRECTION('',(-0.36023227063,0.327562825404,-0.873461680104));
#5223 = PCURVE('',#5172,#5224);
#5224 = DEFINITIONAL_REPRESENTATION('',(#5225),#5229);
#5225 = LINE('',#5226,#5227);
#5226 = CARTESIAN_POINT('',(-13.91736576026,5.446611237055));
#5227 = VECTOR('',#5228,1.);
#5228 = DIRECTION('',(0.931227213839,-0.364439125515));
#5229 = ( GEOMETRIC_REPRESENTATION_CONTEXT(2) 
PARAMETRIC_REPRESENTATION_CONTEXT() REPRESENTATION_CONTEXT('2D SPACE',''
  ) );
#5230 = PCURVE('',#4931,#5231);
#5231 = DEFINITIONAL_REPRESENTATION('',(#5232),#5236);
#5232 = LINE('',#5233,#5234);
#5233 = CARTESIAN_POINT('',(0.,0.));
#5234 = VECTOR('',#5235,1.);
#5235 = DIRECTION('',(0.942890398869,-0.333103130758));
#5236 = ( GEOMETRIC_REPRESENTATION_CONTEXT(2) 
PARAMETRIC_REPRESENTATION_CONTEXT() REPRESENTATION_CONTEXT('2D SPACE',''
  ) );
#5237 = ADVANCED_FACE('',(#5238),#5250,.T.);
#5238 = FACE_BOUND('',#5239,.T.);
#5239 = EDGE_LOOP('',(#5240,#5273,#5299));
#5240 = ORIENTED_EDGE('',*,*,#5241,.T.);
#5241 = EDGE_CURVE('',#5242,#3485,#5244,.T.);
#5242 = VERTEX_POINT('',#5243);
#5243 = CARTESIAN_POINT('',(198.090219,-149.784818,57.645996));
#5244 = SURFACE_CURVE('',#5245,(#5249,#5261),.PCURVE_S1.);
#5245 = LINE('',#5246,#5247);
#5246 = CARTESIAN_POINT('',(198.090219,-149.784818,57.645996));
#5247 = VECTOR('',#5248,1.);
#5248 = DIRECTION('',(0.162026503148,-0.259064080105,-0.952172891169));
#5249 = PCURVE('',#5250,#5255);
#5250 = PLANE('',#5251);
#5251 = AXIS2_PLACEMENT_3D('',#5252,#5253,#5254);
#5252 = CARTESIAN_POINT('',(198.090219,-149.784818,57.645996));
#5253 = DIRECTION('',(-0.126927352457,-0.962378868527,0.240242295634));
#5254 = DIRECTION('',(0.,-0.242201215222,-0.970226041366));
#5255 = DEFINITIONAL_REPRESENTATION('',(#5256),#5260);
#5256 = LINE('',#5257,#5258);
#5257 = CARTESIAN_POINT('',(0.,0.));
#5258 = VECTOR('',#5259,1.);
#5259 = DIRECTION('',(0.986568569917,0.163347656403));
#5260 = ( GEOMETRIC_REPRESENTATION_CONTEXT(2) 
PARAMETRIC_REPRESENTATION_CONTEXT() REPRESENTATION_CONTEXT('2D SPACE',''
  ) );
#5261 = PCURVE('',#5262,#5267);
#5262 = PLANE('',#5263);
#5263 = AXIS2_PLACEMENT_3D('',#5264,#5265,#5266);
#5264 = CARTESIAN_POINT('',(202.7946,-157.30665,30.));
#5265 = DIRECTION('',(-6.933912160407E-02,-0.965526867612,0.250898294402
    ));
#5266 = DIRECTION('',(0.,-0.251503626752,-0.967856355939));
#5267 = DEFINITIONAL_REPRESENTATION('',(#5268),#5272);
#5268 = LINE('',#5269,#5270);
#5269 = CARTESIAN_POINT('',(-28.64912097267,-4.715731073197));
#5270 = VECTOR('',#5271,1.);
#5271 = DIRECTION('',(0.986722140378,0.162417418057));
#5272 = ( GEOMETRIC_REPRESENTATION_CONTEXT(2) 
PARAMETRIC_REPRESENTATION_CONTEXT() REPRESENTATION_CONTEXT('2D SPACE',''
  ) );
#5273 = ORIENTED_EDGE('',*,*,#5274,.T.);
#5274 = EDGE_CURVE('',#3485,#1124,#5275,.T.);
#5275 = SURFACE_CURVE('',#5276,(#5280,#5287),.PCURVE_S1.);
#5276 = LINE('',#5277,#5278);
#5277 = CARTESIAN_POINT('',(202.7946,-157.30665,30.));
#5278 = VECTOR('',#5279,1.);
#5279 = DIRECTION('',(0.599035951525,0.118673439802,0.791879121752));
#5280 = PCURVE('',#5250,#5281);
#5281 = DEFINITIONAL_REPRESENTATION('',(#5282),#5286);
#5282 = LINE('',#5283,#5284);
#5283 = CARTESIAN_POINT('',(28.6446621098,4.742740207601));
#5284 = VECTOR('',#5285,1.);
#5285 = DIRECTION('',(-0.797044596872,0.603920450553));
#5286 = ( GEOMETRIC_REPRESENTATION_CONTEXT(2) 
PARAMETRIC_REPRESENTATION_CONTEXT() REPRESENTATION_CONTEXT('2D SPACE',''
  ) );
#5287 = PCURVE('',#5288,#5293);
#5288 = PLANE('',#5289);
#5289 = AXIS2_PLACEMENT_3D('',#5290,#5291,#5292);
#5290 = CARTESIAN_POINT('',(202.7946,-157.30665,30.));
#5291 = DIRECTION('',(6.284548391823E-03,-0.989622562394,0.143553782435)
  );
#5292 = DIRECTION('',(0.,-0.143556617387,-0.989642105816));
#5293 = DEFINITIONAL_REPRESENTATION('',(#5294),#5298);
#5294 = LINE('',#5295,#5296);
#5295 = CARTESIAN_POINT('',(0.,0.));
#5296 = VECTOR('',#5297,1.);
#5297 = DIRECTION('',(-0.800713279194,0.599047781502));
#5298 = ( GEOMETRIC_REPRESENTATION_CONTEXT(2) 
PARAMETRIC_REPRESENTATION_CONTEXT() REPRESENTATION_CONTEXT('2D SPACE',''
  ) );
#5299 = ORIENTED_EDGE('',*,*,#5300,.T.);
#5300 = EDGE_CURVE('',#1124,#5242,#5301,.T.);
#5301 = SURFACE_CURVE('',#5302,(#5306,#5313),.PCURVE_S1.);
#5302 = LINE('',#5303,#5304);
#5303 = CARTESIAN_POINT('',(214.896204,-154.909233,45.997383));
#5304 = VECTOR('',#5305,1.);
#5305 = DIRECTION('',(-0.797225847155,0.243086977023,0.552575488263));
#5306 = PCURVE('',#5250,#5307);
#5307 = DEFINITIONAL_REPRESENTATION('',(#5308),#5312);
#5308 = LINE('',#5309,#5310);
#5309 = CARTESIAN_POINT('',(12.542927218699,16.943019876121));
#5310 = VECTOR('',#5311,1.);
#5311 = DIRECTION('',(-0.594999089773,-0.80372637332));
#5312 = ( GEOMETRIC_REPRESENTATION_CONTEXT(2) 
PARAMETRIC_REPRESENTATION_CONTEXT() REPRESENTATION_CONTEXT('2D SPACE',''
  ) );
#5313 = PCURVE('',#5314,#5319);
#5314 = PLANE('',#5315);
#5315 = AXIS2_PLACEMENT_3D('',#5316,#5317,#5318);
#5316 = CARTESIAN_POINT('',(214.896204,-154.909233,45.997383));
#5317 = DIRECTION('',(0.118935504317,-0.834155674498,0.538552371192));
#5318 = DIRECTION('',(-6.938893903907E-18,-0.542402352869,-0.84011885326
    ));
#5319 = DEFINITIONAL_REPRESENTATION('',(#5320),#5324);
#5320 = LINE('',#5321,#5322);
#5321 = CARTESIAN_POINT('',(-0.,0.));
#5322 = VECTOR('',#5323,1.);
#5323 = DIRECTION('',(-0.596080033828,-0.802925023443));
#5324 = ( GEOMETRIC_REPRESENTATION_CONTEXT(2) 
PARAMETRIC_REPRESENTATION_CONTEXT() REPRESENTATION_CONTEXT('2D SPACE',''
  ) );
#5325 = ADVANCED_FACE('',(#5326),#5338,.T.);
#5326 = FACE_BOUND('',#5327,.T.);
#5327 = EDGE_LOOP('',(#5328,#5361,#5387));
#5328 = ORIENTED_EDGE('',*,*,#5329,.T.);
#5329 = EDGE_CURVE('',#5330,#1126,#5332,.T.);
#5330 = VERTEX_POINT('',#5331);
#5331 = CARTESIAN_POINT('',(271.810411,-155.158313,46.826752));
#5332 = SURFACE_CURVE('',#5333,(#5337,#5349),.PCURVE_S1.);
#5333 = LINE('',#5334,#5335);
#5334 = CARTESIAN_POINT('',(271.810411,-155.158313,46.826752));
#5335 = VECTOR('',#5336,1.);
#5336 = DIRECTION('',(-0.999803086013,-1.984299087954E-02,
    2.119256386307E-04));
#5337 = PCURVE('',#5338,#5343);
#5338 = PLANE('',#5339);
#5339 = AXIS2_PLACEMENT_3D('',#5340,#5341,#5342);
#5340 = CARTESIAN_POINT('',(271.810411,-155.158313,46.826752));
#5341 = DIRECTION('',(1.980665931938E-02,-0.99720275801,
    7.20718784537E-02));
#5342 = DIRECTION('',(-2.168404344971E-19,-7.208601964878E-02,
    -0.997398418773));
#5343 = DEFINITIONAL_REPRESENTATION('',(#5344),#5348);
#5344 = LINE('',#5345,#5346);
#5345 = CARTESIAN_POINT('',(-0.,0.));
#5346 = VECTOR('',#5347,1.);
#5347 = DIRECTION('',(1.219027933566E-03,-0.999999256985));
#5348 = ( GEOMETRIC_REPRESENTATION_CONTEXT(2) 
PARAMETRIC_REPRESENTATION_CONTEXT() REPRESENTATION_CONTEXT('2D SPACE',''
  ) );
#5349 = PCURVE('',#5350,#5355);
#5350 = PLANE('',#5351);
#5351 = AXIS2_PLACEMENT_3D('',#5352,#5353,#5354);
#5352 = CARTESIAN_POINT('',(244.027834,-155.709711,46.832641));
#5353 = DIRECTION('',(1.972367832029E-02,-0.992503241305,0.120616302843)
  );
#5354 = DIRECTION('',(0.,-0.120639770978,-0.992696351186));
#5355 = DEFINITIONAL_REPRESENTATION('',(#5356),#5360);
#5356 = LINE('',#5357,#5358);
#5357 = CARTESIAN_POINT('',(-6.067453962575E-02,27.787982614718));
#5358 = VECTOR('',#5359,1.);
#5359 = DIRECTION('',(2.183476067041E-03,-0.999997616213));
#5360 = ( GEOMETRIC_REPRESENTATION_CONTEXT(2) 
PARAMETRIC_REPRESENTATION_CONTEXT() REPRESENTATION_CONTEXT('2D SPACE',''
  ) );
#5361 = ORIENTED_EDGE('',*,*,#5362,.T.);
#5362 = EDGE_CURVE('',#1126,#3395,#5363,.T.);
#5363 = SURFACE_CURVE('',#5364,(#5368,#5375),.PCURVE_S1.);
#5364 = LINE('',#5365,#5366);
#5365 = CARTESIAN_POINT('',(244.027834,-155.709711,46.832641));
#5366 = VECTOR('',#5367,1.);
#5367 = DIRECTION('',(0.631274837037,-4.342634343233E-02,-0.774342451903
    ));
#5368 = PCURVE('',#5338,#5369);
#5369 = DEFINITIONAL_REPRESENTATION('',(#5370),#5374);
#5370 = LINE('',#5371,#5372);
#5371 = CARTESIAN_POINT('',(3.387440777414E-02,-27.78802820856));
#5372 = VECTOR('',#5373,1.);
#5373 = DIRECTION('',(0.775458369363,0.631398699226));
#5374 = ( GEOMETRIC_REPRESENTATION_CONTEXT(2) 
PARAMETRIC_REPRESENTATION_CONTEXT() REPRESENTATION_CONTEXT('2D SPACE',''
  ) );
#5375 = PCURVE('',#5376,#5381);
#5376 = PLANE('',#5377);
#5377 = AXIS2_PLACEMENT_3D('',#5378,#5379,#5380);
#5378 = CARTESIAN_POINT('',(229.974722,-157.134044,30.));
#5379 = DIRECTION('',(1.724821740021E-02,-0.997398068316,
    6.999708791466E-02));
#5380 = DIRECTION('',(0.,-7.000750234039E-02,-0.997546464891));
#5381 = DEFINITIONAL_REPRESENTATION('',(#5382),#5386);
#5382 = LINE('',#5383,#5384);
#5383 = CARTESIAN_POINT('',(-16.89105552015,14.055202874));
#5384 = VECTOR('',#5385,1.);
#5385 = DIRECTION('',(0.77548274535,0.631368760443));
#5386 = ( GEOMETRIC_REPRESENTATION_CONTEXT(2) 
PARAMETRIC_REPRESENTATION_CONTEXT() REPRESENTATION_CONTEXT('2D SPACE',''
  ) );
#5387 = ORIENTED_EDGE('',*,*,#5388,.T.);
#5388 = EDGE_CURVE('',#3395,#5330,#5389,.T.);
#5389 = SURFACE_CURVE('',#5390,(#5394,#5401),.PCURVE_S1.);
#5390 = LINE('',#5391,#5392);
#5391 = CARTESIAN_POINT('',(257.750474,-156.653712,30.));
#5392 = VECTOR('',#5393,1.);
#5393 = DIRECTION('',(0.639711122551,6.803895159356E-02,0.765598054302)
  );
#5394 = PCURVE('',#5338,#5395);
#5395 = DEFINITIONAL_REPRESENTATION('',(#5396),#5400);
#5396 = LINE('',#5397,#5398);
#5397 = CARTESIAN_POINT('',(16.890773199585,-14.06269569474));
#5398 = VECTOR('',#5399,1.);
#5399 = DIRECTION('',(-0.768510945978,0.63983664002));
#5400 = ( GEOMETRIC_REPRESENTATION_CONTEXT(2) 
PARAMETRIC_REPRESENTATION_CONTEXT() REPRESENTATION_CONTEXT('2D SPACE',''
  ) );
#5401 = PCURVE('',#5402,#5407);
#5402 = PLANE('',#5403);
#5403 = AXIS2_PLACEMENT_3D('',#5404,#5405,#5406);
#5404 = CARTESIAN_POINT('',(257.750474,-156.653712,30.));
#5405 = DIRECTION('',(3.06293741594E-02,-0.997539695525,
    6.305868132589E-02));
#5406 = DIRECTION('',(0.,-6.308828167576E-02,-0.998007950226));
#5407 = DEFINITIONAL_REPRESENTATION('',(#5408),#5412);
#5408 = LINE('',#5409,#5410);
#5409 = CARTESIAN_POINT('',(0.,0.));
#5410 = VECTOR('',#5411,1.);
#5411 = DIRECTION('',(-0.768365405414,0.640011409088));
#5412 = ( GEOMETRIC_REPRESENTATION_CONTEXT(2) 
PARAMETRIC_REPRESENTATION_CONTEXT() REPRESENTATION_CONTEXT('2D SPACE',''
  ) );
#5413 = ADVANCED_FACE('',(#5414),#5424,.T.);
#5414 = FACE_BOUND('',#5415,.T.);
#5415 = EDGE_LOOP('',(#5416,#5442,#5468));
#5416 = ORIENTED_EDGE('',*,*,#5417,.T.);
#5417 = EDGE_CURVE('',#2383,#5164,#5418,.T.);
#5418 = SURFACE_CURVE('',#5419,(#5423,#5435),.PCURVE_S1.);
#5419 = LINE('',#5420,#5421);
#5420 = CARTESIAN_POINT('',(242.644007,-148.934323,79.997513));
#5421 = VECTOR('',#5422,1.);
#5422 = DIRECTION('',(-0.997497254297,5.055570525045E-02,
    -4.94302370615E-02));
#5423 = PCURVE('',#5424,#5429);
#5424 = PLANE('',#5425);
#5425 = AXIS2_PLACEMENT_3D('',#5426,#5427,#5428);
#5426 = CARTESIAN_POINT('',(242.644007,-148.934323,79.997513));
#5427 = DIRECTION('',(-6.157254224653E-02,-0.964768996571,0.255792113435
    ));
#5428 = DIRECTION('',(-1.734723475977E-18,-0.256278373207,
    -0.966603018527));
#5429 = DEFINITIONAL_REPRESENTATION('',(#5430),#5434);
#5430 = LINE('',#5431,#5432);
#5431 = CARTESIAN_POINT('',(-0.,0.));
#5432 = VECTOR('',#5433,1.);
#5433 = DIRECTION('',(3.482308245224E-02,-0.999393492539));
#5434 = ( GEOMETRIC_REPRESENTATION_CONTEXT(2) 
PARAMETRIC_REPRESENTATION_CONTEXT() REPRESENTATION_CONTEXT('2D SPACE',''
  ) );
#5435 = PCURVE('',#5042,#5436);
#5436 = DEFINITIONAL_REPRESENTATION('',(#5437),#5441);
#5437 = LINE('',#5438,#5439);
#5438 = CARTESIAN_POINT('',(-0.665008419831,28.599030830045));
#5439 = VECTOR('',#5440,1.);
#5440 = DIRECTION('',(2.32465468351E-02,-0.999729762516));
#5441 = ( GEOMETRIC_REPRESENTATION_CONTEXT(2) 
PARAMETRIC_REPRESENTATION_CONTEXT() REPRESENTATION_CONTEXT('2D SPACE',''
  ) );
#5442 = ORIENTED_EDGE('',*,*,#5443,.T.);
#5443 = EDGE_CURVE('',#5164,#1159,#5444,.T.);
#5444 = SURFACE_CURVE('',#5445,(#5449,#5456),.PCURVE_S1.);
#5445 = LINE('',#5446,#5447);
#5446 = CARTESIAN_POINT('',(214.108841,-147.488088,78.583474));
#5447 = VECTOR('',#5448,1.);
#5448 = DIRECTION('',(0.6665611191,-0.230498545562,-0.708919385401));
#5449 = PCURVE('',#5424,#5450);
#5450 = DEFINITIONAL_REPRESENTATION('',(#5451),#5455);
#5451 = LINE('',#5452,#5453);
#5452 = CARTESIAN_POINT('',(0.99617561264,-28.58941123502));
#5453 = VECTOR('',#5454,1.);
#5454 = DIRECTION('',(0.744315410105,0.667828249088));
#5455 = ( GEOMETRIC_REPRESENTATION_CONTEXT(2) 
PARAMETRIC_REPRESENTATION_CONTEXT() REPRESENTATION_CONTEXT('2D SPACE',''
  ) );
#5456 = PCURVE('',#5457,#5462);
#5457 = PLANE('',#5458);
#5458 = AXIS2_PLACEMENT_3D('',#5459,#5460,#5461);
#5459 = CARTESIAN_POINT('',(208.0203,-142.812449,66.252405));
#5460 = DIRECTION('',(-0.437569706634,-0.89090305917,-0.121755866379));
#5461 = DIRECTION('',(-0.897580991481,0.440849593095,0.));
#5462 = DEFINITIONAL_REPRESENTATION('',(#5463),#5467);
#5463 = LINE('',#5464,#5465);
#5464 = CARTESIAN_POINT('',(-7.526212218062,-12.42349885895));
#5465 = VECTOR('',#5466,1.);
#5466 = DIRECTION('',(-0.699907780184,0.71423322468));
#5467 = ( GEOMETRIC_REPRESENTATION_CONTEXT(2) 
PARAMETRIC_REPRESENTATION_CONTEXT() REPRESENTATION_CONTEXT('2D SPACE',''
  ) );
#5468 = ORIENTED_EDGE('',*,*,#5469,.T.);
#5469 = EDGE_CURVE('',#1159,#2383,#5470,.T.);
#5470 = SURFACE_CURVE('',#5471,(#5475,#5482),.PCURVE_S1.);
#5471 = LINE('',#5472,#5473);
#5472 = CARTESIAN_POINT('',(228.939772,-152.616662,62.810075));
#5473 = VECTOR('',#5474,1.);
#5474 = DIRECTION('',(0.614858949112,0.165213095646,0.771137540082));
#5475 = PCURVE('',#5424,#5476);
#5476 = DEFINITIONAL_REPRESENTATION('',(#5477),#5481);
#5477 = LINE('',#5478,#5479);
#5478 = CARTESIAN_POINT('',(17.55713330007,-13.73028669524));
#5479 = VECTOR('',#5480,1.);
#5480 = DIRECTION('',(-0.787724417328,0.616027793485));
#5481 = ( GEOMETRIC_REPRESENTATION_CONTEXT(2) 
PARAMETRIC_REPRESENTATION_CONTEXT() REPRESENTATION_CONTEXT('2D SPACE',''
  ) );
#5482 = PCURVE('',#2431,#5483);
#5483 = DEFINITIONAL_REPRESENTATION('',(#5484),#5488);
#5484 = LINE('',#5485,#5486);
#5485 = CARTESIAN_POINT('',(0.,0.));
#5486 = VECTOR('',#5487,1.);
#5487 = DIRECTION('',(-0.788384967055,0.615182203678));
#5488 = ( GEOMETRIC_REPRESENTATION_CONTEXT(2) 
PARAMETRIC_REPRESENTATION_CONTEXT() REPRESENTATION_CONTEXT('2D SPACE',''
  ) );
#5489 = ADVANCED_FACE('',(#5490),#5500,.T.);
#5490 = FACE_BOUND('',#5491,.T.);
#5491 = EDGE_LOOP('',(#5492,#5518,#5544));
#5492 = ORIENTED_EDGE('',*,*,#5493,.T.);
#5493 = EDGE_CURVE('',#1216,#2777,#5494,.T.);
#5494 = SURFACE_CURVE('',#5495,(#5499,#5511),.PCURVE_S1.);
#5495 = LINE('',#5496,#5497);
#5496 = CARTESIAN_POINT('',(244.027834,155.709711,46.832641));
#5497 = VECTOR('',#5498,1.);
#5498 = DIRECTION('',(0.999803086013,-1.984299087954E-02,
    -2.119256386307E-04));
#5499 = PCURVE('',#5500,#5505);
#5500 = PLANE('',#5501);
#5501 = AXIS2_PLACEMENT_3D('',#5502,#5503,#5504);
#5502 = CARTESIAN_POINT('',(244.027834,155.709711,46.832641));
#5503 = DIRECTION('',(1.980665931938E-02,0.99720275801,7.20718784537E-02
    ));
#5504 = DIRECTION('',(-2.168404344971E-19,-7.208601964878E-02,
    0.997398418773));
#5505 = DEFINITIONAL_REPRESENTATION('',(#5506),#5510);
#5506 = LINE('',#5507,#5508);
#5507 = CARTESIAN_POINT('',(0.,0.));
#5508 = VECTOR('',#5509,1.);
#5509 = DIRECTION('',(1.219027933566E-03,0.999999256985));
#5510 = ( GEOMETRIC_REPRESENTATION_CONTEXT(2) 
PARAMETRIC_REPRESENTATION_CONTEXT() REPRESENTATION_CONTEXT('2D SPACE',''
  ) );
#5511 = PCURVE('',#2818,#5512);
#5512 = DEFINITIONAL_REPRESENTATION('',(#5513),#5517);
#5513 = LINE('',#5514,#5515);
#5514 = CARTESIAN_POINT('',(-6.067453962575E-02,-27.78798261471));
#5515 = VECTOR('',#5516,1.);
#5516 = DIRECTION('',(2.183476067041E-03,0.999997616213));
#5517 = ( GEOMETRIC_REPRESENTATION_CONTEXT(2) 
PARAMETRIC_REPRESENTATION_CONTEXT() REPRESENTATION_CONTEXT('2D SPACE',''
  ) );
#5518 = ORIENTED_EDGE('',*,*,#5519,.T.);
#5519 = EDGE_CURVE('',#2777,#4002,#5520,.T.);
#5520 = SURFACE_CURVE('',#5521,(#5525,#5532),.PCURVE_S1.);
#5521 = LINE('',#5522,#5523);
#5522 = CARTESIAN_POINT('',(271.810411,155.158313,46.826752));
#5523 = VECTOR('',#5524,1.);
#5524 = DIRECTION('',(-0.639711122551,6.803895159356E-02,-0.765598054302
    ));
#5525 = PCURVE('',#5500,#5526);
#5526 = DEFINITIONAL_REPRESENTATION('',(#5527),#5531);
#5527 = LINE('',#5528,#5529);
#5528 = CARTESIAN_POINT('',(3.387440777414E-02,27.788028208568));
#5529 = VECTOR('',#5530,1.);
#5530 = DIRECTION('',(-0.768510945978,-0.63983664002));
#5531 = ( GEOMETRIC_REPRESENTATION_CONTEXT(2) 
PARAMETRIC_REPRESENTATION_CONTEXT() REPRESENTATION_CONTEXT('2D SPACE',''
  ) );
#5532 = PCURVE('',#5533,#5538);
#5533 = PLANE('',#5534);
#5534 = AXIS2_PLACEMENT_3D('',#5535,#5536,#5537);
#5535 = CARTESIAN_POINT('',(283.960445,155.848937,30.));
#5536 = DIRECTION('',(3.06293741594E-02,0.997539695525,
    6.305868132589E-02));
#5537 = DIRECTION('',(0.,-6.308828167576E-02,0.998007950226));
#5538 = DEFINITIONAL_REPRESENTATION('',(#5539),#5543);
#5539 = LINE('',#5540,#5541);
#5540 = CARTESIAN_POINT('',(16.836802553933,-12.1557373425));
#5541 = VECTOR('',#5542,1.);
#5542 = DIRECTION('',(-0.768365405414,-0.640011409088));
#5543 = ( GEOMETRIC_REPRESENTATION_CONTEXT(2) 
PARAMETRIC_REPRESENTATION_CONTEXT() REPRESENTATION_CONTEXT('2D SPACE',''
  ) );
#5544 = ORIENTED_EDGE('',*,*,#5545,.T.);
#5545 = EDGE_CURVE('',#4002,#1216,#5546,.T.);
#5546 = SURFACE_CURVE('',#5547,(#5551,#5558),.PCURVE_S1.);
#5547 = LINE('',#5548,#5549);
#5548 = CARTESIAN_POINT('',(257.750474,156.653712,30.));
#5549 = VECTOR('',#5550,1.);
#5550 = DIRECTION('',(-0.631274837037,-4.342634343233E-02,0.774342451903
    ));
#5551 = PCURVE('',#5500,#5552);
#5552 = DEFINITIONAL_REPRESENTATION('',(#5553),#5557);
#5553 = LINE('',#5554,#5555);
#5554 = CARTESIAN_POINT('',(-16.85689879181,13.725332513828));
#5555 = VECTOR('',#5556,1.);
#5556 = DIRECTION('',(0.775458369363,-0.631398699226));
#5557 = ( GEOMETRIC_REPRESENTATION_CONTEXT(2) 
PARAMETRIC_REPRESENTATION_CONTEXT() REPRESENTATION_CONTEXT('2D SPACE',''
  ) );
#5558 = PCURVE('',#5559,#5564);
#5559 = PLANE('',#5560);
#5560 = AXIS2_PLACEMENT_3D('',#5561,#5562,#5563);
#5561 = CARTESIAN_POINT('',(257.750474,156.653712,30.));
#5562 = DIRECTION('',(1.724821740021E-02,0.997398068316,
    6.999708791466E-02));
#5563 = DIRECTION('',(2.168404344971E-19,-7.000750234039E-02,
    0.997546464891));
#5564 = DEFINITIONAL_REPRESENTATION('',(#5565),#5569);
#5565 = LINE('',#5566,#5567);
#5566 = CARTESIAN_POINT('',(0.,0.));
#5567 = VECTOR('',#5568,1.);
#5568 = DIRECTION('',(0.77548274535,-0.631368760443));
#5569 = ( GEOMETRIC_REPRESENTATION_CONTEXT(2) 
PARAMETRIC_REPRESENTATION_CONTEXT() REPRESENTATION_CONTEXT('2D SPACE',''
  ) );
#5570 = ADVANCED_FACE('',(#5571),#5583,.T.);
#5571 = FACE_BOUND('',#5572,.T.);
#5572 = EDGE_LOOP('',(#5573,#5606,#5634));
#5573 = ORIENTED_EDGE('',*,*,#5574,.T.);
#5574 = EDGE_CURVE('',#5575,#3912,#5577,.T.);
#5575 = VERTEX_POINT('',#5576);
#5576 = CARTESIAN_POINT('',(193.830642,146.501366,49.817537));
#5577 = SURFACE_CURVE('',#5578,(#5582,#5594),.PCURVE_S1.);
#5578 = LINE('',#5579,#5580);
#5579 = CARTESIAN_POINT('',(193.830642,146.501366,49.817537));
#5580 = VECTOR('',#5581,1.);
#5581 = DIRECTION('',(0.369089897748,0.444906275408,-0.815984714001));
#5582 = PCURVE('',#5583,#5588);
#5583 = PLANE('',#5584);
#5584 = AXIS2_PLACEMENT_3D('',#5585,#5586,#5587);
#5585 = CARTESIAN_POINT('',(193.830642,146.501366,49.817537));
#5586 = DIRECTION('',(0.154826089164,0.836273218801,0.525999986341));
#5587 = DIRECTION('',(1.387778780781E-17,-0.53242004555,0.846480298115)
  );
#5588 = DEFINITIONAL_REPRESENTATION('',(#5589),#5593);
#5589 = LINE('',#5590,#5591);
#5590 = CARTESIAN_POINT('',(0.,0.));
#5591 = VECTOR('',#5592,1.);
#5592 = DIRECTION('',(-0.927592003383,0.373594800901));
#5593 = ( GEOMETRIC_REPRESENTATION_CONTEXT(2) 
PARAMETRIC_REPRESENTATION_CONTEXT() REPRESENTATION_CONTEXT('2D SPACE',''
  ) );
#5594 = PCURVE('',#5595,#5600);
#5595 = PLANE('',#5596);
#5596 = AXIS2_PLACEMENT_3D('',#5597,#5598,#5599);
#5597 = CARTESIAN_POINT('',(202.7946,157.30665,30.));
#5598 = DIRECTION('',(-0.290831141001,0.889170728512,0.353260050078));
#5599 = DIRECTION('',(1.387778780781E-17,-0.369219798373,0.929342100892)
  );
#5600 = DEFINITIONAL_REPRESENTATION('',(#5601),#5605);
#5601 = LINE('',#5602,#5603);
#5602 = CARTESIAN_POINT('',(22.406796249918,-9.368935900489));
#5603 = VECTOR('',#5604,1.);
#5604 = DIRECTION('',(-0.922597153706,0.385764814328));
#5605 = ( GEOMETRIC_REPRESENTATION_CONTEXT(2) 
PARAMETRIC_REPRESENTATION_CONTEXT() REPRESENTATION_CONTEXT('2D SPACE',''
  ) );
#5606 = ORIENTED_EDGE('',*,*,#5607,.T.);
#5607 = EDGE_CURVE('',#3912,#5608,#5610,.T.);
#5608 = VERTEX_POINT('',#5609);
#5609 = CARTESIAN_POINT('',(185.903985,153.038315,41.757799));
#5610 = SURFACE_CURVE('',#5611,(#5615,#5622),.PCURVE_S1.);
#5611 = LINE('',#5612,#5613);
#5612 = CARTESIAN_POINT('',(202.7946,157.30665,30.));
#5613 = VECTOR('',#5614,1.);
#5614 = DIRECTION('',(-0.803625202425,-0.203079732644,0.559415012505));
#5615 = PCURVE('',#5583,#5616);
#5616 = DEFINITIONAL_REPRESENTATION('',(#5617),#5621);
#5617 = LINE('',#5618,#5619);
#5618 = CARTESIAN_POINT('',(-22.52810442712,9.073367016355));
#5619 = VECTOR('',#5620,1.);
#5620 = DIRECTION('',(0.58165750706,-0.813433798462));
#5621 = ( GEOMETRIC_REPRESENTATION_CONTEXT(2) 
PARAMETRIC_REPRESENTATION_CONTEXT() REPRESENTATION_CONTEXT('2D SPACE',''
  ) );
#5622 = PCURVE('',#5623,#5628);
#5623 = PLANE('',#5624);
#5624 = AXIS2_PLACEMENT_3D('',#5625,#5626,#5627);
#5625 = CARTESIAN_POINT('',(202.7946,157.30665,30.));
#5626 = DIRECTION('',(1.313586421372E-02,0.933697215157,0.357822525116)
  );
#5627 = DIRECTION('',(0.,-0.357853400416,0.933777780744));
#5628 = DEFINITIONAL_REPRESENTATION('',(#5629),#5633);
#5629 = LINE('',#5630,#5631);
#5630 = CARTESIAN_POINT('',(0.,0.));
#5631 = VECTOR('',#5632,1.);
#5632 = DIRECTION('',(0.595042081774,-0.803694544537));
#5633 = ( GEOMETRIC_REPRESENTATION_CONTEXT(2) 
PARAMETRIC_REPRESENTATION_CONTEXT() REPRESENTATION_CONTEXT('2D SPACE',''
  ) );
#5634 = ORIENTED_EDGE('',*,*,#5635,.T.);
#5635 = EDGE_CURVE('',#5608,#5575,#5636,.T.);
#5636 = SURFACE_CURVE('',#5637,(#5641,#5648),.PCURVE_S1.);
#5637 = LINE('',#5638,#5639);
#5638 = CARTESIAN_POINT('',(185.903985,153.038315,41.757799));
#5639 = VECTOR('',#5640,1.);
#5640 = DIRECTION('',(0.607013880015,-0.50059170921,0.61720506328));
#5641 = PCURVE('',#5583,#5642);
#5642 = DEFINITIONAL_REPRESENTATION('',(#5643),#5647);
#5643 = LINE('',#5644,#5645);
#5644 = CARTESIAN_POINT('',(-10.3028121093,-8.023405305308));
#5645 = VECTOR('',#5646,1.);
#5646 = DIRECTION('',(0.788976986583,0.614422749125));
#5647 = ( GEOMETRIC_REPRESENTATION_CONTEXT(2) 
PARAMETRIC_REPRESENTATION_CONTEXT() REPRESENTATION_CONTEXT('2D SPACE',''
  ) );
#5648 = PCURVE('',#5649,#5654);
#5649 = PLANE('',#5650);
#5650 = AXIS2_PLACEMENT_3D('',#5651,#5652,#5653);
#5651 = CARTESIAN_POINT('',(179.004439,119.113716,33.459515));
#5652 = DIRECTION('',(-0.721812894911,-2.240127696171E-02,0.691725615783
    ));
#5653 = DIRECTION('',(-0.691899241041,0.,-0.721994072169));
#5654 = DEFINITIONAL_REPRESENTATION('',(#5655),#5659);
#5655 = LINE('',#5656,#5657);
#5656 = CARTESIAN_POINT('',(-10.7651024981,-33.93311417873));
#5657 = VECTOR('',#5658,1.);
#5658 = DIRECTION('',(-0.865610839885,0.500717359269));
#5659 = ( GEOMETRIC_REPRESENTATION_CONTEXT(2) 
PARAMETRIC_REPRESENTATION_CONTEXT() REPRESENTATION_CONTEXT('2D SPACE',''
  ) );
#5660 = ADVANCED_FACE('',(#5661),#5675,.T.);
#5661 = FACE_BOUND('',#5662,.T.);
#5662 = EDGE_LOOP('',(#5663,#5698,#5724));
#5663 = ORIENTED_EDGE('',*,*,#5664,.T.);
#5664 = EDGE_CURVE('',#5665,#5667,#5669,.T.);
#5665 = VERTEX_POINT('',#5666);
#5666 = CARTESIAN_POINT('',(214.108841,147.488088,78.583474));
#5667 = VERTEX_POINT('',#5668);
#5668 = CARTESIAN_POINT('',(242.644007,148.934323,79.997513));
#5669 = SURFACE_CURVE('',#5670,(#5674,#5686),.PCURVE_S1.);
#5670 = LINE('',#5671,#5672);
#5671 = CARTESIAN_POINT('',(214.108841,147.488088,78.583474));
#5672 = VECTOR('',#5673,1.);
#5673 = DIRECTION('',(0.997497254297,5.055570525045E-02,
    4.94302370615E-02));
#5674 = PCURVE('',#5675,#5680);
#5675 = PLANE('',#5676);
#5676 = AXIS2_PLACEMENT_3D('',#5677,#5678,#5679);
#5677 = CARTESIAN_POINT('',(214.108841,147.488088,78.583474));
#5678 = DIRECTION('',(-6.157254224653E-02,0.964768996571,0.255792113435)
  );
#5679 = DIRECTION('',(0.,-0.256278373207,0.966603018527));
#5680 = DEFINITIONAL_REPRESENTATION('',(#5681),#5685);
#5681 = LINE('',#5682,#5683);
#5682 = CARTESIAN_POINT('',(0.,0.));
#5683 = VECTOR('',#5684,1.);
#5684 = DIRECTION('',(3.482308245224E-02,0.999393492539));
#5685 = ( GEOMETRIC_REPRESENTATION_CONTEXT(2) 
PARAMETRIC_REPRESENTATION_CONTEXT() REPRESENTATION_CONTEXT('2D SPACE',''
  ) );
#5686 = PCURVE('',#5687,#5692);
#5687 = PLANE('',#5688);
#5688 = AXIS2_PLACEMENT_3D('',#5689,#5690,#5691);
#5689 = CARTESIAN_POINT('',(242.644007,148.934323,79.997513));
#5690 = DIRECTION('',(-6.679248902742E-02,0.903100809486,0.424202417857)
  );
#5691 = DIRECTION('',(0.,-0.425151829377,0.905122048112));
#5692 = DEFINITIONAL_REPRESENTATION('',(#5693),#5697);
#5693 = LINE('',#5694,#5695);
#5694 = CARTESIAN_POINT('',(-0.665008419831,-28.59903083004));
#5695 = VECTOR('',#5696,1.);
#5696 = DIRECTION('',(2.32465468351E-02,0.999729762516));
#5697 = ( GEOMETRIC_REPRESENTATION_CONTEXT(2) 
PARAMETRIC_REPRESENTATION_CONTEXT() REPRESENTATION_CONTEXT('2D SPACE',''
  ) );
#5698 = ORIENTED_EDGE('',*,*,#5699,.T.);
#5699 = EDGE_CURVE('',#5667,#1251,#5700,.T.);
#5700 = SURFACE_CURVE('',#5701,(#5705,#5712),.PCURVE_S1.);
#5701 = LINE('',#5702,#5703);
#5702 = CARTESIAN_POINT('',(242.644007,148.934323,79.997513));
#5703 = VECTOR('',#5704,1.);
#5704 = DIRECTION('',(-0.614858949112,0.165213095646,-0.771137540082));
#5705 = PCURVE('',#5675,#5706);
#5706 = DEFINITIONAL_REPRESENTATION('',(#5707),#5711);
#5707 = LINE('',#5708,#5709);
#5708 = CARTESIAN_POINT('',(0.99617561264,28.58941123502));
#5709 = VECTOR('',#5710,1.);
#5710 = DIRECTION('',(-0.787724417328,-0.616027793485));
#5711 = ( GEOMETRIC_REPRESENTATION_CONTEXT(2) 
PARAMETRIC_REPRESENTATION_CONTEXT() REPRESENTATION_CONTEXT('2D SPACE',''
  ) );
#5712 = PCURVE('',#5713,#5718);
#5713 = PLANE('',#5714);
#5714 = AXIS2_PLACEMENT_3D('',#5715,#5716,#5717);
#5715 = CARTESIAN_POINT('',(258.072843,153.387478,63.644668));
#5716 = DIRECTION('',(-3.241368382064E-02,0.971690008874,0.234025382717)
  );
#5717 = DIRECTION('',(-8.673617379884E-19,-0.234148418698,0.972200863002
    ));
#5718 = DEFINITIONAL_REPRESENTATION('',(#5719),#5723);
#5719 = LINE('',#5720,#5721);
#5720 = CARTESIAN_POINT('',(16.940949223,-15.43694752166));
#5721 = VECTOR('',#5722,1.);
#5722 = DIRECTION('',(-0.788384967055,-0.615182203678));
#5723 = ( GEOMETRIC_REPRESENTATION_CONTEXT(2) 
PARAMETRIC_REPRESENTATION_CONTEXT() REPRESENTATION_CONTEXT('2D SPACE',''
  ) );
#5724 = ORIENTED_EDGE('',*,*,#5725,.T.);
#5725 = EDGE_CURVE('',#1251,#5665,#5726,.T.);
#5726 = SURFACE_CURVE('',#5727,(#5731,#5738),.PCURVE_S1.);
#5727 = LINE('',#5728,#5729);
#5728 = CARTESIAN_POINT('',(228.939772,152.616662,62.810075));
#5729 = VECTOR('',#5730,1.);
#5730 = DIRECTION('',(-0.6665611191,-0.230498545562,0.708919385401));
#5731 = PCURVE('',#5675,#5732);
#5732 = DEFINITIONAL_REPRESENTATION('',(#5733),#5737);
#5733 = LINE('',#5734,#5735);
#5734 = CARTESIAN_POINT('',(-16.56095768743,14.859124539777));
#5735 = VECTOR('',#5736,1.);
#5736 = DIRECTION('',(0.744315410105,-0.667828249088));
#5737 = ( GEOMETRIC_REPRESENTATION_CONTEXT(2) 
PARAMETRIC_REPRESENTATION_CONTEXT() REPRESENTATION_CONTEXT('2D SPACE',''
  ) );
#5738 = PCURVE('',#5739,#5744);
#5739 = PLANE('',#5740);
#5740 = AXIS2_PLACEMENT_3D('',#5741,#5742,#5743);
#5741 = CARTESIAN_POINT('',(228.939772,152.616662,62.810075));
#5742 = DIRECTION('',(-5.562997297688E-02,0.963723790011,0.261039772206)
  );
#5743 = DIRECTION('',(-1.734723475977E-18,-0.26144463123,0.965218475166)
  );
#5744 = DEFINITIONAL_REPRESENTATION('',(#5745),#5749);
#5745 = LINE('',#5746,#5747);
#5746 = CARTESIAN_POINT('',(0.,0.));
#5747 = VECTOR('',#5748,1.);
#5748 = DIRECTION('',(0.744524695436,-0.667594920506));
#5749 = ( GEOMETRIC_REPRESENTATION_CONTEXT(2) 
PARAMETRIC_REPRESENTATION_CONTEXT() REPRESENTATION_CONTEXT('2D SPACE',''
  ) );
#5750 = ADVANCED_FACE('',(#5751),#5765,.T.);
#5751 = FACE_BOUND('',#5752,.T.);
#5752 = EDGE_LOOP('',(#5753,#5788,#5816));
#5753 = ORIENTED_EDGE('',*,*,#5754,.T.);
#5754 = EDGE_CURVE('',#5755,#5757,#5759,.T.);
#5755 = VERTEX_POINT('',#5756);
#5756 = CARTESIAN_POINT('',(230.,130.,60.));
#5757 = VERTEX_POINT('',#5758);
#5758 = CARTESIAN_POINT('',(208.0203,142.812449,66.252405));
#5759 = SURFACE_CURVE('',#5760,(#5764,#5776),.PCURVE_S1.);
#5760 = LINE('',#5761,#5762);
#5761 = CARTESIAN_POINT('',(230.,130.,60.));
#5762 = VECTOR('',#5763,1.);
#5763 = DIRECTION('',(-0.838969574315,0.489053757943,0.238655557687));
#5764 = PCURVE('',#5765,#5770);
#5765 = PLANE('',#5766);
#5766 = AXIS2_PLACEMENT_3D('',#5767,#5768,#5769);
#5767 = CARTESIAN_POINT('',(230.,130.,60.));
#5768 = DIRECTION('',(-0.363999040873,-0.830343627268,0.421940942431));
#5769 = DIRECTION('',(0.,-0.453018305004,-0.891501214431));
#5770 = DEFINITIONAL_REPRESENTATION('',(#5771),#5775);
#5771 = LINE('',#5772,#5773);
#5772 = CARTESIAN_POINT('',(0.,0.));
#5773 = VECTOR('',#5774,1.);
#5774 = DIRECTION('',(-0.434312023988,-0.900762491348));
#5775 = ( GEOMETRIC_REPRESENTATION_CONTEXT(2) 
PARAMETRIC_REPRESENTATION_CONTEXT() REPRESENTATION_CONTEXT('2D SPACE',''
  ) );
#5776 = PCURVE('',#5777,#5782);
#5777 = PLANE('',#5778);
#5778 = AXIS2_PLACEMENT_3D('',#5779,#5780,#5781);
#5779 = CARTESIAN_POINT('',(208.0203,142.812449,66.252405));
#5780 = DIRECTION('',(-0.512357534225,-0.857664059631,
    -4.361327710445E-02));
#5781 = DIRECTION('',(-0.858480914229,0.512845512708,0.));
#5782 = DEFINITIONAL_REPRESENTATION('',(#5783),#5787);
#5783 = LINE('',#5784,#5785);
#5784 = CARTESIAN_POINT('',(-25.43995992692,6.258359902402));
#5785 = VECTOR('',#5786,1.);
#5786 = DIRECTION('',(0.971048392403,-0.238882857511));
#5787 = ( GEOMETRIC_REPRESENTATION_CONTEXT(2) 
PARAMETRIC_REPRESENTATION_CONTEXT() REPRESENTATION_CONTEXT('2D SPACE',''
  ) );
#5788 = ORIENTED_EDGE('',*,*,#5789,.T.);
#5789 = EDGE_CURVE('',#5757,#5790,#5792,.T.);
#5790 = VERTEX_POINT('',#5791);
#5791 = CARTESIAN_POINT('',(204.196591,137.841835,53.172034));
#5792 = SURFACE_CURVE('',#5793,(#5797,#5804),.PCURVE_S1.);
#5793 = LINE('',#5794,#5795);
#5794 = CARTESIAN_POINT('',(208.0203,142.812449,66.252405));
#5795 = VECTOR('',#5796,1.);
#5796 = DIRECTION('',(-0.263595105692,-0.34265931918,-0.901721803681));
#5797 = PCURVE('',#5765,#5798);
#5798 = DEFINITIONAL_REPRESENTATION('',(#5799),#5803);
#5799 = LINE('',#5800,#5801);
#5800 = CARTESIAN_POINT('',(-11.37830057953,-23.59857846721));
#5801 = VECTOR('',#5802,1.);
#5802 = DIRECTION('',(0.959117027029,-0.283009767433));
#5803 = ( GEOMETRIC_REPRESENTATION_CONTEXT(2) 
PARAMETRIC_REPRESENTATION_CONTEXT() REPRESENTATION_CONTEXT('2D SPACE',''
  ) );
#5804 = PCURVE('',#5805,#5810);
#5805 = PLANE('',#5806);
#5806 = AXIS2_PLACEMENT_3D('',#5807,#5808,#5809);
#5807 = CARTESIAN_POINT('',(200.324086,151.328446,61.46773));
#5808 = DIRECTION('',(-0.779486975546,-0.475010017087,0.408369365429));
#5809 = DIRECTION('',(0.520378274205,-0.853935859263,0.));
#5810 = DEFINITIONAL_REPRESENTATION('',(#5811),#5815);
#5811 = LINE('',#5812,#5813);
#5812 = CARTESIAN_POINT('',(11.277057774908,5.241659816776));
#5813 = VECTOR('',#5814,1.);
#5814 = DIRECTION('',(0.15543991397,-0.9878453488));
#5815 = ( GEOMETRIC_REPRESENTATION_CONTEXT(2) 
PARAMETRIC_REPRESENTATION_CONTEXT() REPRESENTATION_CONTEXT('2D SPACE',''
  ) );
#5816 = ORIENTED_EDGE('',*,*,#5817,.T.);
#5817 = EDGE_CURVE('',#5790,#5755,#5818,.T.);
#5818 = SURFACE_CURVE('',#5819,(#5823,#5830),.PCURVE_S1.);
#5819 = LINE('',#5820,#5821);
#5820 = CARTESIAN_POINT('',(204.196591,137.841835,53.172034));
#5821 = VECTOR('',#5822,1.);
#5822 = DIRECTION('',(0.927525480832,-0.281881428108,0.245437044666));
#5823 = PCURVE('',#5765,#5824);
#5824 = DEFINITIONAL_REPRESENTATION('',(#5825),#5829);
#5825 = LINE('',#5826,#5827);
#5826 = CARTESIAN_POINT('',(2.534645181276,-27.70391643235));
#5827 = VECTOR('',#5828,1.);
#5828 = DIRECTION('',(-9.110997661209E-02,0.995840836761));
#5829 = ( GEOMETRIC_REPRESENTATION_CONTEXT(2) 
PARAMETRIC_REPRESENTATION_CONTEXT() REPRESENTATION_CONTEXT('2D SPACE',''
  ) );
#5830 = PCURVE('',#5831,#5836);
#5831 = PLANE('',#5832);
#5832 = AXIS2_PLACEMENT_3D('',#5833,#5834,#5835);
#5833 = CARTESIAN_POINT('',(230.,130.,60.));
#5834 = DIRECTION('',(-0.241983933278,4.757332229101E-02,0.969113282873)
  );
#5835 = DIRECTION('',(0.970211806641,-1.734723475977E-18,0.242258230521)
  );
#5836 = DEFINITIONAL_REPRESENTATION('',(#5837),#5841);
#5837 = LINE('',#5838,#5839);
#5838 = CARTESIAN_POINT('',(-26.68890302459,7.850723993968));
#5839 = VECTOR('',#5840,1.);
#5840 = DIRECTION('',(0.959355316609,-0.282200950556));
#5841 = ( GEOMETRIC_REPRESENTATION_CONTEXT(2) 
PARAMETRIC_REPRESENTATION_CONTEXT() REPRESENTATION_CONTEXT('2D SPACE',''
  ) );
#5842 = ADVANCED_FACE('',(#5843),#5855,.T.);
#5843 = FACE_BOUND('',#5844,.T.);
#5844 = EDGE_LOOP('',(#5845,#5878,#5904));
#5845 = ORIENTED_EDGE('',*,*,#5846,.T.);
#5846 = EDGE_CURVE('',#5847,#5665,#5849,.T.);
#5847 = VERTEX_POINT('',#5848);
#5848 = CARTESIAN_POINT('',(219.273908,135.691223,74.088293));
#5849 = SURFACE_CURVE('',#5850,(#5854,#5866),.PCURVE_S1.);
#5850 = LINE('',#5851,#5852);
#5851 = CARTESIAN_POINT('',(219.273908,135.691223,74.088293));
#5852 = VECTOR('',#5853,1.);
#5853 = DIRECTION('',(-0.378669590472,0.864870492174,0.329557844722));
#5854 = PCURVE('',#5855,#5860);
#5855 = PLANE('',#5856);
#5856 = AXIS2_PLACEMENT_3D('',#5857,#5858,#5859);
#5857 = CARTESIAN_POINT('',(219.273908,135.691223,74.088293));
#5858 = DIRECTION('',(-0.685168071515,-0.501336068078,0.528400284462));
#5859 = DIRECTION('',(-0.610689010877,0.,-0.791870527292));
#5860 = DEFINITIONAL_REPRESENTATION('',(#5861),#5865);
#5861 = LINE('',#5862,#5863);
#5862 = CARTESIAN_POINT('',(0.,0.));
#5863 = VECTOR('',#5864,1.);
#5864 = DIRECTION('',(-2.971778661899E-02,-0.999558329043));
#5865 = ( GEOMETRIC_REPRESENTATION_CONTEXT(2) 
PARAMETRIC_REPRESENTATION_CONTEXT() REPRESENTATION_CONTEXT('2D SPACE',''
  ) );
#5866 = PCURVE('',#5867,#5872);
#5867 = PLANE('',#5868);
#5868 = AXIS2_PLACEMENT_3D('',#5869,#5870,#5871);
#5869 = CARTESIAN_POINT('',(214.108841,147.488088,78.583474));
#5870 = DIRECTION('',(-0.747030589619,-0.495819420034,0.442841281828));
#5871 = DIRECTION('',(0.552999562763,-0.833181542993,0.));
#5872 = DEFINITIONAL_REPRESENTATION('',(#5873),#5877);
#5873 = LINE('',#5874,#5875);
#5874 = CARTESIAN_POINT('',(12.68520997582,-5.013585646505));
#5875 = VECTOR('',#5876,1.);
#5876 = DIRECTION('',(-0.929998249121,0.367563949036));
#5877 = ( GEOMETRIC_REPRESENTATION_CONTEXT(2) 
PARAMETRIC_REPRESENTATION_CONTEXT() REPRESENTATION_CONTEXT('2D SPACE',''
  ) );
#5878 = ORIENTED_EDGE('',*,*,#5879,.T.);
#5879 = EDGE_CURVE('',#5665,#5757,#5880,.T.);
#5880 = SURFACE_CURVE('',#5881,(#5885,#5892),.PCURVE_S1.);
#5881 = LINE('',#5882,#5883);
#5882 = CARTESIAN_POINT('',(214.108841,147.488088,78.583474));
#5883 = VECTOR('',#5884,1.);
#5884 = DIRECTION('',(-0.419165168227,-0.321894031428,-0.848931560419));
#5885 = PCURVE('',#5855,#5886);
#5886 = DEFINITIONAL_REPRESENTATION('',(#5887),#5891);
#5887 = LINE('',#5888,#5889);
#5888 = CARTESIAN_POINT('',(-0.405351691398,-13.63401199837));
#5889 = VECTOR('',#5890,1.);
#5890 = DIRECTION('',(0.928223444363,0.372023167739));
#5891 = ( GEOMETRIC_REPRESENTATION_CONTEXT(2) 
PARAMETRIC_REPRESENTATION_CONTEXT() REPRESENTATION_CONTEXT('2D SPACE',''
  ) );
#5892 = PCURVE('',#5893,#5898);
#5893 = PLANE('',#5894);
#5894 = AXIS2_PLACEMENT_3D('',#5895,#5896,#5897);
#5895 = CARTESIAN_POINT('',(200.324086,151.328446,61.46773));
#5896 = DIRECTION('',(-0.757652303026,-0.391194543378,0.522426853205));
#5897 = DIRECTION('',(-0.567665225962,0.,-0.82325949204));
#5898 = DEFINITIONAL_REPRESENTATION('',(#5899),#5903);
#5899 = LINE('',#5900,#5901);
#5900 = CARTESIAN_POINT('',(-21.91582477322,4.172905122446));
#5901 = VECTOR('',#5902,1.);
#5902 = DIRECTION('',(0.936836455145,0.349767717653));
#5903 = ( GEOMETRIC_REPRESENTATION_CONTEXT(2) 
PARAMETRIC_REPRESENTATION_CONTEXT() REPRESENTATION_CONTEXT('2D SPACE',''
  ) );
#5904 = ORIENTED_EDGE('',*,*,#5905,.T.);
#5905 = EDGE_CURVE('',#5757,#5847,#5906,.T.);
#5906 = SURFACE_CURVE('',#5907,(#5911,#5918),.PCURVE_S1.);
#5907 = LINE('',#5908,#5909);
#5908 = CARTESIAN_POINT('',(208.0203,142.812449,66.252405));
#5909 = VECTOR('',#5910,1.);
#5910 = DIRECTION('',(0.728306196984,-0.460868463334,0.507119653473));
#5911 = PCURVE('',#5855,#5912);
#5912 = DEFINITIONAL_REPRESENTATION('',(#5913),#5917);
#5913 = LINE('',#5914,#5915);
#5914 = CARTESIAN_POINT('',(13.077463500682,-8.230227329644));
#5915 = VECTOR('',#5916,1.);
#5916 = DIRECTION('',(-0.846341698448,0.532640337816));
#5917 = ( GEOMETRIC_REPRESENTATION_CONTEXT(2) 
PARAMETRIC_REPRESENTATION_CONTEXT() REPRESENTATION_CONTEXT('2D SPACE',''
  ) );
#5918 = PCURVE('',#5777,#5919);
#5919 = DEFINITIONAL_REPRESENTATION('',(#5920),#5924);
#5920 = LINE('',#5921,#5922);
#5921 = CARTESIAN_POINT('',(0.,0.));
#5922 = VECTOR('',#5923,1.);
#5923 = DIRECTION('',(-0.861591293195,-0.507602643305));
#5924 = ( GEOMETRIC_REPRESENTATION_CONTEXT(2) 
PARAMETRIC_REPRESENTATION_CONTEXT() REPRESENTATION_CONTEXT('2D SPACE',''
  ) );
#5925 = ADVANCED_FACE('',(#5926),#5938,.T.);
#5926 = FACE_BOUND('',#5927,.T.);
#5927 = EDGE_LOOP('',(#5928,#5956,#5977));
#5928 = ORIENTED_EDGE('',*,*,#5929,.T.);
#5929 = EDGE_CURVE('',#5930,#2567,#5932,.T.);
#5930 = VERTEX_POINT('',#5931);
#5931 = CARTESIAN_POINT('',(230.,130.,112.));
#5932 = SURFACE_CURVE('',#5933,(#5937,#5949),.PCURVE_S1.);
#5933 = LINE('',#5934,#5935);
#5934 = CARTESIAN_POINT('',(230.,130.,112.));
#5935 = VECTOR('',#5936,1.);
#5936 = DIRECTION('',(-0.187152237895,0.505556792564,-0.842250775804));
#5937 = PCURVE('',#5938,#5943);
#5938 = PLANE('',#5939);
#5939 = AXIS2_PLACEMENT_3D('',#5940,#5941,#5942);
#5940 = CARTESIAN_POINT('',(230.,130.,112.));
#5941 = DIRECTION('',(-0.949111347855,0.128026501327,0.287744442747));
#5942 = DIRECTION('',(-0.290132012429,-6.938893903907E-18,
    -0.956986632803));
#5943 = DEFINITIONAL_REPRESENTATION('',(#5944),#5948);
#5944 = LINE('',#5945,#5946);
#5945 = CARTESIAN_POINT('',(-0.,0.));
#5946 = VECTOR('',#5947,1.);
#5947 = DIRECTION('',(0.860321589324,-0.509751667916));
#5948 = ( GEOMETRIC_REPRESENTATION_CONTEXT(2) 
PARAMETRIC_REPRESENTATION_CONTEXT() REPRESENTATION_CONTEXT('2D SPACE',''
  ) );
#5949 = PCURVE('',#2613,#5950);
#5950 = DEFINITIONAL_REPRESENTATION('',(#5951),#5955);
#5951 = LINE('',#5952,#5953);
#5952 = CARTESIAN_POINT('',(0.,0.));
#5953 = VECTOR('',#5954,1.);
#5954 = DIRECTION('',(0.82731313642,-0.561741020674));
#5955 = ( GEOMETRIC_REPRESENTATION_CONTEXT(2) 
PARAMETRIC_REPRESENTATION_CONTEXT() REPRESENTATION_CONTEXT('2D SPACE',''
  ) );
#5956 = ORIENTED_EDGE('',*,*,#5957,.T.);
#5957 = EDGE_CURVE('',#2567,#5847,#5958,.T.);
#5958 = SURFACE_CURVE('',#5959,(#5963,#5970),.PCURVE_S1.);
#5959 = LINE('',#5960,#5961);
#5960 = CARTESIAN_POINT('',(225.513834,142.118539,91.810678));
#5961 = VECTOR('',#5962,1.);
#5962 = DIRECTION('',(-0.314231364546,-0.323667985333,-0.892467189764));
#5963 = PCURVE('',#5938,#5964);
#5964 = DEFINITIONAL_REPRESENTATION('',(#5965),#5969);
#5965 = LINE('',#5966,#5967);
#5966 = CARTESIAN_POINT('',(20.622491649029,-12.21909300559));
#5967 = VECTOR('',#5968,1.);
#5968 = DIRECTION('',(0.945247748984,0.326353631879));
#5969 = ( GEOMETRIC_REPRESENTATION_CONTEXT(2) 
PARAMETRIC_REPRESENTATION_CONTEXT() REPRESENTATION_CONTEXT('2D SPACE',''
  ) );
#5970 = PCURVE('',#5867,#5971);
#5971 = DEFINITIONAL_REPRESENTATION('',(#5972),#5976);
#5972 = LINE('',#5973,#5974);
#5973 = CARTESIAN_POINT('',(10.780765263311,14.75262511516));
#5974 = VECTOR('',#5975,1.);
#5975 = DIRECTION('',(9.59043842369E-02,-0.995390551032));
#5976 = ( GEOMETRIC_REPRESENTATION_CONTEXT(2) 
PARAMETRIC_REPRESENTATION_CONTEXT() REPRESENTATION_CONTEXT('2D SPACE',''
  ) );
#5977 = ORIENTED_EDGE('',*,*,#5978,.T.);
#5978 = EDGE_CURVE('',#5847,#5930,#5979,.T.);
#5979 = SURFACE_CURVE('',#5980,(#5984,#5991),.PCURVE_S1.);
#5980 = LINE('',#5981,#5982);
#5981 = CARTESIAN_POINT('',(219.273908,135.691223,74.088293));
#5982 = VECTOR('',#5983,1.);
#5983 = DIRECTION('',(0.269440560997,-0.142964121311,0.952346073708));
#5984 = PCURVE('',#5938,#5985);
#5985 = DEFINITIONAL_REPRESENTATION('',(#5986),#5990);
#5986 = LINE('',#5987,#5988);
#5987 = CARTESIAN_POINT('',(39.392979483208,-5.73844612396));
#5988 = VECTOR('',#5989,1.);
#5989 = DIRECTION('',(-0.989555794533,0.144150371159));
#5990 = ( GEOMETRIC_REPRESENTATION_CONTEXT(2) 
PARAMETRIC_REPRESENTATION_CONTEXT() REPRESENTATION_CONTEXT('2D SPACE',''
  ) );
#5991 = PCURVE('',#5992,#5997);
#5992 = PLANE('',#5993);
#5993 = AXIS2_PLACEMENT_3D('',#5994,#5995,#5996);
#5994 = CARTESIAN_POINT('',(230.,130.,60.));
#5995 = DIRECTION('',(-0.468704705168,-0.88335491132,0.));
#5996 = DIRECTION('',(-0.88335491132,0.468704705168,0.));
#5997 = DEFINITIONAL_REPRESENTATION('',(#5998),#6002);
#5998 = LINE('',#5999,#6000);
#5999 = CARTESIAN_POINT('',(12.142449045732,-14.088293));
#6000 = VECTOR('',#6001,1.);
#6001 = DIRECTION('',(-0.305019599194,-0.952346073708));
#6002 = ( GEOMETRIC_REPRESENTATION_CONTEXT(2) 
PARAMETRIC_REPRESENTATION_CONTEXT() REPRESENTATION_CONTEXT('2D SPACE',''
  ) );
#6003 = ADVANCED_FACE('',(#6004),#372,.T.);
#6004 = FACE_BOUND('',#6005,.T.);
#6005 = EDGE_LOOP('',(#6006,#6034,#6060));
#6006 = ORIENTED_EDGE('',*,*,#6007,.T.);
#6007 = EDGE_CURVE('',#331,#6008,#6010,.T.);
#6008 = VERTEX_POINT('',#6009);
#6009 = CARTESIAN_POINT('',(224.782206,134.907001,125.815678));
#6010 = SURFACE_CURVE('',#6011,(#6015,#6022),.PCURVE_S1.);
#6011 = LINE('',#6012,#6013);
#6012 = CARTESIAN_POINT('',(244.020451,144.345968,122.950961));
#6013 = VECTOR('',#6014,1.);
#6014 = DIRECTION('',(-0.889848540822,-0.4365913321,0.132505030595));
#6015 = PCURVE('',#372,#6016);
#6016 = DEFINITIONAL_REPRESENTATION('',(#6017),#6021);
#6017 = LINE('',#6018,#6019);
#6018 = CARTESIAN_POINT('',(0.,0.));
#6019 = VECTOR('',#6020,1.);
#6020 = DIRECTION('',(-0.991004187214,-0.133830866862));
#6021 = ( GEOMETRIC_REPRESENTATION_CONTEXT(2) 
PARAMETRIC_REPRESENTATION_CONTEXT() REPRESENTATION_CONTEXT('2D SPACE',''
  ) );
#6022 = PCURVE('',#6023,#6028);
#6023 = PLANE('',#6024);
#6024 = AXIS2_PLACEMENT_3D('',#6025,#6026,#6027);
#6025 = CARTESIAN_POINT('',(244.020451,144.345968,122.950961));
#6026 = DIRECTION('',(-0.447043051174,0.77623478236,-0.444535795017));
#6027 = DIRECTION('',(0.866564525602,0.499065048834,-2.775557561563E-17)
  );
#6028 = DEFINITIONAL_REPRESENTATION('',(#6029),#6033);
#6029 = LINE('',#6030,#6031);
#6030 = CARTESIAN_POINT('',(0.,0.));
#6031 = VECTOR('',#6032,1.);
#6032 = DIRECTION('',(-0.98899865311,-0.14792452179));
#6033 = ( GEOMETRIC_REPRESENTATION_CONTEXT(2) 
PARAMETRIC_REPRESENTATION_CONTEXT() REPRESENTATION_CONTEXT('2D SPACE',''
  ) );
#6034 = ORIENTED_EDGE('',*,*,#6035,.T.);
#6035 = EDGE_CURVE('',#6008,#296,#6036,.T.);
#6036 = SURFACE_CURVE('',#6037,(#6041,#6048),.PCURVE_S1.);
#6037 = LINE('',#6038,#6039);
#6038 = CARTESIAN_POINT('',(224.782206,134.907001,125.815678));
#6039 = VECTOR('',#6040,1.);
#6040 = DIRECTION('',(0.285261295073,0.292303917107,0.912789358821));
#6041 = PCURVE('',#372,#6042);
#6042 = DEFINITIONAL_REPRESENTATION('',(#6043),#6047);
#6043 = LINE('',#6044,#6045);
#6044 = CARTESIAN_POINT('',(-21.42519819388,-2.893381162227));
#6045 = VECTOR('',#6046,1.);
#6046 = DIRECTION('',(0.387373975223,-0.92192266667));
#6047 = ( GEOMETRIC_REPRESENTATION_CONTEXT(2) 
PARAMETRIC_REPRESENTATION_CONTEXT() REPRESENTATION_CONTEXT('2D SPACE',''
  ) );
#6048 = PCURVE('',#6049,#6054);
#6049 = PLANE('',#6050);
#6050 = AXIS2_PLACEMENT_3D('',#6051,#6052,#6053);
#6051 = CARTESIAN_POINT('',(230.,130.,164.));
#6052 = DIRECTION('',(-0.917249030361,0.3594849177,0.17153661489));
#6053 = DIRECTION('',(-0.364893461541,-0.931049279966,6.938893903907E-18
    ));
#6054 = DEFINITIONAL_REPRESENTATION('',(#6055),#6059);
#6055 = LINE('',#6056,#6057);
#6056 = CARTESIAN_POINT('',(-2.664720833573,-38.75881502986));
#6057 = VECTOR('',#6058,1.);
#6058 = DIRECTION('',(-0.376239332956,0.926522511511));
#6059 = ( GEOMETRIC_REPRESENTATION_CONTEXT(2) 
PARAMETRIC_REPRESENTATION_CONTEXT() REPRESENTATION_CONTEXT('2D SPACE',''
  ) );
#6060 = ORIENTED_EDGE('',*,*,#358,.F.);
#6061 = ADVANCED_FACE('',(#6062),#6072,.T.);
#6062 = FACE_BOUND('',#6063,.T.);
#6063 = EDGE_LOOP('',(#6064,#6095,#6116));
#6064 = ORIENTED_EDGE('',*,*,#6065,.T.);
#6065 = EDGE_CURVE('',#1310,#3044,#6066,.T.);
#6066 = SURFACE_CURVE('',#6067,(#6071,#6083),.PCURVE_S1.);
#6067 = LINE('',#6068,#6069);
#6068 = CARTESIAN_POINT('',(197.621572,104.894169,49.407339));
#6069 = VECTOR('',#6070,1.);
#6070 = DIRECTION('',(0.784922043935,-0.424958930764,0.450896099018));
#6071 = PCURVE('',#6072,#6077);
#6072 = PLANE('',#6073);
#6073 = AXIS2_PLACEMENT_3D('',#6074,#6075,#6076);
#6074 = CARTESIAN_POINT('',(197.621572,104.894169,49.407339));
#6075 = DIRECTION('',(-0.497991695243,2.922836170076E-04,0.867181749139)
  );
#6076 = DIRECTION('',(0.86718178618,-2.710505431214E-20,0.497991716515)
  );
#6077 = DEFINITIONAL_REPRESENTATION('',(#6078),#6082);
#6078 = LINE('',#6079,#6080);
#6079 = CARTESIAN_POINT('',(0.,0.));
#6080 = VECTOR('',#6081,1.);
#6081 = DIRECTION('',(0.905212622391,-0.424958948916));
#6082 = ( GEOMETRIC_REPRESENTATION_CONTEXT(2) 
PARAMETRIC_REPRESENTATION_CONTEXT() REPRESENTATION_CONTEXT('2D SPACE',''
  ) );
#6083 = PCURVE('',#6084,#6089);
#6084 = PLANE('',#6085);
#6085 = AXIS2_PLACEMENT_3D('',#6086,#6087,#6088);
#6086 = CARTESIAN_POINT('',(192.374905,72.499194,45.30462));
#6087 = DIRECTION('',(-0.508719956756,-2.659032775205E-02,0.860521330397
    ));
#6088 = DIRECTION('',(0.860825705692,1.734723475977E-18,0.508899896267)
  );
#6089 = DEFINITIONAL_REPRESENTATION('',(#6090),#6094);
#6090 = LINE('',#6091,#6092);
#6091 = CARTESIAN_POINT('',(6.604339096316,32.40643343772));
#6092 = VECTOR('',#6093,1.);
#6093 = DIRECTION('',(0.9051420504,-0.425109243133));
#6094 = ( GEOMETRIC_REPRESENTATION_CONTEXT(2) 
PARAMETRIC_REPRESENTATION_CONTEXT() REPRESENTATION_CONTEXT('2D SPACE',''
  ) );
#6095 = ORIENTED_EDGE('',*,*,#6096,.T.);
#6096 = EDGE_CURVE('',#3044,#5790,#6097,.T.);
#6097 = SURFACE_CURVE('',#6098,(#6102,#6109),.PCURVE_S1.);
#6098 = LINE('',#6099,#6100);
#6099 = CARTESIAN_POINT('',(210.165687,98.102751,56.613268));
#6100 = VECTOR('',#6101,1.);
#6101 = DIRECTION('',(-0.147999155094,0.985300095055,-8.532275649102E-02
    ));
#6102 = PCURVE('',#6072,#6103);
#6103 = DEFINITIONAL_REPRESENTATION('',(#6104),#6108);
#6104 = LINE('',#6105,#6106);
#6105 = CARTESIAN_POINT('',(14.466521003543,-6.791418290094));
#6106 = VECTOR('',#6107,1.);
#6107 = DIRECTION('',(-0.17083219763,0.985300137142));
#6108 = ( GEOMETRIC_REPRESENTATION_CONTEXT(2) 
PARAMETRIC_REPRESENTATION_CONTEXT() REPRESENTATION_CONTEXT('2D SPACE',''
  ) );
#6109 = PCURVE('',#5831,#6110);
#6110 = DEFINITIONAL_REPRESENTATION('',(#6111),#6115);
#6111 = LINE('',#6112,#6113);
#6112 = CARTESIAN_POINT('',(-20.06394835077,-31.93340564623));
#6113 = VECTOR('',#6114,1.);
#6114 = DIRECTION('',(-0.164260667655,0.98641696714));
#6115 = ( GEOMETRIC_REPRESENTATION_CONTEXT(2) 
PARAMETRIC_REPRESENTATION_CONTEXT() REPRESENTATION_CONTEXT('2D SPACE',''
  ) );
#6116 = ORIENTED_EDGE('',*,*,#6117,.T.);
#6117 = EDGE_CURVE('',#5790,#1310,#6118,.T.);
#6118 = SURFACE_CURVE('',#6119,(#6123,#6130),.PCURVE_S1.);
#6119 = LINE('',#6120,#6121);
#6120 = CARTESIAN_POINT('',(204.196591,137.841835,53.172034));
#6121 = VECTOR('',#6122,1.);
#6122 = DIRECTION('',(-0.194483571613,-0.974564447645,-0.111356534427));
#6123 = PCURVE('',#6072,#6124);
#6124 = DEFINITIONAL_REPRESENTATION('',(#6125),#6129);
#6125 = LINE('',#6126,#6127);
#6126 = CARTESIAN_POINT('',(7.576523645793,32.947667407355));
#6127 = VECTOR('',#6128,1.);
#6128 = DIRECTION('',(-0.224107242739,-0.974564489273));
#6129 = ( GEOMETRIC_REPRESENTATION_CONTEXT(2) 
PARAMETRIC_REPRESENTATION_CONTEXT() REPRESENTATION_CONTEXT('2D SPACE',''
  ) );
#6130 = PCURVE('',#1358,#6131);
#6131 = DEFINITIONAL_REPRESENTATION('',(#6132),#6136);
#6132 = LINE('',#6133,#6134);
#6133 = CARTESIAN_POINT('',(0.,0.));
#6134 = VECTOR('',#6135,1.);
#6135 = DIRECTION('',(-0.223181854631,-0.974776825619));
#6136 = ( GEOMETRIC_REPRESENTATION_CONTEXT(2) 
PARAMETRIC_REPRESENTATION_CONTEXT() REPRESENTATION_CONTEXT('2D SPACE',''
  ) );
#6137 = ADVANCED_FACE('',(#6138),#6150,.T.);
#6138 = FACE_BOUND('',#6139,.T.);
#6139 = EDGE_LOOP('',(#6140,#6168,#6189));
#6140 = ORIENTED_EDGE('',*,*,#6141,.T.);
#6141 = EDGE_CURVE('',#5575,#6142,#6144,.T.);
#6142 = VERTEX_POINT('',#6143);
#6143 = CARTESIAN_POINT('',(179.004439,119.113716,33.459515));
#6144 = SURFACE_CURVE('',#6145,(#6149,#6161),.PCURVE_S1.);
#6145 = LINE('',#6146,#6147);
#6146 = CARTESIAN_POINT('',(193.830642,146.501366,49.817537));
#6147 = VECTOR('',#6148,1.);
#6148 = DIRECTION('',(-0.421463577402,-0.77854707275,-0.465008503617));
#6149 = PCURVE('',#6150,#6155);
#6150 = PLANE('',#6151);
#6151 = AXIS2_PLACEMENT_3D('',#6152,#6153,#6154);
#6152 = CARTESIAN_POINT('',(193.830642,146.501366,49.817537));
#6153 = DIRECTION('',(-0.730627115129,-1.221943190783E-02,0.682667345141
    ));
#6154 = DIRECTION('',(-0.682718316921,-8.673617379884E-19,
    -0.730681667855));
#6155 = DEFINITIONAL_REPRESENTATION('',(#6156),#6160);
#6156 = LINE('',#6157,#6158);
#6157 = CARTESIAN_POINT('',(-0.,0.));
#6158 = VECTOR('',#6159,1.);
#6159 = DIRECTION('',(0.627514093197,0.778605203449));
#6160 = ( GEOMETRIC_REPRESENTATION_CONTEXT(2) 
PARAMETRIC_REPRESENTATION_CONTEXT() REPRESENTATION_CONTEXT('2D SPACE',''
  ) );
#6161 = PCURVE('',#5649,#6162);
#6162 = DEFINITIONAL_REPRESENTATION('',(#6163),#6167);
#6163 = LINE('',#6164,#6165);
#6164 = CARTESIAN_POINT('',(-22.06863351962,-27.39452438442));
#6165 = VECTOR('',#6166,1.);
#6166 = DIRECTION('',(0.62734371245,0.778742490461));
#6167 = ( GEOMETRIC_REPRESENTATION_CONTEXT(2) 
PARAMETRIC_REPRESENTATION_CONTEXT() REPRESENTATION_CONTEXT('2D SPACE',''
  ) );
#6168 = ORIENTED_EDGE('',*,*,#6169,.T.);
#6169 = EDGE_CURVE('',#6142,#1343,#6170,.T.);
#6170 = SURFACE_CURVE('',#6171,(#6175,#6182),.PCURVE_S1.);
#6171 = LINE('',#6172,#6173);
#6172 = CARTESIAN_POINT('',(179.004439,119.113716,33.459515));
#6173 = VECTOR('',#6174,1.);
#6174 = DIRECTION('',(0.589370017075,-0.516075315243,0.62153781218));
#6175 = PCURVE('',#6150,#6176);
#6176 = DEFINITIONAL_REPRESENTATION('',(#6177),#6181);
#6177 = LINE('',#6178,#6179);
#6178 = CARTESIAN_POINT('',(22.074627156271,27.389694915859));
#6179 = VECTOR('',#6180,1.);
#6180 = DIRECTION('',(-0.85651999134,0.516113848326));
#6181 = ( GEOMETRIC_REPRESENTATION_CONTEXT(2) 
PARAMETRIC_REPRESENTATION_CONTEXT() REPRESENTATION_CONTEXT('2D SPACE',''
  ) );
#6182 = PCURVE('',#1384,#6183);
#6183 = DEFINITIONAL_REPRESENTATION('',(#6184),#6188);
#6184 = LINE('',#6185,#6186);
#6185 = CARTESIAN_POINT('',(-1.95955621951,-40.0546012585));
#6186 = VECTOR('',#6187,1.);
#6187 = DIRECTION('',(-0.85565237463,0.517550976996));
#6188 = ( GEOMETRIC_REPRESENTATION_CONTEXT(2) 
PARAMETRIC_REPRESENTATION_CONTEXT() REPRESENTATION_CONTEXT('2D SPACE',''
  ) );
#6189 = ORIENTED_EDGE('',*,*,#6190,.T.);
#6190 = EDGE_CURVE('',#1343,#5575,#6191,.T.);
#6191 = SURFACE_CURVE('',#6192,(#6196,#6203),.PCURVE_S1.);
#6192 = LINE('',#6193,#6194);
#6193 = CARTESIAN_POINT('',(186.679508,112.393127,41.553489));
#6194 = VECTOR('',#6195,1.);
#6195 = DIRECTION('',(0.199661608031,0.952311318156,0.230734469879));
#6196 = PCURVE('',#6150,#6197);
#6197 = DEFINITIONAL_REPRESENTATION('',(#6198),#6202);
#6198 = LINE('',#6199,#6200);
#6199 = CARTESIAN_POINT('',(10.920598544437,34.110785712801));
#6200 = VECTOR('',#6201,1.);
#6201 = DIRECTION('',(-0.304906084272,-0.952382423071));
#6202 = ( GEOMETRIC_REPRESENTATION_CONTEXT(2) 
PARAMETRIC_REPRESENTATION_CONTEXT() REPRESENTATION_CONTEXT('2D SPACE',''
  ) );
#6203 = PCURVE('',#6204,#6209);
#6204 = PLANE('',#6205);
#6205 = AXIS2_PLACEMENT_3D('',#6206,#6207,#6208);
#6206 = CARTESIAN_POINT('',(186.679508,112.393127,41.553489));
#6207 = DIRECTION('',(-0.404853280933,-0.134261721333,0.904470901192));
#6208 = DIRECTION('',(0.912734887943,6.938893903907E-18,0.408552352009)
  );
#6209 = DEFINITIONAL_REPRESENTATION('',(#6210),#6214);
#6210 = LINE('',#6211,#6212);
#6211 = CARTESIAN_POINT('',(0.,0.));
#6212 = VECTOR('',#6213,1.);
#6213 = DIRECTION('',(0.276505225791,0.961012414129));
#6214 = ( GEOMETRIC_REPRESENTATION_CONTEXT(2) 
PARAMETRIC_REPRESENTATION_CONTEXT() REPRESENTATION_CONTEXT('2D SPACE',''
  ) );
#6215 = ADVANCED_FACE('',(#6216),#6228,.T.);
#6216 = FACE_BOUND('',#6217,.T.);
#6217 = EDGE_LOOP('',(#6218,#6251,#6277));
#6218 = ORIENTED_EDGE('',*,*,#6219,.T.);
#6219 = EDGE_CURVE('',#3009,#6220,#6222,.T.);
#6220 = VERTEX_POINT('',#6221);
#6221 = CARTESIAN_POINT('',(183.834966,40.000579,37.532717));
#6222 = SURFACE_CURVE('',#6223,(#6227,#6239),.PCURVE_S1.);
#6223 = LINE('',#6224,#6225);
#6224 = CARTESIAN_POINT('',(203.402284,65.000694,53.03839));
#6225 = VECTOR('',#6226,1.);
#6226 = DIRECTION('',(-0.553821489842,-0.707588078014,-0.438863155485));
#6227 = PCURVE('',#6228,#6233);
#6228 = PLANE('',#6229);
#6229 = AXIS2_PLACEMENT_3D('',#6230,#6231,#6232);
#6230 = CARTESIAN_POINT('',(203.402284,65.000694,53.03839));
#6231 = DIRECTION('',(-0.639142796342,2.346524325908E-02,0.768730035997)
  );
#6232 = DIRECTION('',(0.768941761595,-1.734723475977E-18,0.63931883069)
  );
#6233 = DEFINITIONAL_REPRESENTATION('',(#6234),#6238);
#6234 = LINE('',#6235,#6236);
#6235 = CARTESIAN_POINT('',(0.,0.));
#6236 = VECTOR('',#6237,1.);
#6237 = DIRECTION('',(-0.706429951406,-0.707782963738));
#6238 = ( GEOMETRIC_REPRESENTATION_CONTEXT(2) 
PARAMETRIC_REPRESENTATION_CONTEXT() REPRESENTATION_CONTEXT('2D SPACE',''
  ) );
#6239 = PCURVE('',#6240,#6245);
#6240 = PLANE('',#6241);
#6241 = AXIS2_PLACEMENT_3D('',#6242,#6243,#6244);
#6242 = CARTESIAN_POINT('',(183.834966,40.000579,37.532717));
#6243 = DIRECTION('',(-0.590756640722,-3.750785622704E-02,0.805977513436
    ));
#6244 = DIRECTION('',(0.806545052746,0.,0.591172629518));
#6245 = DEFINITIONAL_REPRESENTATION('',(#6246),#6250);
#6246 = LINE('',#6247,#6248);
#6247 = CARTESIAN_POINT('',(24.948453008261,25.017719148713));
#6248 = VECTOR('',#6249,1.);
#6249 = DIRECTION('',(-0.706125868363,-0.708086335152));
#6250 = ( GEOMETRIC_REPRESENTATION_CONTEXT(2) 
PARAMETRIC_REPRESENTATION_CONTEXT() REPRESENTATION_CONTEXT('2D SPACE',''
  ) );
#6251 = ORIENTED_EDGE('',*,*,#6252,.T.);
#6252 = EDGE_CURVE('',#6220,#2867,#6253,.T.);
#6253 = SURFACE_CURVE('',#6254,(#6258,#6265),.PCURVE_S1.);
#6254 = LINE('',#6255,#6256);
#6255 = CARTESIAN_POINT('',(183.834966,40.000579,37.532717));
#6256 = VECTOR('',#6257,1.);
#6257 = DIRECTION('',(0.705390522123,-0.380407217428,0.598092434518));
#6258 = PCURVE('',#6228,#6259);
#6259 = DEFINITIONAL_REPRESENTATION('',(#6260),#6264);
#6260 = LINE('',#6261,#6262);
#6261 = CARTESIAN_POINT('',(-24.95919670403,-25.0070005958));
#6262 = VECTOR('',#6263,1.);
#6263 = DIRECTION('',(0.924775986574,-0.38051199016));
#6264 = ( GEOMETRIC_REPRESENTATION_CONTEXT(2) 
PARAMETRIC_REPRESENTATION_CONTEXT() REPRESENTATION_CONTEXT('2D SPACE',''
  ) );
#6265 = PCURVE('',#6266,#6271);
#6266 = PLANE('',#6267);
#6267 = AXIS2_PLACEMENT_3D('',#6268,#6269,#6270);
#6268 = CARTESIAN_POINT('',(181.710018,0.,30.));
#6269 = DIRECTION('',(-0.674725415668,-0.101817317665,0.731012207336));
#6270 = DIRECTION('',(0.734831041152,1.387778780781E-17,0.678250205278)
  );
#6271 = DEFINITIONAL_REPRESENTATION('',(#6272),#6276);
#6272 = LINE('',#6273,#6274);
#6273 = CARTESIAN_POINT('',(6.670544602786,40.209543449811));
#6274 = VECTOR('',#6275,1.);
#6275 = DIRECTION('',(0.923999168277,-0.382394478285));
#6276 = ( GEOMETRIC_REPRESENTATION_CONTEXT(2) 
PARAMETRIC_REPRESENTATION_CONTEXT() REPRESENTATION_CONTEXT('2D SPACE',''
  ) );
#6277 = ORIENTED_EDGE('',*,*,#6278,.T.);
#6278 = EDGE_CURVE('',#2867,#3009,#6279,.T.);
#6279 = SURFACE_CURVE('',#6280,(#6284,#6291),.PCURVE_S1.);
#6280 = LINE('',#6281,#6282);
#6281 = CARTESIAN_POINT('',(197.74232,32.500538,49.324601));
#6282 = VECTOR('',#6283,1.);
#6283 = DIRECTION('',(0.170492633267,0.978988060352,0.111868850404));
#6284 = PCURVE('',#6228,#6285);
#6285 = DEFINITIONAL_REPRESENTATION('',(#6286),#6290);
#6286 = LINE('',#6287,#6288);
#6287 = CARTESIAN_POINT('',(-6.726477929635,-32.50910727633));
#6288 = VECTOR('',#6289,1.);
#6289 = DIRECTION('',(0.202618768394,0.979257695755));
#6290 = ( GEOMETRIC_REPRESENTATION_CONTEXT(2) 
PARAMETRIC_REPRESENTATION_CONTEXT() REPRESENTATION_CONTEXT('2D SPACE',''
  ) );
#6291 = PCURVE('',#6292,#6297);
#6292 = PLANE('',#6293);
#6293 = AXIS2_PLACEMENT_3D('',#6294,#6295,#6296);
#6294 = CARTESIAN_POINT('',(197.74232,32.500538,49.324601));
#6295 = DIRECTION('',(-0.528441653387,-4.980869794079E-03,0.848955010528
    ));
#6296 = DIRECTION('',(0.848965541614,4.336808689942E-19,0.528448208581)
  );
#6297 = DEFINITIONAL_REPRESENTATION('',(#6298),#6302);
#6298 = LINE('',#6299,#6300);
#6299 = CARTESIAN_POINT('',(0.,0.));
#6300 = VECTOR('',#6301,1.);
#6301 = DIRECTION('',(0.203859264334,0.979000204466));
#6302 = ( GEOMETRIC_REPRESENTATION_CONTEXT(2) 
PARAMETRIC_REPRESENTATION_CONTEXT() REPRESENTATION_CONTEXT('2D SPACE',''
  ) );
#6303 = ADVANCED_FACE('',(#6304),#6316,.T.);
#6304 = FACE_BOUND('',#6305,.T.);
#6305 = EDGE_LOOP('',(#6306,#6339,#6367));
#6306 = ORIENTED_EDGE('',*,*,#6307,.T.);
#6307 = EDGE_CURVE('',#6308,#664,#6310,.T.);
#6308 = VERTEX_POINT('',#6309);
#6309 = CARTESIAN_POINT('',(197.74232,-32.500538,49.324601));
#6310 = SURFACE_CURVE('',#6311,(#6315,#6327),.PCURVE_S1.);
#6311 = LINE('',#6312,#6313);
#6312 = CARTESIAN_POINT('',(197.74232,-32.500538,49.324601));
#6313 = VECTOR('',#6314,1.);
#6314 = DIRECTION('',(-0.390363545209,0.791341457695,-0.470526300971));
#6315 = PCURVE('',#6316,#6321);
#6316 = PLANE('',#6317);
#6317 = AXIS2_PLACEMENT_3D('',#6318,#6319,#6320);
#6318 = CARTESIAN_POINT('',(197.74232,-32.500538,49.324601));
#6319 = DIRECTION('',(-0.674725415668,0.101817317665,0.731012207336));
#6320 = DIRECTION('',(0.734831041152,0.,0.678250205278));
#6321 = DEFINITIONAL_REPRESENTATION('',(#6322),#6326);
#6322 = LINE('',#6323,#6324);
#6323 = CARTESIAN_POINT('',(0.,0.));
#6324 = VECTOR('',#6325,1.);
#6325 = DIRECTION('',(-0.605985810576,0.795475453663));
#6326 = ( GEOMETRIC_REPRESENTATION_CONTEXT(2) 
PARAMETRIC_REPRESENTATION_CONTEXT() REPRESENTATION_CONTEXT('2D SPACE',''
  ) );
#6327 = PCURVE('',#6328,#6333);
#6328 = PLANE('',#6329);
#6329 = AXIS2_PLACEMENT_3D('',#6330,#6331,#6332);
#6330 = CARTESIAN_POINT('',(181.710018,0.,30.));
#6331 = DIRECTION('',(-0.826460431258,-7.599858186492E-02,0.557841707942
    ));
#6332 = DIRECTION('',(-0.559459706965,-6.938893903907E-18,
    -0.828857548848));
#6333 = DEFINITIONAL_REPRESENTATION('',(#6334),#6338);
#6334 = LINE('',#6335,#6336);
#6335 = CARTESIAN_POINT('',(-24.98676839622,32.594804595692));
#6336 = VECTOR('',#6337,1.);
#6337 = DIRECTION('',(0.608391951104,-0.793636714015));
#6338 = ( GEOMETRIC_REPRESENTATION_CONTEXT(2) 
PARAMETRIC_REPRESENTATION_CONTEXT() REPRESENTATION_CONTEXT('2D SPACE',''
  ) );
#6339 = ORIENTED_EDGE('',*,*,#6340,.T.);
#6340 = EDGE_CURVE('',#664,#6341,#6343,.T.);
#6341 = VERTEX_POINT('',#6342);
#6342 = CARTESIAN_POINT('',(183.834966,-40.000579,37.532717));
#6343 = SURFACE_CURVE('',#6344,(#6348,#6355),.PCURVE_S1.);
#6344 = LINE('',#6345,#6346);
#6345 = CARTESIAN_POINT('',(181.710018,0.,30.));
#6346 = VECTOR('',#6347,1.);
#6347 = DIRECTION('',(5.213433164256E-02,-0.981390345307,0.184810718308)
  );
#6348 = PCURVE('',#6316,#6349);
#6349 = DEFINITIONAL_REPRESENTATION('',(#6350),#6354);
#6350 = LINE('',#6351,#6352);
#6351 = CARTESIAN_POINT('',(-24.88794776588,32.670321968421));
#6352 = VECTOR('',#6353,1.);
#6353 = DIRECTION('',(0.163657832831,-0.986517163436));
#6354 = ( GEOMETRIC_REPRESENTATION_CONTEXT(2) 
PARAMETRIC_REPRESENTATION_CONTEXT() REPRESENTATION_CONTEXT('2D SPACE',''
  ) );
#6355 = PCURVE('',#6356,#6361);
#6356 = PLANE('',#6357);
#6357 = AXIS2_PLACEMENT_3D('',#6358,#6359,#6360);
#6358 = CARTESIAN_POINT('',(181.710018,0.,30.));
#6359 = DIRECTION('',(-0.929491259939,1.997967862406E-02,0.368302606751)
  );
#6360 = DIRECTION('',(-0.368376139676,8.673617379884E-19,-0.929676836173
    ));
#6361 = DEFINITIONAL_REPRESENTATION('',(#6362),#6366);
#6362 = LINE('',#6363,#6364);
#6363 = CARTESIAN_POINT('',(0.,0.));
#6364 = VECTOR('',#6365,1.);
#6365 = DIRECTION('',(-0.191019287723,0.981586283379));
#6366 = ( GEOMETRIC_REPRESENTATION_CONTEXT(2) 
PARAMETRIC_REPRESENTATION_CONTEXT() REPRESENTATION_CONTEXT('2D SPACE',''
  ) );
#6367 = ORIENTED_EDGE('',*,*,#6368,.T.);
#6368 = EDGE_CURVE('',#6341,#6308,#6369,.T.);
#6369 = SURFACE_CURVE('',#6370,(#6374,#6381),.PCURVE_S1.);
#6370 = LINE('',#6371,#6372);
#6371 = CARTESIAN_POINT('',(183.834966,-40.000579,37.532717));
#6372 = VECTOR('',#6373,1.);
#6373 = DIRECTION('',(0.705390522123,0.380407217428,0.598092434518));
#6374 = PCURVE('',#6316,#6375);
#6375 = DEFINITIONAL_REPRESENTATION('',(#6376),#6380);
#6376 = LINE('',#6377,#6378);
#6377 = CARTESIAN_POINT('',(-18.2174031631,-7.539221481391));
#6378 = VECTOR('',#6379,1.);
#6379 = DIRECTION('',(0.923999168277,0.382394478285));
#6380 = ( GEOMETRIC_REPRESENTATION_CONTEXT(2) 
PARAMETRIC_REPRESENTATION_CONTEXT() REPRESENTATION_CONTEXT('2D SPACE',''
  ) );
#6381 = PCURVE('',#6382,#6387);
#6382 = PLANE('',#6383);
#6383 = AXIS2_PLACEMENT_3D('',#6384,#6385,#6386);
#6384 = CARTESIAN_POINT('',(183.834966,-40.000579,37.532717));
#6385 = DIRECTION('',(-0.639142796342,-2.346524325908E-02,0.768730035997
    ));
#6386 = DIRECTION('',(0.768941761595,0.,0.63931883069));
#6387 = DEFINITIONAL_REPRESENTATION('',(#6388),#6392);
#6388 = LINE('',#6389,#6390);
#6389 = CARTESIAN_POINT('',(0.,0.));
#6390 = VECTOR('',#6391,1.);
#6391 = DIRECTION('',(0.924775986574,0.38051199016));
#6392 = ( GEOMETRIC_REPRESENTATION_CONTEXT(2) 
PARAMETRIC_REPRESENTATION_CONTEXT() REPRESENTATION_CONTEXT('2D SPACE',''
  ) );
#6393 = ADVANCED_FACE('',(#6394),#6408,.T.);
#6394 = FACE_BOUND('',#6395,.T.);
#6395 = EDGE_LOOP('',(#6396,#6431,#6459));
#6396 = ORIENTED_EDGE('',*,*,#6397,.T.);
#6397 = EDGE_CURVE('',#6398,#6400,#6402,.T.);
#6398 = VERTEX_POINT('',#6399);
#6399 = CARTESIAN_POINT('',(191.804932,-144.761541,45.810813));
#6400 = VERTEX_POINT('',#6401);
#6401 = CARTESIAN_POINT('',(179.004439,-119.113716,33.459515));
#6402 = SURFACE_CURVE('',#6403,(#6407,#6419),.PCURVE_S1.);
#6403 = LINE('',#6404,#6405);
#6404 = CARTESIAN_POINT('',(191.804932,-144.761541,45.810813));
#6405 = VECTOR('',#6406,1.);
#6406 = DIRECTION('',(-0.410108336065,0.821717322483,-0.395716811143));
#6407 = PCURVE('',#6408,#6413);
#6408 = PLANE('',#6409);
#6409 = AXIS2_PLACEMENT_3D('',#6410,#6411,#6412);
#6410 = CARTESIAN_POINT('',(191.804932,-144.761541,45.810813));
#6411 = DIRECTION('',(-0.624068432679,6.35745520754E-02,0.778779087843)
  );
#6412 = DIRECTION('',(0.780357679569,0.,0.625333424613));
#6413 = DEFINITIONAL_REPRESENTATION('',(#6414),#6418);
#6414 = LINE('',#6415,#6416);
#6415 = CARTESIAN_POINT('',(0.,0.));
#6416 = VECTOR('',#6417,1.);
#6417 = DIRECTION('',(-0.567486138192,0.82338295037));
#6418 = ( GEOMETRIC_REPRESENTATION_CONTEXT(2) 
PARAMETRIC_REPRESENTATION_CONTEXT() REPRESENTATION_CONTEXT('2D SPACE',''
  ) );
#6419 = PCURVE('',#6420,#6425);
#6420 = PLANE('',#6421);
#6421 = AXIS2_PLACEMENT_3D('',#6422,#6423,#6424);
#6422 = CARTESIAN_POINT('',(179.004439,-119.113716,33.459515));
#6423 = DIRECTION('',(-0.716397999621,-2.171817012787E-02,0.697353731778
    ));
#6424 = DIRECTION('',(-0.697518253507,0.,-0.716567014329));
#6425 = DEFINITIONAL_REPRESENTATION('',(#6426),#6430);
#6426 = LINE('',#6427,#6428);
#6427 = CARTESIAN_POINT('',(-17.77911025233,25.653875909766));
#6428 = VECTOR('',#6429,1.);
#6429 = DIRECTION('',(0.569615664201,-0.821911184433));
#6430 = ( GEOMETRIC_REPRESENTATION_CONTEXT(2) 
PARAMETRIC_REPRESENTATION_CONTEXT() REPRESENTATION_CONTEXT('2D SPACE',''
  ) );
#6431 = ORIENTED_EDGE('',*,*,#6432,.T.);
#6432 = EDGE_CURVE('',#6400,#6433,#6435,.T.);
#6433 = VERTEX_POINT('',#6434);
#6434 = CARTESIAN_POINT('',(185.903985,-153.038315,41.757799));
#6435 = SURFACE_CURVE('',#6436,(#6440,#6447),.PCURVE_S1.);
#6436 = LINE('',#6437,#6438);
#6437 = CARTESIAN_POINT('',(179.004439,-119.113716,33.459515));
#6438 = VECTOR('',#6439,1.);
#6439 = DIRECTION('',(0.193808720558,-0.952944313673,0.233099366953));
#6440 = PCURVE('',#6408,#6441);
#6441 = DEFINITIONAL_REPRESENTATION('',(#6442),#6446);
#6442 = LINE('',#6443,#6444);
#6443 = CARTESIAN_POINT('',(-17.71264249157,25.699813355826));
#6444 = VECTOR('',#6445,1.);
#6445 = DIRECTION('',(0.297004948867,-0.954875939768));
#6446 = ( GEOMETRIC_REPRESENTATION_CONTEXT(2) 
PARAMETRIC_REPRESENTATION_CONTEXT() REPRESENTATION_CONTEXT('2D SPACE',''
  ) );
#6447 = PCURVE('',#6448,#6453);
#6448 = PLANE('',#6449);
#6449 = AXIS2_PLACEMENT_3D('',#6450,#6451,#6452);
#6450 = CARTESIAN_POINT('',(177.241909,-157.666142,30.));
#6451 = DIRECTION('',(-0.801794299656,-1.694805121335E-02,0.59735974471)
  );
#6452 = DIRECTION('',(-0.597445554939,0.,-0.801909476739));
#6453 = DEFINITIONAL_REPRESENTATION('',(#6454),#6458);
#6454 = LINE('',#6455,#6456);
#6455 = CARTESIAN_POINT('',(-3.827233577367,-38.55796402386));
#6456 = VECTOR('',#6457,1.);
#6457 = DIRECTION('',(-0.302714749987,0.95308120333));
#6458 = ( GEOMETRIC_REPRESENTATION_CONTEXT(2) 
PARAMETRIC_REPRESENTATION_CONTEXT() REPRESENTATION_CONTEXT('2D SPACE',''
  ) );
#6459 = ORIENTED_EDGE('',*,*,#6460,.T.);
#6460 = EDGE_CURVE('',#6433,#6398,#6461,.T.);
#6461 = SURFACE_CURVE('',#6462,(#6466,#6473),.PCURVE_S1.);
#6462 = LINE('',#6463,#6464);
#6463 = CARTESIAN_POINT('',(185.903985,-153.038315,41.757799));
#6464 = VECTOR('',#6465,1.);
#6465 = DIRECTION('',(0.539235352972,0.75634116852,0.370369100907));
#6466 = PCURVE('',#6408,#6467);
#6467 = DEFINITIONAL_REPRESENTATION('',(#6468),#6472);
#6468 = LINE('',#6469,#6470);
#6469 = CARTESIAN_POINT('',(-7.139334432802,-8.293551090135));
#6470 = VECTOR('',#6471,1.);
#6471 = DIRECTION('',(0.652400627027,0.757874278396));
#6472 = ( GEOMETRIC_REPRESENTATION_CONTEXT(2) 
PARAMETRIC_REPRESENTATION_CONTEXT() REPRESENTATION_CONTEXT('2D SPACE',''
  ) );
#6473 = PCURVE('',#6474,#6479);
#6474 = PLANE('',#6475);
#6475 = AXIS2_PLACEMENT_3D('',#6476,#6477,#6478);
#6476 = CARTESIAN_POINT('',(191.804932,-144.761541,45.810813));
#6477 = DIRECTION('',(-0.786403603033,0.294872945588,0.542788466253));
#6478 = DIRECTION('',(-0.568045787008,2.775557561563E-17,-0.822996952523
    ));
#6479 = DEFINITIONAL_REPRESENTATION('',(#6480),#6484);
#6480 = LINE('',#6481,#6482);
#6481 = CARTESIAN_POINT('',(6.687626253241,8.661913236984));
#6482 = VECTOR('',#6483,1.);
#6483 = DIRECTION('',(-0.611123011816,-0.791535636866));
#6484 = ( GEOMETRIC_REPRESENTATION_CONTEXT(2) 
PARAMETRIC_REPRESENTATION_CONTEXT() REPRESENTATION_CONTEXT('2D SPACE',''
  ) );
#6485 = ADVANCED_FACE('',(#6486),#5122,.T.);
#6486 = FACE_BOUND('',#6487,.T.);
#6487 = EDGE_LOOP('',(#6488,#6514,#6540));
#6488 = ORIENTED_EDGE('',*,*,#6489,.T.);
#6489 = EDGE_CURVE('',#4944,#1402,#6490,.T.);
#6490 = SURFACE_CURVE('',#6491,(#6495,#6502),.PCURVE_S1.);
#6491 = LINE('',#6492,#6493);
#6492 = CARTESIAN_POINT('',(217.469551,-131.381715,60.));
#6493 = VECTOR('',#6494,1.);
#6494 = DIRECTION('',(-0.571123639479,0.762176525498,-0.304802776247));
#6495 = PCURVE('',#5122,#6496);
#6496 = DEFINITIONAL_REPRESENTATION('',(#6497),#6501);
#6497 = LINE('',#6498,#6499);
#6498 = CARTESIAN_POINT('',(0.,0.));
#6499 = VECTOR('',#6500,1.);
#6500 = DIRECTION('',(-0.647329724284,0.762210094435));
#6501 = ( GEOMETRIC_REPRESENTATION_CONTEXT(2) 
PARAMETRIC_REPRESENTATION_CONTEXT() REPRESENTATION_CONTEXT('2D SPACE',''
  ) );
#6502 = PCURVE('',#6503,#6508);
#6503 = PLANE('',#6504);
#6504 = AXIS2_PLACEMENT_3D('',#6505,#6506,#6507);
#6505 = CARTESIAN_POINT('',(197.621572,-104.894169,49.407339));
#6506 = DIRECTION('',(-0.490295280586,-1.893143558774E-02,0.871350755197
    ));
#6507 = DIRECTION('',(0.871506942911,1.734723475977E-18,0.490383164941)
  );
#6508 = DEFINITIONAL_REPRESENTATION('',(#6509),#6513);
#6509 = LINE('',#6510,#6511);
#6510 = CARTESIAN_POINT('',(22.492114127583,-26.4922938346));
#6511 = VECTOR('',#6512,1.);
#6512 = DIRECTION('',(-0.647208367165,0.762313143971));
#6513 = ( GEOMETRIC_REPRESENTATION_CONTEXT(2) 
PARAMETRIC_REPRESENTATION_CONTEXT() REPRESENTATION_CONTEXT('2D SPACE',''
  ) );
#6514 = ORIENTED_EDGE('',*,*,#6515,.T.);
#6515 = EDGE_CURVE('',#1402,#5107,#6516,.T.);
#6516 = SURFACE_CURVE('',#6517,(#6521,#6528),.PCURVE_S1.);
#6517 = LINE('',#6518,#6519);
#6518 = CARTESIAN_POINT('',(197.621572,-104.894169,49.407339));
#6519 = VECTOR('',#6520,1.);
#6520 = DIRECTION('',(0.194483571613,-0.974564447645,0.111356534427));
#6521 = PCURVE('',#5122,#6522);
#6522 = DEFINITIONAL_REPRESENTATION('',(#6523),#6527);
#6523 = LINE('',#6524,#6525);
#6524 = CARTESIAN_POINT('',(-22.49633159186,26.488712604734));
#6525 = VECTOR('',#6526,1.);
#6526 = DIRECTION('',(0.22392068373,-0.974607370892));
#6527 = ( GEOMETRIC_REPRESENTATION_CONTEXT(2) 
PARAMETRIC_REPRESENTATION_CONTEXT() REPRESENTATION_CONTEXT('2D SPACE',''
  ) );
#6528 = PCURVE('',#6529,#6534);
#6529 = PLANE('',#6530);
#6530 = AXIS2_PLACEMENT_3D('',#6531,#6532,#6533);
#6531 = CARTESIAN_POINT('',(186.679508,-112.393127,41.553489));
#6532 = DIRECTION('',(-0.573501589543,-2.087341367532E-02,0.818938475951
    ));
#6533 = DIRECTION('',(0.819116939771,0.,0.573626567533));
#6534 = DEFINITIONAL_REPRESENTATION('',(#6535),#6539);
#6535 = LINE('',#6536,#6537);
#6536 = CARTESIAN_POINT('',(13.468006995881,7.500592179773));
#6537 = VECTOR('',#6538,1.);
#6538 = DIRECTION('',(0.223181854631,-0.974776825619));
#6539 = ( GEOMETRIC_REPRESENTATION_CONTEXT(2) 
PARAMETRIC_REPRESENTATION_CONTEXT() REPRESENTATION_CONTEXT('2D SPACE',''
  ) );
#6540 = ORIENTED_EDGE('',*,*,#5106,.F.);
#6541 = ADVANCED_FACE('',(#6542),#6552,.T.);
#6542 = FACE_BOUND('',#6543,.T.);
#6543 = EDGE_LOOP('',(#6544,#6570,#6591));
#6544 = ORIENTED_EDGE('',*,*,#6545,.T.);
#6545 = EDGE_CURVE('',#2924,#6341,#6546,.T.);
#6546 = SURFACE_CURVE('',#6547,(#6551,#6563),.PCURVE_S1.);
#6547 = LINE('',#6548,#6549);
#6548 = CARTESIAN_POINT('',(203.402284,-65.000694,53.03839));
#6549 = VECTOR('',#6550,1.);
#6550 = DIRECTION('',(-0.553821489842,0.707588078014,-0.438863155485));
#6551 = PCURVE('',#6552,#6557);
#6552 = PLANE('',#6553);
#6553 = AXIS2_PLACEMENT_3D('',#6554,#6555,#6556);
#6554 = CARTESIAN_POINT('',(203.402284,-65.000694,53.03839));
#6555 = DIRECTION('',(-0.590756640722,3.750785622704E-02,0.805977513436)
  );
#6556 = DIRECTION('',(0.806545052746,-3.469446951954E-18,0.591172629518)
  );
#6557 = DEFINITIONAL_REPRESENTATION('',(#6558),#6562);
#6558 = LINE('',#6559,#6560);
#6559 = CARTESIAN_POINT('',(0.,0.));
#6560 = VECTOR('',#6561,1.);
#6561 = DIRECTION('',(-0.706125868363,0.708086335152));
#6562 = ( GEOMETRIC_REPRESENTATION_CONTEXT(2) 
PARAMETRIC_REPRESENTATION_CONTEXT() REPRESENTATION_CONTEXT('2D SPACE',''
  ) );
#6563 = PCURVE('',#6382,#6564);
#6564 = DEFINITIONAL_REPRESENTATION('',(#6565),#6569);
#6565 = LINE('',#6566,#6567);
#6566 = CARTESIAN_POINT('',(24.959196704035,-25.0070005958));
#6567 = VECTOR('',#6568,1.);
#6568 = DIRECTION('',(-0.706429951406,0.707782963738));
#6569 = ( GEOMETRIC_REPRESENTATION_CONTEXT(2) 
PARAMETRIC_REPRESENTATION_CONTEXT() REPRESENTATION_CONTEXT('2D SPACE',''
  ) );
#6570 = ORIENTED_EDGE('',*,*,#6571,.T.);
#6571 = EDGE_CURVE('',#6341,#1435,#6572,.T.);
#6572 = SURFACE_CURVE('',#6573,(#6577,#6584),.PCURVE_S1.);
#6573 = LINE('',#6574,#6575);
#6574 = CARTESIAN_POINT('',(183.834966,-40.000579,37.532717));
#6575 = VECTOR('',#6576,1.);
#6576 = DIRECTION('',(0.247613216225,-0.94228853192,0.225344220611));
#6577 = PCURVE('',#6552,#6578);
#6578 = DEFINITIONAL_REPRESENTATION('',(#6579),#6583);
#6579 = LINE('',#6580,#6581);
#6580 = CARTESIAN_POINT('',(-24.94845300826,25.017719148713));
#6581 = VECTOR('',#6582,1.);
#6582 = DIRECTION('',(0.332928549986,-0.942952056366));
#6583 = ( GEOMETRIC_REPRESENTATION_CONTEXT(2) 
PARAMETRIC_REPRESENTATION_CONTEXT() REPRESENTATION_CONTEXT('2D SPACE',''
  ) );
#6584 = PCURVE('',#1476,#6585);
#6585 = DEFINITIONAL_REPRESENTATION('',(#6586),#6590);
#6586 = LINE('',#6587,#6588);
#6587 = CARTESIAN_POINT('',(-8.234239496272,-39.21845444005));
#6588 = VECTOR('',#6589,1.);
#6589 = DIRECTION('',(-0.331690803302,0.943388155006));
#6590 = ( GEOMETRIC_REPRESENTATION_CONTEXT(2) 
PARAMETRIC_REPRESENTATION_CONTEXT() REPRESENTATION_CONTEXT('2D SPACE',''
  ) );
#6591 = ORIENTED_EDGE('',*,*,#6592,.T.);
#6592 = EDGE_CURVE('',#1435,#2924,#6593,.T.);
#6593 = SURFACE_CURVE('',#6594,(#6598,#6605),.PCURVE_S1.);
#6594 = LINE('',#6595,#6596);
#6595 = CARTESIAN_POINT('',(192.374905,-72.499194,45.30462));
#6596 = VECTOR('',#6597,1.);
#6597 = DIRECTION('',(0.715337339592,0.486421754519,0.501683533033));
#6598 = PCURVE('',#6552,#6599);
#6599 = DEFINITIONAL_REPRESENTATION('',(#6600),#6604);
#6600 = LINE('',#6601,#6602);
#6601 = CARTESIAN_POINT('',(-13.46607112419,-7.503780164076));
#6602 = VECTOR('',#6603,1.);
#6603 = DIRECTION('',(0.873533365701,0.48676427458));
#6604 = ( GEOMETRIC_REPRESENTATION_CONTEXT(2) 
PARAMETRIC_REPRESENTATION_CONTEXT() REPRESENTATION_CONTEXT('2D SPACE',''
  ) );
#6605 = PCURVE('',#6606,#6611);
#6606 = PLANE('',#6607);
#6607 = AXIS2_PLACEMENT_3D('',#6608,#6609,#6610);
#6608 = CARTESIAN_POINT('',(192.374905,-72.499194,45.30462));
#6609 = DIRECTION('',(-0.562266578754,-2.561735991496E-02,0.826559160186
    ));
#6610 = DIRECTION('',(0.826830508112,0.,0.562451163085));
#6611 = DEFINITIONAL_REPRESENTATION('',(#6612),#6616);
#6612 = LINE('',#6613,#6614);
#6613 = CARTESIAN_POINT('',(0.,0.));
#6614 = VECTOR('',#6615,1.);
#6615 = DIRECTION('',(0.873635222621,0.486581440045));
#6616 = ( GEOMETRIC_REPRESENTATION_CONTEXT(2) 
PARAMETRIC_REPRESENTATION_CONTEXT() REPRESENTATION_CONTEXT('2D SPACE',''
  ) );
#6617 = ADVANCED_FACE('',(#6618),#6630,.T.);
#6618 = FACE_BOUND('',#6619,.T.);
#6619 = EDGE_LOOP('',(#6620,#6653,#6674));
#6620 = ORIENTED_EDGE('',*,*,#6621,.T.);
#6621 = EDGE_CURVE('',#6622,#4481,#6624,.T.);
#6622 = VERTEX_POINT('',#6623);
#6623 = CARTESIAN_POINT('',(230.,-65.,216.));
#6624 = SURFACE_CURVE('',#6625,(#6629,#6641),.PCURVE_S1.);
#6625 = LINE('',#6626,#6627);
#6626 = CARTESIAN_POINT('',(230.,-65.,216.));
#6627 = VECTOR('',#6628,1.);
#6628 = DIRECTION('',(0.,-2.335305556505E-03,0.99999727317));
#6629 = PCURVE('',#6630,#6635);
#6630 = PLANE('',#6631);
#6631 = AXIS2_PLACEMENT_3D('',#6632,#6633,#6634);
#6632 = CARTESIAN_POINT('',(230.,-65.,216.));
#6633 = DIRECTION('',(-1.,0.,0.));
#6634 = DIRECTION('',(0.,0.,-1.));
#6635 = DEFINITIONAL_REPRESENTATION('',(#6636),#6640);
#6636 = LINE('',#6637,#6638);
#6637 = CARTESIAN_POINT('',(0.,-0.));
#6638 = VECTOR('',#6639,1.);
#6639 = DIRECTION('',(-0.99999727317,2.335305556505E-03));
#6640 = ( GEOMETRIC_REPRESENTATION_CONTEXT(2) 
PARAMETRIC_REPRESENTATION_CONTEXT() REPRESENTATION_CONTEXT('2D SPACE',''
  ) );
#6641 = PCURVE('',#6642,#6647);
#6642 = PLANE('',#6643);
#6643 = AXIS2_PLACEMENT_3D('',#6644,#6645,#6646);
#6644 = CARTESIAN_POINT('',(230.,-65.097287,257.659103));
#6645 = DIRECTION('',(-1.,0.,0.));
#6646 = DIRECTION('',(0.,0.,-1.));
#6647 = DEFINITIONAL_REPRESENTATION('',(#6648),#6652);
#6648 = LINE('',#6649,#6650);
#6649 = CARTESIAN_POINT('',(41.659103,-9.728699999999E-02));
#6650 = VECTOR('',#6651,1.);
#6651 = DIRECTION('',(-0.99999727317,2.335305556505E-03));
#6652 = ( GEOMETRIC_REPRESENTATION_CONTEXT(2) 
PARAMETRIC_REPRESENTATION_CONTEXT() REPRESENTATION_CONTEXT('2D SPACE',''
  ) );
#6653 = ORIENTED_EDGE('',*,*,#6654,.T.);
#6654 = EDGE_CURVE('',#4481,#1525,#6655,.T.);
#6655 = SURFACE_CURVE('',#6656,(#6660,#6667),.PCURVE_S1.);
#6656 = LINE('',#6657,#6658);
#6657 = CARTESIAN_POINT('',(230.,-65.097287,257.659103));
#6658 = VECTOR('',#6659,1.);
#6659 = DIRECTION('',(0.,0.850046026148,-0.526708414049));
#6660 = PCURVE('',#6630,#6661);
#6661 = DEFINITIONAL_REPRESENTATION('',(#6662),#6666);
#6662 = LINE('',#6663,#6664);
#6663 = CARTESIAN_POINT('',(-41.659103,9.728699999999E-02));
#6664 = VECTOR('',#6665,1.);
#6665 = DIRECTION('',(0.526708414049,-0.850046026148));
#6666 = ( GEOMETRIC_REPRESENTATION_CONTEXT(2) 
PARAMETRIC_REPRESENTATION_CONTEXT() REPRESENTATION_CONTEXT('2D SPACE',''
  ) );
#6667 = PCURVE('',#1566,#6668);
#6668 = DEFINITIONAL_REPRESENTATION('',(#6669),#6673);
#6669 = LINE('',#6670,#6671);
#6670 = CARTESIAN_POINT('',(0.,-0.));
#6671 = VECTOR('',#6672,1.);
#6672 = DIRECTION('',(0.526708414049,-0.850046026148));
#6673 = ( GEOMETRIC_REPRESENTATION_CONTEXT(2) 
PARAMETRIC_REPRESENTATION_CONTEXT() REPRESENTATION_CONTEXT('2D SPACE',''
  ) );
#6674 = ORIENTED_EDGE('',*,*,#6675,.T.);
#6675 = EDGE_CURVE('',#1525,#6622,#6676,.T.);
#6676 = SURFACE_CURVE('',#6677,(#6681,#6688),.PCURVE_S1.);
#6677 = LINE('',#6678,#6679);
#6678 = CARTESIAN_POINT('',(230.,-32.5,237.461061));
#6679 = VECTOR('',#6680,1.);
#6680 = DIRECTION('',(0.,-0.834478815091,-0.551040023196));
#6681 = PCURVE('',#6630,#6682);
#6682 = DEFINITIONAL_REPRESENTATION('',(#6683),#6687);
#6683 = LINE('',#6684,#6685);
#6684 = CARTESIAN_POINT('',(-21.461061,-32.5));
#6685 = VECTOR('',#6686,1.);
#6686 = DIRECTION('',(0.551040023196,0.834478815091));
#6687 = ( GEOMETRIC_REPRESENTATION_CONTEXT(2) 
PARAMETRIC_REPRESENTATION_CONTEXT() REPRESENTATION_CONTEXT('2D SPACE',''
  ) );
#6688 = PCURVE('',#6689,#6694);
#6689 = PLANE('',#6690);
#6690 = AXIS2_PLACEMENT_3D('',#6691,#6692,#6693);
#6691 = CARTESIAN_POINT('',(230.,-32.5,237.461061));
#6692 = DIRECTION('',(-1.,0.,0.));
#6693 = DIRECTION('',(0.,0.,-1.));
#6694 = DEFINITIONAL_REPRESENTATION('',(#6695),#6699);
#6695 = LINE('',#6696,#6697);
#6696 = CARTESIAN_POINT('',(0.,-0.));
#6697 = VECTOR('',#6698,1.);
#6698 = DIRECTION('',(0.551040023196,0.834478815091));
#6699 = ( GEOMETRIC_REPRESENTATION_CONTEXT(2) 
PARAMETRIC_REPRESENTATION_CONTEXT() REPRESENTATION_CONTEXT('2D SPACE',''
  ) );
#6700 = ADVANCED_FACE('',(#6701),#6713,.T.);
#6701 = FACE_BOUND('',#6702,.T.);
#6702 = EDGE_LOOP('',(#6703,#6736,#6764));
#6703 = ORIENTED_EDGE('',*,*,#6704,.T.);
#6704 = EDGE_CURVE('',#6705,#4396,#6707,.T.);
#6705 = VERTEX_POINT('',#6706);
#6706 = CARTESIAN_POINT('',(230.,65.,216.));
#6707 = SURFACE_CURVE('',#6708,(#6712,#6724),.PCURVE_S1.);
#6708 = LINE('',#6709,#6710);
#6709 = CARTESIAN_POINT('',(230.,65.,216.));
#6710 = VECTOR('',#6711,1.);
#6711 = DIRECTION('',(0.,2.335305556505E-03,0.99999727317));
#6712 = PCURVE('',#6713,#6718);
#6713 = PLANE('',#6714);
#6714 = AXIS2_PLACEMENT_3D('',#6715,#6716,#6717);
#6715 = CARTESIAN_POINT('',(230.,65.,216.));
#6716 = DIRECTION('',(-1.,0.,0.));
#6717 = DIRECTION('',(0.,0.,-1.));
#6718 = DEFINITIONAL_REPRESENTATION('',(#6719),#6723);
#6719 = LINE('',#6720,#6721);
#6720 = CARTESIAN_POINT('',(0.,-0.));
#6721 = VECTOR('',#6722,1.);
#6722 = DIRECTION('',(-0.99999727317,-2.335305556505E-03));
#6723 = ( GEOMETRIC_REPRESENTATION_CONTEXT(2) 
PARAMETRIC_REPRESENTATION_CONTEXT() REPRESENTATION_CONTEXT('2D SPACE',''
  ) );
#6724 = PCURVE('',#6725,#6730);
#6725 = PLANE('',#6726);
#6726 = AXIS2_PLACEMENT_3D('',#6727,#6728,#6729);
#6727 = CARTESIAN_POINT('',(230.,65.097287,257.659103));
#6728 = DIRECTION('',(-1.,-0.,0.));
#6729 = DIRECTION('',(-0.,0.,-1.));
#6730 = DEFINITIONAL_REPRESENTATION('',(#6731),#6735);
#6731 = LINE('',#6732,#6733);
#6732 = CARTESIAN_POINT('',(41.659103,9.728699999999E-02));
#6733 = VECTOR('',#6734,1.);
#6734 = DIRECTION('',(-0.99999727317,-2.335305556505E-03));
#6735 = ( GEOMETRIC_REPRESENTATION_CONTEXT(2) 
PARAMETRIC_REPRESENTATION_CONTEXT() REPRESENTATION_CONTEXT('2D SPACE',''
  ) );
#6736 = ORIENTED_EDGE('',*,*,#6737,.T.);
#6737 = EDGE_CURVE('',#4396,#6738,#6740,.T.);
#6738 = VERTEX_POINT('',#6739);
#6739 = CARTESIAN_POINT('',(230.,97.5,239.248559));
#6740 = SURFACE_CURVE('',#6741,(#6745,#6752),.PCURVE_S1.);
#6741 = LINE('',#6742,#6743);
#6742 = CARTESIAN_POINT('',(230.,65.097287,257.659103));
#6743 = VECTOR('',#6744,1.);
#6744 = DIRECTION('',(0.,0.869457576065,-0.494007614742));
#6745 = PCURVE('',#6713,#6746);
#6746 = DEFINITIONAL_REPRESENTATION('',(#6747),#6751);
#6747 = LINE('',#6748,#6749);
#6748 = CARTESIAN_POINT('',(-41.659103,-9.728699999999E-02));
#6749 = VECTOR('',#6750,1.);
#6750 = DIRECTION('',(0.494007614742,-0.869457576065));
#6751 = ( GEOMETRIC_REPRESENTATION_CONTEXT(2) 
PARAMETRIC_REPRESENTATION_CONTEXT() REPRESENTATION_CONTEXT('2D SPACE',''
  ) );
#6752 = PCURVE('',#6753,#6758);
#6753 = PLANE('',#6754);
#6754 = AXIS2_PLACEMENT_3D('',#6755,#6756,#6757);
#6755 = CARTESIAN_POINT('',(230.,65.097287,257.659103));
#6756 = DIRECTION('',(-1.,-0.,-0.));
#6757 = DIRECTION('',(0.,0.,-1.));
#6758 = DEFINITIONAL_REPRESENTATION('',(#6759),#6763);
#6759 = LINE('',#6760,#6761);
#6760 = CARTESIAN_POINT('',(0.,0.));
#6761 = VECTOR('',#6762,1.);
#6762 = DIRECTION('',(0.494007614742,-0.869457576065));
#6763 = ( GEOMETRIC_REPRESENTATION_CONTEXT(2) 
PARAMETRIC_REPRESENTATION_CONTEXT() REPRESENTATION_CONTEXT('2D SPACE',''
  ) );
#6764 = ORIENTED_EDGE('',*,*,#6765,.T.);
#6765 = EDGE_CURVE('',#6738,#6705,#6766,.T.);
#6766 = SURFACE_CURVE('',#6767,(#6771,#6778),.PCURVE_S1.);
#6767 = LINE('',#6768,#6769);
#6768 = CARTESIAN_POINT('',(230.,97.5,239.248559));
#6769 = VECTOR('',#6770,1.);
#6770 = DIRECTION('',(0.,-0.813327601775,-0.581805991883));
#6771 = PCURVE('',#6713,#6772);
#6772 = DEFINITIONAL_REPRESENTATION('',(#6773),#6777);
#6773 = LINE('',#6774,#6775);
#6774 = CARTESIAN_POINT('',(-23.248559,-32.5));
#6775 = VECTOR('',#6776,1.);
#6776 = DIRECTION('',(0.581805991883,0.813327601775));
#6777 = ( GEOMETRIC_REPRESENTATION_CONTEXT(2) 
PARAMETRIC_REPRESENTATION_CONTEXT() REPRESENTATION_CONTEXT('2D SPACE',''
  ) );
#6778 = PCURVE('',#6779,#6784);
#6779 = PLANE('',#6780);
#6780 = AXIS2_PLACEMENT_3D('',#6781,#6782,#6783);
#6781 = CARTESIAN_POINT('',(230.,97.5,239.248559));
#6782 = DIRECTION('',(-1.,0.,0.));
#6783 = DIRECTION('',(0.,0.,-1.));
#6784 = DEFINITIONAL_REPRESENTATION('',(#6785),#6789);
#6785 = LINE('',#6786,#6787);
#6786 = CARTESIAN_POINT('',(0.,-0.));
#6787 = VECTOR('',#6788,1.);
#6788 = DIRECTION('',(0.581805991883,0.813327601775));
#6789 = ( GEOMETRIC_REPRESENTATION_CONTEXT(2) 
PARAMETRIC_REPRESENTATION_CONTEXT() REPRESENTATION_CONTEXT('2D SPACE',''
  ) );
#6790 = ADVANCED_FACE('',(#6791),#6803,.T.);
#6791 = FACE_BOUND('',#6792,.T.);
#6792 = EDGE_LOOP('',(#6793,#6826,#6854));
#6793 = ORIENTED_EDGE('',*,*,#6794,.T.);
#6794 = EDGE_CURVE('',#6795,#1492,#6797,.T.);
#6795 = VERTEX_POINT('',#6796);
#6796 = CARTESIAN_POINT('',(230.,0.,164.));
#6797 = SURFACE_CURVE('',#6798,(#6802,#6814),.PCURVE_S1.);
#6798 = LINE('',#6799,#6800);
#6799 = CARTESIAN_POINT('',(230.,0.,164.));
#6800 = VECTOR('',#6801,1.);
#6801 = DIRECTION('',(0.,0.,1.));
#6802 = PCURVE('',#6803,#6808);
#6803 = PLANE('',#6804);
#6804 = AXIS2_PLACEMENT_3D('',#6805,#6806,#6807);
#6805 = CARTESIAN_POINT('',(230.,0.,164.));
#6806 = DIRECTION('',(-1.,0.,0.));
#6807 = DIRECTION('',(0.,0.,-1.));
#6808 = DEFINITIONAL_REPRESENTATION('',(#6809),#6813);
#6809 = LINE('',#6810,#6811);
#6810 = CARTESIAN_POINT('',(0.,-0.));
#6811 = VECTOR('',#6812,1.);
#6812 = DIRECTION('',(-1.,-0.));
#6813 = ( GEOMETRIC_REPRESENTATION_CONTEXT(2) 
PARAMETRIC_REPRESENTATION_CONTEXT() REPRESENTATION_CONTEXT('2D SPACE',''
  ) );
#6814 = PCURVE('',#6815,#6820);
#6815 = PLANE('',#6816);
#6816 = AXIS2_PLACEMENT_3D('',#6817,#6818,#6819);
#6817 = CARTESIAN_POINT('',(230.,0.,216.));
#6818 = DIRECTION('',(-1.,0.,0.));
#6819 = DIRECTION('',(0.,0.,-1.));
#6820 = DEFINITIONAL_REPRESENTATION('',(#6821),#6825);
#6821 = LINE('',#6822,#6823);
#6822 = CARTESIAN_POINT('',(52.,0.));
#6823 = VECTOR('',#6824,1.);
#6824 = DIRECTION('',(-1.,-0.));
#6825 = ( GEOMETRIC_REPRESENTATION_CONTEXT(2) 
PARAMETRIC_REPRESENTATION_CONTEXT() REPRESENTATION_CONTEXT('2D SPACE',''
  ) );
#6826 = ORIENTED_EDGE('',*,*,#6827,.T.);
#6827 = EDGE_CURVE('',#1492,#6828,#6830,.T.);
#6828 = VERTEX_POINT('',#6829);
#6829 = CARTESIAN_POINT('',(230.,32.5,190.));
#6830 = SURFACE_CURVE('',#6831,(#6835,#6842),.PCURVE_S1.);
#6831 = LINE('',#6832,#6833);
#6832 = CARTESIAN_POINT('',(230.,0.,216.));
#6833 = VECTOR('',#6834,1.);
#6834 = DIRECTION('',(0.,0.780868809443,-0.624695047554));
#6835 = PCURVE('',#6803,#6836);
#6836 = DEFINITIONAL_REPRESENTATION('',(#6837),#6841);
#6837 = LINE('',#6838,#6839);
#6838 = CARTESIAN_POINT('',(-52.,-0.));
#6839 = VECTOR('',#6840,1.);
#6840 = DIRECTION('',(0.624695047554,-0.780868809443));
#6841 = ( GEOMETRIC_REPRESENTATION_CONTEXT(2) 
PARAMETRIC_REPRESENTATION_CONTEXT() REPRESENTATION_CONTEXT('2D SPACE',''
  ) );
#6842 = PCURVE('',#6843,#6848);
#6843 = PLANE('',#6844);
#6844 = AXIS2_PLACEMENT_3D('',#6845,#6846,#6847);
#6845 = CARTESIAN_POINT('',(230.,32.5,237.461061));
#6846 = DIRECTION('',(-1.,-0.,-0.));
#6847 = DIRECTION('',(0.,0.,-1.));
#6848 = DEFINITIONAL_REPRESENTATION('',(#6849),#6853);
#6849 = LINE('',#6850,#6851);
#6850 = CARTESIAN_POINT('',(21.461061,32.5));
#6851 = VECTOR('',#6852,1.);
#6852 = DIRECTION('',(0.624695047554,-0.780868809443));
#6853 = ( GEOMETRIC_REPRESENTATION_CONTEXT(2) 
PARAMETRIC_REPRESENTATION_CONTEXT() REPRESENTATION_CONTEXT('2D SPACE',''
  ) );
#6854 = ORIENTED_EDGE('',*,*,#6855,.T.);
#6855 = EDGE_CURVE('',#6828,#6795,#6856,.T.);
#6856 = SURFACE_CURVE('',#6857,(#6861,#6868),.PCURVE_S1.);
#6857 = LINE('',#6858,#6859);
#6858 = CARTESIAN_POINT('',(230.,32.5,190.));
#6859 = VECTOR('',#6860,1.);
#6860 = DIRECTION('',(0.,-0.780868809443,-0.624695047554));
#6861 = PCURVE('',#6803,#6862);
#6862 = DEFINITIONAL_REPRESENTATION('',(#6863),#6867);
#6863 = LINE('',#6864,#6865);
#6864 = CARTESIAN_POINT('',(-26.,-32.5));
#6865 = VECTOR('',#6866,1.);
#6866 = DIRECTION('',(0.624695047554,0.780868809443));
#6867 = ( GEOMETRIC_REPRESENTATION_CONTEXT(2) 
PARAMETRIC_REPRESENTATION_CONTEXT() REPRESENTATION_CONTEXT('2D SPACE',''
  ) );
#6868 = PCURVE('',#6869,#6874);
#6869 = PLANE('',#6870);
#6870 = AXIS2_PLACEMENT_3D('',#6871,#6872,#6873);
#6871 = CARTESIAN_POINT('',(230.,32.5,190.));
#6872 = DIRECTION('',(-1.,-0.,0.));
#6873 = DIRECTION('',(-0.,0.,-1.));
#6874 = DEFINITIONAL_REPRESENTATION('',(#6875),#6879);
#6875 = LINE('',#6876,#6877);
#6876 = CARTESIAN_POINT('',(0.,0.));
#6877 = VECTOR('',#6878,1.);
#6878 = DIRECTION('',(0.624695047554,0.780868809443));
#6879 = ( GEOMETRIC_REPRESENTATION_CONTEXT(2) 
PARAMETRIC_REPRESENTATION_CONTEXT() REPRESENTATION_CONTEXT('2D SPACE',''
  ) );
#6880 = ADVANCED_FACE('',(#6881),#6891,.T.);
#6881 = FACE_BOUND('',#6882,.T.);
#6882 = EDGE_LOOP('',(#6883,#6909,#6937));
#6883 = ORIENTED_EDGE('',*,*,#6884,.T.);
#6884 = EDGE_CURVE('',#1582,#6738,#6885,.T.);
#6885 = SURFACE_CURVE('',#6886,(#6890,#6902),.PCURVE_S1.);
#6886 = LINE('',#6887,#6888);
#6887 = CARTESIAN_POINT('',(230.,97.5,190.));
#6888 = VECTOR('',#6889,1.);
#6889 = DIRECTION('',(0.,0.,1.));
#6890 = PCURVE('',#6891,#6896);
#6891 = PLANE('',#6892);
#6892 = AXIS2_PLACEMENT_3D('',#6893,#6894,#6895);
#6893 = CARTESIAN_POINT('',(230.,97.5,190.));
#6894 = DIRECTION('',(-1.,0.,0.));
#6895 = DIRECTION('',(0.,0.,-1.));
#6896 = DEFINITIONAL_REPRESENTATION('',(#6897),#6901);
#6897 = LINE('',#6898,#6899);
#6898 = CARTESIAN_POINT('',(0.,-0.));
#6899 = VECTOR('',#6900,1.);
#6900 = DIRECTION('',(-1.,-0.));
#6901 = ( GEOMETRIC_REPRESENTATION_CONTEXT(2) 
PARAMETRIC_REPRESENTATION_CONTEXT() REPRESENTATION_CONTEXT('2D SPACE',''
  ) );
#6902 = PCURVE('',#6779,#6903);
#6903 = DEFINITIONAL_REPRESENTATION('',(#6904),#6908);
#6904 = LINE('',#6905,#6906);
#6905 = CARTESIAN_POINT('',(49.248559,0.));
#6906 = VECTOR('',#6907,1.);
#6907 = DIRECTION('',(-1.,-0.));
#6908 = ( GEOMETRIC_REPRESENTATION_CONTEXT(2) 
PARAMETRIC_REPRESENTATION_CONTEXT() REPRESENTATION_CONTEXT('2D SPACE',''
  ) );
#6909 = ORIENTED_EDGE('',*,*,#6910,.T.);
#6910 = EDGE_CURVE('',#6738,#6911,#6913,.T.);
#6911 = VERTEX_POINT('',#6912);
#6912 = CARTESIAN_POINT('',(230.,130.,213.242485));
#6913 = SURFACE_CURVE('',#6914,(#6918,#6925),.PCURVE_S1.);
#6914 = LINE('',#6915,#6916);
#6915 = CARTESIAN_POINT('',(230.,97.5,239.248559));
#6916 = VECTOR('',#6917,1.);
#6917 = DIRECTION('',(0.,0.780797621413,-0.6247840222));
#6918 = PCURVE('',#6891,#6919);
#6919 = DEFINITIONAL_REPRESENTATION('',(#6920),#6924);
#6920 = LINE('',#6921,#6922);
#6921 = CARTESIAN_POINT('',(-49.248559,-0.));
#6922 = VECTOR('',#6923,1.);
#6923 = DIRECTION('',(0.6247840222,-0.780797621413));
#6924 = ( GEOMETRIC_REPRESENTATION_CONTEXT(2) 
PARAMETRIC_REPRESENTATION_CONTEXT() REPRESENTATION_CONTEXT('2D SPACE',''
  ) );
#6925 = PCURVE('',#6926,#6931);
#6926 = PLANE('',#6927);
#6927 = AXIS2_PLACEMENT_3D('',#6928,#6929,#6930);
#6928 = CARTESIAN_POINT('',(230.,130.,260.710812));
#6929 = DIRECTION('',(-1.,0.,0.));
#6930 = DIRECTION('',(0.,0.,-1.));
#6931 = DEFINITIONAL_REPRESENTATION('',(#6932),#6936);
#6932 = LINE('',#6933,#6934);
#6933 = CARTESIAN_POINT('',(21.462253,32.5));
#6934 = VECTOR('',#6935,1.);
#6935 = DIRECTION('',(0.6247840222,-0.780797621413));
#6936 = ( GEOMETRIC_REPRESENTATION_CONTEXT(2) 
PARAMETRIC_REPRESENTATION_CONTEXT() REPRESENTATION_CONTEXT('2D SPACE',''
  ) );
#6937 = ORIENTED_EDGE('',*,*,#6938,.T.);
#6938 = EDGE_CURVE('',#6911,#1582,#6939,.T.);
#6939 = SURFACE_CURVE('',#6940,(#6944,#6951),.PCURVE_S1.);
#6940 = LINE('',#6941,#6942);
#6941 = CARTESIAN_POINT('',(230.,130.,213.242485));
#6942 = VECTOR('',#6943,1.);
#6943 = DIRECTION('',(0.,-0.813399530359,-0.581705427181));
#6944 = PCURVE('',#6891,#6945);
#6945 = DEFINITIONAL_REPRESENTATION('',(#6946),#6950);
#6946 = LINE('',#6947,#6948);
#6947 = CARTESIAN_POINT('',(-23.242485,-32.5));
#6948 = VECTOR('',#6949,1.);
#6949 = DIRECTION('',(0.581705427181,0.813399530359));
#6950 = ( GEOMETRIC_REPRESENTATION_CONTEXT(2) 
PARAMETRIC_REPRESENTATION_CONTEXT() REPRESENTATION_CONTEXT('2D SPACE',''
  ) );
#6951 = PCURVE('',#6952,#6957);
#6952 = PLANE('',#6953);
#6953 = AXIS2_PLACEMENT_3D('',#6954,#6955,#6956);
#6954 = CARTESIAN_POINT('',(230.,130.,213.242485));
#6955 = DIRECTION('',(-1.,0.,0.));
#6956 = DIRECTION('',(0.,0.,-1.));
#6957 = DEFINITIONAL_REPRESENTATION('',(#6958),#6962);
#6958 = LINE('',#6959,#6960);
#6959 = CARTESIAN_POINT('',(0.,-0.));
#6960 = VECTOR('',#6961,1.);
#6961 = DIRECTION('',(0.581705427181,0.813399530359));
#6962 = ( GEOMETRIC_REPRESENTATION_CONTEXT(2) 
PARAMETRIC_REPRESENTATION_CONTEXT() REPRESENTATION_CONTEXT('2D SPACE',''
  ) );
#6963 = ADVANCED_FACE('',(#6964),#6976,.T.);
#6964 = FACE_BOUND('',#6965,.T.);
#6965 = EDGE_LOOP('',(#6966,#6999,#7025));
#6966 = ORIENTED_EDGE('',*,*,#6967,.T.);
#6967 = EDGE_CURVE('',#6968,#1584,#6970,.T.);
#6968 = VERTEX_POINT('',#6969);
#6969 = CARTESIAN_POINT('',(230.,97.5,86.));
#6970 = SURFACE_CURVE('',#6971,(#6975,#6987),.PCURVE_S1.);
#6971 = LINE('',#6972,#6973);
#6972 = CARTESIAN_POINT('',(230.,97.5,86.));
#6973 = VECTOR('',#6974,1.);
#6974 = DIRECTION('',(0.,0.,1.));
#6975 = PCURVE('',#6976,#6981);
#6976 = PLANE('',#6977);
#6977 = AXIS2_PLACEMENT_3D('',#6978,#6979,#6980);
#6978 = CARTESIAN_POINT('',(230.,97.5,86.));
#6979 = DIRECTION('',(-1.,0.,0.));
#6980 = DIRECTION('',(0.,0.,-1.));
#6981 = DEFINITIONAL_REPRESENTATION('',(#6982),#6986);
#6982 = LINE('',#6983,#6984);
#6983 = CARTESIAN_POINT('',(0.,-0.));
#6984 = VECTOR('',#6985,1.);
#6985 = DIRECTION('',(-1.,-0.));
#6986 = ( GEOMETRIC_REPRESENTATION_CONTEXT(2) 
PARAMETRIC_REPRESENTATION_CONTEXT() REPRESENTATION_CONTEXT('2D SPACE',''
  ) );
#6987 = PCURVE('',#6988,#6993);
#6988 = PLANE('',#6989);
#6989 = AXIS2_PLACEMENT_3D('',#6990,#6991,#6992);
#6990 = CARTESIAN_POINT('',(230.,97.5,138.));
#6991 = DIRECTION('',(-1.,-0.,0.));
#6992 = DIRECTION('',(-0.,0.,-1.));
#6993 = DEFINITIONAL_REPRESENTATION('',(#6994),#6998);
#6994 = LINE('',#6995,#6996);
#6995 = CARTESIAN_POINT('',(52.,0.));
#6996 = VECTOR('',#6997,1.);
#6997 = DIRECTION('',(-1.,0.));
#6998 = ( GEOMETRIC_REPRESENTATION_CONTEXT(2) 
PARAMETRIC_REPRESENTATION_CONTEXT() REPRESENTATION_CONTEXT('2D SPACE',''
  ) );
#6999 = ORIENTED_EDGE('',*,*,#7000,.T.);
#7000 = EDGE_CURVE('',#1584,#5930,#7001,.T.);
#7001 = SURFACE_CURVE('',#7002,(#7006,#7013),.PCURVE_S1.);
#7002 = LINE('',#7003,#7004);
#7003 = CARTESIAN_POINT('',(230.,97.5,138.));
#7004 = VECTOR('',#7005,1.);
#7005 = DIRECTION('',(0.,0.780868809443,-0.624695047554));
#7006 = PCURVE('',#6976,#7007);
#7007 = DEFINITIONAL_REPRESENTATION('',(#7008),#7012);
#7008 = LINE('',#7009,#7010);
#7009 = CARTESIAN_POINT('',(-52.,-0.));
#7010 = VECTOR('',#7011,1.);
#7011 = DIRECTION('',(0.624695047554,-0.780868809443));
#7012 = ( GEOMETRIC_REPRESENTATION_CONTEXT(2) 
PARAMETRIC_REPRESENTATION_CONTEXT() REPRESENTATION_CONTEXT('2D SPACE',''
  ) );
#7013 = PCURVE('',#7014,#7019);
#7014 = PLANE('',#7015);
#7015 = AXIS2_PLACEMENT_3D('',#7016,#7017,#7018);
#7016 = CARTESIAN_POINT('',(230.,130.,164.));
#7017 = DIRECTION('',(-1.,0.,0.));
#7018 = DIRECTION('',(0.,0.,-1.));
#7019 = DEFINITIONAL_REPRESENTATION('',(#7020),#7024);
#7020 = LINE('',#7021,#7022);
#7021 = CARTESIAN_POINT('',(26.,32.5));
#7022 = VECTOR('',#7023,1.);
#7023 = DIRECTION('',(0.624695047554,-0.780868809443));
#7024 = ( GEOMETRIC_REPRESENTATION_CONTEXT(2) 
PARAMETRIC_REPRESENTATION_CONTEXT() REPRESENTATION_CONTEXT('2D SPACE',''
  ) );
#7025 = ORIENTED_EDGE('',*,*,#7026,.T.);
#7026 = EDGE_CURVE('',#5930,#6968,#7027,.T.);
#7027 = SURFACE_CURVE('',#7028,(#7032,#7039),.PCURVE_S1.);
#7028 = LINE('',#7029,#7030);
#7029 = CARTESIAN_POINT('',(230.,130.,112.));
#7030 = VECTOR('',#7031,1.);
#7031 = DIRECTION('',(0.,-0.780868809443,-0.624695047554));
#7032 = PCURVE('',#6976,#7033);
#7033 = DEFINITIONAL_REPRESENTATION('',(#7034),#7038);
#7034 = LINE('',#7035,#7036);
#7035 = CARTESIAN_POINT('',(-26.,-32.5));
#7036 = VECTOR('',#7037,1.);
#7037 = DIRECTION('',(0.624695047554,0.780868809443));
#7038 = ( GEOMETRIC_REPRESENTATION_CONTEXT(2) 
PARAMETRIC_REPRESENTATION_CONTEXT() REPRESENTATION_CONTEXT('2D SPACE',''
  ) );
#7039 = PCURVE('',#7040,#7045);
#7040 = PLANE('',#7041);
#7041 = AXIS2_PLACEMENT_3D('',#7042,#7043,#7044);
#7042 = CARTESIAN_POINT('',(230.,130.,112.));
#7043 = DIRECTION('',(-1.,-0.,0.));
#7044 = DIRECTION('',(-0.,0.,-1.));
#7045 = DEFINITIONAL_REPRESENTATION('',(#7046),#7050);
#7046 = LINE('',#7047,#7048);
#7047 = CARTESIAN_POINT('',(0.,0.));
#7048 = VECTOR('',#7049,1.);
#7049 = DIRECTION('',(0.624695047554,0.780868809443));
#7050 = ( GEOMETRIC_REPRESENTATION_CONTEXT(2) 
PARAMETRIC_REPRESENTATION_CONTEXT() REPRESENTATION_CONTEXT('2D SPACE',''
  ) );
#7051 = ADVANCED_FACE('',(#7052),#7064,.T.);
#7052 = FACE_BOUND('',#7053,.T.);
#7053 = EDGE_LOOP('',(#7054,#7082,#7108));
#7054 = ORIENTED_EDGE('',*,*,#7055,.T.);
#7055 = EDGE_CURVE('',#7056,#6828,#7058,.T.);
#7056 = VERTEX_POINT('',#7057);
#7057 = CARTESIAN_POINT('',(230.,32.5,138.));
#7058 = SURFACE_CURVE('',#7059,(#7063,#7075),.PCURVE_S1.);
#7059 = LINE('',#7060,#7061);
#7060 = CARTESIAN_POINT('',(230.,32.5,138.));
#7061 = VECTOR('',#7062,1.);
#7062 = DIRECTION('',(0.,0.,1.));
#7063 = PCURVE('',#7064,#7069);
#7064 = PLANE('',#7065);
#7065 = AXIS2_PLACEMENT_3D('',#7066,#7067,#7068);
#7066 = CARTESIAN_POINT('',(230.,32.5,138.));
#7067 = DIRECTION('',(-1.,0.,0.));
#7068 = DIRECTION('',(0.,0.,-1.));
#7069 = DEFINITIONAL_REPRESENTATION('',(#7070),#7074);
#7070 = LINE('',#7071,#7072);
#7071 = CARTESIAN_POINT('',(0.,-0.));
#7072 = VECTOR('',#7073,1.);
#7073 = DIRECTION('',(-1.,-0.));
#7074 = ( GEOMETRIC_REPRESENTATION_CONTEXT(2) 
PARAMETRIC_REPRESENTATION_CONTEXT() REPRESENTATION_CONTEXT('2D SPACE',''
  ) );
#7075 = PCURVE('',#6869,#7076);
#7076 = DEFINITIONAL_REPRESENTATION('',(#7077),#7081);
#7077 = LINE('',#7078,#7079);
#7078 = CARTESIAN_POINT('',(52.,0.));
#7079 = VECTOR('',#7080,1.);
#7080 = DIRECTION('',(-1.,0.));
#7081 = ( GEOMETRIC_REPRESENTATION_CONTEXT(2) 
PARAMETRIC_REPRESENTATION_CONTEXT() REPRESENTATION_CONTEXT('2D SPACE',''
  ) );
#7082 = ORIENTED_EDGE('',*,*,#7083,.T.);
#7083 = EDGE_CURVE('',#6828,#1617,#7084,.T.);
#7084 = SURFACE_CURVE('',#7085,(#7089,#7096),.PCURVE_S1.);
#7085 = LINE('',#7086,#7087);
#7086 = CARTESIAN_POINT('',(230.,32.5,190.));
#7087 = VECTOR('',#7088,1.);
#7088 = DIRECTION('',(0.,0.780868809443,-0.624695047554));
#7089 = PCURVE('',#7064,#7090);
#7090 = DEFINITIONAL_REPRESENTATION('',(#7091),#7095);
#7091 = LINE('',#7092,#7093);
#7092 = CARTESIAN_POINT('',(-52.,-0.));
#7093 = VECTOR('',#7094,1.);
#7094 = DIRECTION('',(0.624695047554,-0.780868809443));
#7095 = ( GEOMETRIC_REPRESENTATION_CONTEXT(2) 
PARAMETRIC_REPRESENTATION_CONTEXT() REPRESENTATION_CONTEXT('2D SPACE',''
  ) );
#7096 = PCURVE('',#7097,#7102);
#7097 = PLANE('',#7098);
#7098 = AXIS2_PLACEMENT_3D('',#7099,#7100,#7101);
#7099 = CARTESIAN_POINT('',(230.,65.,216.));
#7100 = DIRECTION('',(-1.,0.,0.));
#7101 = DIRECTION('',(0.,0.,-1.));
#7102 = DEFINITIONAL_REPRESENTATION('',(#7103),#7107);
#7103 = LINE('',#7104,#7105);
#7104 = CARTESIAN_POINT('',(26.,32.5));
#7105 = VECTOR('',#7106,1.);
#7106 = DIRECTION('',(0.624695047554,-0.780868809443));
#7107 = ( GEOMETRIC_REPRESENTATION_CONTEXT(2) 
PARAMETRIC_REPRESENTATION_CONTEXT() REPRESENTATION_CONTEXT('2D SPACE',''
  ) );
#7108 = ORIENTED_EDGE('',*,*,#7109,.T.);
#7109 = EDGE_CURVE('',#1617,#7056,#7110,.T.);
#7110 = SURFACE_CURVE('',#7111,(#7115,#7122),.PCURVE_S1.);
#7111 = LINE('',#7112,#7113);
#7112 = CARTESIAN_POINT('',(230.,65.,164.));
#7113 = VECTOR('',#7114,1.);
#7114 = DIRECTION('',(0.,-0.780868809443,-0.624695047554));
#7115 = PCURVE('',#7064,#7116);
#7116 = DEFINITIONAL_REPRESENTATION('',(#7117),#7121);
#7117 = LINE('',#7118,#7119);
#7118 = CARTESIAN_POINT('',(-26.,-32.5));
#7119 = VECTOR('',#7120,1.);
#7120 = DIRECTION('',(0.624695047554,0.780868809443));
#7121 = ( GEOMETRIC_REPRESENTATION_CONTEXT(2) 
PARAMETRIC_REPRESENTATION_CONTEXT() REPRESENTATION_CONTEXT('2D SPACE',''
  ) );
#7122 = PCURVE('',#7123,#7128);
#7123 = PLANE('',#7124);
#7124 = AXIS2_PLACEMENT_3D('',#7125,#7126,#7127);
#7125 = CARTESIAN_POINT('',(230.,65.,164.));
#7126 = DIRECTION('',(-1.,-0.,0.));
#7127 = DIRECTION('',(-0.,0.,-1.));
#7128 = DEFINITIONAL_REPRESENTATION('',(#7129),#7133);
#7129 = LINE('',#7130,#7131);
#7130 = CARTESIAN_POINT('',(0.,0.));
#7131 = VECTOR('',#7132,1.);
#7132 = DIRECTION('',(0.624695047554,0.780868809443));
#7133 = ( GEOMETRIC_REPRESENTATION_CONTEXT(2) 
PARAMETRIC_REPRESENTATION_CONTEXT() REPRESENTATION_CONTEXT('2D SPACE',''
  ) );
#7134 = ADVANCED_FACE('',(#7135),#7149,.T.);
#7135 = FACE_BOUND('',#7136,.T.);
#7136 = EDGE_LOOP('',(#7137,#7172,#7193));
#7137 = ORIENTED_EDGE('',*,*,#7138,.T.);
#7138 = EDGE_CURVE('',#7139,#7141,#7143,.T.);
#7139 = VERTEX_POINT('',#7140);
#7140 = CARTESIAN_POINT('',(230.,65.,112.));
#7141 = VERTEX_POINT('',#7142);
#7142 = CARTESIAN_POINT('',(230.,65.,60.));
#7143 = SURFACE_CURVE('',#7144,(#7148,#7160),.PCURVE_S1.);
#7144 = LINE('',#7145,#7146);
#7145 = CARTESIAN_POINT('',(230.,65.,112.));
#7146 = VECTOR('',#7147,1.);
#7147 = DIRECTION('',(0.,0.,-1.));
#7148 = PCURVE('',#7149,#7154);
#7149 = PLANE('',#7150);
#7150 = AXIS2_PLACEMENT_3D('',#7151,#7152,#7153);
#7151 = CARTESIAN_POINT('',(230.,65.,112.));
#7152 = DIRECTION('',(-1.,-0.,-0.));
#7153 = DIRECTION('',(0.,0.,-1.));
#7154 = DEFINITIONAL_REPRESENTATION('',(#7155),#7159);
#7155 = LINE('',#7156,#7157);
#7156 = CARTESIAN_POINT('',(0.,0.));
#7157 = VECTOR('',#7158,1.);
#7158 = DIRECTION('',(1.,0.));
#7159 = ( GEOMETRIC_REPRESENTATION_CONTEXT(2) 
PARAMETRIC_REPRESENTATION_CONTEXT() REPRESENTATION_CONTEXT('2D SPACE',''
  ) );
#7160 = PCURVE('',#7161,#7166);
#7161 = PLANE('',#7162);
#7162 = AXIS2_PLACEMENT_3D('',#7163,#7164,#7165);
#7163 = CARTESIAN_POINT('',(230.,65.,60.));
#7164 = DIRECTION('',(-1.,-0.,-0.));
#7165 = DIRECTION('',(0.,0.,-1.));
#7166 = DEFINITIONAL_REPRESENTATION('',(#7167),#7171);
#7167 = LINE('',#7168,#7169);
#7168 = CARTESIAN_POINT('',(-52.,0.));
#7169 = VECTOR('',#7170,1.);
#7170 = DIRECTION('',(1.,0.));
#7171 = ( GEOMETRIC_REPRESENTATION_CONTEXT(2) 
PARAMETRIC_REPRESENTATION_CONTEXT() REPRESENTATION_CONTEXT('2D SPACE',''
  ) );
#7172 = ORIENTED_EDGE('',*,*,#7173,.T.);
#7173 = EDGE_CURVE('',#7141,#1709,#7174,.T.);
#7174 = SURFACE_CURVE('',#7175,(#7179,#7186),.PCURVE_S1.);
#7175 = LINE('',#7176,#7177);
#7176 = CARTESIAN_POINT('',(230.,65.,60.));
#7177 = VECTOR('',#7178,1.);
#7178 = DIRECTION('',(0.,-0.780868809443,0.624695047554));
#7179 = PCURVE('',#7149,#7180);
#7180 = DEFINITIONAL_REPRESENTATION('',(#7181),#7185);
#7181 = LINE('',#7182,#7183);
#7182 = CARTESIAN_POINT('',(52.,0.));
#7183 = VECTOR('',#7184,1.);
#7184 = DIRECTION('',(-0.624695047554,0.780868809443));
#7185 = ( GEOMETRIC_REPRESENTATION_CONTEXT(2) 
PARAMETRIC_REPRESENTATION_CONTEXT() REPRESENTATION_CONTEXT('2D SPACE',''
  ) );
#7186 = PCURVE('',#1750,#7187);
#7187 = DEFINITIONAL_REPRESENTATION('',(#7188),#7192);
#7188 = LINE('',#7189,#7190);
#7189 = CARTESIAN_POINT('',(0.,0.));
#7190 = VECTOR('',#7191,1.);
#7191 = DIRECTION('',(-0.624695047554,0.780868809443));
#7192 = ( GEOMETRIC_REPRESENTATION_CONTEXT(2) 
PARAMETRIC_REPRESENTATION_CONTEXT() REPRESENTATION_CONTEXT('2D SPACE',''
  ) );
#7193 = ORIENTED_EDGE('',*,*,#7194,.T.);
#7194 = EDGE_CURVE('',#1709,#7139,#7195,.T.);
#7195 = SURFACE_CURVE('',#7196,(#7200,#7207),.PCURVE_S1.);
#7196 = LINE('',#7197,#7198);
#7197 = CARTESIAN_POINT('',(230.,32.5,86.));
#7198 = VECTOR('',#7199,1.);
#7199 = DIRECTION('',(0.,0.780868809443,0.624695047554));
#7200 = PCURVE('',#7149,#7201);
#7201 = DEFINITIONAL_REPRESENTATION('',(#7202),#7206);
#7202 = LINE('',#7203,#7204);
#7203 = CARTESIAN_POINT('',(26.,32.5));
#7204 = VECTOR('',#7205,1.);
#7205 = DIRECTION('',(-0.624695047554,-0.780868809443));
#7206 = ( GEOMETRIC_REPRESENTATION_CONTEXT(2) 
PARAMETRIC_REPRESENTATION_CONTEXT() REPRESENTATION_CONTEXT('2D SPACE',''
  ) );
#7207 = PCURVE('',#7208,#7213);
#7208 = PLANE('',#7209);
#7209 = AXIS2_PLACEMENT_3D('',#7210,#7211,#7212);
#7210 = CARTESIAN_POINT('',(230.,32.5,86.));
#7211 = DIRECTION('',(-1.,-0.,-0.));
#7212 = DIRECTION('',(0.,0.,-1.));
#7213 = DEFINITIONAL_REPRESENTATION('',(#7214),#7218);
#7214 = LINE('',#7215,#7216);
#7215 = CARTESIAN_POINT('',(0.,0.));
#7216 = VECTOR('',#7217,1.);
#7217 = DIRECTION('',(-0.624695047554,-0.780868809443));
#7218 = ( GEOMETRIC_REPRESENTATION_CONTEXT(2) 
PARAMETRIC_REPRESENTATION_CONTEXT() REPRESENTATION_CONTEXT('2D SPACE',''
  ) );
#7219 = ADVANCED_FACE('',(#7220),#7234,.T.);
#7220 = FACE_BOUND('',#7221,.T.);
#7221 = EDGE_LOOP('',(#7222,#7257,#7283));
#7222 = ORIENTED_EDGE('',*,*,#7223,.T.);
#7223 = EDGE_CURVE('',#7224,#7226,#7228,.T.);
#7224 = VERTEX_POINT('',#7225);
#7225 = CARTESIAN_POINT('',(230.,-65.,112.));
#7226 = VERTEX_POINT('',#7227);
#7227 = CARTESIAN_POINT('',(230.,-65.,60.));
#7228 = SURFACE_CURVE('',#7229,(#7233,#7245),.PCURVE_S1.);
#7229 = LINE('',#7230,#7231);
#7230 = CARTESIAN_POINT('',(230.,-65.,112.));
#7231 = VECTOR('',#7232,1.);
#7232 = DIRECTION('',(0.,0.,-1.));
#7233 = PCURVE('',#7234,#7239);
#7234 = PLANE('',#7235);
#7235 = AXIS2_PLACEMENT_3D('',#7236,#7237,#7238);
#7236 = CARTESIAN_POINT('',(230.,-65.,112.));
#7237 = DIRECTION('',(-1.,-0.,-0.));
#7238 = DIRECTION('',(0.,0.,-1.));
#7239 = DEFINITIONAL_REPRESENTATION('',(#7240),#7244);
#7240 = LINE('',#7241,#7242);
#7241 = CARTESIAN_POINT('',(0.,0.));
#7242 = VECTOR('',#7243,1.);
#7243 = DIRECTION('',(1.,0.));
#7244 = ( GEOMETRIC_REPRESENTATION_CONTEXT(2) 
PARAMETRIC_REPRESENTATION_CONTEXT() REPRESENTATION_CONTEXT('2D SPACE',''
  ) );
#7245 = PCURVE('',#7246,#7251);
#7246 = PLANE('',#7247);
#7247 = AXIS2_PLACEMENT_3D('',#7248,#7249,#7250);
#7248 = CARTESIAN_POINT('',(230.,-65.,60.));
#7249 = DIRECTION('',(-1.,-0.,-0.));
#7250 = DIRECTION('',(0.,0.,-1.));
#7251 = DEFINITIONAL_REPRESENTATION('',(#7252),#7256);
#7252 = LINE('',#7253,#7254);
#7253 = CARTESIAN_POINT('',(-52.,0.));
#7254 = VECTOR('',#7255,1.);
#7255 = DIRECTION('',(1.,0.));
#7256 = ( GEOMETRIC_REPRESENTATION_CONTEXT(2) 
PARAMETRIC_REPRESENTATION_CONTEXT() REPRESENTATION_CONTEXT('2D SPACE',''
  ) );
#7257 = ORIENTED_EDGE('',*,*,#7258,.T.);
#7258 = EDGE_CURVE('',#7226,#3224,#7259,.T.);
#7259 = SURFACE_CURVE('',#7260,(#7264,#7271),.PCURVE_S1.);
#7260 = LINE('',#7261,#7262);
#7261 = CARTESIAN_POINT('',(230.,-65.,60.));
#7262 = VECTOR('',#7263,1.);
#7263 = DIRECTION('',(0.,-0.780868809443,0.624695047554));
#7264 = PCURVE('',#7234,#7265);
#7265 = DEFINITIONAL_REPRESENTATION('',(#7266),#7270);
#7266 = LINE('',#7267,#7268);
#7267 = CARTESIAN_POINT('',(52.,0.));
#7268 = VECTOR('',#7269,1.);
#7269 = DIRECTION('',(-0.624695047554,0.780868809443));
#7270 = ( GEOMETRIC_REPRESENTATION_CONTEXT(2) 
PARAMETRIC_REPRESENTATION_CONTEXT() REPRESENTATION_CONTEXT('2D SPACE',''
  ) );
#7271 = PCURVE('',#7272,#7277);
#7272 = PLANE('',#7273);
#7273 = AXIS2_PLACEMENT_3D('',#7274,#7275,#7276);
#7274 = CARTESIAN_POINT('',(230.,-65.,60.));
#7275 = DIRECTION('',(-1.,-0.,-0.));
#7276 = DIRECTION('',(0.,0.,-1.));
#7277 = DEFINITIONAL_REPRESENTATION('',(#7278),#7282);
#7278 = LINE('',#7279,#7280);
#7279 = CARTESIAN_POINT('',(0.,0.));
#7280 = VECTOR('',#7281,1.);
#7281 = DIRECTION('',(-0.624695047554,0.780868809443));
#7282 = ( GEOMETRIC_REPRESENTATION_CONTEXT(2) 
PARAMETRIC_REPRESENTATION_CONTEXT() REPRESENTATION_CONTEXT('2D SPACE',''
  ) );
#7283 = ORIENTED_EDGE('',*,*,#7284,.T.);
#7284 = EDGE_CURVE('',#3224,#7224,#7285,.T.);
#7285 = SURFACE_CURVE('',#7286,(#7290,#7297),.PCURVE_S1.);
#7286 = LINE('',#7287,#7288);
#7287 = CARTESIAN_POINT('',(230.,-97.5,86.));
#7288 = VECTOR('',#7289,1.);
#7289 = DIRECTION('',(0.,0.780868809443,0.624695047554));
#7290 = PCURVE('',#7234,#7291);
#7291 = DEFINITIONAL_REPRESENTATION('',(#7292),#7296);
#7292 = LINE('',#7293,#7294);
#7293 = CARTESIAN_POINT('',(26.,32.5));
#7294 = VECTOR('',#7295,1.);
#7295 = DIRECTION('',(-0.624695047554,-0.780868809443));
#7296 = ( GEOMETRIC_REPRESENTATION_CONTEXT(2) 
PARAMETRIC_REPRESENTATION_CONTEXT() REPRESENTATION_CONTEXT('2D SPACE',''
  ) );
#7297 = PCURVE('',#3239,#7298);
#7298 = DEFINITIONAL_REPRESENTATION('',(#7299),#7303);
#7299 = LINE('',#7300,#7301);
#7300 = CARTESIAN_POINT('',(26.,32.5));
#7301 = VECTOR('',#7302,1.);
#7302 = DIRECTION('',(-0.624695047554,-0.780868809443));
#7303 = ( GEOMETRIC_REPRESENTATION_CONTEXT(2) 
PARAMETRIC_REPRESENTATION_CONTEXT() REPRESENTATION_CONTEXT('2D SPACE',''
  ) );
#7304 = ADVANCED_FACE('',(#7305),#7315,.T.);
#7305 = FACE_BOUND('',#7306,.T.);
#7306 = EDGE_LOOP('',(#7307,#7338,#7364));
#7307 = ORIENTED_EDGE('',*,*,#7308,.T.);
#7308 = EDGE_CURVE('',#6795,#1676,#7309,.T.);
#7309 = SURFACE_CURVE('',#7310,(#7314,#7326),.PCURVE_S1.);
#7310 = LINE('',#7311,#7312);
#7311 = CARTESIAN_POINT('',(230.,0.,164.));
#7312 = VECTOR('',#7313,1.);
#7313 = DIRECTION('',(0.,0.,-1.));
#7314 = PCURVE('',#7315,#7320);
#7315 = PLANE('',#7316);
#7316 = AXIS2_PLACEMENT_3D('',#7317,#7318,#7319);
#7317 = CARTESIAN_POINT('',(230.,0.,164.));
#7318 = DIRECTION('',(-1.,-0.,-0.));
#7319 = DIRECTION('',(0.,0.,-1.));
#7320 = DEFINITIONAL_REPRESENTATION('',(#7321),#7325);
#7321 = LINE('',#7322,#7323);
#7322 = CARTESIAN_POINT('',(0.,0.));
#7323 = VECTOR('',#7324,1.);
#7324 = DIRECTION('',(1.,0.));
#7325 = ( GEOMETRIC_REPRESENTATION_CONTEXT(2) 
PARAMETRIC_REPRESENTATION_CONTEXT() REPRESENTATION_CONTEXT('2D SPACE',''
  ) );
#7326 = PCURVE('',#7327,#7332);
#7327 = PLANE('',#7328);
#7328 = AXIS2_PLACEMENT_3D('',#7329,#7330,#7331);
#7329 = CARTESIAN_POINT('',(230.,0.,112.));
#7330 = DIRECTION('',(-1.,-0.,-0.));
#7331 = DIRECTION('',(0.,0.,-1.));
#7332 = DEFINITIONAL_REPRESENTATION('',(#7333),#7337);
#7333 = LINE('',#7334,#7335);
#7334 = CARTESIAN_POINT('',(-52.,0.));
#7335 = VECTOR('',#7336,1.);
#7336 = DIRECTION('',(1.,0.));
#7337 = ( GEOMETRIC_REPRESENTATION_CONTEXT(2) 
PARAMETRIC_REPRESENTATION_CONTEXT() REPRESENTATION_CONTEXT('2D SPACE',''
  ) );
#7338 = ORIENTED_EDGE('',*,*,#7339,.T.);
#7339 = EDGE_CURVE('',#1676,#3134,#7340,.T.);
#7340 = SURFACE_CURVE('',#7341,(#7345,#7352),.PCURVE_S1.);
#7341 = LINE('',#7342,#7343);
#7342 = CARTESIAN_POINT('',(230.,0.,112.));
#7343 = VECTOR('',#7344,1.);
#7344 = DIRECTION('',(0.,-0.780868809443,0.624695047554));
#7345 = PCURVE('',#7315,#7346);
#7346 = DEFINITIONAL_REPRESENTATION('',(#7347),#7351);
#7347 = LINE('',#7348,#7349);
#7348 = CARTESIAN_POINT('',(52.,0.));
#7349 = VECTOR('',#7350,1.);
#7350 = DIRECTION('',(-0.624695047554,0.780868809443));
#7351 = ( GEOMETRIC_REPRESENTATION_CONTEXT(2) 
PARAMETRIC_REPRESENTATION_CONTEXT() REPRESENTATION_CONTEXT('2D SPACE',''
  ) );
#7352 = PCURVE('',#7353,#7358);
#7353 = PLANE('',#7354);
#7354 = AXIS2_PLACEMENT_3D('',#7355,#7356,#7357);
#7355 = CARTESIAN_POINT('',(230.,-32.5,86.));
#7356 = DIRECTION('',(-1.,-0.,0.));
#7357 = DIRECTION('',(-0.,0.,-1.));
#7358 = DEFINITIONAL_REPRESENTATION('',(#7359),#7363);
#7359 = LINE('',#7360,#7361);
#7360 = CARTESIAN_POINT('',(-26.,-32.5));
#7361 = VECTOR('',#7362,1.);
#7362 = DIRECTION('',(-0.624695047554,0.780868809443));
#7363 = ( GEOMETRIC_REPRESENTATION_CONTEXT(2) 
PARAMETRIC_REPRESENTATION_CONTEXT() REPRESENTATION_CONTEXT('2D SPACE',''
  ) );
#7364 = ORIENTED_EDGE('',*,*,#7365,.T.);
#7365 = EDGE_CURVE('',#3134,#6795,#7366,.T.);
#7366 = SURFACE_CURVE('',#7367,(#7371,#7378),.PCURVE_S1.);
#7367 = LINE('',#7368,#7369);
#7368 = CARTESIAN_POINT('',(230.,-32.5,138.));
#7369 = VECTOR('',#7370,1.);
#7370 = DIRECTION('',(0.,0.780868809443,0.624695047554));
#7371 = PCURVE('',#7315,#7372);
#7372 = DEFINITIONAL_REPRESENTATION('',(#7373),#7377);
#7373 = LINE('',#7374,#7375);
#7374 = CARTESIAN_POINT('',(26.,32.5));
#7375 = VECTOR('',#7376,1.);
#7376 = DIRECTION('',(-0.624695047554,-0.780868809443));
#7377 = ( GEOMETRIC_REPRESENTATION_CONTEXT(2) 
PARAMETRIC_REPRESENTATION_CONTEXT() REPRESENTATION_CONTEXT('2D SPACE',''
  ) );
#7378 = PCURVE('',#3149,#7379);
#7379 = DEFINITIONAL_REPRESENTATION('',(#7380),#7384);
#7380 = LINE('',#7381,#7382);
#7381 = CARTESIAN_POINT('',(26.,32.5));
#7382 = VECTOR('',#7383,1.);
#7383 = DIRECTION('',(-0.624695047554,-0.780868809443));
#7384 = ( GEOMETRIC_REPRESENTATION_CONTEXT(2) 
PARAMETRIC_REPRESENTATION_CONTEXT() REPRESENTATION_CONTEXT('2D SPACE',''
  ) );
#7385 = ADVANCED_FACE('',(#7386),#7396,.T.);
#7386 = FACE_BOUND('',#7387,.T.);
#7387 = EDGE_LOOP('',(#7388,#7419,#7447));
#7388 = ORIENTED_EDGE('',*,*,#7389,.T.);
#7389 = EDGE_CURVE('',#388,#1674,#7390,.T.);
#7390 = SURFACE_CURVE('',#7391,(#7395,#7407),.PCURVE_S1.);
#7391 = LINE('',#7392,#7393);
#7392 = CARTESIAN_POINT('',(217.216273,-0.,60.));
#7393 = VECTOR('',#7394,1.);
#7394 = DIRECTION('',(1.,0.,0.));
#7395 = PCURVE('',#7396,#7401);
#7396 = PLANE('',#7397);
#7397 = AXIS2_PLACEMENT_3D('',#7398,#7399,#7400);
#7398 = CARTESIAN_POINT('',(217.216273,-0.,60.));
#7399 = DIRECTION('',(0.,-0.,1.));
#7400 = DIRECTION('',(1.,0.,0.));
#7401 = DEFINITIONAL_REPRESENTATION('',(#7402),#7406);
#7402 = LINE('',#7403,#7404);
#7403 = CARTESIAN_POINT('',(0.,0.));
#7404 = VECTOR('',#7405,1.);
#7405 = DIRECTION('',(1.,0.));
#7406 = ( GEOMETRIC_REPRESENTATION_CONTEXT(2) 
PARAMETRIC_REPRESENTATION_CONTEXT() REPRESENTATION_CONTEXT('2D SPACE',''
  ) );
#7407 = PCURVE('',#7408,#7413);
#7408 = PLANE('',#7409);
#7409 = AXIS2_PLACEMENT_3D('',#7410,#7411,#7412);
#7410 = CARTESIAN_POINT('',(230.,0.,60.));
#7411 = DIRECTION('',(-0.,-0.,1.));
#7412 = DIRECTION('',(1.,0.,0.));
#7413 = DEFINITIONAL_REPRESENTATION('',(#7414),#7418);
#7414 = LINE('',#7415,#7416);
#7415 = CARTESIAN_POINT('',(-12.783727,0.));
#7416 = VECTOR('',#7417,1.);
#7417 = DIRECTION('',(1.,0.));
#7418 = ( GEOMETRIC_REPRESENTATION_CONTEXT(2) 
PARAMETRIC_REPRESENTATION_CONTEXT() REPRESENTATION_CONTEXT('2D SPACE',''
  ) );
#7419 = ORIENTED_EDGE('',*,*,#7420,.T.);
#7420 = EDGE_CURVE('',#1674,#7421,#7423,.T.);
#7421 = VERTEX_POINT('',#7422);
#7422 = CARTESIAN_POINT('',(223.970839,32.5,60.));
#7423 = SURFACE_CURVE('',#7424,(#7428,#7435),.PCURVE_S1.);
#7424 = LINE('',#7425,#7426);
#7425 = CARTESIAN_POINT('',(230.,0.,60.));
#7426 = VECTOR('',#7427,1.);
#7427 = DIRECTION('',(-0.182400543324,0.983224308993,0.));
#7428 = PCURVE('',#7396,#7429);
#7429 = DEFINITIONAL_REPRESENTATION('',(#7430),#7434);
#7430 = LINE('',#7431,#7432);
#7431 = CARTESIAN_POINT('',(12.783727,0.));
#7432 = VECTOR('',#7433,1.);
#7433 = DIRECTION('',(-0.182400543324,0.983224308993));
#7434 = ( GEOMETRIC_REPRESENTATION_CONTEXT(2) 
PARAMETRIC_REPRESENTATION_CONTEXT() REPRESENTATION_CONTEXT('2D SPACE',''
  ) );
#7435 = PCURVE('',#7436,#7441);
#7436 = PLANE('',#7437);
#7437 = AXIS2_PLACEMENT_3D('',#7438,#7439,#7440);
#7438 = CARTESIAN_POINT('',(230.,0.,60.));
#7439 = DIRECTION('',(-0.,0.,1.));
#7440 = DIRECTION('',(1.,0.,0.));
#7441 = DEFINITIONAL_REPRESENTATION('',(#7442),#7446);
#7442 = LINE('',#7443,#7444);
#7443 = CARTESIAN_POINT('',(0.,0.));
#7444 = VECTOR('',#7445,1.);
#7445 = DIRECTION('',(-0.182400543324,0.983224308993));
#7446 = ( GEOMETRIC_REPRESENTATION_CONTEXT(2) 
PARAMETRIC_REPRESENTATION_CONTEXT() REPRESENTATION_CONTEXT('2D SPACE',''
  ) );
#7447 = ORIENTED_EDGE('',*,*,#7448,.T.);
#7448 = EDGE_CURVE('',#7421,#388,#7449,.T.);
#7449 = SURFACE_CURVE('',#7450,(#7454,#7461),.PCURVE_S1.);
#7450 = LINE('',#7451,#7452);
#7451 = CARTESIAN_POINT('',(223.970839,32.5,60.));
#7452 = VECTOR('',#7453,1.);
#7453 = DIRECTION('',(-0.20348455463,-0.97907815624,0.));
#7454 = PCURVE('',#7396,#7455);
#7455 = DEFINITIONAL_REPRESENTATION('',(#7456),#7460);
#7456 = LINE('',#7457,#7458);
#7457 = CARTESIAN_POINT('',(6.754566,32.5));
#7458 = VECTOR('',#7459,1.);
#7459 = DIRECTION('',(-0.20348455463,-0.97907815624));
#7460 = ( GEOMETRIC_REPRESENTATION_CONTEXT(2) 
PARAMETRIC_REPRESENTATION_CONTEXT() REPRESENTATION_CONTEXT('2D SPACE',''
  ) );
#7461 = PCURVE('',#7462,#7467);
#7462 = PLANE('',#7463);
#7463 = AXIS2_PLACEMENT_3D('',#7464,#7465,#7466);
#7464 = CARTESIAN_POINT('',(216.4281,65.599759,60.));
#7465 = DIRECTION('',(0.,0.,1.));
#7466 = DIRECTION('',(1.,0.,-0.));
#7467 = DEFINITIONAL_REPRESENTATION('',(#7468),#7472);
#7468 = LINE('',#7469,#7470);
#7469 = CARTESIAN_POINT('',(7.542739,-33.099759));
#7470 = VECTOR('',#7471,1.);
#7471 = DIRECTION('',(-0.20348455463,-0.97907815624));
#7472 = ( GEOMETRIC_REPRESENTATION_CONTEXT(2) 
PARAMETRIC_REPRESENTATION_CONTEXT() REPRESENTATION_CONTEXT('2D SPACE',''
  ) );
#7473 = ADVANCED_FACE('',(#7474),#7484,.T.);
#7474 = FACE_BOUND('',#7475,.T.);
#7475 = EDGE_LOOP('',(#7476,#7507,#7528));
#7476 = ORIENTED_EDGE('',*,*,#7477,.T.);
#7477 = EDGE_CURVE('',#7141,#3011,#7478,.T.);
#7478 = SURFACE_CURVE('',#7479,(#7483,#7495),.PCURVE_S1.);
#7479 = LINE('',#7480,#7481);
#7480 = CARTESIAN_POINT('',(230.,65.,60.));
#7481 = VECTOR('',#7482,1.);
#7482 = DIRECTION('',(-0.999024995255,4.414814669493E-02,0.));
#7483 = PCURVE('',#7484,#7489);
#7484 = PLANE('',#7485);
#7485 = AXIS2_PLACEMENT_3D('',#7486,#7487,#7488);
#7486 = CARTESIAN_POINT('',(230.,65.,60.));
#7487 = DIRECTION('',(0.,0.,1.));
#7488 = DIRECTION('',(1.,0.,-0.));
#7489 = DEFINITIONAL_REPRESENTATION('',(#7490),#7494);
#7490 = LINE('',#7491,#7492);
#7491 = CARTESIAN_POINT('',(0.,0.));
#7492 = VECTOR('',#7493,1.);
#7493 = DIRECTION('',(-0.999024995255,4.414814669493E-02));
#7494 = ( GEOMETRIC_REPRESENTATION_CONTEXT(2) 
PARAMETRIC_REPRESENTATION_CONTEXT() REPRESENTATION_CONTEXT('2D SPACE',''
  ) );
#7495 = PCURVE('',#7496,#7501);
#7496 = PLANE('',#7497);
#7497 = AXIS2_PLACEMENT_3D('',#7498,#7499,#7500);
#7498 = CARTESIAN_POINT('',(216.4281,65.599759,60.));
#7499 = DIRECTION('',(0.,0.,1.));
#7500 = DIRECTION('',(1.,0.,-0.));
#7501 = DEFINITIONAL_REPRESENTATION('',(#7502),#7506);
#7502 = LINE('',#7503,#7504);
#7503 = CARTESIAN_POINT('',(13.5719,-0.599759));
#7504 = VECTOR('',#7505,1.);
#7505 = DIRECTION('',(-0.999024995255,4.414814669493E-02));
#7506 = ( GEOMETRIC_REPRESENTATION_CONTEXT(2) 
PARAMETRIC_REPRESENTATION_CONTEXT() REPRESENTATION_CONTEXT('2D SPACE',''
  ) );
#7507 = ORIENTED_EDGE('',*,*,#7508,.T.);
#7508 = EDGE_CURVE('',#3011,#7421,#7509,.T.);
#7509 = SURFACE_CURVE('',#7510,(#7514,#7521),.PCURVE_S1.);
#7510 = LINE('',#7511,#7512);
#7511 = CARTESIAN_POINT('',(216.4281,65.599759,60.));
#7512 = VECTOR('',#7513,1.);
#7513 = DIRECTION('',(0.222183124859,-0.975004953335,0.));
#7514 = PCURVE('',#7484,#7515);
#7515 = DEFINITIONAL_REPRESENTATION('',(#7516),#7520);
#7516 = LINE('',#7517,#7518);
#7517 = CARTESIAN_POINT('',(-13.5719,0.599759));
#7518 = VECTOR('',#7519,1.);
#7519 = DIRECTION('',(0.222183124859,-0.975004953335));
#7520 = ( GEOMETRIC_REPRESENTATION_CONTEXT(2) 
PARAMETRIC_REPRESENTATION_CONTEXT() REPRESENTATION_CONTEXT('2D SPACE',''
  ) );
#7521 = PCURVE('',#7462,#7522);
#7522 = DEFINITIONAL_REPRESENTATION('',(#7523),#7527);
#7523 = LINE('',#7524,#7525);
#7524 = CARTESIAN_POINT('',(0.,0.));
#7525 = VECTOR('',#7526,1.);
#7526 = DIRECTION('',(0.222183124859,-0.975004953335));
#7527 = ( GEOMETRIC_REPRESENTATION_CONTEXT(2) 
PARAMETRIC_REPRESENTATION_CONTEXT() REPRESENTATION_CONTEXT('2D SPACE',''
  ) );
#7528 = ORIENTED_EDGE('',*,*,#7529,.T.);
#7529 = EDGE_CURVE('',#7421,#7141,#7530,.T.);
#7530 = SURFACE_CURVE('',#7531,(#7535,#7542),.PCURVE_S1.);
#7531 = LINE('',#7532,#7533);
#7532 = CARTESIAN_POINT('',(223.970839,32.5,60.));
#7533 = VECTOR('',#7534,1.);
#7534 = DIRECTION('',(0.182400543324,0.983224308993,0.));
#7535 = PCURVE('',#7484,#7536);
#7536 = DEFINITIONAL_REPRESENTATION('',(#7537),#7541);
#7537 = LINE('',#7538,#7539);
#7538 = CARTESIAN_POINT('',(-6.029161,-32.5));
#7539 = VECTOR('',#7540,1.);
#7540 = DIRECTION('',(0.182400543324,0.983224308993));
#7541 = ( GEOMETRIC_REPRESENTATION_CONTEXT(2) 
PARAMETRIC_REPRESENTATION_CONTEXT() REPRESENTATION_CONTEXT('2D SPACE',''
  ) );
#7542 = PCURVE('',#7436,#7543);
#7543 = DEFINITIONAL_REPRESENTATION('',(#7544),#7548);
#7544 = LINE('',#7545,#7546);
#7545 = CARTESIAN_POINT('',(-6.029161,32.5));
#7546 = VECTOR('',#7547,1.);
#7547 = DIRECTION('',(0.182400543324,0.983224308993));
#7548 = ( GEOMETRIC_REPRESENTATION_CONTEXT(2) 
PARAMETRIC_REPRESENTATION_CONTEXT() REPRESENTATION_CONTEXT('2D SPACE',''
  ) );
#7549 = ADVANCED_FACE('',(#7550),#7560,.T.);
#7550 = FACE_BOUND('',#7551,.T.);
#7551 = EDGE_LOOP('',(#7552,#7583,#7611));
#7552 = ORIENTED_EDGE('',*,*,#7553,.T.);
#7553 = EDGE_CURVE('',#7226,#2926,#7554,.T.);
#7554 = SURFACE_CURVE('',#7555,(#7559,#7571),.PCURVE_S1.);
#7555 = LINE('',#7556,#7557);
#7556 = CARTESIAN_POINT('',(230.,-65.,60.));
#7557 = VECTOR('',#7558,1.);
#7558 = DIRECTION('',(-0.999024995255,-4.414814669493E-02,0.));
#7559 = PCURVE('',#7560,#7565);
#7560 = PLANE('',#7561);
#7561 = AXIS2_PLACEMENT_3D('',#7562,#7563,#7564);
#7562 = CARTESIAN_POINT('',(230.,-65.,60.));
#7563 = DIRECTION('',(0.,0.,1.));
#7564 = DIRECTION('',(1.,0.,-0.));
#7565 = DEFINITIONAL_REPRESENTATION('',(#7566),#7570);
#7566 = LINE('',#7567,#7568);
#7567 = CARTESIAN_POINT('',(0.,0.));
#7568 = VECTOR('',#7569,1.);
#7569 = DIRECTION('',(-0.999024995255,-4.414814669493E-02));
#7570 = ( GEOMETRIC_REPRESENTATION_CONTEXT(2) 
PARAMETRIC_REPRESENTATION_CONTEXT() REPRESENTATION_CONTEXT('2D SPACE',''
  ) );
#7571 = PCURVE('',#7572,#7577);
#7572 = PLANE('',#7573);
#7573 = AXIS2_PLACEMENT_3D('',#7574,#7575,#7576);
#7574 = CARTESIAN_POINT('',(216.4281,-65.599759,60.));
#7575 = DIRECTION('',(0.,0.,1.));
#7576 = DIRECTION('',(1.,0.,-0.));
#7577 = DEFINITIONAL_REPRESENTATION('',(#7578),#7582);
#7578 = LINE('',#7579,#7580);
#7579 = CARTESIAN_POINT('',(13.5719,0.599759));
#7580 = VECTOR('',#7581,1.);
#7581 = DIRECTION('',(-0.999024995255,-4.414814669493E-02));
#7582 = ( GEOMETRIC_REPRESENTATION_CONTEXT(2) 
PARAMETRIC_REPRESENTATION_CONTEXT() REPRESENTATION_CONTEXT('2D SPACE',''
  ) );
#7583 = ORIENTED_EDGE('',*,*,#7584,.T.);
#7584 = EDGE_CURVE('',#2926,#7585,#7587,.T.);
#7585 = VERTEX_POINT('',#7586);
#7586 = CARTESIAN_POINT('',(224.159678,-97.650428,60.));
#7587 = SURFACE_CURVE('',#7588,(#7592,#7599),.PCURVE_S1.);
#7588 = LINE('',#7589,#7590);
#7589 = CARTESIAN_POINT('',(216.4281,-65.599759,60.));
#7590 = VECTOR('',#7591,1.);
#7591 = DIRECTION('',(0.234503235173,-0.972115339192,0.));
#7592 = PCURVE('',#7560,#7593);
#7593 = DEFINITIONAL_REPRESENTATION('',(#7594),#7598);
#7594 = LINE('',#7595,#7596);
#7595 = CARTESIAN_POINT('',(-13.5719,-0.599759));
#7596 = VECTOR('',#7597,1.);
#7597 = DIRECTION('',(0.234503235173,-0.972115339192));
#7598 = ( GEOMETRIC_REPRESENTATION_CONTEXT(2) 
PARAMETRIC_REPRESENTATION_CONTEXT() REPRESENTATION_CONTEXT('2D SPACE',''
  ) );
#7599 = PCURVE('',#7600,#7605);
#7600 = PLANE('',#7601);
#7601 = AXIS2_PLACEMENT_3D('',#7602,#7603,#7604);
#7602 = CARTESIAN_POINT('',(216.4281,-65.599759,60.));
#7603 = DIRECTION('',(0.,0.,1.));
#7604 = DIRECTION('',(1.,0.,-0.));
#7605 = DEFINITIONAL_REPRESENTATION('',(#7606),#7610);
#7606 = LINE('',#7607,#7608);
#7607 = CARTESIAN_POINT('',(0.,0.));
#7608 = VECTOR('',#7609,1.);
#7609 = DIRECTION('',(0.234503235173,-0.972115339192));
#7610 = ( GEOMETRIC_REPRESENTATION_CONTEXT(2) 
PARAMETRIC_REPRESENTATION_CONTEXT() REPRESENTATION_CONTEXT('2D SPACE',''
  ) );
#7611 = ORIENTED_EDGE('',*,*,#7612,.T.);
#7612 = EDGE_CURVE('',#7585,#7226,#7613,.T.);
#7613 = SURFACE_CURVE('',#7614,(#7618,#7625),.PCURVE_S1.);
#7614 = LINE('',#7615,#7616);
#7615 = CARTESIAN_POINT('',(224.159678,-97.650428,60.));
#7616 = VECTOR('',#7617,1.);
#7617 = DIRECTION('',(0.176079543813,0.984375941524,0.));
#7618 = PCURVE('',#7560,#7619);
#7619 = DEFINITIONAL_REPRESENTATION('',(#7620),#7624);
#7620 = LINE('',#7621,#7622);
#7621 = CARTESIAN_POINT('',(-5.840322,-32.650428));
#7622 = VECTOR('',#7623,1.);
#7623 = DIRECTION('',(0.176079543813,0.984375941524));
#7624 = ( GEOMETRIC_REPRESENTATION_CONTEXT(2) 
PARAMETRIC_REPRESENTATION_CONTEXT() REPRESENTATION_CONTEXT('2D SPACE',''
  ) );
#7625 = PCURVE('',#7626,#7631);
#7626 = PLANE('',#7627);
#7627 = AXIS2_PLACEMENT_3D('',#7628,#7629,#7630);
#7628 = CARTESIAN_POINT('',(230.,-130.,60.));
#7629 = DIRECTION('',(-0.,0.,1.));
#7630 = DIRECTION('',(1.,0.,0.));
#7631 = DEFINITIONAL_REPRESENTATION('',(#7632),#7636);
#7632 = LINE('',#7633,#7634);
#7633 = CARTESIAN_POINT('',(-5.840322,32.349572));
#7634 = VECTOR('',#7635,1.);
#7635 = DIRECTION('',(0.176079543813,0.984375941524));
#7636 = ( GEOMETRIC_REPRESENTATION_CONTEXT(2) 
PARAMETRIC_REPRESENTATION_CONTEXT() REPRESENTATION_CONTEXT('2D SPACE',''
  ) );
#7637 = ADVANCED_FACE('',(#7638),#7408,.T.);
#7638 = FACE_BOUND('',#7639,.T.);
#7639 = EDGE_LOOP('',(#7640,#7641,#7669));
#7640 = ORIENTED_EDGE('',*,*,#7389,.F.);
#7641 = ORIENTED_EDGE('',*,*,#7642,.T.);
#7642 = EDGE_CURVE('',#388,#7643,#7645,.T.);
#7643 = VERTEX_POINT('',#7644);
#7644 = CARTESIAN_POINT('',(221.222928,-32.5,60.));
#7645 = SURFACE_CURVE('',#7646,(#7650,#7657),.PCURVE_S1.);
#7646 = LINE('',#7647,#7648);
#7647 = CARTESIAN_POINT('',(217.216273,-0.,60.));
#7648 = VECTOR('',#7649,1.);
#7649 = DIRECTION('',(0.122355396939,-0.992486350959,0.));
#7650 = PCURVE('',#7408,#7651);
#7651 = DEFINITIONAL_REPRESENTATION('',(#7652),#7656);
#7652 = LINE('',#7653,#7654);
#7653 = CARTESIAN_POINT('',(-12.783727,0.));
#7654 = VECTOR('',#7655,1.);
#7655 = DIRECTION('',(0.122355396939,-0.992486350959));
#7656 = ( GEOMETRIC_REPRESENTATION_CONTEXT(2) 
PARAMETRIC_REPRESENTATION_CONTEXT() REPRESENTATION_CONTEXT('2D SPACE',''
  ) );
#7657 = PCURVE('',#7658,#7663);
#7658 = PLANE('',#7659);
#7659 = AXIS2_PLACEMENT_3D('',#7660,#7661,#7662);
#7660 = CARTESIAN_POINT('',(217.216273,-0.,60.));
#7661 = DIRECTION('',(-0.,-0.,1.));
#7662 = DIRECTION('',(1.,0.,0.));
#7663 = DEFINITIONAL_REPRESENTATION('',(#7664),#7668);
#7664 = LINE('',#7665,#7666);
#7665 = CARTESIAN_POINT('',(0.,0.));
#7666 = VECTOR('',#7667,1.);
#7667 = DIRECTION('',(0.122355396939,-0.992486350959));
#7668 = ( GEOMETRIC_REPRESENTATION_CONTEXT(2) 
PARAMETRIC_REPRESENTATION_CONTEXT() REPRESENTATION_CONTEXT('2D SPACE',''
  ) );
#7669 = ORIENTED_EDGE('',*,*,#7670,.T.);
#7670 = EDGE_CURVE('',#7643,#1674,#7671,.T.);
#7671 = SURFACE_CURVE('',#7672,(#7676,#7683),.PCURVE_S1.);
#7672 = LINE('',#7673,#7674);
#7673 = CARTESIAN_POINT('',(221.222928,-32.5,60.));
#7674 = VECTOR('',#7675,1.);
#7675 = DIRECTION('',(0.260723218621,0.965413591821,0.));
#7676 = PCURVE('',#7408,#7677);
#7677 = DEFINITIONAL_REPRESENTATION('',(#7678),#7682);
#7678 = LINE('',#7679,#7680);
#7679 = CARTESIAN_POINT('',(-8.777072,-32.5));
#7680 = VECTOR('',#7681,1.);
#7681 = DIRECTION('',(0.260723218621,0.965413591821));
#7682 = ( GEOMETRIC_REPRESENTATION_CONTEXT(2) 
PARAMETRIC_REPRESENTATION_CONTEXT() REPRESENTATION_CONTEXT('2D SPACE',''
  ) );
#7683 = PCURVE('',#7684,#7689);
#7684 = PLANE('',#7685);
#7685 = AXIS2_PLACEMENT_3D('',#7686,#7687,#7688);
#7686 = CARTESIAN_POINT('',(230.,-65.,60.));
#7687 = DIRECTION('',(-0.,0.,1.));
#7688 = DIRECTION('',(1.,0.,0.));
#7689 = DEFINITIONAL_REPRESENTATION('',(#7690),#7694);
#7690 = LINE('',#7691,#7692);
#7691 = CARTESIAN_POINT('',(-8.777072,32.5));
#7692 = VECTOR('',#7693,1.);
#7693 = DIRECTION('',(0.260723218621,0.965413591821));
#7694 = ( GEOMETRIC_REPRESENTATION_CONTEXT(2) 
PARAMETRIC_REPRESENTATION_CONTEXT() REPRESENTATION_CONTEXT('2D SPACE',''
  ) );
#7695 = ADVANCED_FACE('',(#7696),#44,.T.);
#7696 = FACE_BOUND('',#7697,.T.);
#7697 = EDGE_LOOP('',(#7698,#7699,#7727));
#7698 = ORIENTED_EDGE('',*,*,#21,.F.);
#7699 = ORIENTED_EDGE('',*,*,#7700,.T.);
#7700 = EDGE_CURVE('',#22,#7701,#7703,.T.);
#7701 = VERTEX_POINT('',#7702);
#7702 = CARTESIAN_POINT('',(272.518934,-40.,30.));
#7703 = SURFACE_CURVE('',#7704,(#7708,#7715),.PCURVE_S1.);
#7704 = LINE('',#7705,#7706);
#7705 = CARTESIAN_POINT('',(283.297779,0.,30.));
#7706 = VECTOR('',#7707,1.);
#7707 = DIRECTION('',(-0.260189859005,-0.965557474867,0.));
#7708 = PCURVE('',#44,#7709);
#7709 = DEFINITIONAL_REPRESENTATION('',(#7710),#7714);
#7710 = LINE('',#7711,#7712);
#7711 = CARTESIAN_POINT('',(-23.297779,0.));
#7712 = VECTOR('',#7713,1.);
#7713 = DIRECTION('',(0.260189859005,-0.965557474867));
#7714 = ( GEOMETRIC_REPRESENTATION_CONTEXT(2) 
PARAMETRIC_REPRESENTATION_CONTEXT() REPRESENTATION_CONTEXT('2D SPACE',''
  ) );
#7715 = PCURVE('',#7716,#7721);
#7716 = PLANE('',#7717);
#7717 = AXIS2_PLACEMENT_3D('',#7718,#7719,#7720);
#7718 = CARTESIAN_POINT('',(272.518934,-40.,30.));
#7719 = DIRECTION('',(-0.,-0.,-1.));
#7720 = DIRECTION('',(-1.,0.,0.));
#7721 = DEFINITIONAL_REPRESENTATION('',(#7722),#7726);
#7722 = LINE('',#7723,#7724);
#7723 = CARTESIAN_POINT('',(-10.778845,40.));
#7724 = VECTOR('',#7725,1.);
#7725 = DIRECTION('',(0.260189859005,-0.965557474867));
#7726 = ( GEOMETRIC_REPRESENTATION_CONTEXT(2) 
PARAMETRIC_REPRESENTATION_CONTEXT() REPRESENTATION_CONTEXT('2D SPACE',''
  ) );
#7727 = ORIENTED_EDGE('',*,*,#7728,.T.);
#7728 = EDGE_CURVE('',#7701,#24,#7729,.T.);
#7729 = SURFACE_CURVE('',#7730,(#7734,#7741),.PCURVE_S1.);
#7730 = LINE('',#7731,#7732);
#7731 = CARTESIAN_POINT('',(272.518934,-40.,30.));
#7732 = VECTOR('',#7733,1.);
#7733 = DIRECTION('',(-0.298686517002,0.954351279436,0.));
#7734 = PCURVE('',#44,#7735);
#7735 = DEFINITIONAL_REPRESENTATION('',(#7736),#7740);
#7736 = LINE('',#7737,#7738);
#7737 = CARTESIAN_POINT('',(-12.518934,-40.));
#7738 = VECTOR('',#7739,1.);
#7739 = DIRECTION('',(0.298686517002,0.954351279436));
#7740 = ( GEOMETRIC_REPRESENTATION_CONTEXT(2) 
PARAMETRIC_REPRESENTATION_CONTEXT() REPRESENTATION_CONTEXT('2D SPACE',''
  ) );
#7741 = PCURVE('',#1814,#7742);
#7742 = DEFINITIONAL_REPRESENTATION('',(#7743),#7747);
#7743 = LINE('',#7744,#7745);
#7744 = CARTESIAN_POINT('',(0.,0.));
#7745 = VECTOR('',#7746,1.);
#7746 = DIRECTION('',(0.298686517002,0.954351279436));
#7747 = ( GEOMETRIC_REPRESENTATION_CONTEXT(2) 
PARAMETRIC_REPRESENTATION_CONTEXT() REPRESENTATION_CONTEXT('2D SPACE',''
  ) );
#7748 = ADVANCED_FACE('',(#7749),#1814,.T.);
#7749 = FACE_BOUND('',#7750,.T.);
#7750 = EDGE_LOOP('',(#7751,#7777,#7778));
#7751 = ORIENTED_EDGE('',*,*,#7752,.T.);
#7752 = EDGE_CURVE('',#7701,#1799,#7753,.T.);
#7753 = SURFACE_CURVE('',#7754,(#7758,#7765),.PCURVE_S1.);
#7754 = LINE('',#7755,#7756);
#7755 = CARTESIAN_POINT('',(272.518934,-40.,30.));
#7756 = VECTOR('',#7757,1.);
#7757 = DIRECTION('',(-1.,0.,0.));
#7758 = PCURVE('',#1814,#7759);
#7759 = DEFINITIONAL_REPRESENTATION('',(#7760),#7764);
#7760 = LINE('',#7761,#7762);
#7761 = CARTESIAN_POINT('',(0.,0.));
#7762 = VECTOR('',#7763,1.);
#7763 = DIRECTION('',(1.,0.));
#7764 = ( GEOMETRIC_REPRESENTATION_CONTEXT(2) 
PARAMETRIC_REPRESENTATION_CONTEXT() REPRESENTATION_CONTEXT('2D SPACE',''
  ) );
#7765 = PCURVE('',#7766,#7771);
#7766 = PLANE('',#7767);
#7767 = AXIS2_PLACEMENT_3D('',#7768,#7769,#7770);
#7768 = CARTESIAN_POINT('',(245.,-40.,30.));
#7769 = DIRECTION('',(-0.,-0.,-1.));
#7770 = DIRECTION('',(-1.,0.,0.));
#7771 = DEFINITIONAL_REPRESENTATION('',(#7772),#7776);
#7772 = LINE('',#7773,#7774);
#7773 = CARTESIAN_POINT('',(-27.518934,0.));
#7774 = VECTOR('',#7775,1.);
#7775 = DIRECTION('',(1.,0.));
#7776 = ( GEOMETRIC_REPRESENTATION_CONTEXT(2) 
PARAMETRIC_REPRESENTATION_CONTEXT() REPRESENTATION_CONTEXT('2D SPACE',''
  ) );
#7777 = ORIENTED_EDGE('',*,*,#1798,.F.);
#7778 = ORIENTED_EDGE('',*,*,#7728,.F.);
#7779 = ADVANCED_FACE('',(#7780),#72,.T.);
#7780 = FACE_BOUND('',#7781,.T.);
#7781 = EDGE_LOOP('',(#7782,#7803,#7804));
#7782 = ORIENTED_EDGE('',*,*,#7783,.T.);
#7783 = EDGE_CURVE('',#4059,#57,#7784,.T.);
#7784 = SURFACE_CURVE('',#7785,(#7789,#7796),.PCURVE_S1.);
#7785 = LINE('',#7786,#7787);
#7786 = CARTESIAN_POINT('',(245.,40.,30.));
#7787 = VECTOR('',#7788,1.);
#7788 = DIRECTION('',(1.,0.,0.));
#7789 = PCURVE('',#72,#7790);
#7790 = DEFINITIONAL_REPRESENTATION('',(#7791),#7795);
#7791 = LINE('',#7792,#7793);
#7792 = CARTESIAN_POINT('',(0.,0.));
#7793 = VECTOR('',#7794,1.);
#7794 = DIRECTION('',(-1.,0.));
#7795 = ( GEOMETRIC_REPRESENTATION_CONTEXT(2) 
PARAMETRIC_REPRESENTATION_CONTEXT() REPRESENTATION_CONTEXT('2D SPACE',''
  ) );
#7796 = PCURVE('',#1925,#7797);
#7797 = DEFINITIONAL_REPRESENTATION('',(#7798),#7802);
#7798 = LINE('',#7799,#7800);
#7799 = CARTESIAN_POINT('',(27.518934,0.));
#7800 = VECTOR('',#7801,1.);
#7801 = DIRECTION('',(-1.,0.));
#7802 = ( GEOMETRIC_REPRESENTATION_CONTEXT(2) 
PARAMETRIC_REPRESENTATION_CONTEXT() REPRESENTATION_CONTEXT('2D SPACE',''
  ) );
#7803 = ORIENTED_EDGE('',*,*,#56,.F.);
#7804 = ORIENTED_EDGE('',*,*,#7805,.T.);
#7805 = EDGE_CURVE('',#24,#4059,#7806,.T.);
#7806 = SURFACE_CURVE('',#7807,(#7811,#7818),.PCURVE_S1.);
#7807 = LINE('',#7808,#7809);
#7808 = CARTESIAN_POINT('',(260.,0.,30.));
#7809 = VECTOR('',#7810,1.);
#7810 = DIRECTION('',(-0.351123441588,0.936329177569,0.));
#7811 = PCURVE('',#72,#7812);
#7812 = DEFINITIONAL_REPRESENTATION('',(#7813),#7817);
#7813 = LINE('',#7814,#7815);
#7814 = CARTESIAN_POINT('',(-15.,-40.));
#7815 = VECTOR('',#7816,1.);
#7816 = DIRECTION('',(0.351123441588,0.936329177569));
#7817 = ( GEOMETRIC_REPRESENTATION_CONTEXT(2) 
PARAMETRIC_REPRESENTATION_CONTEXT() REPRESENTATION_CONTEXT('2D SPACE',''
  ) );
#7818 = PCURVE('',#1786,#7819);
#7819 = DEFINITIONAL_REPRESENTATION('',(#7820),#7824);
#7820 = LINE('',#7821,#7822);
#7821 = CARTESIAN_POINT('',(0.,0.));
#7822 = VECTOR('',#7823,1.);
#7823 = DIRECTION('',(0.351123441588,0.936329177569));
#7824 = ( GEOMETRIC_REPRESENTATION_CONTEXT(2) 
PARAMETRIC_REPRESENTATION_CONTEXT() REPRESENTATION_CONTEXT('2D SPACE',''
  ) );
#7825 = ADVANCED_FACE('',(#7826),#134,.T.);
#7826 = FACE_BOUND('',#7827,.T.);
#7827 = EDGE_LOOP('',(#7828,#7829,#7857));
#7828 = ORIENTED_EDGE('',*,*,#113,.F.);
#7829 = ORIENTED_EDGE('',*,*,#7830,.T.);
#7830 = EDGE_CURVE('',#22,#7831,#7833,.T.);
#7831 = VERTEX_POINT('',#7832);
#7832 = CARTESIAN_POINT('',(282.385819,40.020646,60.208325));
#7833 = SURFACE_CURVE('',#7834,(#7838,#7845),.PCURVE_S1.);
#7834 = LINE('',#7835,#7836);
#7835 = CARTESIAN_POINT('',(283.297779,0.,30.));
#7836 = VECTOR('',#7837,1.);
#7837 = DIRECTION('',(-1.818463096255E-02,0.79801820079,0.602358921577)
  );
#7838 = PCURVE('',#134,#7839);
#7839 = DEFINITIONAL_REPRESENTATION('',(#7840),#7844);
#7840 = LINE('',#7841,#7842);
#7841 = CARTESIAN_POINT('',(-60.53688921801,-2.775557561563E-17));
#7842 = VECTOR('',#7843,1.);
#7843 = DIRECTION('',(0.602074072544,-0.798440236443));
#7844 = ( GEOMETRIC_REPRESENTATION_CONTEXT(2) 
PARAMETRIC_REPRESENTATION_CONTEXT() REPRESENTATION_CONTEXT('2D SPACE',''
  ) );
#7845 = PCURVE('',#7846,#7851);
#7846 = PLANE('',#7847);
#7847 = AXIS2_PLACEMENT_3D('',#7848,#7849,#7850);
#7848 = CARTESIAN_POINT('',(282.385819,40.020646,60.208325));
#7849 = DIRECTION('',(0.999405865526,-3.134204682321E-03,
    3.432335520781E-02));
#7850 = DIRECTION('',(-3.432352379231E-02,0.,0.999410774264));
#7851 = DEFINITIONAL_REPRESENTATION('',(#7852),#7856);
#7852 = LINE('',#7853,#7854);
#7853 = CARTESIAN_POINT('',(-30.22182715821,40.020842567633));
#7854 = VECTOR('',#7855,1.);
#7855 = DIRECTION('',(0.602628156812,-0.798022120381));
#7856 = ( GEOMETRIC_REPRESENTATION_CONTEXT(2) 
PARAMETRIC_REPRESENTATION_CONTEXT() REPRESENTATION_CONTEXT('2D SPACE',''
  ) );
#7857 = ORIENTED_EDGE('',*,*,#7858,.T.);
#7858 = EDGE_CURVE('',#7831,#114,#7859,.T.);
#7859 = SURFACE_CURVE('',#7860,(#7864,#7871),.PCURVE_S1.);
#7860 = LINE('',#7861,#7862);
#7861 = CARTESIAN_POINT('',(282.385819,40.020646,60.208325));
#7862 = VECTOR('',#7863,1.);
#7863 = DIRECTION('',(-7.00510878496E-02,-0.796592834515,0.600443753478)
  );
#7864 = PCURVE('',#134,#7865);
#7865 = DEFINITIONAL_REPRESENTATION('',(#7866),#7870);
#7866 = LINE('',#7867,#7868);
#7867 = CARTESIAN_POINT('',(-30.34284940892,-40.04181110553));
#7868 = VECTOR('',#7869,1.);
#7869 = DIRECTION('',(0.603960676145,0.797014116356));
#7870 = ( GEOMETRIC_REPRESENTATION_CONTEXT(2) 
PARAMETRIC_REPRESENTATION_CONTEXT() REPRESENTATION_CONTEXT('2D SPACE',''
  ) );
#7871 = PCURVE('',#2081,#7872);
#7872 = DEFINITIONAL_REPRESENTATION('',(#7873),#7877);
#7873 = LINE('',#7874,#7875);
#7874 = CARTESIAN_POINT('',(0.,0.));
#7875 = VECTOR('',#7876,1.);
#7876 = DIRECTION('',(0.603092229893,0.797671462597));
#7877 = ( GEOMETRIC_REPRESENTATION_CONTEXT(2) 
PARAMETRIC_REPRESENTATION_CONTEXT() REPRESENTATION_CONTEXT('2D SPACE',''
  ) );
#7878 = ADVANCED_FACE('',(#7879),#2081,.T.);
#7879 = FACE_BOUND('',#7880,.T.);
#7880 = EDGE_LOOP('',(#7881,#7907,#7908));
#7881 = ORIENTED_EDGE('',*,*,#7882,.T.);
#7882 = EDGE_CURVE('',#7831,#2066,#7883,.T.);
#7883 = SURFACE_CURVE('',#7884,(#7888,#7895),.PCURVE_S1.);
#7884 = LINE('',#7885,#7886);
#7885 = CARTESIAN_POINT('',(282.385819,40.020646,60.208325));
#7886 = VECTOR('',#7887,1.);
#7887 = DIRECTION('',(-0.183739914314,-4.003006083374E-05,0.982974894026
    ));
#7888 = PCURVE('',#2081,#7889);
#7889 = DEFINITIONAL_REPRESENTATION('',(#7890),#7894);
#7890 = LINE('',#7891,#7892);
#7891 = CARTESIAN_POINT('',(0.,0.));
#7892 = VECTOR('',#7893,1.);
#7893 = DIRECTION('',(0.999999999197,4.008426361574E-05));
#7894 = ( GEOMETRIC_REPRESENTATION_CONTEXT(2) 
PARAMETRIC_REPRESENTATION_CONTEXT() REPRESENTATION_CONTEXT('2D SPACE',''
  ) );
#7895 = PCURVE('',#7896,#7901);
#7896 = PLANE('',#7897);
#7897 = AXIS2_PLACEMENT_3D('',#7898,#7899,#7900);
#7898 = CARTESIAN_POINT('',(271.181511,40.018205,120.149321));
#7899 = DIRECTION('',(0.981742495147,-5.006661597415E-02,0.183507512616)
  );
#7900 = DIRECTION('',(-0.183737941939,1.734723475977E-18,0.98297526352)
  );
#7901 = DEFINITIONAL_REPRESENTATION('',(#7902),#7906);
#7902 = LINE('',#7903,#7904);
#7903 = CARTESIAN_POINT('',(-60.97917283151,-2.444065149579E-03));
#7904 = VECTOR('',#7905,1.);
#7905 = DIRECTION('',(0.999999999197,4.008032634959E-05));
#7906 = ( GEOMETRIC_REPRESENTATION_CONTEXT(2) 
PARAMETRIC_REPRESENTATION_CONTEXT() REPRESENTATION_CONTEXT('2D SPACE',''
  ) );
#7907 = ORIENTED_EDGE('',*,*,#2065,.F.);
#7908 = ORIENTED_EDGE('',*,*,#7858,.F.);
#7909 = ADVANCED_FACE('',(#7910),#162,.T.);
#7910 = FACE_BOUND('',#7911,.T.);
#7911 = EDGE_LOOP('',(#7912,#7933,#7934));
#7912 = ORIENTED_EDGE('',*,*,#7913,.T.);
#7913 = EDGE_CURVE('',#4828,#147,#7914,.T.);
#7914 = SURFACE_CURVE('',#7915,(#7919,#7926),.PCURVE_S1.);
#7915 = LINE('',#7916,#7917);
#7916 = CARTESIAN_POINT('',(271.181511,-40.018205,120.149321));
#7917 = VECTOR('',#7918,1.);
#7918 = DIRECTION('',(0.183739914314,-4.003006083374E-05,-0.982974894026
    ));
#7919 = PCURVE('',#162,#7920);
#7920 = DEFINITIONAL_REPRESENTATION('',(#7921),#7925);
#7921 = LINE('',#7922,#7923);
#7922 = CARTESIAN_POINT('',(0.,-0.));
#7923 = VECTOR('',#7924,1.);
#7924 = DIRECTION('',(-0.999999999197,4.008426361574E-05));
#7925 = ( GEOMETRIC_REPRESENTATION_CONTEXT(2) 
PARAMETRIC_REPRESENTATION_CONTEXT() REPRESENTATION_CONTEXT('2D SPACE',''
  ) );
#7926 = PCURVE('',#2190,#7927);
#7927 = DEFINITIONAL_REPRESENTATION('',(#7928),#7932);
#7928 = LINE('',#7929,#7930);
#7929 = CARTESIAN_POINT('',(60.979172831516,-2.444065149578E-03));
#7930 = VECTOR('',#7931,1.);
#7931 = DIRECTION('',(-0.999999999197,4.008032634959E-05));
#7932 = ( GEOMETRIC_REPRESENTATION_CONTEXT(2) 
PARAMETRIC_REPRESENTATION_CONTEXT() REPRESENTATION_CONTEXT('2D SPACE',''
  ) );
#7933 = ORIENTED_EDGE('',*,*,#146,.F.);
#7934 = ORIENTED_EDGE('',*,*,#7935,.T.);
#7935 = EDGE_CURVE('',#114,#4828,#7936,.T.);
#7936 = SURFACE_CURVE('',#7937,(#7941,#7948),.PCURVE_S1.);
#7937 = LINE('',#7938,#7939);
#7938 = CARTESIAN_POINT('',(278.866468,0.,90.374485));
#7939 = VECTOR('',#7940,1.);
#7940 = DIRECTION('',(-0.152272746792,-0.792936381693,0.58997025787));
#7941 = PCURVE('',#162,#7942);
#7942 = DEFINITIONAL_REPRESENTATION('',(#7943),#7947);
#7943 = LINE('',#7944,#7945);
#7944 = CARTESIAN_POINT('',(-30.67995396821,-40.07239172858));
#7945 = VECTOR('',#7946,1.);
#7946 = DIRECTION('',(0.607904619662,0.794010058749));
#7947 = ( GEOMETRIC_REPRESENTATION_CONTEXT(2) 
PARAMETRIC_REPRESENTATION_CONTEXT() REPRESENTATION_CONTEXT('2D SPACE',''
  ) );
#7948 = PCURVE('',#2053,#7949);
#7949 = DEFINITIONAL_REPRESENTATION('',(#7950),#7954);
#7950 = LINE('',#7951,#7952);
#7951 = CARTESIAN_POINT('',(0.,0.));
#7952 = VECTOR('',#7953,1.);
#7953 = DIRECTION('',(0.609284916831,0.792951379419));
#7954 = ( GEOMETRIC_REPRESENTATION_CONTEXT(2) 
PARAMETRIC_REPRESENTATION_CONTEXT() REPRESENTATION_CONTEXT('2D SPACE',''
  ) );
#7955 = ADVANCED_FACE('',(#7956),#7966,.T.);
#7956 = FACE_BOUND('',#7957,.T.);
#7957 = EDGE_LOOP('',(#7958,#7984,#8012));
#7958 = ORIENTED_EDGE('',*,*,#7959,.T.);
#7959 = EDGE_CURVE('',#2329,#204,#7960,.T.);
#7960 = SURFACE_CURVE('',#7961,(#7965,#7977),.PCURVE_S1.);
#7961 = LINE('',#7962,#7963);
#7962 = CARTESIAN_POINT('',(228.967343,-139.195462,139.20743));
#7963 = VECTOR('',#7964,1.);
#7964 = DIRECTION('',(0.957454926699,-1.297823013733E-02,0.288290875475)
  );
#7965 = PCURVE('',#7966,#7971);
#7966 = PLANE('',#7967);
#7967 = AXIS2_PLACEMENT_3D('',#7968,#7969,#7970);
#7968 = CARTESIAN_POINT('',(228.967343,-139.195462,139.20743));
#7969 = DIRECTION('',(-2.974480377699E-02,-0.998105693741,
    5.385416204961E-02));
#7970 = DIRECTION('',(0.,-5.387800169512E-02,-0.998547525626));
#7971 = DEFINITIONAL_REPRESENTATION('',(#7972),#7976);
#7972 = LINE('',#7973,#7974);
#7973 = CARTESIAN_POINT('',(0.,0.));
#7974 = VECTOR('',#7975,1.);
#7975 = DIRECTION('',(-0.28717289926,0.957878763691));
#7976 = ( GEOMETRIC_REPRESENTATION_CONTEXT(2) 
PARAMETRIC_REPRESENTATION_CONTEXT() REPRESENTATION_CONTEXT('2D SPACE',''
  ) );
#7977 = PCURVE('',#226,#7978);
#7978 = DEFINITIONAL_REPRESENTATION('',(#7979),#7983);
#7979 = LINE('',#7980,#7981);
#7980 = CARTESIAN_POINT('',(8.03537928171,-27.82374778179));
#7981 = VECTOR('',#7982,1.);
#7982 = DIRECTION('',(-0.277457036021,0.960738046068));
#7983 = ( GEOMETRIC_REPRESENTATION_CONTEXT(2) 
PARAMETRIC_REPRESENTATION_CONTEXT() REPRESENTATION_CONTEXT('2D SPACE',''
  ) );
#7984 = ORIENTED_EDGE('',*,*,#7985,.T.);
#7985 = EDGE_CURVE('',#204,#7986,#7988,.T.);
#7986 = VERTEX_POINT('',#7987);
#7987 = CARTESIAN_POINT('',(243.792891,-138.239472,165.11373));
#7988 = SURFACE_CURVE('',#7989,(#7993,#8000),.PCURVE_S1.);
#7989 = LINE('',#7990,#7991);
#7990 = CARTESIAN_POINT('',(256.696009,-139.571322,147.556566));
#7991 = VECTOR('',#7992,1.);
#7992 = DIRECTION('',(-0.591091730245,6.101203762742E-02,0.804293539512)
  );
#7993 = PCURVE('',#7966,#7994);
#7994 = DEFINITIONAL_REPRESENTATION('',(#7995),#7999);
#7995 = LINE('',#7996,#7997);
#7996 = CARTESIAN_POINT('',(-8.316758508196,27.740940660727));
#7997 = VECTOR('',#7998,1.);
#7998 = DIRECTION('',(-0.806412530423,-0.59135338908));
#7999 = ( GEOMETRIC_REPRESENTATION_CONTEXT(2) 
PARAMETRIC_REPRESENTATION_CONTEXT() REPRESENTATION_CONTEXT('2D SPACE',''
  ) );
#8000 = PCURVE('',#8001,#8006);
#8001 = PLANE('',#8002);
#8002 = AXIS2_PLACEMENT_3D('',#8003,#8004,#8005);
#8003 = CARTESIAN_POINT('',(243.792891,-138.239472,165.11373));
#8004 = DIRECTION('',(4.342417825233E-02,-0.993282076483,0.107261630045)
  );
#8005 = DIRECTION('',(0.,-0.107362902735,-0.994219898773));
#8006 = DEFINITIONAL_REPRESENTATION('',(#8007),#8011);
#8007 = LINE('',#8008,#8009);
#8008 = CARTESIAN_POINT('',(17.59867309683,12.915300673939));
#8009 = VECTOR('',#8010,1.);
#8010 = DIRECTION('',(-0.806195070899,-0.591649818439));
#8011 = ( GEOMETRIC_REPRESENTATION_CONTEXT(2) 
PARAMETRIC_REPRESENTATION_CONTEXT() REPRESENTATION_CONTEXT('2D SPACE',''
  ) );
#8012 = ORIENTED_EDGE('',*,*,#8013,.T.);
#8013 = EDGE_CURVE('',#7986,#2329,#8014,.T.);
#8014 = SURFACE_CURVE('',#8015,(#8019,#8026),.PCURVE_S1.);
#8015 = LINE('',#8016,#8017);
#8016 = CARTESIAN_POINT('',(243.792891,-138.239472,165.11373));
#8017 = VECTOR('',#8018,1.);
#8018 = DIRECTION('',(-0.496438592872,-3.201165517792E-02,
    -0.867481398901));
#8019 = PCURVE('',#7966,#8020);
#8020 = DEFINITIONAL_REPRESENTATION('',(#8021),#8025);
#8021 = LINE('',#8022,#8023);
#8022 = CARTESIAN_POINT('',(-25.92017859395,14.832110831829));
#8023 = VECTOR('',#8024,1.);
#8024 = DIRECTION('',(0.867946128411,-0.496658351561));
#8025 = ( GEOMETRIC_REPRESENTATION_CONTEXT(2) 
PARAMETRIC_REPRESENTATION_CONTEXT() REPRESENTATION_CONTEXT('2D SPACE',''
  ) );
#8026 = PCURVE('',#8027,#8032);
#8027 = PLANE('',#8028);
#8028 = AXIS2_PLACEMENT_3D('',#8029,#8030,#8031);
#8029 = CARTESIAN_POINT('',(243.792891,-138.239472,165.11373));
#8030 = DIRECTION('',(-0.504942471389,-0.80221354749,0.318569497616));
#8031 = DIRECTION('',(-0.846306535289,0.532696206414,0.));
#8032 = DEFINITIONAL_REPRESENTATION('',(#8033),#8037);
#8033 = LINE('',#8034,#8035);
#8034 = CARTESIAN_POINT('',(0.,-0.));
#8035 = VECTOR('',#8036,1.);
#8036 = DIRECTION('',(0.403086738243,0.915161778842));
#8037 = ( GEOMETRIC_REPRESENTATION_CONTEXT(2) 
PARAMETRIC_REPRESENTATION_CONTEXT() REPRESENTATION_CONTEXT('2D SPACE',''
  ) );
#8038 = ADVANCED_FACE('',(#8039),#226,.T.);
#8039 = FACE_BOUND('',#8040,.T.);
#8040 = EDGE_LOOP('',(#8041,#8042,#8043));
#8041 = ORIENTED_EDGE('',*,*,#7959,.F.);
#8042 = ORIENTED_EDGE('',*,*,#2328,.F.);
#8043 = ORIENTED_EDGE('',*,*,#203,.F.);
#8044 = ADVANCED_FACE('',(#8045),#254,.T.);
#8045 = FACE_BOUND('',#8046,.T.);
#8046 = EDGE_LOOP('',(#8047,#8048,#8049));
#8047 = ORIENTED_EDGE('',*,*,#5000,.F.);
#8048 = ORIENTED_EDGE('',*,*,#238,.F.);
#8049 = ORIENTED_EDGE('',*,*,#8050,.T.);
#8050 = EDGE_CURVE('',#206,#5001,#8051,.T.);
#8051 = SURFACE_CURVE('',#8052,(#8056,#8063),.PCURVE_S1.);
#8052 = LINE('',#8053,#8054);
#8053 = CARTESIAN_POINT('',(244.020451,-144.345968,122.950961));
#8054 = VECTOR('',#8055,1.);
#8055 = DIRECTION('',(-0.509924100662,6.137370917732E-02,-0.858027202008
    ));
#8056 = PCURVE('',#254,#8057);
#8057 = DEFINITIONAL_REPRESENTATION('',(#8058),#8062);
#8058 = LINE('',#8059,#8060);
#8059 = CARTESIAN_POINT('',(-18.62177182847,-31.1512945481));
#8060 = VECTOR('',#8061,1.);
#8061 = DIRECTION('',(0.513097031855,0.858330609906));
#8062 = ( GEOMETRIC_REPRESENTATION_CONTEXT(2) 
PARAMETRIC_REPRESENTATION_CONTEXT() REPRESENTATION_CONTEXT('2D SPACE',''
  ) );
#8063 = PCURVE('',#8064,#8069);
#8064 = PLANE('',#8065);
#8065 = AXIS2_PLACEMENT_3D('',#8066,#8067,#8068);
#8066 = CARTESIAN_POINT('',(244.020451,-144.345968,122.950961));
#8067 = DIRECTION('',(-0.787018587993,-0.435927111787,0.436542432488));
#8068 = DIRECTION('',(-0.485056862454,-2.775557561563E-17,
    -0.874482612856));
#8069 = DEFINITIONAL_REPRESENTATION('',(#8070),#8074);
#8070 = LINE('',#8071,#8072);
#8071 = CARTESIAN_POINT('',(-0.,0.));
#8072 = VECTOR('',#8073,1.);
#8073 = DIRECTION('',(0.99767205387,-6.819437606789E-02));
#8074 = ( GEOMETRIC_REPRESENTATION_CONTEXT(2) 
PARAMETRIC_REPRESENTATION_CONTEXT() REPRESENTATION_CONTEXT('2D SPACE',''
  ) );
#8075 = ADVANCED_FACE('',(#8076),#346,.T.);
#8076 = FACE_BOUND('',#8077,.T.);
#8077 = EDGE_LOOP('',(#8078,#8079,#8105));
#8078 = ORIENTED_EDGE('',*,*,#330,.F.);
#8079 = ORIENTED_EDGE('',*,*,#8080,.T.);
#8080 = EDGE_CURVE('',#298,#2565,#8081,.T.);
#8081 = SURFACE_CURVE('',#8082,(#8086,#8093),.PCURVE_S1.);
#8082 = LINE('',#8083,#8084);
#8083 = CARTESIAN_POINT('',(256.696009,139.571322,147.556566));
#8084 = VECTOR('',#8085,1.);
#8085 = DIRECTION('',(2.731679713896E-02,0.177333839045,-0.983771570093)
  );
#8086 = PCURVE('',#346,#8087);
#8087 = DEFINITIONAL_REPRESENTATION('',(#8088),#8092);
#8088 = LINE('',#8089,#8090);
#8089 = CARTESIAN_POINT('',(25.062575735022,12.679515368459));
#8090 = VECTOR('',#8091,1.);
#8091 = DIRECTION('',(-0.999626593575,2.732532557072E-02));
#8092 = ( GEOMETRIC_REPRESENTATION_CONTEXT(2) 
PARAMETRIC_REPRESENTATION_CONTEXT() REPRESENTATION_CONTEXT('2D SPACE',''
  ) );
#8093 = PCURVE('',#8094,#8099);
#8094 = PLANE('',#8095);
#8095 = AXIS2_PLACEMENT_3D('',#8096,#8097,#8098);
#8096 = CARTESIAN_POINT('',(257.855997,147.101675,105.781419));
#8097 = DIRECTION('',(0.196893806339,0.963905096825,0.179219957986));
#8098 = DIRECTION('',(0.979768499633,-0.200134172813,0.));
#8099 = DEFINITIONAL_REPRESENTATION('',(#8100),#8104);
#8100 = LINE('',#8101,#8102);
#8101 = CARTESIAN_POINT('',(0.370561266293,-42.46265865068));
#8102 = VECTOR('',#8103,1.);
#8103 = DIRECTION('',(-8.726423841359E-03,0.999961924039));
#8104 = ( GEOMETRIC_REPRESENTATION_CONTEXT(2) 
PARAMETRIC_REPRESENTATION_CONTEXT() REPRESENTATION_CONTEXT('2D SPACE',''
  ) );
#8105 = ORIENTED_EDGE('',*,*,#2625,.F.);
#8106 = ADVANCED_FACE('',(#8107),#2587,.T.);
#8107 = FACE_BOUND('',#8108,.T.);
#8108 = EDGE_LOOP('',(#8109,#8110,#8136));
#8109 = ORIENTED_EDGE('',*,*,#2564,.F.);
#8110 = ORIENTED_EDGE('',*,*,#8111,.T.);
#8111 = EDGE_CURVE('',#2565,#5667,#8112,.T.);
#8112 = SURFACE_CURVE('',#8113,(#8117,#8124),.PCURVE_S1.);
#8113 = LINE('',#8114,#8115);
#8114 = CARTESIAN_POINT('',(257.855997,147.101675,105.781419));
#8115 = VECTOR('',#8116,1.);
#8116 = DIRECTION('',(-0.507186650286,6.110276172108E-02,-0.85966746727)
  );
#8117 = PCURVE('',#2587,#8118);
#8118 = DEFINITIONAL_REPRESENTATION('',(#8119),#8123);
#8119 = LINE('',#8120,#8121);
#8120 = CARTESIAN_POINT('',(32.590773144331,-14.2783143913));
#8121 = VECTOR('',#8122,1.);
#8122 = DIRECTION('',(-0.477570355595,0.878593509797));
#8123 = ( GEOMETRIC_REPRESENTATION_CONTEXT(2) 
PARAMETRIC_REPRESENTATION_CONTEXT() REPRESENTATION_CONTEXT('2D SPACE',''
  ) );
#8124 = PCURVE('',#8125,#8130);
#8125 = PLANE('',#8126);
#8126 = AXIS2_PLACEMENT_3D('',#8127,#8128,#8129);
#8127 = CARTESIAN_POINT('',(270.663686,147.682391,88.587409));
#8128 = DIRECTION('',(2.78925018219E-02,0.998124780256,
    5.448790123177E-02));
#8129 = DIRECTION('',(2.168404344971E-19,-5.450910917358E-02,
    0.99851327333));
#8130 = DEFINITIONAL_REPRESENTATION('',(#8131),#8135);
#8131 = LINE('',#8132,#8133);
#8132 = CARTESIAN_POINT('',(17.200101518619,-12.81267404653));
#8133 = VECTOR('',#8134,1.);
#8134 = DIRECTION('',(-0.861720033829,-0.507384058972));
#8135 = ( GEOMETRIC_REPRESENTATION_CONTEXT(2) 
PARAMETRIC_REPRESENTATION_CONTEXT() REPRESENTATION_CONTEXT('2D SPACE',''
  ) );
#8136 = ORIENTED_EDGE('',*,*,#8137,.T.);
#8137 = EDGE_CURVE('',#5667,#2567,#8138,.T.);
#8138 = SURFACE_CURVE('',#8139,(#8143,#8150),.PCURVE_S1.);
#8139 = LINE('',#8140,#8141);
#8140 = CARTESIAN_POINT('',(242.644007,148.934323,79.997513));
#8141 = VECTOR('',#8142,1.);
#8142 = DIRECTION('',(-0.782331323068,-0.311275391934,0.539504709268));
#8143 = PCURVE('',#2587,#8144);
#8144 = DEFINITIONAL_REPRESENTATION('',(#8145),#8149);
#8145 = LINE('',#8146,#8147);
#8146 = CARTESIAN_POINT('',(18.267061213995,12.073238193044));
#8147 = VECTOR('',#8148,1.);
#8148 = DIRECTION('',(-0.834252763712,-0.551382196157));
#8149 = ( GEOMETRIC_REPRESENTATION_CONTEXT(2) 
PARAMETRIC_REPRESENTATION_CONTEXT() REPRESENTATION_CONTEXT('2D SPACE',''
  ) );
#8150 = PCURVE('',#5687,#8151);
#8151 = DEFINITIONAL_REPRESENTATION('',(#8152),#8156);
#8152 = LINE('',#8153,#8154);
#8153 = CARTESIAN_POINT('',(0.,0.));
#8154 = VECTOR('',#8155,1.);
#8155 = DIRECTION('',(0.620656909739,-0.784082266343));
#8156 = ( GEOMETRIC_REPRESENTATION_CONTEXT(2) 
PARAMETRIC_REPRESENTATION_CONTEXT() REPRESENTATION_CONTEXT('2D SPACE',''
  ) );
#8157 = ADVANCED_FACE('',(#8158),#318,.T.);
#8158 = FACE_BOUND('',#8159,.T.);
#8159 = EDGE_LOOP('',(#8160,#8161,#8187));
#8160 = ORIENTED_EDGE('',*,*,#295,.F.);
#8161 = ORIENTED_EDGE('',*,*,#8162,.T.);
#8162 = EDGE_CURVE('',#296,#2685,#8163,.T.);
#8163 = SURFACE_CURVE('',#8164,(#8168,#8175),.PCURVE_S1.);
#8164 = LINE('',#8165,#8166);
#8165 = CARTESIAN_POINT('',(228.967343,139.195462,139.20743));
#8166 = VECTOR('',#8167,1.);
#8167 = DIRECTION('',(0.496438592872,-3.201165517792E-02,0.867481398901)
  );
#8168 = PCURVE('',#318,#8169);
#8169 = DEFINITIONAL_REPRESENTATION('',(#8170),#8174);
#8170 = LINE('',#8171,#8172);
#8171 = CARTESIAN_POINT('',(-8.316758508196,-27.74094066072));
#8172 = VECTOR('',#8173,1.);
#8173 = DIRECTION('',(0.867946128411,0.496658351561));
#8174 = ( GEOMETRIC_REPRESENTATION_CONTEXT(2) 
PARAMETRIC_REPRESENTATION_CONTEXT() REPRESENTATION_CONTEXT('2D SPACE',''
  ) );
#8175 = PCURVE('',#8176,#8181);
#8176 = PLANE('',#8177);
#8177 = AXIS2_PLACEMENT_3D('',#8178,#8179,#8180);
#8178 = CARTESIAN_POINT('',(230.,130.,164.));
#8179 = DIRECTION('',(-0.504942471389,0.80221354749,0.318569497616));
#8180 = DIRECTION('',(0.846306535289,0.532696206414,0.));
#8181 = DEFINITIONAL_REPRESENTATION('',(#8182),#8186);
#8182 = LINE('',#8183,#8184);
#8183 = CARTESIAN_POINT('',(4.02444335581,26.155272599494));
#8184 = VECTOR('',#8185,1.);
#8185 = DIRECTION('',(0.403086738243,-0.915161778842));
#8186 = ( GEOMETRIC_REPRESENTATION_CONTEXT(2) 
PARAMETRIC_REPRESENTATION_CONTEXT() REPRESENTATION_CONTEXT('2D SPACE',''
  ) );
#8187 = ORIENTED_EDGE('',*,*,#8188,.T.);
#8188 = EDGE_CURVE('',#2685,#298,#8189,.T.);
#8189 = SURFACE_CURVE('',#8190,(#8194,#8201),.PCURVE_S1.);
#8190 = LINE('',#8191,#8192);
#8191 = CARTESIAN_POINT('',(243.792891,138.239472,165.11373));
#8192 = VECTOR('',#8193,1.);
#8193 = DIRECTION('',(0.591091730245,6.101203762742E-02,-0.804293539512)
  );
#8194 = PCURVE('',#318,#8195);
#8195 = DEFINITIONAL_REPRESENTATION('',(#8196),#8200);
#8196 = LINE('',#8197,#8198);
#8197 = CARTESIAN_POINT('',(17.603420085763,-12.90882982889));
#8198 = VECTOR('',#8199,1.);
#8199 = DIRECTION('',(-0.806412530423,0.59135338908));
#8200 = ( GEOMETRIC_REPRESENTATION_CONTEXT(2) 
PARAMETRIC_REPRESENTATION_CONTEXT() REPRESENTATION_CONTEXT('2D SPACE',''
  ) );
#8201 = PCURVE('',#2700,#8202);
#8202 = DEFINITIONAL_REPRESENTATION('',(#8203),#8207);
#8203 = LINE('',#8204,#8205);
#8204 = CARTESIAN_POINT('',(0.,0.));
#8205 = VECTOR('',#8206,1.);
#8206 = DIRECTION('',(-0.806195070899,0.591649818439));
#8207 = ( GEOMETRIC_REPRESENTATION_CONTEXT(2) 
PARAMETRIC_REPRESENTATION_CONTEXT() REPRESENTATION_CONTEXT('2D SPACE',''
  ) );
#8208 = ADVANCED_FACE('',(#8209),#410,.T.);
#8209 = FACE_BOUND('',#8210,.T.);
#8210 = EDGE_LOOP('',(#8211,#8212,#8240));
#8211 = ORIENTED_EDGE('',*,*,#387,.F.);
#8212 = ORIENTED_EDGE('',*,*,#8213,.T.);
#8213 = EDGE_CURVE('',#388,#8214,#8216,.T.);
#8214 = VERTEX_POINT('',#8215);
#8215 = CARTESIAN_POINT('',(209.41929,32.500518,56.593063));
#8216 = SURFACE_CURVE('',#8217,(#8221,#8228),.PCURVE_S1.);
#8217 = LINE('',#8218,#8219);
#8218 = CARTESIAN_POINT('',(217.216273,-0.,60.));
#8219 = VECTOR('',#8220,1.);
#8220 = DIRECTION('',(-0.232081453086,0.96739565079,-0.101409338655));
#8221 = PCURVE('',#410,#8222);
#8222 = DEFINITIONAL_REPRESENTATION('',(#8223),#8227);
#8223 = LINE('',#8224,#8225);
#8224 = CARTESIAN_POINT('',(15.470260660646,1.387778780781E-17));
#8225 = VECTOR('',#8226,1.);
#8226 = DIRECTION('',(-0.252904667146,0.967491203751));
#8227 = ( GEOMETRIC_REPRESENTATION_CONTEXT(2) 
PARAMETRIC_REPRESENTATION_CONTEXT() REPRESENTATION_CONTEXT('2D SPACE',''
  ) );
#8228 = PCURVE('',#8229,#8234);
#8229 = PLANE('',#8230);
#8230 = AXIS2_PLACEMENT_3D('',#8231,#8232,#8233);
#8231 = CARTESIAN_POINT('',(209.41929,32.500518,56.593063));
#8232 = DIRECTION('',(-0.417895287277,-5.020960248639E-03,0.908481325526
    ));
#8233 = DIRECTION('',(0.908492777169,0.,0.417900554956));
#8234 = DEFINITIONAL_REPRESENTATION('',(#8235),#8239);
#8235 = LINE('',#8236,#8237);
#8236 = CARTESIAN_POINT('',(8.507263602206,-32.50092767745));
#8237 = VECTOR('',#8238,1.);
#8238 = DIRECTION('',(-0.253223342745,0.967407845063));
#8239 = ( GEOMETRIC_REPRESENTATION_CONTEXT(2) 
PARAMETRIC_REPRESENTATION_CONTEXT() REPRESENTATION_CONTEXT('2D SPACE',''
  ) );
#8240 = ORIENTED_EDGE('',*,*,#8241,.T.);
#8241 = EDGE_CURVE('',#8214,#390,#8242,.T.);
#8242 = SURFACE_CURVE('',#8243,(#8247,#8254),.PCURVE_S1.);
#8243 = LINE('',#8244,#8245);
#8244 = CARTESIAN_POINT('',(209.41929,32.500518,56.593063));
#8245 = VECTOR('',#8246,1.);
#8246 = DIRECTION('',(-0.181270346013,-0.977652700207,-0.106471871562));
#8247 = PCURVE('',#410,#8248);
#8248 = DEFINITIONAL_REPRESENTATION('',(#8249),#8253);
#8249 = LINE('',#8250,#8251);
#8250 = CARTESIAN_POINT('',(6.973703248847,32.503728186788));
#8251 = VECTOR('',#8252,1.);
#8252 = DIRECTION('',(-0.209776958376,-0.977749266292));
#8253 = ( GEOMETRIC_REPRESENTATION_CONTEXT(2) 
PARAMETRIC_REPRESENTATION_CONTEXT() REPRESENTATION_CONTEXT('2D SPACE',''
  ) );
#8254 = PCURVE('',#2882,#8255);
#8255 = DEFINITIONAL_REPRESENTATION('',(#8256),#8260);
#8256 = LINE('',#8257,#8258);
#8257 = CARTESIAN_POINT('',(0.,0.));
#8258 = VECTOR('',#8259,1.);
#8259 = DIRECTION('',(-0.210157147356,-0.977667619089));
#8260 = ( GEOMETRIC_REPRESENTATION_CONTEXT(2) 
PARAMETRIC_REPRESENTATION_CONTEXT() REPRESENTATION_CONTEXT('2D SPACE',''
  ) );
#8261 = ADVANCED_FACE('',(#8262),#2882,.T.);
#8262 = FACE_BOUND('',#8263,.T.);
#8263 = EDGE_LOOP('',(#8264,#8285,#8286));
#8264 = ORIENTED_EDGE('',*,*,#8265,.T.);
#8265 = EDGE_CURVE('',#8214,#2867,#8266,.T.);
#8266 = SURFACE_CURVE('',#8267,(#8271,#8278),.PCURVE_S1.);
#8267 = LINE('',#8268,#8269);
#8268 = CARTESIAN_POINT('',(209.41929,32.500518,56.593063));
#8269 = VECTOR('',#8270,1.);
#8270 = DIRECTION('',(-0.84896554544,1.454085341331E-06,-0.528448202431)
  );
#8271 = PCURVE('',#2882,#8272);
#8272 = DEFINITIONAL_REPRESENTATION('',(#8273),#8277);
#8273 = LINE('',#8274,#8275);
#8274 = CARTESIAN_POINT('',(0.,0.));
#8275 = VECTOR('',#8276,1.);
#8276 = DIRECTION('',(-0.999999999999,1.454107530528E-06));
#8277 = ( GEOMETRIC_REPRESENTATION_CONTEXT(2) 
PARAMETRIC_REPRESENTATION_CONTEXT() REPRESENTATION_CONTEXT('2D SPACE',''
  ) );
#8278 = PCURVE('',#6292,#8279);
#8279 = DEFINITIONAL_REPRESENTATION('',(#8280),#8284);
#8280 = LINE('',#8281,#8282);
#8281 = CARTESIAN_POINT('',(13.754350883497,-2.00002480945E-05));
#8282 = VECTOR('',#8283,1.);
#8283 = DIRECTION('',(-0.999999999999,1.454103378915E-06));
#8284 = ( GEOMETRIC_REPRESENTATION_CONTEXT(2) 
PARAMETRIC_REPRESENTATION_CONTEXT() REPRESENTATION_CONTEXT('2D SPACE',''
  ) );
#8285 = ORIENTED_EDGE('',*,*,#2866,.F.);
#8286 = ORIENTED_EDGE('',*,*,#8241,.F.);
#8287 = ADVANCED_FACE('',(#8288),#438,.T.);
#8288 = FACE_BOUND('',#8289,.T.);
#8289 = EDGE_LOOP('',(#8290,#8311,#8312));
#8290 = ORIENTED_EDGE('',*,*,#8291,.T.);
#8291 = EDGE_CURVE('',#6308,#423,#8292,.T.);
#8292 = SURFACE_CURVE('',#8293,(#8297,#8304),.PCURVE_S1.);
#8293 = LINE('',#8294,#8295);
#8294 = CARTESIAN_POINT('',(197.74232,-32.500538,49.324601));
#8295 = VECTOR('',#8296,1.);
#8296 = DIRECTION('',(0.84896554544,1.454085341331E-06,0.528448202431));
#8297 = PCURVE('',#438,#8298);
#8298 = DEFINITIONAL_REPRESENTATION('',(#8299),#8303);
#8299 = LINE('',#8300,#8301);
#8300 = CARTESIAN_POINT('',(0.,0.));
#8301 = VECTOR('',#8302,1.);
#8302 = DIRECTION('',(0.999999999999,1.454107530526E-06));
#8303 = ( GEOMETRIC_REPRESENTATION_CONTEXT(2) 
PARAMETRIC_REPRESENTATION_CONTEXT() REPRESENTATION_CONTEXT('2D SPACE',''
  ) );
#8304 = PCURVE('',#2993,#8305);
#8305 = DEFINITIONAL_REPRESENTATION('',(#8306),#8310);
#8306 = LINE('',#8307,#8308);
#8307 = CARTESIAN_POINT('',(-13.75435088349,-2.00002480945E-05));
#8308 = VECTOR('',#8309,1.);
#8309 = DIRECTION('',(0.999999999999,1.454103378916E-06));
#8310 = ( GEOMETRIC_REPRESENTATION_CONTEXT(2) 
PARAMETRIC_REPRESENTATION_CONTEXT() REPRESENTATION_CONTEXT('2D SPACE',''
  ) );
#8311 = ORIENTED_EDGE('',*,*,#422,.F.);
#8312 = ORIENTED_EDGE('',*,*,#8313,.T.);
#8313 = EDGE_CURVE('',#390,#6308,#8314,.T.);
#8314 = SURFACE_CURVE('',#8315,(#8319,#8326),.PCURVE_S1.);
#8315 = LINE('',#8316,#8317);
#8316 = CARTESIAN_POINT('',(203.393244,-0.,53.053574));
#8317 = VECTOR('',#8318,1.);
#8318 = DIRECTION('',(-0.170217576805,-0.978983759684,-0.112324417747));
#8319 = PCURVE('',#438,#8320);
#8320 = DEFINITIONAL_REPRESENTATION('',(#8321),#8325);
#8321 = LINE('',#8322,#8323);
#8322 = CARTESIAN_POINT('',(6.768008853232,32.501033954945));
#8323 = VECTOR('',#8324,1.);
#8324 = DIRECTION('',(-0.20386649454,-0.978998698878));
#8325 = ( GEOMETRIC_REPRESENTATION_CONTEXT(2) 
PARAMETRIC_REPRESENTATION_CONTEXT() REPRESENTATION_CONTEXT('2D SPACE',''
  ) );
#8326 = PCURVE('',#2854,#8327);
#8327 = DEFINITIONAL_REPRESENTATION('',(#8328),#8332);
#8328 = LINE('',#8329,#8330);
#8329 = CARTESIAN_POINT('',(0.,0.));
#8330 = VECTOR('',#8331,1.);
#8331 = DIRECTION('',(-0.203928993898,-0.978985681942));
#8332 = ( GEOMETRIC_REPRESENTATION_CONTEXT(2) 
PARAMETRIC_REPRESENTATION_CONTEXT() REPRESENTATION_CONTEXT('2D SPACE',''
  ) );
#8333 = ADVANCED_FACE('',(#8334),#530,.T.);
#8334 = FACE_BOUND('',#8335,.T.);
#8335 = EDGE_LOOP('',(#8336,#8359,#8360));
#8336 = ORIENTED_EDGE('',*,*,#8337,.T.);
#8337 = EDGE_CURVE('',#8338,#515,#8340,.T.);
#8338 = VERTEX_POINT('',#8339);
#8339 = CARTESIAN_POINT('',(230.,-130.,164.));
#8340 = SURFACE_CURVE('',#8341,(#8345,#8352),.PCURVE_S1.);
#8341 = LINE('',#8342,#8343);
#8342 = CARTESIAN_POINT('',(230.,-130.,164.));
#8343 = VECTOR('',#8344,1.);
#8344 = DIRECTION('',(0.,0.780868809443,0.624695047554));
#8345 = PCURVE('',#530,#8346);
#8346 = DEFINITIONAL_REPRESENTATION('',(#8347),#8351);
#8347 = LINE('',#8348,#8349);
#8348 = CARTESIAN_POINT('',(0.,0.));
#8349 = VECTOR('',#8350,1.);
#8350 = DIRECTION('',(-0.624695047554,-0.780868809443));
#8351 = ( GEOMETRIC_REPRESENTATION_CONTEXT(2) 
PARAMETRIC_REPRESENTATION_CONTEXT() REPRESENTATION_CONTEXT('2D SPACE',''
  ) );
#8352 = PCURVE('',#3353,#8353);
#8353 = DEFINITIONAL_REPRESENTATION('',(#8354),#8358);
#8354 = LINE('',#8355,#8356);
#8355 = CARTESIAN_POINT('',(26.,32.5));
#8356 = VECTOR('',#8357,1.);
#8357 = DIRECTION('',(-0.624695047554,-0.780868809443));
#8358 = ( GEOMETRIC_REPRESENTATION_CONTEXT(2) 
PARAMETRIC_REPRESENTATION_CONTEXT() REPRESENTATION_CONTEXT('2D SPACE',''
  ) );
#8359 = ORIENTED_EDGE('',*,*,#514,.F.);
#8360 = ORIENTED_EDGE('',*,*,#8361,.T.);
#8361 = EDGE_CURVE('',#482,#8338,#8362,.T.);
#8362 = SURFACE_CURVE('',#8363,(#8367,#8374),.PCURVE_S1.);
#8363 = LINE('',#8364,#8365);
#8364 = CARTESIAN_POINT('',(230.,-97.5,138.));
#8365 = VECTOR('',#8366,1.);
#8366 = DIRECTION('',(0.,-0.780868809443,0.624695047554));
#8367 = PCURVE('',#530,#8368);
#8368 = DEFINITIONAL_REPRESENTATION('',(#8369),#8373);
#8369 = LINE('',#8370,#8371);
#8370 = CARTESIAN_POINT('',(26.,-32.5));
#8371 = VECTOR('',#8372,1.);
#8372 = DIRECTION('',(-0.624695047554,0.780868809443));
#8373 = ( GEOMETRIC_REPRESENTATION_CONTEXT(2) 
PARAMETRIC_REPRESENTATION_CONTEXT() REPRESENTATION_CONTEXT('2D SPACE',''
  ) );
#8374 = PCURVE('',#3211,#8375);
#8375 = DEFINITIONAL_REPRESENTATION('',(#8376),#8380);
#8376 = LINE('',#8377,#8378);
#8377 = CARTESIAN_POINT('',(0.,0.));
#8378 = VECTOR('',#8379,1.);
#8379 = DIRECTION('',(-0.624695047554,0.780868809443));
#8380 = ( GEOMETRIC_REPRESENTATION_CONTEXT(2) 
PARAMETRIC_REPRESENTATION_CONTEXT() REPRESENTATION_CONTEXT('2D SPACE',''
  ) );
#8381 = ADVANCED_FACE('',(#8382),#556,.T.);
#8382 = FACE_BOUND('',#8383,.T.);
#8383 = EDGE_LOOP('',(#8384,#8405,#8426));
#8384 = ORIENTED_EDGE('',*,*,#8385,.T.);
#8385 = EDGE_CURVE('',#515,#6622,#8386,.T.);
#8386 = SURFACE_CURVE('',#8387,(#8391,#8398),.PCURVE_S1.);
#8387 = LINE('',#8388,#8389);
#8388 = CARTESIAN_POINT('',(230.,-97.5,190.));
#8389 = VECTOR('',#8390,1.);
#8390 = DIRECTION('',(0.,0.780868809443,0.624695047554));
#8391 = PCURVE('',#556,#8392);
#8392 = DEFINITIONAL_REPRESENTATION('',(#8393),#8397);
#8393 = LINE('',#8394,#8395);
#8394 = CARTESIAN_POINT('',(0.,-0.));
#8395 = VECTOR('',#8396,1.);
#8396 = DIRECTION('',(-0.624695047554,-0.780868809443));
#8397 = ( GEOMETRIC_REPRESENTATION_CONTEXT(2) 
PARAMETRIC_REPRESENTATION_CONTEXT() REPRESENTATION_CONTEXT('2D SPACE',''
  ) );
#8398 = PCURVE('',#3327,#8399);
#8399 = DEFINITIONAL_REPRESENTATION('',(#8400),#8404);
#8400 = LINE('',#8401,#8402);
#8401 = CARTESIAN_POINT('',(26.,32.5));
#8402 = VECTOR('',#8403,1.);
#8403 = DIRECTION('',(-0.624695047554,-0.780868809443));
#8404 = ( GEOMETRIC_REPRESENTATION_CONTEXT(2) 
PARAMETRIC_REPRESENTATION_CONTEXT() REPRESENTATION_CONTEXT('2D SPACE',''
  ) );
#8405 = ORIENTED_EDGE('',*,*,#8406,.T.);
#8406 = EDGE_CURVE('',#6622,#480,#8407,.T.);
#8407 = SURFACE_CURVE('',#8408,(#8412,#8419),.PCURVE_S1.);
#8408 = LINE('',#8409,#8410);
#8409 = CARTESIAN_POINT('',(230.,-65.,216.));
#8410 = VECTOR('',#8411,1.);
#8411 = DIRECTION('',(0.,0.,-1.));
#8412 = PCURVE('',#556,#8413);
#8413 = DEFINITIONAL_REPRESENTATION('',(#8414),#8418);
#8414 = LINE('',#8415,#8416);
#8415 = CARTESIAN_POINT('',(-26.,-32.5));
#8416 = VECTOR('',#8417,1.);
#8417 = DIRECTION('',(1.,0.));
#8418 = ( GEOMETRIC_REPRESENTATION_CONTEXT(2) 
PARAMETRIC_REPRESENTATION_CONTEXT() REPRESENTATION_CONTEXT('2D SPACE',''
  ) );
#8419 = PCURVE('',#3121,#8420);
#8420 = DEFINITIONAL_REPRESENTATION('',(#8421),#8425);
#8421 = LINE('',#8422,#8423);
#8422 = CARTESIAN_POINT('',(-26.,32.5));
#8423 = VECTOR('',#8424,1.);
#8424 = DIRECTION('',(1.,0.));
#8425 = ( GEOMETRIC_REPRESENTATION_CONTEXT(2) 
PARAMETRIC_REPRESENTATION_CONTEXT() REPRESENTATION_CONTEXT('2D SPACE',''
  ) );
#8426 = ORIENTED_EDGE('',*,*,#542,.F.);
#8427 = ADVANCED_FACE('',(#8428),#502,.T.);
#8428 = FACE_BOUND('',#8429,.T.);
#8429 = EDGE_LOOP('',(#8430,#8431,#8452));
#8430 = ORIENTED_EDGE('',*,*,#479,.F.);
#8431 = ORIENTED_EDGE('',*,*,#8432,.T.);
#8432 = EDGE_CURVE('',#480,#7224,#8433,.T.);
#8433 = SURFACE_CURVE('',#8434,(#8438,#8445),.PCURVE_S1.);
#8434 = LINE('',#8435,#8436);
#8435 = CARTESIAN_POINT('',(230.,-65.,164.));
#8436 = VECTOR('',#8437,1.);
#8437 = DIRECTION('',(0.,0.,-1.));
#8438 = PCURVE('',#502,#8439);
#8439 = DEFINITIONAL_REPRESENTATION('',(#8440),#8444);
#8440 = LINE('',#8441,#8442);
#8441 = CARTESIAN_POINT('',(-26.,-32.5));
#8442 = VECTOR('',#8443,1.);
#8443 = DIRECTION('',(1.,0.));
#8444 = ( GEOMETRIC_REPRESENTATION_CONTEXT(2) 
PARAMETRIC_REPRESENTATION_CONTEXT() REPRESENTATION_CONTEXT('2D SPACE',''
  ) );
#8445 = PCURVE('',#3175,#8446);
#8446 = DEFINITIONAL_REPRESENTATION('',(#8447),#8451);
#8447 = LINE('',#8448,#8449);
#8448 = CARTESIAN_POINT('',(-26.,32.5));
#8449 = VECTOR('',#8450,1.);
#8450 = DIRECTION('',(1.,0.));
#8451 = ( GEOMETRIC_REPRESENTATION_CONTEXT(2) 
PARAMETRIC_REPRESENTATION_CONTEXT() REPRESENTATION_CONTEXT('2D SPACE',''
  ) );
#8452 = ORIENTED_EDGE('',*,*,#8453,.T.);
#8453 = EDGE_CURVE('',#7224,#482,#8454,.T.);
#8454 = SURFACE_CURVE('',#8455,(#8459,#8466),.PCURVE_S1.);
#8455 = LINE('',#8456,#8457);
#8456 = CARTESIAN_POINT('',(230.,-65.,112.));
#8457 = VECTOR('',#8458,1.);
#8458 = DIRECTION('',(0.,-0.780868809443,0.624695047554));
#8459 = PCURVE('',#502,#8460);
#8460 = DEFINITIONAL_REPRESENTATION('',(#8461),#8465);
#8461 = LINE('',#8462,#8463);
#8462 = CARTESIAN_POINT('',(26.,-32.5));
#8463 = VECTOR('',#8464,1.);
#8464 = DIRECTION('',(-0.624695047554,0.780868809443));
#8465 = ( GEOMETRIC_REPRESENTATION_CONTEXT(2) 
PARAMETRIC_REPRESENTATION_CONTEXT() REPRESENTATION_CONTEXT('2D SPACE',''
  ) );
#8466 = PCURVE('',#3239,#8467);
#8467 = DEFINITIONAL_REPRESENTATION('',(#8468),#8472);
#8468 = LINE('',#8469,#8470);
#8469 = CARTESIAN_POINT('',(0.,-0.));
#8470 = VECTOR('',#8471,1.);
#8471 = DIRECTION('',(-0.624695047554,0.780868809443));
#8472 = ( GEOMETRIC_REPRESENTATION_CONTEXT(2) 
PARAMETRIC_REPRESENTATION_CONTEXT() REPRESENTATION_CONTEXT('2D SPACE',''
  ) );
#8473 = ADVANCED_FACE('',(#8474),#622,.T.);
#8474 = FACE_BOUND('',#8475,.T.);
#8475 = EDGE_LOOP('',(#8476,#8497,#8498));
#8476 = ORIENTED_EDGE('',*,*,#8477,.T.);
#8477 = EDGE_CURVE('',#3625,#607,#8478,.T.);
#8478 = SURFACE_CURVE('',#8479,(#8483,#8490),.PCURVE_S1.);
#8479 = LINE('',#8480,#8481);
#8480 = CARTESIAN_POINT('',(200.,-80.,30.));
#8481 = VECTOR('',#8482,1.);
#8482 = DIRECTION('',(1.,0.,0.));
#8483 = PCURVE('',#622,#8484);
#8484 = DEFINITIONAL_REPRESENTATION('',(#8485),#8489);
#8485 = LINE('',#8486,#8487);
#8486 = CARTESIAN_POINT('',(0.,0.));
#8487 = VECTOR('',#8488,1.);
#8488 = DIRECTION('',(-1.,0.));
#8489 = ( GEOMETRIC_REPRESENTATION_CONTEXT(2) 
PARAMETRIC_REPRESENTATION_CONTEXT() REPRESENTATION_CONTEXT('2D SPACE',''
  ) );
#8490 = PCURVE('',#3609,#8491);
#8491 = DEFINITIONAL_REPRESENTATION('',(#8492),#8496);
#8492 = LINE('',#8493,#8494);
#8493 = CARTESIAN_POINT('',(30.,0.));
#8494 = VECTOR('',#8495,1.);
#8495 = DIRECTION('',(-1.,0.));
#8496 = ( GEOMETRIC_REPRESENTATION_CONTEXT(2) 
PARAMETRIC_REPRESENTATION_CONTEXT() REPRESENTATION_CONTEXT('2D SPACE',''
  ) );
#8497 = ORIENTED_EDGE('',*,*,#606,.F.);
#8498 = ORIENTED_EDGE('',*,*,#8499,.T.);
#8499 = EDGE_CURVE('',#574,#3625,#8500,.T.);
#8500 = SURFACE_CURVE('',#8501,(#8505,#8512),.PCURVE_S1.);
#8501 = LINE('',#8502,#8503);
#8502 = CARTESIAN_POINT('',(214.992221,-118.92266,30.));
#8503 = VECTOR('',#8504,1.);
#8504 = DIRECTION('',(-0.359437828717,0.933169034681,0.));
#8505 = PCURVE('',#622,#8506);
#8506 = DEFINITIONAL_REPRESENTATION('',(#8507),#8511);
#8507 = LINE('',#8508,#8509);
#8508 = CARTESIAN_POINT('',(-14.992221,-38.92266));
#8509 = VECTOR('',#8510,1.);
#8510 = DIRECTION('',(0.359437828717,0.933169034681));
#8511 = ( GEOMETRIC_REPRESENTATION_CONTEXT(2) 
PARAMETRIC_REPRESENTATION_CONTEXT() REPRESENTATION_CONTEXT('2D SPACE',''
  ) );
#8512 = PCURVE('',#3472,#8513);
#8513 = DEFINITIONAL_REPRESENTATION('',(#8514),#8518);
#8514 = LINE('',#8515,#8516);
#8515 = CARTESIAN_POINT('',(0.,0.));
#8516 = VECTOR('',#8517,1.);
#8517 = DIRECTION('',(0.359437828717,0.933169034681));
#8518 = ( GEOMETRIC_REPRESENTATION_CONTEXT(2) 
PARAMETRIC_REPRESENTATION_CONTEXT() REPRESENTATION_CONTEXT('2D SPACE',''
  ) );
#8519 = ADVANCED_FACE('',(#8520),#648,.T.);
#8520 = FACE_BOUND('',#8521,.T.);
#8521 = EDGE_LOOP('',(#8522,#8543,#8564));
#8522 = ORIENTED_EDGE('',*,*,#8523,.T.);
#8523 = EDGE_CURVE('',#607,#1941,#8524,.T.);
#8524 = SURFACE_CURVE('',#8525,(#8529,#8536),.PCURVE_S1.);
#8525 = LINE('',#8526,#8527);
#8526 = CARTESIAN_POINT('',(230.,-80.,30.));
#8527 = VECTOR('',#8528,1.);
#8528 = DIRECTION('',(1.,0.,0.));
#8529 = PCURVE('',#648,#8530);
#8530 = DEFINITIONAL_REPRESENTATION('',(#8531),#8535);
#8531 = LINE('',#8532,#8533);
#8532 = CARTESIAN_POINT('',(0.,0.));
#8533 = VECTOR('',#8534,1.);
#8534 = DIRECTION('',(-1.,0.));
#8535 = ( GEOMETRIC_REPRESENTATION_CONTEXT(2) 
PARAMETRIC_REPRESENTATION_CONTEXT() REPRESENTATION_CONTEXT('2D SPACE',''
  ) );
#8536 = PCURVE('',#3583,#8537);
#8537 = DEFINITIONAL_REPRESENTATION('',(#8538),#8542);
#8538 = LINE('',#8539,#8540);
#8539 = CARTESIAN_POINT('',(30.,0.));
#8540 = VECTOR('',#8541,1.);
#8541 = DIRECTION('',(-1.,0.));
#8542 = ( GEOMETRIC_REPRESENTATION_CONTEXT(2) 
PARAMETRIC_REPRESENTATION_CONTEXT() REPRESENTATION_CONTEXT('2D SPACE',''
  ) );
#8543 = ORIENTED_EDGE('',*,*,#8544,.T.);
#8544 = EDGE_CURVE('',#1941,#572,#8545,.T.);
#8545 = SURFACE_CURVE('',#8546,(#8550,#8557),.PCURVE_S1.);
#8546 = LINE('',#8547,#8548);
#8547 = CARTESIAN_POINT('',(260.,-80.,30.));
#8548 = VECTOR('',#8549,1.);
#8549 = DIRECTION('',(-0.359762575497,-0.933043883894,0.));
#8550 = PCURVE('',#648,#8551);
#8551 = DEFINITIONAL_REPRESENTATION('',(#8552),#8556);
#8552 = LINE('',#8553,#8554);
#8553 = CARTESIAN_POINT('',(-30.,0.));
#8554 = VECTOR('',#8555,1.);
#8555 = DIRECTION('',(0.359762575497,-0.933043883894));
#8556 = ( GEOMETRIC_REPRESENTATION_CONTEXT(2) 
PARAMETRIC_REPRESENTATION_CONTEXT() REPRESENTATION_CONTEXT('2D SPACE',''
  ) );
#8557 = PCURVE('',#2017,#8558);
#8558 = DEFINITIONAL_REPRESENTATION('',(#8559),#8563);
#8559 = LINE('',#8560,#8561);
#8560 = CARTESIAN_POINT('',(12.772518,38.41181));
#8561 = VECTOR('',#8562,1.);
#8562 = DIRECTION('',(0.359762575497,-0.933043883894));
#8563 = ( GEOMETRIC_REPRESENTATION_CONTEXT(2) 
PARAMETRIC_REPRESENTATION_CONTEXT() REPRESENTATION_CONTEXT('2D SPACE',''
  ) );
#8564 = ORIENTED_EDGE('',*,*,#634,.F.);
#8565 = ADVANCED_FACE('',(#8566),#594,.T.);
#8566 = FACE_BOUND('',#8567,.T.);
#8567 = EDGE_LOOP('',(#8568,#8569,#8592));
#8568 = ORIENTED_EDGE('',*,*,#571,.F.);
#8569 = ORIENTED_EDGE('',*,*,#8570,.T.);
#8570 = EDGE_CURVE('',#572,#8571,#8573,.T.);
#8571 = VERTEX_POINT('',#8572);
#8572 = CARTESIAN_POINT('',(229.974722,-157.134044,30.));
#8573 = SURFACE_CURVE('',#8574,(#8578,#8585),.PCURVE_S1.);
#8574 = LINE('',#8575,#8576);
#8575 = CARTESIAN_POINT('',(244.992221,-118.92266,30.));
#8576 = VECTOR('',#8577,1.);
#8577 = DIRECTION('',(-0.365776519482,-0.930702711824,0.));
#8578 = PCURVE('',#594,#8579);
#8579 = DEFINITIONAL_REPRESENTATION('',(#8580),#8584);
#8580 = LINE('',#8581,#8582);
#8581 = CARTESIAN_POINT('',(-30.,0.));
#8582 = VECTOR('',#8583,1.);
#8583 = DIRECTION('',(0.365776519482,-0.930702711824));
#8584 = ( GEOMETRIC_REPRESENTATION_CONTEXT(2) 
PARAMETRIC_REPRESENTATION_CONTEXT() REPRESENTATION_CONTEXT('2D SPACE',''
  ) );
#8585 = PCURVE('',#3436,#8586);
#8586 = DEFINITIONAL_REPRESENTATION('',(#8587),#8591);
#8587 = LINE('',#8588,#8589);
#8588 = CARTESIAN_POINT('',(12.758253,37.731052));
#8589 = VECTOR('',#8590,1.);
#8590 = DIRECTION('',(0.365776519482,-0.930702711824));
#8591 = ( GEOMETRIC_REPRESENTATION_CONTEXT(2) 
PARAMETRIC_REPRESENTATION_CONTEXT() REPRESENTATION_CONTEXT('2D SPACE',''
  ) );
#8592 = ORIENTED_EDGE('',*,*,#8593,.T.);
#8593 = EDGE_CURVE('',#8571,#574,#8594,.T.);
#8594 = SURFACE_CURVE('',#8595,(#8599,#8606),.PCURVE_S1.);
#8595 = LINE('',#8596,#8597);
#8596 = CARTESIAN_POINT('',(229.974722,-157.134044,30.));
#8597 = VECTOR('',#8598,1.);
#8598 = DIRECTION('',(-0.365037788324,0.93099270303,0.));
#8599 = PCURVE('',#594,#8600);
#8600 = DEFINITIONAL_REPRESENTATION('',(#8601),#8605);
#8601 = LINE('',#8602,#8603);
#8602 = CARTESIAN_POINT('',(-14.982501,-38.211384));
#8603 = VECTOR('',#8604,1.);
#8604 = DIRECTION('',(0.365037788324,0.93099270303));
#8605 = ( GEOMETRIC_REPRESENTATION_CONTEXT(2) 
PARAMETRIC_REPRESENTATION_CONTEXT() REPRESENTATION_CONTEXT('2D SPACE',''
  ) );
#8606 = PCURVE('',#3500,#8607);
#8607 = DEFINITIONAL_REPRESENTATION('',(#8608),#8612);
#8608 = LINE('',#8609,#8610);
#8609 = CARTESIAN_POINT('',(0.,0.));
#8610 = VECTOR('',#8611,1.);
#8611 = DIRECTION('',(0.365037788324,0.93099270303));
#8612 = ( GEOMETRIC_REPRESENTATION_CONTEXT(2) 
PARAMETRIC_REPRESENTATION_CONTEXT() REPRESENTATION_CONTEXT('2D SPACE',''
  ) );
#8613 = ADVANCED_FACE('',(#8614),#3844,.T.);
#8614 = FACE_BOUND('',#8615,.T.);
#8615 = EDGE_LOOP('',(#8616,#8644,#8645));
#8616 = ORIENTED_EDGE('',*,*,#8617,.T.);
#8617 = EDGE_CURVE('',#8618,#3829,#8620,.T.);
#8618 = VERTEX_POINT('',#8619);
#8619 = CARTESIAN_POINT('',(189.782818,40.,30.));
#8620 = SURFACE_CURVE('',#8621,(#8625,#8632),.PCURVE_S1.);
#8621 = LINE('',#8622,#8623);
#8622 = CARTESIAN_POINT('',(189.782818,40.,30.));
#8623 = VECTOR('',#8624,1.);
#8624 = DIRECTION('',(1.,0.,0.));
#8625 = PCURVE('',#3844,#8626);
#8626 = DEFINITIONAL_REPRESENTATION('',(#8627),#8631);
#8627 = LINE('',#8628,#8629);
#8628 = CARTESIAN_POINT('',(0.,0.));
#8629 = VECTOR('',#8630,1.);
#8630 = DIRECTION('',(-1.,0.));
#8631 = ( GEOMETRIC_REPRESENTATION_CONTEXT(2) 
PARAMETRIC_REPRESENTATION_CONTEXT() REPRESENTATION_CONTEXT('2D SPACE',''
  ) );
#8632 = PCURVE('',#8633,#8638);
#8633 = PLANE('',#8634);
#8634 = AXIS2_PLACEMENT_3D('',#8635,#8636,#8637);
#8635 = CARTESIAN_POINT('',(215.,40.,30.));
#8636 = DIRECTION('',(0.,-0.,-1.));
#8637 = DIRECTION('',(-1.,0.,-0.));
#8638 = DEFINITIONAL_REPRESENTATION('',(#8639),#8643);
#8639 = LINE('',#8640,#8641);
#8640 = CARTESIAN_POINT('',(25.217182,0.));
#8641 = VECTOR('',#8642,1.);
#8642 = DIRECTION('',(-1.,0.));
#8643 = ( GEOMETRIC_REPRESENTATION_CONTEXT(2) 
PARAMETRIC_REPRESENTATION_CONTEXT() REPRESENTATION_CONTEXT('2D SPACE',''
  ) );
#8644 = ORIENTED_EDGE('',*,*,#3828,.F.);
#8645 = ORIENTED_EDGE('',*,*,#8646,.T.);
#8646 = EDGE_CURVE('',#666,#8618,#8647,.T.);
#8647 = SURFACE_CURVE('',#8648,(#8652,#8659),.PCURVE_S1.);
#8648 = LINE('',#8649,#8650);
#8649 = CARTESIAN_POINT('',(200.,0.,30.));
#8650 = VECTOR('',#8651,1.);
#8651 = DIRECTION('',(-0.247483664453,0.96889206614,0.));
#8652 = PCURVE('',#3844,#8653);
#8653 = DEFINITIONAL_REPRESENTATION('',(#8654),#8658);
#8654 = LINE('',#8655,#8656);
#8655 = CARTESIAN_POINT('',(-10.217182,-40.));
#8656 = VECTOR('',#8657,1.);
#8657 = DIRECTION('',(0.247483664453,0.96889206614));
#8658 = ( GEOMETRIC_REPRESENTATION_CONTEXT(2) 
PARAMETRIC_REPRESENTATION_CONTEXT() REPRESENTATION_CONTEXT('2D SPACE',''
  ) );
#8659 = PCURVE('',#686,#8660);
#8660 = DEFINITIONAL_REPRESENTATION('',(#8661),#8665);
#8661 = LINE('',#8662,#8663);
#8662 = CARTESIAN_POINT('',(0.,0.));
#8663 = VECTOR('',#8664,1.);
#8664 = DIRECTION('',(0.247483664453,0.96889206614));
#8665 = ( GEOMETRIC_REPRESENTATION_CONTEXT(2) 
PARAMETRIC_REPRESENTATION_CONTEXT() REPRESENTATION_CONTEXT('2D SPACE',''
  ) );
#8666 = ADVANCED_FACE('',(#8667),#714,.T.);
#8667 = FACE_BOUND('',#8668,.T.);
#8668 = EDGE_LOOP('',(#8669,#8690,#8691));
#8669 = ORIENTED_EDGE('',*,*,#8670,.T.);
#8670 = EDGE_CURVE('',#3542,#699,#8671,.T.);
#8671 = SURFACE_CURVE('',#8672,(#8676,#8683),.PCURVE_S1.);
#8672 = LINE('',#8673,#8674);
#8673 = CARTESIAN_POINT('',(215.,-40.,30.));
#8674 = VECTOR('',#8675,1.);
#8675 = DIRECTION('',(-1.,0.,0.));
#8676 = PCURVE('',#714,#8677);
#8677 = DEFINITIONAL_REPRESENTATION('',(#8678),#8682);
#8678 = LINE('',#8679,#8680);
#8679 = CARTESIAN_POINT('',(0.,0.));
#8680 = VECTOR('',#8681,1.);
#8681 = DIRECTION('',(1.,0.));
#8682 = ( GEOMETRIC_REPRESENTATION_CONTEXT(2) 
PARAMETRIC_REPRESENTATION_CONTEXT() REPRESENTATION_CONTEXT('2D SPACE',''
  ) );
#8683 = PCURVE('',#3692,#8684);
#8684 = DEFINITIONAL_REPRESENTATION('',(#8685),#8689);
#8685 = LINE('',#8686,#8687);
#8686 = CARTESIAN_POINT('',(-25.217182,0.));
#8687 = VECTOR('',#8688,1.);
#8688 = DIRECTION('',(1.,0.));
#8689 = ( GEOMETRIC_REPRESENTATION_CONTEXT(2) 
PARAMETRIC_REPRESENTATION_CONTEXT() REPRESENTATION_CONTEXT('2D SPACE',''
  ) );
#8690 = ORIENTED_EDGE('',*,*,#698,.F.);
#8691 = ORIENTED_EDGE('',*,*,#8692,.T.);
#8692 = EDGE_CURVE('',#666,#3542,#8693,.T.);
#8693 = SURFACE_CURVE('',#8694,(#8698,#8705),.PCURVE_S1.);
#8694 = LINE('',#8695,#8696);
#8695 = CARTESIAN_POINT('',(200.,0.,30.));
#8696 = VECTOR('',#8697,1.);
#8697 = DIRECTION('',(0.351123441588,-0.936329177569,0.));
#8698 = PCURVE('',#714,#8699);
#8699 = DEFINITIONAL_REPRESENTATION('',(#8700),#8704);
#8700 = LINE('',#8701,#8702);
#8701 = CARTESIAN_POINT('',(15.,40.));
#8702 = VECTOR('',#8703,1.);
#8703 = DIRECTION('',(-0.351123441588,-0.936329177569));
#8704 = ( GEOMETRIC_REPRESENTATION_CONTEXT(2) 
PARAMETRIC_REPRESENTATION_CONTEXT() REPRESENTATION_CONTEXT('2D SPACE',''
  ) );
#8705 = PCURVE('',#3816,#8706);
#8706 = DEFINITIONAL_REPRESENTATION('',(#8707),#8711);
#8707 = LINE('',#8708,#8709);
#8708 = CARTESIAN_POINT('',(0.,0.));
#8709 = VECTOR('',#8710,1.);
#8710 = DIRECTION('',(-0.351123441588,-0.936329177569));
#8711 = ( GEOMETRIC_REPRESENTATION_CONTEXT(2) 
PARAMETRIC_REPRESENTATION_CONTEXT() REPRESENTATION_CONTEXT('2D SPACE',''
  ) );
#8712 = ADVANCED_FACE('',(#8713),#686,.T.);
#8713 = FACE_BOUND('',#8714,.T.);
#8714 = EDGE_LOOP('',(#8715,#8716,#8742));
#8715 = ORIENTED_EDGE('',*,*,#663,.F.);
#8716 = ORIENTED_EDGE('',*,*,#8717,.T.);
#8717 = EDGE_CURVE('',#664,#8618,#8718,.T.);
#8718 = SURFACE_CURVE('',#8719,(#8723,#8730),.PCURVE_S1.);
#8719 = LINE('',#8720,#8721);
#8720 = CARTESIAN_POINT('',(181.710018,0.,30.));
#8721 = VECTOR('',#8722,1.);
#8722 = DIRECTION('',(0.197831248208,0.980236092598,0.));
#8723 = PCURVE('',#686,#8724);
#8724 = DEFINITIONAL_REPRESENTATION('',(#8725),#8729);
#8725 = LINE('',#8726,#8727);
#8726 = CARTESIAN_POINT('',(18.289982,0.));
#8727 = VECTOR('',#8728,1.);
#8728 = DIRECTION('',(-0.197831248208,0.980236092598));
#8729 = ( GEOMETRIC_REPRESENTATION_CONTEXT(2) 
PARAMETRIC_REPRESENTATION_CONTEXT() REPRESENTATION_CONTEXT('2D SPACE',''
  ) );
#8730 = PCURVE('',#8731,#8736);
#8731 = PLANE('',#8732);
#8732 = AXIS2_PLACEMENT_3D('',#8733,#8734,#8735);
#8733 = CARTESIAN_POINT('',(181.710018,0.,30.));
#8734 = DIRECTION('',(0.,0.,-1.));
#8735 = DIRECTION('',(-1.,0.,-0.));
#8736 = DEFINITIONAL_REPRESENTATION('',(#8737),#8741);
#8737 = LINE('',#8738,#8739);
#8738 = CARTESIAN_POINT('',(0.,0.));
#8739 = VECTOR('',#8740,1.);
#8740 = DIRECTION('',(-0.197831248208,0.980236092598));
#8741 = ( GEOMETRIC_REPRESENTATION_CONTEXT(2) 
PARAMETRIC_REPRESENTATION_CONTEXT() REPRESENTATION_CONTEXT('2D SPACE',''
  ) );
#8742 = ORIENTED_EDGE('',*,*,#8646,.F.);
#8743 = ADVANCED_FACE('',(#8744),#806,.T.);
#8744 = FACE_BOUND('',#8745,.T.);
#8745 = EDGE_LOOP('',(#8746,#8767,#8768));
#8746 = ORIENTED_EDGE('',*,*,#8747,.T.);
#8747 = EDGE_CURVE('',#1856,#791,#8748,.T.);
#8748 = SURFACE_CURVE('',#8749,(#8753,#8760),.PCURVE_S1.);
#8749 = LINE('',#8750,#8751);
#8750 = CARTESIAN_POINT('',(260.,80.,30.));
#8751 = VECTOR('',#8752,1.);
#8752 = DIRECTION('',(-1.,0.,0.));
#8753 = PCURVE('',#806,#8754);
#8754 = DEFINITIONAL_REPRESENTATION('',(#8755),#8759);
#8755 = LINE('',#8756,#8757);
#8756 = CARTESIAN_POINT('',(0.,0.));
#8757 = VECTOR('',#8758,1.);
#8758 = DIRECTION('',(1.,0.));
#8759 = ( GEOMETRIC_REPRESENTATION_CONTEXT(2) 
PARAMETRIC_REPRESENTATION_CONTEXT() REPRESENTATION_CONTEXT('2D SPACE',''
  ) );
#8760 = PCURVE('',#4126,#8761);
#8761 = DEFINITIONAL_REPRESENTATION('',(#8762),#8766);
#8762 = LINE('',#8763,#8764);
#8763 = CARTESIAN_POINT('',(-30.,0.));
#8764 = VECTOR('',#8765,1.);
#8765 = DIRECTION('',(1.,0.));
#8766 = ( GEOMETRIC_REPRESENTATION_CONTEXT(2) 
PARAMETRIC_REPRESENTATION_CONTEXT() REPRESENTATION_CONTEXT('2D SPACE',''
  ) );
#8767 = ORIENTED_EDGE('',*,*,#790,.F.);
#8768 = ORIENTED_EDGE('',*,*,#8769,.T.);
#8769 = EDGE_CURVE('',#758,#1856,#8770,.T.);
#8770 = SURFACE_CURVE('',#8771,(#8775,#8782),.PCURVE_S1.);
#8771 = LINE('',#8772,#8773);
#8772 = CARTESIAN_POINT('',(244.992221,118.92266,30.));
#8773 = VECTOR('',#8774,1.);
#8774 = DIRECTION('',(0.359762575497,-0.933043883894,0.));
#8775 = PCURVE('',#806,#8776);
#8776 = DEFINITIONAL_REPRESENTATION('',(#8777),#8781);
#8777 = LINE('',#8778,#8779);
#8778 = CARTESIAN_POINT('',(15.007779,38.92266));
#8779 = VECTOR('',#8780,1.);
#8780 = DIRECTION('',(-0.359762575497,-0.933043883894));
#8781 = ( GEOMETRIC_REPRESENTATION_CONTEXT(2) 
PARAMETRIC_REPRESENTATION_CONTEXT() REPRESENTATION_CONTEXT('2D SPACE',''
  ) );
#8782 = PCURVE('',#3989,#8783);
#8783 = DEFINITIONAL_REPRESENTATION('',(#8784),#8788);
#8784 = LINE('',#8785,#8786);
#8785 = CARTESIAN_POINT('',(0.,0.));
#8786 = VECTOR('',#8787,1.);
#8787 = DIRECTION('',(-0.359762575497,-0.933043883894));
#8788 = ( GEOMETRIC_REPRESENTATION_CONTEXT(2) 
PARAMETRIC_REPRESENTATION_CONTEXT() REPRESENTATION_CONTEXT('2D SPACE',''
  ) );
#8789 = ADVANCED_FACE('',(#8790),#832,.T.);
#8790 = FACE_BOUND('',#8791,.T.);
#8791 = EDGE_LOOP('',(#8792,#8813,#8834));
#8792 = ORIENTED_EDGE('',*,*,#8793,.T.);
#8793 = EDGE_CURVE('',#791,#3708,#8794,.T.);
#8794 = SURFACE_CURVE('',#8795,(#8799,#8806),.PCURVE_S1.);
#8795 = LINE('',#8796,#8797);
#8796 = CARTESIAN_POINT('',(230.,80.,30.));
#8797 = VECTOR('',#8798,1.);
#8798 = DIRECTION('',(-1.,0.,0.));
#8799 = PCURVE('',#832,#8800);
#8800 = DEFINITIONAL_REPRESENTATION('',(#8801),#8805);
#8801 = LINE('',#8802,#8803);
#8802 = CARTESIAN_POINT('',(0.,0.));
#8803 = VECTOR('',#8804,1.);
#8804 = DIRECTION('',(1.,0.));
#8805 = ( GEOMETRIC_REPRESENTATION_CONTEXT(2) 
PARAMETRIC_REPRESENTATION_CONTEXT() REPRESENTATION_CONTEXT('2D SPACE',''
  ) );
#8806 = PCURVE('',#4100,#8807);
#8807 = DEFINITIONAL_REPRESENTATION('',(#8808),#8812);
#8808 = LINE('',#8809,#8810);
#8809 = CARTESIAN_POINT('',(-30.,0.));
#8810 = VECTOR('',#8811,1.);
#8811 = DIRECTION('',(1.,0.));
#8812 = ( GEOMETRIC_REPRESENTATION_CONTEXT(2) 
PARAMETRIC_REPRESENTATION_CONTEXT() REPRESENTATION_CONTEXT('2D SPACE',''
  ) );
#8813 = ORIENTED_EDGE('',*,*,#8814,.T.);
#8814 = EDGE_CURVE('',#3708,#756,#8815,.T.);
#8815 = SURFACE_CURVE('',#8816,(#8820,#8827),.PCURVE_S1.);
#8816 = LINE('',#8817,#8818);
#8817 = CARTESIAN_POINT('',(200.,80.,30.));
#8818 = VECTOR('',#8819,1.);
#8819 = DIRECTION('',(0.359437828717,0.933169034681,0.));
#8820 = PCURVE('',#832,#8821);
#8821 = DEFINITIONAL_REPRESENTATION('',(#8822),#8826);
#8822 = LINE('',#8823,#8824);
#8823 = CARTESIAN_POINT('',(30.,0.));
#8824 = VECTOR('',#8825,1.);
#8825 = DIRECTION('',(-0.359437828717,0.933169034681));
#8826 = ( GEOMETRIC_REPRESENTATION_CONTEXT(2) 
PARAMETRIC_REPRESENTATION_CONTEXT() REPRESENTATION_CONTEXT('2D SPACE',''
  ) );
#8827 = PCURVE('',#3782,#8828);
#8828 = DEFINITIONAL_REPRESENTATION('',(#8829),#8833);
#8829 = LINE('',#8830,#8831);
#8830 = CARTESIAN_POINT('',(-12.191363,-39.10832));
#8831 = VECTOR('',#8832,1.);
#8832 = DIRECTION('',(-0.359437828717,0.933169034681));
#8833 = ( GEOMETRIC_REPRESENTATION_CONTEXT(2) 
PARAMETRIC_REPRESENTATION_CONTEXT() REPRESENTATION_CONTEXT('2D SPACE',''
  ) );
#8834 = ORIENTED_EDGE('',*,*,#818,.F.);
#8835 = ADVANCED_FACE('',(#8836),#778,.T.);
#8836 = FACE_BOUND('',#8837,.T.);
#8837 = EDGE_LOOP('',(#8838,#8839,#8862));
#8838 = ORIENTED_EDGE('',*,*,#755,.F.);
#8839 = ORIENTED_EDGE('',*,*,#8840,.T.);
#8840 = EDGE_CURVE('',#756,#8841,#8843,.T.);
#8841 = VERTEX_POINT('',#8842);
#8842 = CARTESIAN_POINT('',(229.974722,157.134044,30.));
#8843 = SURFACE_CURVE('',#8844,(#8848,#8855),.PCURVE_S1.);
#8844 = LINE('',#8845,#8846);
#8845 = CARTESIAN_POINT('',(214.992221,118.92266,30.));
#8846 = VECTOR('',#8847,1.);
#8847 = DIRECTION('',(0.365037788324,0.93099270303,0.));
#8848 = PCURVE('',#778,#8849);
#8849 = DEFINITIONAL_REPRESENTATION('',(#8850),#8854);
#8850 = LINE('',#8851,#8852);
#8851 = CARTESIAN_POINT('',(30.,0.));
#8852 = VECTOR('',#8853,1.);
#8853 = DIRECTION('',(-0.365037788324,0.93099270303));
#8854 = ( GEOMETRIC_REPRESENTATION_CONTEXT(2) 
PARAMETRIC_REPRESENTATION_CONTEXT() REPRESENTATION_CONTEXT('2D SPACE',''
  ) );
#8855 = PCURVE('',#3953,#8856);
#8856 = DEFINITIONAL_REPRESENTATION('',(#8857),#8861);
#8857 = LINE('',#8858,#8859);
#8858 = CARTESIAN_POINT('',(-12.197621,-38.38399));
#8859 = VECTOR('',#8860,1.);
#8860 = DIRECTION('',(-0.365037788324,0.93099270303));
#8861 = ( GEOMETRIC_REPRESENTATION_CONTEXT(2) 
PARAMETRIC_REPRESENTATION_CONTEXT() REPRESENTATION_CONTEXT('2D SPACE',''
  ) );
#8862 = ORIENTED_EDGE('',*,*,#8863,.T.);
#8863 = EDGE_CURVE('',#8841,#758,#8864,.T.);
#8864 = SURFACE_CURVE('',#8865,(#8869,#8876),.PCURVE_S1.);
#8865 = LINE('',#8866,#8867);
#8866 = CARTESIAN_POINT('',(229.974722,157.134044,30.));
#8867 = VECTOR('',#8868,1.);
#8868 = DIRECTION('',(0.365776519482,-0.930702711824,0.));
#8869 = PCURVE('',#778,#8870);
#8870 = DEFINITIONAL_REPRESENTATION('',(#8871),#8875);
#8871 = LINE('',#8872,#8873);
#8872 = CARTESIAN_POINT('',(15.017499,38.211384));
#8873 = VECTOR('',#8874,1.);
#8874 = DIRECTION('',(-0.365776519482,-0.930702711824));
#8875 = ( GEOMETRIC_REPRESENTATION_CONTEXT(2) 
PARAMETRIC_REPRESENTATION_CONTEXT() REPRESENTATION_CONTEXT('2D SPACE',''
  ) );
#8876 = PCURVE('',#4017,#8877);
#8877 = DEFINITIONAL_REPRESENTATION('',(#8878),#8882);
#8878 = LINE('',#8879,#8880);
#8879 = CARTESIAN_POINT('',(0.,0.));
#8880 = VECTOR('',#8881,1.);
#8881 = DIRECTION('',(-0.365776519482,-0.930702711824));
#8882 = ( GEOMETRIC_REPRESENTATION_CONTEXT(2) 
PARAMETRIC_REPRESENTATION_CONTEXT() REPRESENTATION_CONTEXT('2D SPACE',''
  ) );
#8883 = ADVANCED_FACE('',(#8884),#898,.T.);
#8884 = FACE_BOUND('',#8885,.T.);
#8885 = EDGE_LOOP('',(#8886,#8907,#8908));
#8886 = ORIENTED_EDGE('',*,*,#8887,.T.);
#8887 = EDGE_CURVE('',#4394,#883,#8888,.T.);
#8888 = SURFACE_CURVE('',#8889,(#8893,#8900),.PCURVE_S1.);
#8889 = LINE('',#8890,#8891);
#8890 = CARTESIAN_POINT('',(248.519417,65.049197,209.441197));
#8891 = VECTOR('',#8892,1.);
#8892 = DIRECTION('',(0.246483699367,0.121364158003,-0.961517824639));
#8893 = PCURVE('',#898,#8894);
#8894 = DEFINITIONAL_REPRESENTATION('',(#8895),#8899);
#8895 = LINE('',#8896,#8897);
#8896 = CARTESIAN_POINT('',(0.,0.));
#8897 = VECTOR('',#8898,1.);
#8898 = DIRECTION('',(-0.992558050756,-0.121772393747));
#8899 = ( GEOMETRIC_REPRESENTATION_CONTEXT(2) 
PARAMETRIC_REPRESENTATION_CONTEXT() REPRESENTATION_CONTEXT('2D SPACE',''
  ) );
#8900 = PCURVE('',#4378,#8901);
#8901 = DEFINITIONAL_REPRESENTATION('',(#8902),#8906);
#8902 = LINE('',#8903,#8904);
#8903 = CARTESIAN_POINT('',(61.42492126775,7.510394085359));
#8904 = VECTOR('',#8905,1.);
#8905 = DIRECTION('',(-0.992607866194,-0.121365662234));
#8906 = ( GEOMETRIC_REPRESENTATION_CONTEXT(2) 
PARAMETRIC_REPRESENTATION_CONTEXT() REPRESENTATION_CONTEXT('2D SPACE',''
  ) );
#8907 = ORIENTED_EDGE('',*,*,#882,.F.);
#8908 = ORIENTED_EDGE('',*,*,#8909,.T.);
#8909 = EDGE_CURVE('',#850,#4394,#8910,.T.);
#8910 = SURFACE_CURVE('',#8911,(#8915,#8922),.PCURVE_S1.);
#8911 = LINE('',#8912,#8913);
#8912 = CARTESIAN_POINT('',(253.483825,102.989133,178.782718));
#8913 = VECTOR('',#8914,1.);
#8914 = DIRECTION('',(-0.101250656596,-0.773796881969,0.625289285046));
#8915 = PCURVE('',#898,#8916);
#8916 = DEFINITIONAL_REPRESENTATION('',(#8917),#8921);
#8917 = LINE('',#8918,#8919);
#8918 = CARTESIAN_POINT('',(-30.90125628985,-38.06755553981));
#8919 = VECTOR('',#8920,1.);
#8920 = DIRECTION('',(0.630240803939,0.776399722469));
#8921 = ( GEOMETRIC_REPRESENTATION_CONTEXT(2) 
PARAMETRIC_REPRESENTATION_CONTEXT() REPRESENTATION_CONTEXT('2D SPACE',''
  ) );
#8922 = PCURVE('',#4243,#8923);
#8923 = DEFINITIONAL_REPRESENTATION('',(#8924),#8928);
#8924 = LINE('',#8925,#8926);
#8925 = CARTESIAN_POINT('',(0.,0.));
#8926 = VECTOR('',#8927,1.);
#8927 = DIRECTION('',(0.63106290957,0.775731657318));
#8928 = ( GEOMETRIC_REPRESENTATION_CONTEXT(2) 
PARAMETRIC_REPRESENTATION_CONTEXT() REPRESENTATION_CONTEXT('2D SPACE',''
  ) );
#8929 = ADVANCED_FACE('',(#8930),#924,.T.);
#8930 = FACE_BOUND('',#8931,.T.);
#8931 = EDGE_LOOP('',(#8932,#8953,#8974));
#8932 = ORIENTED_EDGE('',*,*,#8933,.T.);
#8933 = EDGE_CURVE('',#883,#2206,#8934,.T.);
#8934 = SURFACE_CURVE('',#8935,(#8939,#8946),.PCURVE_S1.);
#8935 = LINE('',#8936,#8937);
#8936 = CARTESIAN_POINT('',(263.772411,72.559498,149.940201));
#8937 = VECTOR('',#8938,1.);
#8938 = DIRECTION('',(0.242643744453,0.121072288248,-0.962530786155));
#8939 = PCURVE('',#924,#8940);
#8940 = DEFINITIONAL_REPRESENTATION('',(#8941),#8945);
#8941 = LINE('',#8942,#8943);
#8942 = CARTESIAN_POINT('',(0.,0.));
#8943 = VECTOR('',#8944,1.);
#8944 = DIRECTION('',(-0.992592871251,-0.121488237876));
#8945 = ( GEOMETRIC_REPRESENTATION_CONTEXT(2) 
PARAMETRIC_REPRESENTATION_CONTEXT() REPRESENTATION_CONTEXT('2D SPACE',''
  ) );
#8946 = PCURVE('',#4352,#8947);
#8947 = DEFINITIONAL_REPRESENTATION('',(#8948),#8952);
#8948 = LINE('',#8949,#8950);
#8949 = CARTESIAN_POINT('',(61.435699343567,7.493311219561));
#8950 = VECTOR('',#8951,1.);
#8951 = DIRECTION('',(-0.99264363924,-0.121072728046));
#8952 = ( GEOMETRIC_REPRESENTATION_CONTEXT(2) 
PARAMETRIC_REPRESENTATION_CONTEXT() REPRESENTATION_CONTEXT('2D SPACE',''
  ) );
#8953 = ORIENTED_EDGE('',*,*,#8954,.T.);
#8954 = EDGE_CURVE('',#2206,#848,#8955,.T.);
#8955 = SURFACE_CURVE('',#8956,(#8960,#8967),.PCURVE_S1.);
#8956 = LINE('',#8957,#8958);
#8957 = CARTESIAN_POINT('',(278.789873,80.052782,90.368216));
#8958 = VECTOR('',#8959,1.);
#8959 = DIRECTION('',(-0.236279649954,0.704903904514,0.668791755645));
#8960 = PCURVE('',#924,#8961);
#8961 = DEFINITIONAL_REPRESENTATION('',(#8962),#8966);
#8962 = LINE('',#8963,#8964);
#8963 = CARTESIAN_POINT('',(-61.43255726236,-7.519027535036));
#8964 = VECTOR('',#8965,1.);
#8965 = DIRECTION('',(0.706887859073,-0.707325635542));
#8966 = ( GEOMETRIC_REPRESENTATION_CONTEXT(2) 
PARAMETRIC_REPRESENTATION_CONTEXT() REPRESENTATION_CONTEXT('2D SPACE',''
  ) );
#8967 = PCURVE('',#2280,#8968);
#8968 = DEFINITIONAL_REPRESENTATION('',(#8969),#8973);
#8969 = LINE('',#8970,#8971);
#8970 = CARTESIAN_POINT('',(30.138203463508,38.584427837549));
#8971 = VECTOR('',#8972,1.);
#8972 = DIRECTION('',(0.705944864765,-0.708266791479));
#8973 = ( GEOMETRIC_REPRESENTATION_CONTEXT(2) 
PARAMETRIC_REPRESENTATION_CONTEXT() REPRESENTATION_CONTEXT('2D SPACE',''
  ) );
#8974 = ORIENTED_EDGE('',*,*,#910,.F.);
#8975 = ADVANCED_FACE('',(#8976),#870,.T.);
#8976 = FACE_BOUND('',#8977,.T.);
#8977 = EDGE_LOOP('',(#8978,#8979,#9000));
#8978 = ORIENTED_EDGE('',*,*,#847,.F.);
#8979 = ORIENTED_EDGE('',*,*,#8980,.T.);
#8980 = EDGE_CURVE('',#848,#298,#8981,.T.);
#8981 = SURFACE_CURVE('',#8982,(#8986,#8993),.PCURVE_S1.);
#8982 = LINE('',#8983,#8984);
#8983 = CARTESIAN_POINT('',(268.585712,110.495323,119.251189));
#8984 = VECTOR('',#8985,1.);
#8985 = DIRECTION('',(-0.281183940779,0.687628949259,0.669404227346));
#8986 = PCURVE('',#870,#8987);
#8987 = DEFINITIONAL_REPRESENTATION('',(#8988),#8992);
#8988 = LINE('',#8989,#8990);
#8989 = CARTESIAN_POINT('',(-61.40829055908,-7.578566814796));
#8990 = VECTOR('',#8991,1.);
#8991 = DIRECTION('',(0.719725000283,-0.694259262789));
#8992 = ( GEOMETRIC_REPRESENTATION_CONTEXT(2) 
PARAMETRIC_REPRESENTATION_CONTEXT() REPRESENTATION_CONTEXT('2D SPACE',''
  ) );
#8993 = PCURVE('',#4207,#8994);
#8994 = DEFINITIONAL_REPRESENTATION('',(#8995),#8999);
#8995 = LINE('',#8996,#8997);
#8996 = CARTESIAN_POINT('',(30.207991741891,37.615696739414));
#8997 = VECTOR('',#8998,1.);
#8998 = DIRECTION('',(0.718473089841,-0.695554756417));
#8999 = ( GEOMETRIC_REPRESENTATION_CONTEXT(2) 
PARAMETRIC_REPRESENTATION_CONTEXT() REPRESENTATION_CONTEXT('2D SPACE',''
  ) );
#9000 = ORIENTED_EDGE('',*,*,#9001,.T.);
#9001 = EDGE_CURVE('',#298,#850,#9002,.T.);
#9002 = SURFACE_CURVE('',#9003,(#9007,#9014),.PCURVE_S1.);
#9003 = LINE('',#9004,#9005);
#9004 = CARTESIAN_POINT('',(256.696009,139.571322,147.556566));
#9005 = VECTOR('',#9006,1.);
#9006 = DIRECTION('',(-6.663698134742E-02,-0.758900064891,0.647788703379
    ));
#9007 = PCURVE('',#870,#9008);
#9008 = DEFINITIONAL_REPRESENTATION('',(#9009),#9013);
#9009 = LINE('',#9010,#9011);
#9010 = CARTESIAN_POINT('',(-30.9751282976,-36.93492485108));
#9011 = VECTOR('',#9012,1.);
#9012 = DIRECTION('',(0.642581199147,0.766217594749));
#9013 = ( GEOMETRIC_REPRESENTATION_CONTEXT(2) 
PARAMETRIC_REPRESENTATION_CONTEXT() REPRESENTATION_CONTEXT('2D SPACE',''
  ) );
#9014 = PCURVE('',#4269,#9015);
#9015 = DEFINITIONAL_REPRESENTATION('',(#9016),#9020);
#9016 = LINE('',#9017,#9018);
#9017 = CARTESIAN_POINT('',(0.,0.));
#9018 = VECTOR('',#9019,1.);
#9019 = DIRECTION('',(0.644250299031,0.764814717561));
#9020 = ( GEOMETRIC_REPRESENTATION_CONTEXT(2) 
PARAMETRIC_REPRESENTATION_CONTEXT() REPRESENTATION_CONTEXT('2D SPACE',''
  ) );
#9021 = ADVANCED_FACE('',(#9022),#4617,.T.);
#9022 = FACE_BOUND('',#9023,.T.);
#9023 = EDGE_LOOP('',(#9024,#9052,#9053));
#9024 = ORIENTED_EDGE('',*,*,#9025,.T.);
#9025 = EDGE_CURVE('',#9026,#4602,#9028,.T.);
#9026 = VERTEX_POINT('',#9027);
#9027 = CARTESIAN_POINT('',(239.522507,-32.516819,234.297387));
#9028 = SURFACE_CURVE('',#9029,(#9033,#9040),.PCURVE_S1.);
#9029 = LINE('',#9030,#9031);
#9030 = CARTESIAN_POINT('',(239.522507,-32.516819,234.297387));
#9031 = VECTOR('',#9032,1.);
#9032 = DIRECTION('',(0.28819854988,1.820472635695E-05,-0.957570673901)
  );
#9033 = PCURVE('',#4617,#9034);
#9034 = DEFINITIONAL_REPRESENTATION('',(#9035),#9039);
#9035 = LINE('',#9036,#9037);
#9036 = CARTESIAN_POINT('',(0.,-0.));
#9037 = VECTOR('',#9038,1.);
#9038 = DIRECTION('',(-0.999999999834,-1.822254956645E-05));
#9039 = ( GEOMETRIC_REPRESENTATION_CONTEXT(2) 
PARAMETRIC_REPRESENTATION_CONTEXT() REPRESENTATION_CONTEXT('2D SPACE',''
  ) );
#9040 = PCURVE('',#9041,#9046);
#9041 = PLANE('',#9042);
#9042 = AXIS2_PLACEMENT_3D('',#9043,#9044,#9045);
#9043 = CARTESIAN_POINT('',(255.970889,-32.51578,179.645869));
#9044 = DIRECTION('',(0.956618569766,4.45769694811E-02,0.287912844054));
#9045 = DIRECTION('',(-0.28819932778,1.734723475977E-18,0.957570439951)
  );
#9046 = DEFINITIONAL_REPRESENTATION('',(#9047),#9051);
#9047 = LINE('',#9048,#9049);
#9048 = CARTESIAN_POINT('',(57.073090770696,1.040033842696E-03));
#9049 = VECTOR('',#9050,1.);
#9050 = DIRECTION('',(-0.999999999834,-1.822284072018E-05));
#9051 = ( GEOMETRIC_REPRESENTATION_CONTEXT(2) 
PARAMETRIC_REPRESENTATION_CONTEXT() REPRESENTATION_CONTEXT('2D SPACE',''
  ) );
#9052 = ORIENTED_EDGE('',*,*,#4601,.F.);
#9053 = ORIENTED_EDGE('',*,*,#9054,.T.);
#9054 = EDGE_CURVE('',#942,#9026,#9055,.T.);
#9055 = SURFACE_CURVE('',#9056,(#9060,#9067),.PCURVE_S1.);
#9056 = LINE('',#9057,#9058);
#9057 = CARTESIAN_POINT('',(248.505762,-0.,209.443366));
#9058 = VECTOR('',#9059,1.);
#9059 = DIRECTION('',(-0.214388045631,-0.776023532176,0.593148584589));
#9060 = PCURVE('',#4617,#9061);
#9061 = DEFINITIONAL_REPRESENTATION('',(#9062),#9066);
#9062 = LINE('',#9063,#9064);
#9063 = CARTESIAN_POINT('',(-26.38844154703,-32.54865436329));
#9064 = VECTOR('',#9065,1.);
#9065 = DIRECTION('',(0.629767986159,0.776783292565));
#9066 = ( GEOMETRIC_REPRESENTATION_CONTEXT(2) 
PARAMETRIC_REPRESENTATION_CONTEXT() REPRESENTATION_CONTEXT('2D SPACE',''
  ) );
#9067 = PCURVE('',#962,#9068);
#9068 = DEFINITIONAL_REPRESENTATION('',(#9069),#9073);
#9069 = LINE('',#9070,#9071);
#9070 = CARTESIAN_POINT('',(0.,0.));
#9071 = VECTOR('',#9072,1.);
#9072 = DIRECTION('',(0.630372501206,0.776292798964));
#9073 = ( GEOMETRIC_REPRESENTATION_CONTEXT(2) 
PARAMETRIC_REPRESENTATION_CONTEXT() REPRESENTATION_CONTEXT('2D SPACE',''
  ) );
#9074 = ADVANCED_FACE('',(#9075),#990,.T.);
#9075 = FACE_BOUND('',#9076,.T.);
#9076 = EDGE_LOOP('',(#9077,#9098,#9099));
#9077 = ORIENTED_EDGE('',*,*,#9078,.T.);
#9078 = EDGE_CURVE('',#4311,#975,#9079,.T.);
#9079 = SURFACE_CURVE('',#9080,(#9084,#9091),.PCURVE_S1.);
#9080 = LINE('',#9081,#9082);
#9081 = CARTESIAN_POINT('',(255.970889,32.51578,179.645869));
#9082 = VECTOR('',#9083,1.);
#9083 = DIRECTION('',(-0.28819854988,1.820472635695E-05,0.957570673901)
  );
#9084 = PCURVE('',#990,#9085);
#9085 = DEFINITIONAL_REPRESENTATION('',(#9086),#9090);
#9086 = LINE('',#9087,#9088);
#9087 = CARTESIAN_POINT('',(0.,0.));
#9088 = VECTOR('',#9089,1.);
#9089 = DIRECTION('',(0.999999999834,-1.822254956645E-05));
#9090 = ( GEOMETRIC_REPRESENTATION_CONTEXT(2) 
PARAMETRIC_REPRESENTATION_CONTEXT() REPRESENTATION_CONTEXT('2D SPACE',''
  ) );
#9091 = PCURVE('',#4463,#9092);
#9092 = DEFINITIONAL_REPRESENTATION('',(#9093),#9097);
#9093 = LINE('',#9094,#9095);
#9094 = CARTESIAN_POINT('',(-57.07309077069,1.040033842696E-03));
#9095 = VECTOR('',#9096,1.);
#9096 = DIRECTION('',(0.999999999834,-1.822284072018E-05));
#9097 = ( GEOMETRIC_REPRESENTATION_CONTEXT(2) 
PARAMETRIC_REPRESENTATION_CONTEXT() REPRESENTATION_CONTEXT('2D SPACE',''
  ) );
#9098 = ORIENTED_EDGE('',*,*,#974,.F.);
#9099 = ORIENTED_EDGE('',*,*,#9100,.T.);
#9100 = EDGE_CURVE('',#942,#4311,#9101,.T.);
#9101 = SURFACE_CURVE('',#9102,(#9106,#9113),.PCURVE_S1.);
#9102 = LINE('',#9103,#9104);
#9103 = CARTESIAN_POINT('',(248.505762,-0.,209.443366));
#9104 = VECTOR('',#9105,1.);
#9105 = DIRECTION('',(0.166887981589,0.726912334376,-0.666143272677));
#9106 = PCURVE('',#990,#9107);
#9107 = DEFINITIONAL_REPRESENTATION('',(#9108),#9112);
#9108 = LINE('',#9109,#9110);
#9109 = CARTESIAN_POINT('',(30.684649223663,32.547614346066));
#9110 = VECTOR('',#9111,1.);
#9111 = DIRECTION('',(-0.685976162857,-0.727624012793));
#9112 = ( GEOMETRIC_REPRESENTATION_CONTEXT(2) 
PARAMETRIC_REPRESENTATION_CONTEXT() REPRESENTATION_CONTEXT('2D SPACE',''
  ) );
#9113 = PCURVE('',#4589,#9114);
#9114 = DEFINITIONAL_REPRESENTATION('',(#9115),#9119);
#9115 = LINE('',#9116,#9117);
#9116 = CARTESIAN_POINT('',(0.,-0.));
#9117 = VECTOR('',#9118,1.);
#9118 = DIRECTION('',(-0.686714617707,-0.726927117274));
#9119 = ( GEOMETRIC_REPRESENTATION_CONTEXT(2) 
PARAMETRIC_REPRESENTATION_CONTEXT() REPRESENTATION_CONTEXT('2D SPACE',''
  ) );
#9120 = ADVANCED_FACE('',(#9121),#962,.T.);
#9121 = FACE_BOUND('',#9122,.T.);
#9122 = EDGE_LOOP('',(#9123,#9124,#9150));
#9123 = ORIENTED_EDGE('',*,*,#939,.F.);
#9124 = ORIENTED_EDGE('',*,*,#9125,.T.);
#9125 = EDGE_CURVE('',#940,#9026,#9126,.T.);
#9126 = SURFACE_CURVE('',#9127,(#9131,#9138),.PCURVE_S1.);
#9127 = LINE('',#9128,#9129);
#9128 = CARTESIAN_POINT('',(230.,0.,255.876619));
#9129 = VECTOR('',#9130,1.);
#9130 = DIRECTION('',(0.237051076301,-0.809466135529,-0.537188386561));
#9131 = PCURVE('',#962,#9132);
#9132 = DEFINITIONAL_REPRESENTATION('',(#9133),#9137);
#9133 = LINE('',#9134,#9135);
#9134 = CARTESIAN_POINT('',(49.985099893495,-5.551115123126E-17));
#9135 = VECTOR('',#9136,1.);
#9136 = DIRECTION('',(-0.586779162675,0.809747006324));
#9137 = ( GEOMETRIC_REPRESENTATION_CONTEXT(2) 
PARAMETRIC_REPRESENTATION_CONTEXT() REPRESENTATION_CONTEXT('2D SPACE',''
  ) );
#9138 = PCURVE('',#9139,#9144);
#9139 = PLANE('',#9140);
#9140 = AXIS2_PLACEMENT_3D('',#9141,#9142,#9143);
#9141 = CARTESIAN_POINT('',(230.,0.,255.876619));
#9142 = DIRECTION('',(0.920677252424,1.068380796604E-02,0.390178488793)
  );
#9143 = DIRECTION('',(-0.390200758918,0.,0.920729801701));
#9144 = DEFINITIONAL_REPRESENTATION('',(#9145),#9149);
#9145 = LINE('',#9146,#9147);
#9146 = CARTESIAN_POINT('',(0.,0.));
#9147 = VECTOR('',#9148,1.);
#9148 = DIRECTION('',(-0.58710286651,0.809512337235));
#9149 = ( GEOMETRIC_REPRESENTATION_CONTEXT(2) 
PARAMETRIC_REPRESENTATION_CONTEXT() REPRESENTATION_CONTEXT('2D SPACE',''
  ) );
#9150 = ORIENTED_EDGE('',*,*,#9054,.F.);
#9151 = ADVANCED_FACE('',(#9152),#1082,.T.);
#9152 = FACE_BOUND('',#9153,.T.);
#9153 = EDGE_LOOP('',(#9154,#9175,#9176));
#9154 = ORIENTED_EDGE('',*,*,#9155,.T.);
#9155 = EDGE_CURVE('',#2123,#1067,#9156,.T.);
#9156 = SURFACE_CURVE('',#9157,(#9161,#9168),.PCURVE_S1.);
#9157 = LINE('',#9158,#9159);
#9158 = CARTESIAN_POINT('',(278.789873,-80.052782,90.368216));
#9159 = VECTOR('',#9160,1.);
#9160 = DIRECTION('',(-0.242643744453,0.121072288248,0.962530786155));
#9161 = PCURVE('',#1082,#9162);
#9162 = DEFINITIONAL_REPRESENTATION('',(#9163),#9167);
#9163 = LINE('',#9164,#9165);
#9164 = CARTESIAN_POINT('',(0.,-0.));
#9165 = VECTOR('',#9166,1.);
#9166 = DIRECTION('',(0.992592871251,-0.121488237876));
#9167 = ( GEOMETRIC_REPRESENTATION_CONTEXT(2) 
PARAMETRIC_REPRESENTATION_CONTEXT() REPRESENTATION_CONTEXT('2D SPACE',''
  ) );
#9168 = PCURVE('',#4895,#9169);
#9169 = DEFINITIONAL_REPRESENTATION('',(#9170),#9174);
#9170 = LINE('',#9171,#9172);
#9171 = CARTESIAN_POINT('',(-61.43569934356,7.493311219561));
#9172 = VECTOR('',#9173,1.);
#9173 = DIRECTION('',(0.99264363924,-0.121072728046));
#9174 = ( GEOMETRIC_REPRESENTATION_CONTEXT(2) 
PARAMETRIC_REPRESENTATION_CONTEXT() REPRESENTATION_CONTEXT('2D SPACE',''
  ) );
#9175 = ORIENTED_EDGE('',*,*,#1066,.F.);
#9176 = ORIENTED_EDGE('',*,*,#9177,.T.);
#9177 = EDGE_CURVE('',#1034,#2123,#9178,.T.);
#9178 = SURFACE_CURVE('',#9179,(#9183,#9190),.PCURVE_S1.);
#9179 = LINE('',#9180,#9181);
#9180 = CARTESIAN_POINT('',(268.585712,-110.495323,119.251189));
#9181 = VECTOR('',#9182,1.);
#9182 = DIRECTION('',(0.236279649954,0.704903904514,-0.668791755645));
#9183 = PCURVE('',#1082,#9184);
#9184 = DEFINITIONAL_REPRESENTATION('',(#9185),#9189);
#9185 = LINE('',#9186,#9187);
#9186 = CARTESIAN_POINT('',(30.528221640472,30.547127803438));
#9187 = VECTOR('',#9188,1.);
#9188 = DIRECTION('',(-0.706887859073,-0.707325635542));
#9189 = ( GEOMETRIC_REPRESENTATION_CONTEXT(2) 
PARAMETRIC_REPRESENTATION_CONTEXT() REPRESENTATION_CONTEXT('2D SPACE',''
  ) );
#9190 = PCURVE('',#4760,#9191);
#9191 = DEFINITIONAL_REPRESENTATION('',(#9192),#9196);
#9192 = LINE('',#9193,#9194);
#9193 = CARTESIAN_POINT('',(0.,-0.));
#9194 = VECTOR('',#9195,1.);
#9195 = DIRECTION('',(-0.705944864765,-0.708266791479));
#9196 = ( GEOMETRIC_REPRESENTATION_CONTEXT(2) 
PARAMETRIC_REPRESENTATION_CONTEXT() REPRESENTATION_CONTEXT('2D SPACE',''
  ) );
#9197 = ADVANCED_FACE('',(#9198),#1108,.T.);
#9198 = FACE_BOUND('',#9199,.T.);
#9199 = EDGE_LOOP('',(#9200,#9221,#9242));
#9200 = ORIENTED_EDGE('',*,*,#9201,.T.);
#9201 = EDGE_CURVE('',#1067,#4479,#9202,.T.);
#9202 = SURFACE_CURVE('',#9203,(#9207,#9214),.PCURVE_S1.);
#9203 = LINE('',#9204,#9205);
#9204 = CARTESIAN_POINT('',(263.772411,-72.559498,149.940201));
#9205 = VECTOR('',#9206,1.);
#9206 = DIRECTION('',(-0.246483699367,0.121364158003,0.961517824639));
#9207 = PCURVE('',#1108,#9208);
#9208 = DEFINITIONAL_REPRESENTATION('',(#9209),#9213);
#9209 = LINE('',#9210,#9211);
#9210 = CARTESIAN_POINT('',(0.,-0.));
#9211 = VECTOR('',#9212,1.);
#9212 = DIRECTION('',(0.992558050756,-0.121772393747));
#9213 = ( GEOMETRIC_REPRESENTATION_CONTEXT(2) 
PARAMETRIC_REPRESENTATION_CONTEXT() REPRESENTATION_CONTEXT('2D SPACE',''
  ) );
#9214 = PCURVE('',#4869,#9215);
#9215 = DEFINITIONAL_REPRESENTATION('',(#9216),#9220);
#9216 = LINE('',#9217,#9218);
#9217 = CARTESIAN_POINT('',(-61.42492126775,7.510394085359));
#9218 = VECTOR('',#9219,1.);
#9219 = DIRECTION('',(0.992607866194,-0.121365662234));
#9220 = ( GEOMETRIC_REPRESENTATION_CONTEXT(2) 
PARAMETRIC_REPRESENTATION_CONTEXT() REPRESENTATION_CONTEXT('2D SPACE',''
  ) );
#9221 = ORIENTED_EDGE('',*,*,#9222,.T.);
#9222 = EDGE_CURVE('',#4479,#1032,#9223,.T.);
#9223 = SURFACE_CURVE('',#9224,(#9228,#9235),.PCURVE_S1.);
#9224 = LINE('',#9225,#9226);
#9225 = CARTESIAN_POINT('',(248.519417,-65.049197,209.441197));
#9226 = VECTOR('',#9227,1.);
#9227 = DIRECTION('',(0.101250656596,-0.773796881969,-0.625289285046));
#9228 = PCURVE('',#1108,#9229);
#9229 = DEFINITIONAL_REPRESENTATION('',(#9230),#9234);
#9230 = LINE('',#9231,#9232);
#9231 = CARTESIAN_POINT('',(61.421838570692,-7.53556359289));
#9232 = VECTOR('',#9233,1.);
#9233 = DIRECTION('',(-0.630240803939,0.776399722469));
#9234 = ( GEOMETRIC_REPRESENTATION_CONTEXT(2) 
PARAMETRIC_REPRESENTATION_CONTEXT() REPRESENTATION_CONTEXT('2D SPACE',''
  ) );
#9235 = PCURVE('',#4555,#9236);
#9236 = DEFINITIONAL_REPRESENTATION('',(#9237),#9241);
#9237 = LINE('',#9238,#9239);
#9238 = CARTESIAN_POINT('',(-27.99922530401,-32.56905845526));
#9239 = VECTOR('',#9240,1.);
#9240 = DIRECTION('',(-0.63106290957,0.775731657318));
#9241 = ( GEOMETRIC_REPRESENTATION_CONTEXT(2) 
PARAMETRIC_REPRESENTATION_CONTEXT() REPRESENTATION_CONTEXT('2D SPACE',''
  ) );
#9242 = ORIENTED_EDGE('',*,*,#1094,.F.);
#9243 = ADVANCED_FACE('',(#9244),#1054,.T.);
#9244 = FACE_BOUND('',#9245,.T.);
#9245 = EDGE_LOOP('',(#9246,#9247,#9268));
#9246 = ORIENTED_EDGE('',*,*,#1031,.F.);
#9247 = ORIENTED_EDGE('',*,*,#9248,.T.);
#9248 = EDGE_CURVE('',#1032,#204,#9249,.T.);
#9249 = SURFACE_CURVE('',#9250,(#9254,#9261),.PCURVE_S1.);
#9250 = LINE('',#9251,#9252);
#9251 = CARTESIAN_POINT('',(253.483825,-102.989133,178.782718));
#9252 = VECTOR('',#9253,1.);
#9253 = DIRECTION('',(6.663698134742E-02,-0.758900064891,-0.647788703379
    ));
#9254 = PCURVE('',#1054,#9255);
#9255 = DEFINITIONAL_REPRESENTATION('',(#9256),#9260);
#9256 = LINE('',#9257,#9258);
#9257 = CARTESIAN_POINT('',(61.40829055908,-7.578566814796));
#9258 = VECTOR('',#9259,1.);
#9259 = DIRECTION('',(-0.642581199147,0.766217594749));
#9260 = ( GEOMETRIC_REPRESENTATION_CONTEXT(2) 
PARAMETRIC_REPRESENTATION_CONTEXT() REPRESENTATION_CONTEXT('2D SPACE',''
  ) );
#9261 = PCURVE('',#4724,#9262);
#9262 = DEFINITIONAL_REPRESENTATION('',(#9263),#9267);
#9263 = LINE('',#9264,#9265);
#9264 = CARTESIAN_POINT('',(-27.88460969693,-31.24137042469));
#9265 = VECTOR('',#9266,1.);
#9266 = DIRECTION('',(-0.644250299031,0.764814717561));
#9267 = ( GEOMETRIC_REPRESENTATION_CONTEXT(2) 
PARAMETRIC_REPRESENTATION_CONTEXT() REPRESENTATION_CONTEXT('2D SPACE',''
  ) );
#9268 = ORIENTED_EDGE('',*,*,#9269,.T.);
#9269 = EDGE_CURVE('',#204,#1034,#9270,.T.);
#9270 = SURFACE_CURVE('',#9271,(#9275,#9282),.PCURVE_S1.);
#9271 = LINE('',#9272,#9273);
#9272 = CARTESIAN_POINT('',(256.696009,-139.571322,147.556566));
#9273 = VECTOR('',#9274,1.);
#9274 = DIRECTION('',(0.281183940779,0.687628949259,-0.669404227346));
#9275 = PCURVE('',#1054,#9276);
#9276 = DEFINITIONAL_REPRESENTATION('',(#9277),#9281);
#9277 = LINE('',#9278,#9279);
#9278 = CARTESIAN_POINT('',(30.433162261475,29.356358036293));
#9279 = VECTOR('',#9280,1.);
#9280 = DIRECTION('',(-0.719725000283,-0.694259262789));
#9281 = ( GEOMETRIC_REPRESENTATION_CONTEXT(2) 
PARAMETRIC_REPRESENTATION_CONTEXT() REPRESENTATION_CONTEXT('2D SPACE',''
  ) );
#9282 = PCURVE('',#4786,#9283);
#9283 = DEFINITIONAL_REPRESENTATION('',(#9284),#9288);
#9284 = LINE('',#9285,#9286);
#9285 = CARTESIAN_POINT('',(0.,-0.));
#9286 = VECTOR('',#9287,1.);
#9287 = DIRECTION('',(-0.718473089841,-0.695554756417));
#9288 = ( GEOMETRIC_REPRESENTATION_CONTEXT(2) 
PARAMETRIC_REPRESENTATION_CONTEXT() REPRESENTATION_CONTEXT('2D SPACE',''
  ) );
#9289 = ADVANCED_FACE('',(#9290),#2365,.T.);
#9290 = FACE_BOUND('',#9291,.T.);
#9291 = EDGE_LOOP('',(#9292,#9313,#9339));
#9292 = ORIENTED_EDGE('',*,*,#9293,.T.);
#9293 = EDGE_CURVE('',#2329,#8338,#9294,.T.);
#9294 = SURFACE_CURVE('',#9295,(#9299,#9306),.PCURVE_S1.);
#9295 = LINE('',#9296,#9297);
#9296 = CARTESIAN_POINT('',(228.967343,-139.195462,139.20743));
#9297 = VECTOR('',#9298,1.);
#9298 = DIRECTION('',(3.90225600458E-02,0.347482724703,0.936874055485));
#9299 = PCURVE('',#2365,#9300);
#9300 = DEFINITIONAL_REPRESENTATION('',(#9301),#9305);
#9301 = LINE('',#9302,#9303);
#9302 = CARTESIAN_POINT('',(0.,0.));
#9303 = VECTOR('',#9304,1.);
#9304 = DIRECTION('',(-0.309284463622,0.950969568683));
#9305 = ( GEOMETRIC_REPRESENTATION_CONTEXT(2) 
PARAMETRIC_REPRESENTATION_CONTEXT() REPRESENTATION_CONTEXT('2D SPACE',''
  ) );
#9306 = PCURVE('',#8027,#9307);
#9307 = DEFINITIONAL_REPRESENTATION('',(#9308),#9312);
#9308 = LINE('',#9309,#9310);
#9309 = CARTESIAN_POINT('',(12.037705915267,27.33021782511));
#9310 = VECTOR('',#9311,1.);
#9311 = DIRECTION('',(0.152077681653,-0.988368543987));
#9312 = ( GEOMETRIC_REPRESENTATION_CONTEXT(2) 
PARAMETRIC_REPRESENTATION_CONTEXT() REPRESENTATION_CONTEXT('2D SPACE',''
  ) );
#9313 = ORIENTED_EDGE('',*,*,#9314,.T.);
#9314 = EDGE_CURVE('',#8338,#2296,#9315,.T.);
#9315 = SURFACE_CURVE('',#9316,(#9320,#9327),.PCURVE_S1.);
#9316 = LINE('',#9317,#9318);
#9317 = CARTESIAN_POINT('',(230.,-130.,164.));
#9318 = VECTOR('',#9319,1.);
#9319 = DIRECTION('',(-0.134305084972,-0.126305328701,-0.98285762351));
#9320 = PCURVE('',#2365,#9321);
#9321 = DEFINITIONAL_REPRESENTATION('',(#9322),#9326);
#9322 = LINE('',#9323,#9324);
#9323 = CARTESIAN_POINT('',(-8.184618486738,25.165580647077));
#9324 = VECTOR('',#9325,1.);
#9325 = DIRECTION('',(6.858943798464E-02,-0.997644971419));
#9326 = ( GEOMETRIC_REPRESENTATION_CONTEXT(2) 
PARAMETRIC_REPRESENTATION_CONTEXT() REPRESENTATION_CONTEXT('2D SPACE',''
  ) );
#9327 = PCURVE('',#9328,#9333);
#9328 = PLANE('',#9329);
#9329 = AXIS2_PLACEMENT_3D('',#9330,#9331,#9332);
#9330 = CARTESIAN_POINT('',(230.,-130.,164.));
#9331 = DIRECTION('',(-0.685078586809,0.728469168802,0.));
#9332 = DIRECTION('',(0.728469168802,0.685078586809,0.));
#9333 = DEFINITIONAL_REPRESENTATION('',(#9334),#9338);
#9334 = LINE('',#9335,#9336);
#9335 = CARTESIAN_POINT('',(0.,0.));
#9336 = VECTOR('',#9337,1.);
#9337 = DIRECTION('',(-0.184366189708,0.98285762351));
#9338 = ( GEOMETRIC_REPRESENTATION_CONTEXT(2) 
PARAMETRIC_REPRESENTATION_CONTEXT() REPRESENTATION_CONTEXT('2D SPACE',''
  ) );
#9339 = ORIENTED_EDGE('',*,*,#2351,.F.);
#9340 = ADVANCED_FACE('',(#9341),#5148,.T.);
#9341 = FACE_BOUND('',#9342,.T.);
#9342 = EDGE_LOOP('',(#9343,#9369,#9390));
#9343 = ORIENTED_EDGE('',*,*,#9344,.T.);
#9344 = EDGE_CURVE('',#5107,#5242,#9345,.T.);
#9345 = SURFACE_CURVE('',#9346,(#9350,#9357),.PCURVE_S1.);
#9346 = LINE('',#9347,#9348);
#9347 = CARTESIAN_POINT('',(204.196591,-137.841835,53.172034));
#9348 = VECTOR('',#9349,1.);
#9349 = DIRECTION('',(-0.431851612798,-0.844625330748,0.316405175659));
#9350 = PCURVE('',#5148,#9351);
#9351 = DEFINITIONAL_REPRESENTATION('',(#9352),#9356);
#9352 = LINE('',#9353,#9354);
#9353 = CARTESIAN_POINT('',(0.,0.));
#9354 = VECTOR('',#9355,1.);
#9355 = DIRECTION('',(0.937410976869,0.3482250141));
#9356 = ( GEOMETRIC_REPRESENTATION_CONTEXT(2) 
PARAMETRIC_REPRESENTATION_CONTEXT() REPRESENTATION_CONTEXT('2D SPACE',''
  ) );
#9357 = PCURVE('',#9358,#9363);
#9358 = PLANE('',#9359);
#9359 = AXIS2_PLACEMENT_3D('',#9360,#9361,#9362);
#9360 = CARTESIAN_POINT('',(198.090219,-149.784818,57.645996));
#9361 = DIRECTION('',(-0.631895960942,0.533644357538,0.56207756957));
#9362 = DIRECTION('',(-0.664622907742,0.,-0.747178954806));
#9363 = DEFINITIONAL_REPRESENTATION('',(#9364),#9368);
#9364 = LINE('',#9365,#9366);
#9365 = CARTESIAN_POINT('',(-0.715584463391,-14.12185882927));
#9366 = VECTOR('',#9367,1.);
#9367 = DIRECTION('',(5.060718616689E-02,0.998718635407));
#9368 = ( GEOMETRIC_REPRESENTATION_CONTEXT(2) 
PARAMETRIC_REPRESENTATION_CONTEXT() REPRESENTATION_CONTEXT('2D SPACE',''
  ) );
#9369 = ORIENTED_EDGE('',*,*,#9370,.T.);
#9370 = EDGE_CURVE('',#5242,#5079,#9371,.T.);
#9371 = SURFACE_CURVE('',#9372,(#9376,#9383),.PCURVE_S1.);
#9372 = LINE('',#9373,#9374);
#9373 = CARTESIAN_POINT('',(198.090219,-149.784818,57.645996));
#9374 = VECTOR('',#9375,1.);
#9375 = DIRECTION('',(0.667530626457,0.468704116962,0.578549318109));
#9376 = PCURVE('',#5148,#9377);
#9377 = DEFINITIONAL_REPRESENTATION('',(#9378),#9382);
#9378 = LINE('',#9379,#9380);
#9379 = CARTESIAN_POINT('',(13.254969929512,4.923893793113));
#9380 = VECTOR('',#9381,1.);
#9381 = DIRECTION('',(-0.771085068255,0.636732139533));
#9382 = ( GEOMETRIC_REPRESENTATION_CONTEXT(2) 
PARAMETRIC_REPRESENTATION_CONTEXT() REPRESENTATION_CONTEXT('2D SPACE',''
  ) );
#9383 = PCURVE('',#5314,#9384);
#9384 = DEFINITIONAL_REPRESENTATION('',(#9385),#9389);
#9385 = LINE('',#9386,#9387);
#9386 = CARTESIAN_POINT('',(-12.5657141487,-16.92612695418));
#9387 = VECTOR('',#9388,1.);
#9388 = DIRECTION('',(-0.740276405523,0.672302642733));
#9389 = ( GEOMETRIC_REPRESENTATION_CONTEXT(2) 
PARAMETRIC_REPRESENTATION_CONTEXT() REPRESENTATION_CONTEXT('2D SPACE',''
  ) );
#9390 = ORIENTED_EDGE('',*,*,#5134,.F.);
#9391 = ADVANCED_FACE('',(#9392),#1174,.T.);
#9392 = FACE_BOUND('',#9393,.T.);
#9393 = EDGE_LOOP('',(#9394,#9415,#9416));
#9394 = ORIENTED_EDGE('',*,*,#9395,.T.);
#9395 = EDGE_CURVE('',#2416,#1159,#9396,.T.);
#9396 = SURFACE_CURVE('',#9397,(#9401,#9408),.PCURVE_S1.);
#9397 = LINE('',#9398,#9399);
#9398 = CARTESIAN_POINT('',(258.072843,-153.387478,63.644668));
#9399 = VECTOR('',#9400,1.);
#9400 = DIRECTION('',(-0.999240498344,2.6438358111E-02,
    -2.862585702805E-02));
#9401 = PCURVE('',#1174,#9402);
#9402 = DEFINITIONAL_REPRESENTATION('',(#9403),#9407);
#9403 = LINE('',#9404,#9405);
#9404 = CARTESIAN_POINT('',(0.,0.));
#9405 = VECTOR('',#9406,1.);
#9406 = DIRECTION('',(2.396491687724E-02,-0.999712800138));
#9407 = ( GEOMETRIC_REPRESENTATION_CONTEXT(2) 
PARAMETRIC_REPRESENTATION_CONTEXT() REPRESENTATION_CONTEXT('2D SPACE',''
  ) );
#9408 = PCURVE('',#2431,#9409);
#9409 = DEFINITIONAL_REPRESENTATION('',(#9410),#9414);
#9410 = LINE('',#9411,#9412);
#9411 = CARTESIAN_POINT('',(-0.630906687348,29.148387355468));
#9412 = VECTOR('',#9413,1.);
#9413 = DIRECTION('',(2.163958316218E-02,-0.999765836804));
#9414 = ( GEOMETRIC_REPRESENTATION_CONTEXT(2) 
PARAMETRIC_REPRESENTATION_CONTEXT() REPRESENTATION_CONTEXT('2D SPACE',''
  ) );
#9415 = ORIENTED_EDGE('',*,*,#1158,.F.);
#9416 = ORIENTED_EDGE('',*,*,#9417,.T.);
#9417 = EDGE_CURVE('',#1126,#2416,#9418,.T.);
#9418 = SURFACE_CURVE('',#9419,(#9423,#9430),.PCURVE_S1.);
#9419 = LINE('',#9420,#9421);
#9420 = CARTESIAN_POINT('',(244.027834,-155.709711,46.832641));
#9421 = VECTOR('',#9422,1.);
#9422 = DIRECTION('',(0.637554317738,0.105414647719,0.763159383078));
#9423 = PCURVE('',#1174,#9424);
#9424 = DEFINITIONAL_REPRESENTATION('',(#9425),#9429);
#9425 = LINE('',#9426,#9427);
#9426 = CARTESIAN_POINT('',(16.966157420008,-14.05164752492));
#9427 = VECTOR('',#9428,1.);
#9428 = DIRECTION('',(-0.770155926461,0.637855664659));
#9429 = ( GEOMETRIC_REPRESENTATION_CONTEXT(2) 
PARAMETRIC_REPRESENTATION_CONTEXT() REPRESENTATION_CONTEXT('2D SPACE',''
  ) );
#9430 = PCURVE('',#5350,#9431);
#9431 = DEFINITIONAL_REPRESENTATION('',(#9432),#9436);
#9432 = LINE('',#9433,#9434);
#9433 = CARTESIAN_POINT('',(0.,0.));
#9434 = VECTOR('',#9435,1.);
#9435 = DIRECTION('',(-0.770302733914,0.637678365734));
#9436 = ( GEOMETRIC_REPRESENTATION_CONTEXT(2) 
PARAMETRIC_REPRESENTATION_CONTEXT() REPRESENTATION_CONTEXT('2D SPACE',''
  ) );
#9437 = ADVANCED_FACE('',(#9438),#1200,.T.);
#9438 = FACE_BOUND('',#9439,.T.);
#9439 = EDGE_LOOP('',(#9440,#9461,#9462));
#9440 = ORIENTED_EDGE('',*,*,#9441,.T.);
#9441 = EDGE_CURVE('',#5079,#1124,#9442,.T.);
#9442 = SURFACE_CURVE('',#9443,(#9447,#9454),.PCURVE_S1.);
#9443 = LINE('',#9444,#9445);
#9444 = CARTESIAN_POINT('',(208.0203,-142.812449,66.252405));
#9445 = VECTOR('',#9446,1.);
#9446 = DIRECTION('',(0.279805253199,-0.492261629891,-0.824249663645));
#9447 = PCURVE('',#1200,#9448);
#9448 = DEFINITIONAL_REPRESENTATION('',(#9449),#9453);
#9449 = LINE('',#9450,#9451);
#9450 = CARTESIAN_POINT('',(0.,0.));
#9451 = VECTOR('',#9452,1.);
#9452 = DIRECTION('',(0.95487945727,0.296993639803));
#9453 = ( GEOMETRIC_REPRESENTATION_CONTEXT(2) 
PARAMETRIC_REPRESENTATION_CONTEXT() REPRESENTATION_CONTEXT('2D SPACE',''
  ) );
#9454 = PCURVE('',#5314,#9455);
#9455 = DEFINITIONAL_REPRESENTATION('',(#9456),#9460);
#9456 = LINE('',#9457,#9458);
#9457 = CARTESIAN_POINT('',(-23.57794995913,-6.925058187831));
#9458 = VECTOR('',#9459,1.);
#9459 = DIRECTION('',(0.959471548501,0.281805513815));
#9460 = ( GEOMETRIC_REPRESENTATION_CONTEXT(2) 
PARAMETRIC_REPRESENTATION_CONTEXT() REPRESENTATION_CONTEXT('2D SPACE',''
  ) );
#9461 = ORIENTED_EDGE('',*,*,#1186,.F.);
#9462 = ORIENTED_EDGE('',*,*,#9463,.T.);
#9463 = EDGE_CURVE('',#1159,#5079,#9464,.T.);
#9464 = SURFACE_CURVE('',#9465,(#9469,#9476),.PCURVE_S1.);
#9465 = LINE('',#9466,#9467);
#9466 = CARTESIAN_POINT('',(228.939772,-152.616662,62.810075));
#9467 = VECTOR('',#9468,1.);
#9468 = DIRECTION('',(-0.895601714467,0.419736691815,0.147372584249));
#9469 = PCURVE('',#1200,#9470);
#9470 = DEFINITIONAL_REPRESENTATION('',(#9471),#9475);
#9471 = LINE('',#9472,#9473);
#9472 = CARTESIAN_POINT('',(7.249443661906,22.204551419245));
#9473 = VECTOR('',#9474,1.);
#9474 = DIRECTION('',(-0.310362239187,-0.950618367425));
#9475 = ( GEOMETRIC_REPRESENTATION_CONTEXT(2) 
PARAMETRIC_REPRESENTATION_CONTEXT() REPRESENTATION_CONTEXT('2D SPACE',''
  ) );
#9476 = PCURVE('',#5457,#9477);
#9477 = DEFINITIONAL_REPRESENTATION('',(#9478),#9482);
#9478 = LINE('',#9479,#9480);
#9479 = CARTESIAN_POINT('',(-23.09910373068,3.468132635309));
#9480 = VECTOR('',#9481,1.);
#9481 = DIRECTION('',(0.988915824637,-0.148477243316));
#9482 = ( GEOMETRIC_REPRESENTATION_CONTEXT(2) 
PARAMETRIC_REPRESENTATION_CONTEXT() REPRESENTATION_CONTEXT('2D SPACE',''
  ) );
#9483 = ADVANCED_FACE('',(#9484),#1146,.T.);
#9484 = FACE_BOUND('',#9485,.T.);
#9485 = EDGE_LOOP('',(#9486,#9487,#9508));
#9486 = ORIENTED_EDGE('',*,*,#1123,.F.);
#9487 = ORIENTED_EDGE('',*,*,#9488,.T.);
#9488 = EDGE_CURVE('',#1124,#8571,#9489,.T.);
#9489 = SURFACE_CURVE('',#9490,(#9494,#9501),.PCURVE_S1.);
#9490 = LINE('',#9491,#9492);
#9491 = CARTESIAN_POINT('',(214.896204,-154.909233,45.997383));
#9492 = VECTOR('',#9493,1.);
#9493 = DIRECTION('',(0.682413214009,-0.100688968576,-0.723998575242));
#9494 = PCURVE('',#1146,#9495);
#9495 = DEFINITIONAL_REPRESENTATION('',(#9496),#9500);
#9496 = LINE('',#9497,#9498);
#9497 = CARTESIAN_POINT('',(0.74255390249,-29.14513511915));
#9498 = VECTOR('',#9499,1.);
#9499 = DIRECTION('',(0.730671149885,0.682729573642));
#9500 = ( GEOMETRIC_REPRESENTATION_CONTEXT(2) 
PARAMETRIC_REPRESENTATION_CONTEXT() REPRESENTATION_CONTEXT('2D SPACE',''
  ) );
#9501 = PCURVE('',#5288,#9502);
#9502 = DEFINITIONAL_REPRESENTATION('',(#9503),#9507);
#9503 = LINE('',#9504,#9505);
#9504 = CARTESIAN_POINT('',(-16.17584887465,12.101842986823));
#9505 = VECTOR('',#9506,1.);
#9506 = DIRECTION('',(0.730954042348,0.68242669055));
#9507 = ( GEOMETRIC_REPRESENTATION_CONTEXT(2) 
PARAMETRIC_REPRESENTATION_CONTEXT() REPRESENTATION_CONTEXT('2D SPACE',''
  ) );
#9508 = ORIENTED_EDGE('',*,*,#9509,.T.);
#9509 = EDGE_CURVE('',#8571,#1126,#9510,.T.);
#9510 = SURFACE_CURVE('',#9511,(#9515,#9522),.PCURVE_S1.);
#9511 = LINE('',#9512,#9513);
#9512 = CARTESIAN_POINT('',(229.974722,-157.134044,30.));
#9513 = VECTOR('',#9514,1.);
#9514 = DIRECTION('',(0.63953375753,6.481902623875E-02,0.766025500109));
#9515 = PCURVE('',#1146,#9516);
#9516 = DEFINITIONAL_REPRESENTATION('',(#9517),#9521);
#9517 = LINE('',#9518,#9519);
#9518 = CARTESIAN_POINT('',(16.887373286774,-14.05962687582));
#9519 = VECTOR('',#9520,1.);
#9520 = DIRECTION('',(-0.768516275463,0.639830238695));
#9521 = ( GEOMETRIC_REPRESENTATION_CONTEXT(2) 
PARAMETRIC_REPRESENTATION_CONTEXT() REPRESENTATION_CONTEXT('2D SPACE',''
  ) );
#9522 = PCURVE('',#5376,#9523);
#9523 = DEFINITIONAL_REPRESENTATION('',(#9524),#9528);
#9524 = LINE('',#9525,#9526);
#9525 = CARTESIAN_POINT('',(0.,0.));
#9526 = VECTOR('',#9527,1.);
#9527 = DIRECTION('',(-0.768683847781,0.639628909729));
#9528 = ( GEOMETRIC_REPRESENTATION_CONTEXT(2) 
PARAMETRIC_REPRESENTATION_CONTEXT() REPRESENTATION_CONTEXT('2D SPACE',''
  ) );
#9529 = ADVANCED_FACE('',(#9530),#1266,.T.);
#9530 = FACE_BOUND('',#9531,.T.);
#9531 = EDGE_LOOP('',(#9532,#9555,#9556));
#9532 = ORIENTED_EDGE('',*,*,#9533,.T.);
#9533 = EDGE_CURVE('',#9534,#1251,#9536,.T.);
#9534 = VERTEX_POINT('',#9535);
#9535 = CARTESIAN_POINT('',(200.324086,151.328446,61.46773));
#9536 = SURFACE_CURVE('',#9537,(#9541,#9548),.PCURVE_S1.);
#9537 = LINE('',#9538,#9539);
#9538 = CARTESIAN_POINT('',(200.324086,151.328446,61.46773));
#9539 = VECTOR('',#9540,1.);
#9540 = DIRECTION('',(0.997893128285,4.492298014967E-02,
    4.681057973896E-02));
#9541 = PCURVE('',#1266,#9542);
#9542 = DEFINITIONAL_REPRESENTATION('',(#9543),#9547);
#9543 = LINE('',#9544,#9545);
#9544 = CARTESIAN_POINT('',(0.,0.));
#9545 = VECTOR('',#9546,1.);
#9546 = DIRECTION('',(3.80581780234E-02,0.999275525111));
#9547 = ( GEOMETRIC_REPRESENTATION_CONTEXT(2) 
PARAMETRIC_REPRESENTATION_CONTEXT() REPRESENTATION_CONTEXT('2D SPACE',''
  ) );
#9548 = PCURVE('',#5739,#9549);
#9549 = DEFINITIONAL_REPRESENTATION('',(#9550),#9554);
#9550 = LINE('',#9551,#9552);
#9551 = CARTESIAN_POINT('',(-0.958859036982,-28.66006743117));
#9552 = VECTOR('',#9553,1.);
#9553 = DIRECTION('',(3.34375644183E-02,0.999440808295));
#9554 = ( GEOMETRIC_REPRESENTATION_CONTEXT(2) 
PARAMETRIC_REPRESENTATION_CONTEXT() REPRESENTATION_CONTEXT('2D SPACE',''
  ) );
#9555 = ORIENTED_EDGE('',*,*,#1250,.F.);
#9556 = ORIENTED_EDGE('',*,*,#9557,.T.);
#9557 = EDGE_CURVE('',#1218,#9534,#9558,.T.);
#9558 = SURFACE_CURVE('',#9559,(#9563,#9570),.PCURVE_S1.);
#9559 = LINE('',#9560,#9561);
#9560 = CARTESIAN_POINT('',(214.896204,154.909233,45.997383));
#9561 = VECTOR('',#9562,1.);
#9562 = DIRECTION('',(-0.676129184631,-0.166144317157,0.717805956764));
#9563 = PCURVE('',#1266,#9564);
#9564 = DEFINITIONAL_REPRESENTATION('',(#9565),#9569);
#9565 = LINE('',#9566,#9567);
#9566 = CARTESIAN_POINT('',(-15.86079853556,14.592304981044));
#9567 = VECTOR('',#9568,1.);
#9568 = DIRECTION('',(0.735922450083,-0.677065836876));
#9569 = ( GEOMETRIC_REPRESENTATION_CONTEXT(2) 
PARAMETRIC_REPRESENTATION_CONTEXT() REPRESENTATION_CONTEXT('2D SPACE',''
  ) );
#9570 = PCURVE('',#9571,#9576);
#9571 = PLANE('',#9572);
#9572 = AXIS2_PLACEMENT_3D('',#9573,#9574,#9575);
#9573 = CARTESIAN_POINT('',(214.896204,154.909233,45.997383));
#9574 = DIRECTION('',(-0.390622255802,0.906884594104,-0.158033497239));
#9575 = DIRECTION('',(0.918425760368,0.395593380497,1.387778780781E-17)
  );
#9576 = DEFINITIONAL_REPRESENTATION('',(#9577),#9581);
#9577 = LINE('',#9578,#9579);
#9578 = CARTESIAN_POINT('',(0.,0.));
#9579 = VECTOR('',#9580,1.);
#9580 = DIRECTION('',(-0.686700052576,-0.726940876407));
#9581 = ( GEOMETRIC_REPRESENTATION_CONTEXT(2) 
PARAMETRIC_REPRESENTATION_CONTEXT() REPRESENTATION_CONTEXT('2D SPACE',''
  ) );
#9582 = ADVANCED_FACE('',(#9583),#1292,.T.);
#9583 = FACE_BOUND('',#9584,.T.);
#9584 = EDGE_LOOP('',(#9585,#9606,#9627));
#9585 = ORIENTED_EDGE('',*,*,#9586,.T.);
#9586 = EDGE_CURVE('',#1251,#2742,#9587,.T.);
#9587 = SURFACE_CURVE('',#9588,(#9592,#9599),.PCURVE_S1.);
#9588 = LINE('',#9589,#9590);
#9589 = CARTESIAN_POINT('',(228.939772,152.616662,62.810075));
#9590 = VECTOR('',#9591,1.);
#9591 = DIRECTION('',(0.999240498344,2.6438358111E-02,2.862585702805E-02
    ));
#9592 = PCURVE('',#1292,#9593);
#9593 = DEFINITIONAL_REPRESENTATION('',(#9594),#9598);
#9594 = LINE('',#9595,#9596);
#9595 = CARTESIAN_POINT('',(0.,0.));
#9596 = VECTOR('',#9597,1.);
#9597 = DIRECTION('',(2.396491687724E-02,0.999712800138));
#9598 = ( GEOMETRIC_REPRESENTATION_CONTEXT(2) 
PARAMETRIC_REPRESENTATION_CONTEXT() REPRESENTATION_CONTEXT('2D SPACE',''
  ) );
#9599 = PCURVE('',#5713,#9600);
#9600 = DEFINITIONAL_REPRESENTATION('',(#9601),#9605);
#9601 = LINE('',#9602,#9603);
#9602 = CARTESIAN_POINT('',(-0.630906687348,-29.14838735546));
#9603 = VECTOR('',#9604,1.);
#9604 = DIRECTION('',(2.163958316218E-02,0.999765836804));
#9605 = ( GEOMETRIC_REPRESENTATION_CONTEXT(2) 
PARAMETRIC_REPRESENTATION_CONTEXT() REPRESENTATION_CONTEXT('2D SPACE',''
  ) );
#9606 = ORIENTED_EDGE('',*,*,#9607,.T.);
#9607 = EDGE_CURVE('',#2742,#1216,#9608,.T.);
#9608 = SURFACE_CURVE('',#9609,(#9613,#9620),.PCURVE_S1.);
#9609 = LINE('',#9610,#9611);
#9610 = CARTESIAN_POINT('',(258.072843,153.387478,63.644668));
#9611 = VECTOR('',#9612,1.);
#9612 = DIRECTION('',(-0.637554317738,0.105414647719,-0.763159383078));
#9613 = PCURVE('',#1292,#9614);
#9614 = DEFINITIONAL_REPRESENTATION('',(#9615),#9619);
#9615 = LINE('',#9616,#9617);
#9616 = CARTESIAN_POINT('',(0.698702290441,29.146841060085));
#9617 = VECTOR('',#9618,1.);
#9618 = DIRECTION('',(-0.770155926461,-0.637855664659));
#9619 = ( GEOMETRIC_REPRESENTATION_CONTEXT(2) 
PARAMETRIC_REPRESENTATION_CONTEXT() REPRESENTATION_CONTEXT('2D SPACE',''
  ) );
#9620 = PCURVE('',#2818,#9621);
#9621 = DEFINITIONAL_REPRESENTATION('',(#9622),#9626);
#9622 = LINE('',#9623,#9624);
#9623 = CARTESIAN_POINT('',(16.908716976596,-13.74024089819));
#9624 = VECTOR('',#9625,1.);
#9625 = DIRECTION('',(-0.770302733914,-0.637678365734));
#9626 = ( GEOMETRIC_REPRESENTATION_CONTEXT(2) 
PARAMETRIC_REPRESENTATION_CONTEXT() REPRESENTATION_CONTEXT('2D SPACE',''
  ) );
#9627 = ORIENTED_EDGE('',*,*,#1278,.F.);
#9628 = ADVANCED_FACE('',(#9629),#1238,.T.);
#9629 = FACE_BOUND('',#9630,.T.);
#9630 = EDGE_LOOP('',(#9631,#9632,#9653));
#9631 = ORIENTED_EDGE('',*,*,#1215,.F.);
#9632 = ORIENTED_EDGE('',*,*,#9633,.T.);
#9633 = EDGE_CURVE('',#1216,#8841,#9634,.T.);
#9634 = SURFACE_CURVE('',#9635,(#9639,#9646),.PCURVE_S1.);
#9635 = LINE('',#9636,#9637);
#9636 = CARTESIAN_POINT('',(244.027834,155.709711,46.832641));
#9637 = VECTOR('',#9638,1.);
#9638 = DIRECTION('',(-0.63953375753,6.481902623875E-02,-0.766025500109)
  );
#9639 = PCURVE('',#1238,#9640);
#9640 = DEFINITIONAL_REPRESENTATION('',(#9641),#9645);
#9641 = LINE('',#9642,#9643);
#9642 = CARTESIAN_POINT('',(0.74255390249,29.145135119156));
#9643 = VECTOR('',#9644,1.);
#9644 = DIRECTION('',(-0.768516275463,-0.639830238695));
#9645 = ( GEOMETRIC_REPRESENTATION_CONTEXT(2) 
PARAMETRIC_REPRESENTATION_CONTEXT() REPRESENTATION_CONTEXT('2D SPACE',''
  ) );
#9646 = PCURVE('',#5559,#9647);
#9647 = DEFINITIONAL_REPRESENTATION('',(#9648),#9652);
#9648 = LINE('',#9649,#9650);
#9649 = CARTESIAN_POINT('',(16.857428676542,-13.72468170515));
#9650 = VECTOR('',#9651,1.);
#9651 = DIRECTION('',(-0.768683847781,-0.639628909729));
#9652 = ( GEOMETRIC_REPRESENTATION_CONTEXT(2) 
PARAMETRIC_REPRESENTATION_CONTEXT() REPRESENTATION_CONTEXT('2D SPACE',''
  ) );
#9653 = ORIENTED_EDGE('',*,*,#9654,.T.);
#9654 = EDGE_CURVE('',#8841,#1218,#9655,.T.);
#9655 = SURFACE_CURVE('',#9656,(#9660,#9667),.PCURVE_S1.);
#9656 = LINE('',#9657,#9658);
#9657 = CARTESIAN_POINT('',(229.974722,157.134044,30.));
#9658 = VECTOR('',#9659,1.);
#9659 = DIRECTION('',(-0.682413214009,-0.100688968576,0.723998575242));
#9660 = PCURVE('',#1238,#9661);
#9661 = DEFINITIONAL_REPRESENTATION('',(#9662),#9666);
#9662 = LINE('',#9663,#9664);
#9663 = CARTESIAN_POINT('',(-16.14481938428,15.085508243329));
#9664 = VECTOR('',#9665,1.);
#9665 = DIRECTION('',(0.730671149885,-0.682729573642));
#9666 = ( GEOMETRIC_REPRESENTATION_CONTEXT(2) 
PARAMETRIC_REPRESENTATION_CONTEXT() REPRESENTATION_CONTEXT('2D SPACE',''
  ) );
#9667 = PCURVE('',#9668,#9673);
#9668 = PLANE('',#9669);
#9669 = AXIS2_PLACEMENT_3D('',#9670,#9671,#9672);
#9670 = CARTESIAN_POINT('',(229.974722,157.134044,30.));
#9671 = DIRECTION('',(6.284548391823E-03,0.989622562394,0.143553782435)
  );
#9672 = DIRECTION('',(-1.084202172486E-19,-0.143556617387,0.989642105816
    ));
#9673 = DEFINITIONAL_REPRESENTATION('',(#9674),#9678);
#9674 = LINE('',#9675,#9676);
#9675 = CARTESIAN_POINT('',(0.,0.));
#9676 = VECTOR('',#9677,1.);
#9677 = DIRECTION('',(0.730954042348,-0.68242669055));
#9678 = ( GEOMETRIC_REPRESENTATION_CONTEXT(2) 
PARAMETRIC_REPRESENTATION_CONTEXT() REPRESENTATION_CONTEXT('2D SPACE',''
  ) );
#9679 = ADVANCED_FACE('',(#9680),#5805,.T.);
#9680 = FACE_BOUND('',#9681,.T.);
#9681 = EDGE_LOOP('',(#9682,#9708,#9709));
#9682 = ORIENTED_EDGE('',*,*,#9683,.T.);
#9683 = EDGE_CURVE('',#9534,#5790,#9684,.T.);
#9684 = SURFACE_CURVE('',#9685,(#9689,#9696),.PCURVE_S1.);
#9685 = LINE('',#9686,#9687);
#9686 = CARTESIAN_POINT('',(200.324086,151.328446,61.46773));
#9687 = VECTOR('',#9688,1.);
#9688 = DIRECTION('',(0.237570938935,-0.8273783606,-0.508925434012));
#9689 = PCURVE('',#5805,#9690);
#9690 = DEFINITIONAL_REPRESENTATION('',(#9691),#9695);
#9691 = LINE('',#9692,#9693);
#9692 = CARTESIAN_POINT('',(0.,0.));
#9693 = VECTOR('',#9694,1.);
#9694 = DIRECTION('',(0.830154806499,-0.557532956197));
#9695 = ( GEOMETRIC_REPRESENTATION_CONTEXT(2) 
PARAMETRIC_REPRESENTATION_CONTEXT() REPRESENTATION_CONTEXT('2D SPACE',''
  ) );
#9696 = PCURVE('',#9697,#9702);
#9697 = PLANE('',#9698);
#9698 = AXIS2_PLACEMENT_3D('',#9699,#9700,#9701);
#9699 = CARTESIAN_POINT('',(204.196591,137.841835,53.172034));
#9700 = DIRECTION('',(-0.627623724148,-0.530623316413,0.569673026363));
#9701 = DIRECTION('',(-0.672095113652,0.,-0.740464825772));
#9702 = DEFINITIONAL_REPRESENTATION('',(#9703),#9707);
#9703 = LINE('',#9704,#9705);
#9704 = CARTESIAN_POINT('',(-3.5399794052,-15.91138237789));
#9705 = VECTOR('',#9706,1.);
#9706 = DIRECTION('',(0.217171115622,0.976133549541));
#9707 = ( GEOMETRIC_REPRESENTATION_CONTEXT(2) 
PARAMETRIC_REPRESENTATION_CONTEXT() REPRESENTATION_CONTEXT('2D SPACE',''
  ) );
#9708 = ORIENTED_EDGE('',*,*,#5789,.F.);
#9709 = ORIENTED_EDGE('',*,*,#9710,.T.);
#9710 = EDGE_CURVE('',#5757,#9534,#9711,.T.);
#9711 = SURFACE_CURVE('',#9712,(#9716,#9723),.PCURVE_S1.);
#9712 = LINE('',#9713,#9714);
#9713 = CARTESIAN_POINT('',(208.0203,142.812449,66.252405));
#9714 = VECTOR('',#9715,1.);
#9715 = DIRECTION('',(-0.618879851241,0.684801508447,-0.384752678686));
#9716 = PCURVE('',#5805,#9717);
#9717 = DEFINITIONAL_REPRESENTATION('',(#9718),#9722);
#9718 = LINE('',#9719,#9720);
#9719 = CARTESIAN_POINT('',(11.277057774908,5.241659816776));
#9720 = VECTOR('',#9721,1.);
#9721 = DIRECTION('',(-0.90682819347,-0.421500447839));
#9722 = ( GEOMETRIC_REPRESENTATION_CONTEXT(2) 
PARAMETRIC_REPRESENTATION_CONTEXT() REPRESENTATION_CONTEXT('2D SPACE',''
  ) );
#9723 = PCURVE('',#5893,#9724);
#9724 = DEFINITIONAL_REPRESENTATION('',(#9725),#9729);
#9725 = LINE('',#9726,#9727);
#9726 = CARTESIAN_POINT('',(-8.307902169435,9.253420515492));
#9727 = VECTOR('',#9728,1.);
#9728 = DIRECTION('',(0.668067865414,-0.744100347535));
#9729 = ( GEOMETRIC_REPRESENTATION_CONTEXT(2) 
PARAMETRIC_REPRESENTATION_CONTEXT() REPRESENTATION_CONTEXT('2D SPACE',''
  ) );
#9730 = ADVANCED_FACE('',(#9731),#6049,.T.);
#9731 = FACE_BOUND('',#9732,.T.);
#9732 = EDGE_LOOP('',(#9733,#9756,#9757));
#9733 = ORIENTED_EDGE('',*,*,#9734,.T.);
#9734 = EDGE_CURVE('',#9735,#296,#9737,.T.);
#9735 = VERTEX_POINT('',#9736);
#9736 = CARTESIAN_POINT('',(230.,130.,164.));
#9737 = SURFACE_CURVE('',#9738,(#9742,#9749),.PCURVE_S1.);
#9738 = LINE('',#9739,#9740);
#9739 = CARTESIAN_POINT('',(230.,130.,164.));
#9740 = VECTOR('',#9741,1.);
#9741 = DIRECTION('',(-3.90225600458E-02,0.347482724703,-0.936874055485)
  );
#9742 = PCURVE('',#6049,#9743);
#9743 = DEFINITIONAL_REPRESENTATION('',(#9744),#9748);
#9744 = LINE('',#9745,#9746);
#9745 = CARTESIAN_POINT('',(0.,0.));
#9746 = VECTOR('',#9747,1.);
#9747 = DIRECTION('',(-0.309284463622,-0.950969568683));
#9748 = ( GEOMETRIC_REPRESENTATION_CONTEXT(2) 
PARAMETRIC_REPRESENTATION_CONTEXT() REPRESENTATION_CONTEXT('2D SPACE',''
  ) );
#9749 = PCURVE('',#8176,#9750);
#9750 = DEFINITIONAL_REPRESENTATION('',(#9751),#9755);
#9751 = LINE('',#9752,#9753);
#9752 = CARTESIAN_POINT('',(0.,0.));
#9753 = VECTOR('',#9754,1.);
#9754 = DIRECTION('',(0.152077681653,0.988368543987));
#9755 = ( GEOMETRIC_REPRESENTATION_CONTEXT(2) 
PARAMETRIC_REPRESENTATION_CONTEXT() REPRESENTATION_CONTEXT('2D SPACE',''
  ) );
#9756 = ORIENTED_EDGE('',*,*,#6035,.F.);
#9757 = ORIENTED_EDGE('',*,*,#9758,.T.);
#9758 = EDGE_CURVE('',#6008,#9735,#9759,.T.);
#9759 = SURFACE_CURVE('',#9760,(#9764,#9771),.PCURVE_S1.);
#9760 = LINE('',#9761,#9762);
#9761 = CARTESIAN_POINT('',(224.782206,134.907001,125.815678));
#9762 = VECTOR('',#9763,1.);
#9763 = DIRECTION('',(0.134305084972,-0.126305328701,0.98285762351));
#9764 = PCURVE('',#6049,#9765);
#9765 = DEFINITIONAL_REPRESENTATION('',(#9766),#9770);
#9766 = LINE('',#9767,#9768);
#9767 = CARTESIAN_POINT('',(-2.664720833573,-38.75881502986));
#9768 = VECTOR('',#9769,1.);
#9769 = DIRECTION('',(6.858943798464E-02,0.997644971419));
#9770 = ( GEOMETRIC_REPRESENTATION_CONTEXT(2) 
PARAMETRIC_REPRESENTATION_CONTEXT() REPRESENTATION_CONTEXT('2D SPACE',''
  ) );
#9771 = PCURVE('',#9772,#9777);
#9772 = PLANE('',#9773);
#9773 = AXIS2_PLACEMENT_3D('',#9774,#9775,#9776);
#9774 = CARTESIAN_POINT('',(230.,130.,112.));
#9775 = DIRECTION('',(-0.685078586809,-0.728469168802,0.));
#9776 = DIRECTION('',(-0.728469168802,0.685078586809,0.));
#9777 = DEFINITIONAL_REPRESENTATION('',(#9778),#9782);
#9778 = LINE('',#9779,#9780);
#9779 = CARTESIAN_POINT('',(7.162683368713,-13.815678));
#9780 = VECTOR('',#9781,1.);
#9781 = DIRECTION('',(-0.184366189708,-0.98285762351));
#9782 = ( GEOMETRIC_REPRESENTATION_CONTEXT(2) 
PARAMETRIC_REPRESENTATION_CONTEXT() REPRESENTATION_CONTEXT('2D SPACE',''
  ) );
#9783 = ADVANCED_FACE('',(#9784),#1330,.T.);
#9784 = FACE_BOUND('',#9785,.T.);
#9785 = EDGE_LOOP('',(#9786,#9787,#9815));
#9786 = ORIENTED_EDGE('',*,*,#1307,.F.);
#9787 = ORIENTED_EDGE('',*,*,#9788,.T.);
#9788 = EDGE_CURVE('',#1308,#9789,#9791,.T.);
#9789 = VERTEX_POINT('',#9790);
#9790 = CARTESIAN_POINT('',(192.374905,72.499194,45.30462));
#9791 = SURFACE_CURVE('',#9792,(#9796,#9803),.PCURVE_S1.);
#9792 = LINE('',#9793,#9794);
#9793 = CARTESIAN_POINT('',(180.008165,79.17332,30.));
#9794 = VECTOR('',#9795,1.);
#9795 = DIRECTION('',(0.595193755805,-0.321216272086,0.736589777012));
#9796 = PCURVE('',#1330,#9797);
#9797 = DEFINITIONAL_REPRESENTATION('',(#9798),#9802);
#9798 = LINE('',#9799,#9800);
#9799 = CARTESIAN_POINT('',(26.184530278188,25.745084202621));
#9800 = VECTOR('',#9801,1.);
#9801 = DIRECTION('',(-0.946903149524,0.321518934779));
#9802 = ( GEOMETRIC_REPRESENTATION_CONTEXT(2) 
PARAMETRIC_REPRESENTATION_CONTEXT() REPRESENTATION_CONTEXT('2D SPACE',''
  ) );
#9803 = PCURVE('',#9804,#9809);
#9804 = PLANE('',#9805);
#9805 = AXIS2_PLACEMENT_3D('',#9806,#9807,#9808);
#9806 = CARTESIAN_POINT('',(192.374905,72.499194,45.30462));
#9807 = DIRECTION('',(-0.766508092724,4.826864653641E-02,0.640418208322)
  );
#9808 = DIRECTION('',(-0.641165557592,3.469446951954E-18,-0.767402585191
    ));
#9809 = DEFINITIONAL_REPRESENTATION('',(#9810),#9814);
#9810 = LINE('',#9811,#9812);
#9811 = CARTESIAN_POINT('',(19.67393270106,-6.681914509332));
#9812 = VECTOR('',#9813,1.);
#9813 = DIRECTION('',(-0.94687863542,0.321591122056));
#9814 = ( GEOMETRIC_REPRESENTATION_CONTEXT(2) 
PARAMETRIC_REPRESENTATION_CONTEXT() REPRESENTATION_CONTEXT('2D SPACE',''
  ) );
#9815 = ORIENTED_EDGE('',*,*,#9816,.T.);
#9816 = EDGE_CURVE('',#9789,#1310,#9817,.T.);
#9817 = SURFACE_CURVE('',#9818,(#9822,#9829),.PCURVE_S1.);
#9818 = LINE('',#9819,#9820);
#9819 = CARTESIAN_POINT('',(192.374905,72.499194,45.30462));
#9820 = VECTOR('',#9821,1.);
#9821 = DIRECTION('',(0.158641091121,0.979512170457,0.124052054137));
#9822 = PCURVE('',#1330,#9823);
#9823 = DEFINITIONAL_REPRESENTATION('',(#9824),#9828);
#9824 = LINE('',#9825,#9826);
#9825 = CARTESIAN_POINT('',(6.510088231141,32.425498828472));
#9826 = VECTOR('',#9827,1.);
#9827 = DIRECTION('',(-0.196842586023,-0.980435105618));
#9828 = ( GEOMETRIC_REPRESENTATION_CONTEXT(2) 
PARAMETRIC_REPRESENTATION_CONTEXT() REPRESENTATION_CONTEXT('2D SPACE',''
  ) );
#9829 = PCURVE('',#6084,#9830);
#9830 = DEFINITIONAL_REPRESENTATION('',(#9831),#9835);
#9831 = LINE('',#9832,#9833);
#9832 = CARTESIAN_POINT('',(0.,0.));
#9833 = VECTOR('',#9834,1.);
#9834 = DIRECTION('',(0.199692406698,0.979858634042));
#9835 = ( GEOMETRIC_REPRESENTATION_CONTEXT(2) 
PARAMETRIC_REPRESENTATION_CONTEXT() REPRESENTATION_CONTEXT('2D SPACE',''
  ) );
#9836 = ADVANCED_FACE('',(#9837),#6084,.T.);
#9837 = FACE_BOUND('',#9838,.T.);
#9838 = EDGE_LOOP('',(#9839,#9860,#9861));
#9839 = ORIENTED_EDGE('',*,*,#9840,.T.);
#9840 = EDGE_CURVE('',#9789,#3044,#9841,.T.);
#9841 = SURFACE_CURVE('',#9842,(#9846,#9853),.PCURVE_S1.);
#9842 = LINE('',#9843,#9844);
#9843 = CARTESIAN_POINT('',(192.374905,72.499194,45.30462));
#9844 = VECTOR('',#9845,1.);
#9845 = DIRECTION('',(0.536426993894,0.771997493675,0.34097793181));
#9846 = PCURVE('',#6084,#9847);
#9847 = DEFINITIONAL_REPRESENTATION('',(#9848),#9852);
#9848 = LINE('',#9849,#9850);
#9849 = CARTESIAN_POINT('',(0.,0.));
#9850 = VECTOR('',#9851,1.);
#9851 = DIRECTION('',(0.635293779699,0.772270557173));
#9852 = ( GEOMETRIC_REPRESENTATION_CONTEXT(2) 
PARAMETRIC_REPRESENTATION_CONTEXT() REPRESENTATION_CONTEXT('2D SPACE',''
  ) );
#9853 = PCURVE('',#3085,#9854);
#9854 = DEFINITIONAL_REPRESENTATION('',(#9855),#9859);
#9855 = LINE('',#9856,#9857);
#9856 = CARTESIAN_POINT('',(-21.07052354128,-25.61196229319));
#9857 = VECTOR('',#9858,1.);
#9858 = DIRECTION('',(0.63531763826,0.772250929761));
#9859 = ( GEOMETRIC_REPRESENTATION_CONTEXT(2) 
PARAMETRIC_REPRESENTATION_CONTEXT() REPRESENTATION_CONTEXT('2D SPACE',''
  ) );
#9860 = ORIENTED_EDGE('',*,*,#6065,.F.);
#9861 = ORIENTED_EDGE('',*,*,#9816,.F.);
#9862 = ADVANCED_FACE('',(#9863),#1358,.T.);
#9863 = FACE_BOUND('',#9864,.T.);
#9864 = EDGE_LOOP('',(#9865,#9886,#9887));
#9865 = ORIENTED_EDGE('',*,*,#9866,.T.);
#9866 = EDGE_CURVE('',#5790,#1343,#9867,.T.);
#9867 = SURFACE_CURVE('',#9868,(#9872,#9879),.PCURVE_S1.);
#9868 = LINE('',#9869,#9870);
#9869 = CARTESIAN_POINT('',(204.196591,137.841835,53.172034));
#9870 = VECTOR('',#9871,1.);
#9871 = DIRECTION('',(-0.530704840615,-0.771004654313,-0.352000277238));
#9872 = PCURVE('',#1358,#9873);
#9873 = DEFINITIONAL_REPRESENTATION('',(#9874),#9878);
#9874 = LINE('',#9875,#9876);
#9875 = CARTESIAN_POINT('',(0.,0.));
#9876 = VECTOR('',#9877,1.);
#9877 = DIRECTION('',(-0.636626035769,-0.771172672351));
#9878 = ( GEOMETRIC_REPRESENTATION_CONTEXT(2) 
PARAMETRIC_REPRESENTATION_CONTEXT() REPRESENTATION_CONTEXT('2D SPACE',''
  ) );
#9879 = PCURVE('',#6204,#9880);
#9880 = DEFINITIONAL_REPRESENTATION('',(#9881),#9885);
#9881 = LINE('',#9882,#9883);
#9882 = CARTESIAN_POINT('',(20.73523667576,25.681228234167));
#9883 = VECTOR('',#9884,1.);
#9884 = DIRECTION('',(-0.628203364402,-0.778049184148));
#9885 = ( GEOMETRIC_REPRESENTATION_CONTEXT(2) 
PARAMETRIC_REPRESENTATION_CONTEXT() REPRESENTATION_CONTEXT('2D SPACE',''
  ) );
#9886 = ORIENTED_EDGE('',*,*,#1342,.F.);
#9887 = ORIENTED_EDGE('',*,*,#6117,.F.);
#9888 = ADVANCED_FACE('',(#9889),#1450,.T.);
#9889 = FACE_BOUND('',#9890,.T.);
#9890 = EDGE_LOOP('',(#9891,#9914,#9915));
#9891 = ORIENTED_EDGE('',*,*,#9892,.T.);
#9892 = EDGE_CURVE('',#9893,#1435,#9895,.T.);
#9893 = VERTEX_POINT('',#9894);
#9894 = CARTESIAN_POINT('',(210.165687,-98.102751,56.613268));
#9895 = SURFACE_CURVE('',#9896,(#9900,#9907),.PCURVE_S1.);
#9896 = LINE('',#9897,#9898);
#9897 = CARTESIAN_POINT('',(210.165687,-98.102751,56.613268));
#9898 = VECTOR('',#9899,1.);
#9899 = DIRECTION('',(-0.536426993894,0.771997493675,-0.34097793181));
#9900 = PCURVE('',#1450,#9901);
#9901 = DEFINITIONAL_REPRESENTATION('',(#9902),#9906);
#9902 = LINE('',#9903,#9904);
#9903 = CARTESIAN_POINT('',(0.,0.));
#9904 = VECTOR('',#9905,1.);
#9905 = DIRECTION('',(-0.635293779699,0.772270557173));
#9906 = ( GEOMETRIC_REPRESENTATION_CONTEXT(2) 
PARAMETRIC_REPRESENTATION_CONTEXT() REPRESENTATION_CONTEXT('2D SPACE',''
  ) );
#9907 = PCURVE('',#6606,#9908);
#9908 = DEFINITIONAL_REPRESENTATION('',(#9909),#9913);
#9909 = LINE('',#9910,#9911);
#9910 = CARTESIAN_POINT('',(21.070523541284,-25.61196229319));
#9911 = VECTOR('',#9912,1.);
#9912 = DIRECTION('',(-0.63531763826,0.772250929761));
#9913 = ( GEOMETRIC_REPRESENTATION_CONTEXT(2) 
PARAMETRIC_REPRESENTATION_CONTEXT() REPRESENTATION_CONTEXT('2D SPACE',''
  ) );
#9914 = ORIENTED_EDGE('',*,*,#1434,.F.);
#9915 = ORIENTED_EDGE('',*,*,#9916,.T.);
#9916 = EDGE_CURVE('',#1402,#9893,#9917,.T.);
#9917 = SURFACE_CURVE('',#9918,(#9922,#9929),.PCURVE_S1.);
#9918 = LINE('',#9919,#9920);
#9919 = CARTESIAN_POINT('',(197.621572,-104.894169,49.407339));
#9920 = VECTOR('',#9921,1.);
#9921 = DIRECTION('',(0.784922043935,0.424958930764,0.450896099018));
#9922 = PCURVE('',#1450,#9923);
#9923 = DEFINITIONAL_REPRESENTATION('',(#9924),#9928);
#9924 = LINE('',#9925,#9926);
#9925 = CARTESIAN_POINT('',(-14.46539316775,-6.79382019479));
#9926 = VECTOR('',#9927,1.);
#9927 = DIRECTION('',(0.9051420504,0.425109243133));
#9928 = ( GEOMETRIC_REPRESENTATION_CONTEXT(2) 
PARAMETRIC_REPRESENTATION_CONTEXT() REPRESENTATION_CONTEXT('2D SPACE',''
  ) );
#9929 = PCURVE('',#6503,#9930);
#9930 = DEFINITIONAL_REPRESENTATION('',(#9931),#9935);
#9931 = LINE('',#9932,#9933);
#9932 = CARTESIAN_POINT('',(0.,0.));
#9933 = VECTOR('',#9934,1.);
#9934 = DIRECTION('',(0.905176867029,0.425035103721));
#9935 = ( GEOMETRIC_REPRESENTATION_CONTEXT(2) 
PARAMETRIC_REPRESENTATION_CONTEXT() REPRESENTATION_CONTEXT('2D SPACE',''
  ) );
#9936 = ADVANCED_FACE('',(#9937),#1422,.T.);
#9937 = FACE_BOUND('',#9938,.T.);
#9938 = EDGE_LOOP('',(#9939,#9940,#9968));
#9939 = ORIENTED_EDGE('',*,*,#1399,.F.);
#9940 = ORIENTED_EDGE('',*,*,#9941,.T.);
#9941 = EDGE_CURVE('',#1400,#9942,#9944,.T.);
#9942 = VERTEX_POINT('',#9943);
#9943 = CARTESIAN_POINT('',(186.679508,-112.393127,41.553489));
#9944 = SURFACE_CURVE('',#9945,(#9949,#9956),.PCURVE_S1.);
#9945 = LINE('',#9946,#9947);
#9946 = CARTESIAN_POINT('',(180.008165,-79.17332,30.));
#9947 = VECTOR('',#9948,1.);
#9948 = DIRECTION('',(0.186357233465,-0.927961780523,0.322735054532));
#9949 = PCURVE('',#1422,#9950);
#9950 = DEFINITIONAL_REPRESENTATION('',(#9951),#9955);
#9951 = LINE('',#9952,#9953);
#9952 = CARTESIAN_POINT('',(-25.9702412739,25.961231763234));
#9953 = VECTOR('',#9954,1.);
#9954 = DIRECTION('',(0.350308552902,-0.936634356493));
#9955 = ( GEOMETRIC_REPRESENTATION_CONTEXT(2) 
PARAMETRIC_REPRESENTATION_CONTEXT() REPRESENTATION_CONTEXT('2D SPACE',''
  ) );
#9956 = PCURVE('',#9957,#9962);
#9957 = PLANE('',#9958);
#9958 = AXIS2_PLACEMENT_3D('',#9959,#9960,#9961);
#9959 = CARTESIAN_POINT('',(186.679508,-112.393127,41.553489));
#9960 = DIRECTION('',(-0.754097770149,7.546091237066E-02,0.652412602392)
  );
#9961 = DIRECTION('',(-0.654278105927,0.,-0.756254031464));
#9962 = DEFINITIONAL_REPRESENTATION('',(#9963),#9967);
#9963 = LINE('',#9964,#9965);
#9964 = CARTESIAN_POINT('',(13.102286295748,-33.31479545844));
#9965 = VECTOR('',#9966,1.);
#9966 = DIRECTION('',(-0.365999143822,0.93061518724));
#9967 = ( GEOMETRIC_REPRESENTATION_CONTEXT(2) 
PARAMETRIC_REPRESENTATION_CONTEXT() REPRESENTATION_CONTEXT('2D SPACE',''
  ) );
#9968 = ORIENTED_EDGE('',*,*,#9969,.T.);
#9969 = EDGE_CURVE('',#9942,#1402,#9970,.T.);
#9970 = SURFACE_CURVE('',#9971,(#9975,#9982),.PCURVE_S1.);
#9971 = LINE('',#9972,#9973);
#9972 = CARTESIAN_POINT('',(186.679508,-112.393127,41.553489));
#9973 = VECTOR('',#9974,1.);
#9974 = DIRECTION('',(0.70979659069,0.486447056252,0.509468410511));
#9975 = PCURVE('',#1422,#9976);
#9976 = DEFINITIONAL_REPRESENTATION('',(#9977),#9981);
#9977 = LINE('',#9978,#9979);
#9978 = CARTESIAN_POINT('',(-13.42965742434,-7.569042010268));
#9979 = VECTOR('',#9980,1.);
#9980 = DIRECTION('',(0.871163343034,0.490993309277));
#9981 = ( GEOMETRIC_REPRESENTATION_CONTEXT(2) 
PARAMETRIC_REPRESENTATION_CONTEXT() REPRESENTATION_CONTEXT('2D SPACE',''
  ) );
#9982 = PCURVE('',#6529,#9983);
#9983 = DEFINITIONAL_REPRESENTATION('',(#9984),#9988);
#9984 = LINE('',#9985,#9986);
#9985 = CARTESIAN_POINT('',(0.,0.));
#9986 = VECTOR('',#9987,1.);
#9987 = DIRECTION('',(0.873651026814,0.486553063239));
#9988 = ( GEOMETRIC_REPRESENTATION_CONTEXT(2) 
PARAMETRIC_REPRESENTATION_CONTEXT() REPRESENTATION_CONTEXT('2D SPACE',''
  ) );
#9989 = ADVANCED_FACE('',(#9990),#6529,.T.);
#9990 = FACE_BOUND('',#9991,.T.);
#9991 = EDGE_LOOP('',(#9992,#10018,#10019));
#9992 = ORIENTED_EDGE('',*,*,#9993,.T.);
#9993 = EDGE_CURVE('',#9942,#5107,#9994,.T.);
#9994 = SURFACE_CURVE('',#9995,(#9999,#10006),.PCURVE_S1.);
#9995 = LINE('',#9996,#9997);
#9996 = CARTESIAN_POINT('',(186.679508,-112.393127,41.553489));
#9997 = VECTOR('',#9998,1.);
#9998 = DIRECTION('',(0.530704840615,-0.771004654313,0.352000277238));
#9999 = PCURVE('',#6529,#10000);
#10000 = DEFINITIONAL_REPRESENTATION('',(#10001),#10005);
#10001 = LINE('',#10002,#10003);
#10002 = CARTESIAN_POINT('',(0.,0.));
#10003 = VECTOR('',#10004,1.);
#10004 = DIRECTION('',(0.636626035769,-0.771172672351));
#10005 = ( GEOMETRIC_REPRESENTATION_CONTEXT(2) 
PARAMETRIC_REPRESENTATION_CONTEXT() REPRESENTATION_CONTEXT('2D SPACE',''
  ) );
#10006 = PCURVE('',#10007,#10012);
#10007 = PLANE('',#10008);
#10008 = AXIS2_PLACEMENT_3D('',#10009,#10010,#10011);
#10009 = CARTESIAN_POINT('',(204.196591,-137.841835,53.172034));
#10010 = DIRECTION('',(-0.522562170022,2.932793387021E-02,0.852096620553
    ));
#10011 = DIRECTION('',(0.852463313077,-1.734723475977E-18,0.522787050201
    ));
#10012 = DEFINITIONAL_REPRESENTATION('',(#10013),#10017);
#10013 = LINE('',#10014,#10015);
#10014 = CARTESIAN_POINT('',(-21.0066954778,25.459659634765));
#10015 = VECTOR('',#10016,1.);
#10016 = DIRECTION('',(0.636427593304,-0.7713364496));
#10017 = ( GEOMETRIC_REPRESENTATION_CONTEXT(2) 
PARAMETRIC_REPRESENTATION_CONTEXT() REPRESENTATION_CONTEXT('2D SPACE',''
  ) );
#10018 = ORIENTED_EDGE('',*,*,#6515,.F.);
#10019 = ORIENTED_EDGE('',*,*,#9969,.F.);
#10020 = ADVANCED_FACE('',(#10021),#6843,.T.);
#10021 = FACE_BOUND('',#10022,.T.);
#10022 = EDGE_LOOP('',(#10023,#10051,#10052));
#10023 = ORIENTED_EDGE('',*,*,#10024,.T.);
#10024 = EDGE_CURVE('',#10025,#6828,#10027,.T.);
#10025 = VERTEX_POINT('',#10026);
#10026 = CARTESIAN_POINT('',(230.,32.5,237.461061));
#10027 = SURFACE_CURVE('',#10028,(#10032,#10039),.PCURVE_S1.);
#10028 = LINE('',#10029,#10030);
#10029 = CARTESIAN_POINT('',(230.,32.5,237.461061));
#10030 = VECTOR('',#10031,1.);
#10031 = DIRECTION('',(0.,0.,-1.));
#10032 = PCURVE('',#6843,#10033);
#10033 = DEFINITIONAL_REPRESENTATION('',(#10034),#10038);
#10034 = LINE('',#10035,#10036);
#10035 = CARTESIAN_POINT('',(0.,0.));
#10036 = VECTOR('',#10037,1.);
#10037 = DIRECTION('',(1.,0.));
#10038 = ( GEOMETRIC_REPRESENTATION_CONTEXT(2) 
PARAMETRIC_REPRESENTATION_CONTEXT() REPRESENTATION_CONTEXT('2D SPACE',''
  ) );
#10039 = PCURVE('',#10040,#10045);
#10040 = PLANE('',#10041);
#10041 = AXIS2_PLACEMENT_3D('',#10042,#10043,#10044);
#10042 = CARTESIAN_POINT('',(230.,32.5,190.));
#10043 = DIRECTION('',(-1.,-0.,-0.));
#10044 = DIRECTION('',(0.,0.,-1.));
#10045 = DEFINITIONAL_REPRESENTATION('',(#10046),#10050);
#10046 = LINE('',#10047,#10048);
#10047 = CARTESIAN_POINT('',(-47.461061,0.));
#10048 = VECTOR('',#10049,1.);
#10049 = DIRECTION('',(1.,0.));
#10050 = ( GEOMETRIC_REPRESENTATION_CONTEXT(2) 
PARAMETRIC_REPRESENTATION_CONTEXT() REPRESENTATION_CONTEXT('2D SPACE',''
  ) );
#10051 = ORIENTED_EDGE('',*,*,#6827,.F.);
#10052 = ORIENTED_EDGE('',*,*,#10053,.T.);
#10053 = EDGE_CURVE('',#1492,#10025,#10054,.T.);
#10054 = SURFACE_CURVE('',#10055,(#10059,#10066),.PCURVE_S1.);
#10055 = LINE('',#10056,#10057);
#10056 = CARTESIAN_POINT('',(230.,0.,216.));
#10057 = VECTOR('',#10058,1.);
#10058 = DIRECTION('',(0.,0.834478815091,0.551040023196));
#10059 = PCURVE('',#6843,#10060);
#10060 = DEFINITIONAL_REPRESENTATION('',(#10061),#10065);
#10061 = LINE('',#10062,#10063);
#10062 = CARTESIAN_POINT('',(21.461061,32.5));
#10063 = VECTOR('',#10064,1.);
#10064 = DIRECTION('',(-0.551040023196,-0.834478815091));
#10065 = ( GEOMETRIC_REPRESENTATION_CONTEXT(2) 
PARAMETRIC_REPRESENTATION_CONTEXT() REPRESENTATION_CONTEXT('2D SPACE',''
  ) );
#10066 = PCURVE('',#1512,#10067);
#10067 = DEFINITIONAL_REPRESENTATION('',(#10068),#10072);
#10068 = LINE('',#10069,#10070);
#10069 = CARTESIAN_POINT('',(0.,0.));
#10070 = VECTOR('',#10071,1.);
#10071 = DIRECTION('',(-0.551040023196,-0.834478815091));
#10072 = ( GEOMETRIC_REPRESENTATION_CONTEXT(2) 
PARAMETRIC_REPRESENTATION_CONTEXT() REPRESENTATION_CONTEXT('2D SPACE',''
  ) );
#10073 = ADVANCED_FACE('',(#10074),#1540,.T.);
#10074 = FACE_BOUND('',#10075,.T.);
#10075 = EDGE_LOOP('',(#10076,#10097,#10098));
#10076 = ORIENTED_EDGE('',*,*,#10077,.T.);
#10077 = EDGE_CURVE('',#3101,#1525,#10078,.T.);
#10078 = SURFACE_CURVE('',#10079,(#10083,#10090),.PCURVE_S1.);
#10079 = LINE('',#10080,#10081);
#10080 = CARTESIAN_POINT('',(230.,-32.5,190.));
#10081 = VECTOR('',#10082,1.);
#10082 = DIRECTION('',(0.,0.,1.));
#10083 = PCURVE('',#1540,#10084);
#10084 = DEFINITIONAL_REPRESENTATION('',(#10085),#10089);
#10085 = LINE('',#10086,#10087);
#10086 = CARTESIAN_POINT('',(0.,0.));
#10087 = VECTOR('',#10088,1.);
#10088 = DIRECTION('',(-1.,0.));
#10089 = ( GEOMETRIC_REPRESENTATION_CONTEXT(2) 
PARAMETRIC_REPRESENTATION_CONTEXT() REPRESENTATION_CONTEXT('2D SPACE',''
  ) );
#10090 = PCURVE('',#6689,#10091);
#10091 = DEFINITIONAL_REPRESENTATION('',(#10092),#10096);
#10092 = LINE('',#10093,#10094);
#10093 = CARTESIAN_POINT('',(47.461061,0.));
#10094 = VECTOR('',#10095,1.);
#10095 = DIRECTION('',(-1.,-0.));
#10096 = ( GEOMETRIC_REPRESENTATION_CONTEXT(2) 
PARAMETRIC_REPRESENTATION_CONTEXT() REPRESENTATION_CONTEXT('2D SPACE',''
  ) );
#10097 = ORIENTED_EDGE('',*,*,#1524,.F.);
#10098 = ORIENTED_EDGE('',*,*,#10099,.T.);
#10099 = EDGE_CURVE('',#1492,#3101,#10100,.T.);
#10100 = SURFACE_CURVE('',#10101,(#10105,#10112),.PCURVE_S1.);
#10101 = LINE('',#10102,#10103);
#10102 = CARTESIAN_POINT('',(230.,0.,216.));
#10103 = VECTOR('',#10104,1.);
#10104 = DIRECTION('',(0.,-0.780868809443,-0.624695047554));
#10105 = PCURVE('',#1540,#10106);
#10106 = DEFINITIONAL_REPRESENTATION('',(#10107),#10111);
#10107 = LINE('',#10108,#10109);
#10108 = CARTESIAN_POINT('',(-26.,-32.5));
#10109 = VECTOR('',#10110,1.);
#10110 = DIRECTION('',(0.624695047554,0.780868809443));
#10111 = ( GEOMETRIC_REPRESENTATION_CONTEXT(2) 
PARAMETRIC_REPRESENTATION_CONTEXT() REPRESENTATION_CONTEXT('2D SPACE',''
  ) );
#10112 = PCURVE('',#6815,#10113);
#10113 = DEFINITIONAL_REPRESENTATION('',(#10114),#10118);
#10114 = LINE('',#10115,#10116);
#10115 = CARTESIAN_POINT('',(0.,-0.));
#10116 = VECTOR('',#10117,1.);
#10117 = DIRECTION('',(0.624695047554,0.780868809443));
#10118 = ( GEOMETRIC_REPRESENTATION_CONTEXT(2) 
PARAMETRIC_REPRESENTATION_CONTEXT() REPRESENTATION_CONTEXT('2D SPACE',''
  ) );
#10119 = ADVANCED_FACE('',(#10120),#1512,.T.);
#10120 = FACE_BOUND('',#10121,.T.);
#10121 = EDGE_LOOP('',(#10122,#10123,#10149));
#10122 = ORIENTED_EDGE('',*,*,#1491,.F.);
#10123 = ORIENTED_EDGE('',*,*,#10124,.T.);
#10124 = EDGE_CURVE('',#940,#10025,#10125,.T.);
#10125 = SURFACE_CURVE('',#10126,(#10130,#10137),.PCURVE_S1.);
#10126 = LINE('',#10127,#10128);
#10127 = CARTESIAN_POINT('',(230.,0.,255.876619));
#10128 = VECTOR('',#10129,1.);
#10129 = DIRECTION('',(0.,0.870034915976,-0.492990106375));
#10130 = PCURVE('',#1512,#10131);
#10131 = DEFINITIONAL_REPRESENTATION('',(#10132),#10136);
#10132 = LINE('',#10133,#10134);
#10133 = CARTESIAN_POINT('',(-39.876619,0.));
#10134 = VECTOR('',#10135,1.);
#10135 = DIRECTION('',(0.492990106375,-0.870034915976));
#10136 = ( GEOMETRIC_REPRESENTATION_CONTEXT(2) 
PARAMETRIC_REPRESENTATION_CONTEXT() REPRESENTATION_CONTEXT('2D SPACE',''
  ) );
#10137 = PCURVE('',#10138,#10143);
#10138 = PLANE('',#10139);
#10139 = AXIS2_PLACEMENT_3D('',#10140,#10141,#10142);
#10140 = CARTESIAN_POINT('',(230.,0.,255.876619));
#10141 = DIRECTION('',(-1.,-0.,-0.));
#10142 = DIRECTION('',(0.,0.,-1.));
#10143 = DEFINITIONAL_REPRESENTATION('',(#10144),#10148);
#10144 = LINE('',#10145,#10146);
#10145 = CARTESIAN_POINT('',(0.,0.));
#10146 = VECTOR('',#10147,1.);
#10147 = DIRECTION('',(0.492990106375,-0.870034915976));
#10148 = ( GEOMETRIC_REPRESENTATION_CONTEXT(2) 
PARAMETRIC_REPRESENTATION_CONTEXT() REPRESENTATION_CONTEXT('2D SPACE',''
  ) );
#10149 = ORIENTED_EDGE('',*,*,#10053,.F.);
#10150 = ADVANCED_FACE('',(#10151),#1632,.T.);
#10151 = FACE_BOUND('',#10152,.T.);
#10152 = EDGE_LOOP('',(#10153,#10174,#10175));
#10153 = ORIENTED_EDGE('',*,*,#10154,.T.);
#10154 = EDGE_CURVE('',#7139,#1617,#10155,.T.);
#10155 = SURFACE_CURVE('',#10156,(#10160,#10167),.PCURVE_S1.);
#10156 = LINE('',#10157,#10158);
#10157 = CARTESIAN_POINT('',(230.,65.,112.));
#10158 = VECTOR('',#10159,1.);
#10159 = DIRECTION('',(0.,0.,1.));
#10160 = PCURVE('',#1632,#10161);
#10161 = DEFINITIONAL_REPRESENTATION('',(#10162),#10166);
#10162 = LINE('',#10163,#10164);
#10163 = CARTESIAN_POINT('',(0.,0.));
#10164 = VECTOR('',#10165,1.);
#10165 = DIRECTION('',(-1.,0.));
#10166 = ( GEOMETRIC_REPRESENTATION_CONTEXT(2) 
PARAMETRIC_REPRESENTATION_CONTEXT() REPRESENTATION_CONTEXT('2D SPACE',''
  ) );
#10167 = PCURVE('',#7123,#10168);
#10168 = DEFINITIONAL_REPRESENTATION('',(#10169),#10173);
#10169 = LINE('',#10170,#10171);
#10170 = CARTESIAN_POINT('',(52.,0.));
#10171 = VECTOR('',#10172,1.);
#10172 = DIRECTION('',(-1.,0.));
#10173 = ( GEOMETRIC_REPRESENTATION_CONTEXT(2) 
PARAMETRIC_REPRESENTATION_CONTEXT() REPRESENTATION_CONTEXT('2D SPACE',''
  ) );
#10174 = ORIENTED_EDGE('',*,*,#1616,.F.);
#10175 = ORIENTED_EDGE('',*,*,#10176,.T.);
#10176 = EDGE_CURVE('',#1584,#7139,#10177,.T.);
#10177 = SURFACE_CURVE('',#10178,(#10182,#10189),.PCURVE_S1.);
#10178 = LINE('',#10179,#10180);
#10179 = CARTESIAN_POINT('',(230.,97.5,138.));
#10180 = VECTOR('',#10181,1.);
#10181 = DIRECTION('',(0.,-0.780868809443,-0.624695047554));
#10182 = PCURVE('',#1632,#10183);
#10183 = DEFINITIONAL_REPRESENTATION('',(#10184),#10188);
#10184 = LINE('',#10185,#10186);
#10185 = CARTESIAN_POINT('',(-26.,-32.5));
#10186 = VECTOR('',#10187,1.);
#10187 = DIRECTION('',(0.624695047554,0.780868809443));
#10188 = ( GEOMETRIC_REPRESENTATION_CONTEXT(2) 
PARAMETRIC_REPRESENTATION_CONTEXT() REPRESENTATION_CONTEXT('2D SPACE',''
  ) );
#10189 = PCURVE('',#6988,#10190);
#10190 = DEFINITIONAL_REPRESENTATION('',(#10191),#10195);
#10191 = LINE('',#10192,#10193);
#10192 = CARTESIAN_POINT('',(0.,0.));
#10193 = VECTOR('',#10194,1.);
#10194 = DIRECTION('',(0.624695047554,0.780868809443));
#10195 = ( GEOMETRIC_REPRESENTATION_CONTEXT(2) 
PARAMETRIC_REPRESENTATION_CONTEXT() REPRESENTATION_CONTEXT('2D SPACE',''
  ) );
#10196 = ADVANCED_FACE('',(#10197),#1658,.T.);
#10197 = FACE_BOUND('',#10198,.T.);
#10198 = EDGE_LOOP('',(#10199,#10220,#10241));
#10199 = ORIENTED_EDGE('',*,*,#10200,.T.);
#10200 = EDGE_CURVE('',#1617,#6705,#10201,.T.);
#10201 = SURFACE_CURVE('',#10202,(#10206,#10213),.PCURVE_S1.);
#10202 = LINE('',#10203,#10204);
#10203 = CARTESIAN_POINT('',(230.,65.,164.));
#10204 = VECTOR('',#10205,1.);
#10205 = DIRECTION('',(0.,0.,1.));
#10206 = PCURVE('',#1658,#10207);
#10207 = DEFINITIONAL_REPRESENTATION('',(#10208),#10212);
#10208 = LINE('',#10209,#10210);
#10209 = CARTESIAN_POINT('',(0.,-0.));
#10210 = VECTOR('',#10211,1.);
#10211 = DIRECTION('',(-1.,-0.));
#10212 = ( GEOMETRIC_REPRESENTATION_CONTEXT(2) 
PARAMETRIC_REPRESENTATION_CONTEXT() REPRESENTATION_CONTEXT('2D SPACE',''
  ) );
#10213 = PCURVE('',#7097,#10214);
#10214 = DEFINITIONAL_REPRESENTATION('',(#10215),#10219);
#10215 = LINE('',#10216,#10217);
#10216 = CARTESIAN_POINT('',(52.,0.));
#10217 = VECTOR('',#10218,1.);
#10218 = DIRECTION('',(-1.,-0.));
#10219 = ( GEOMETRIC_REPRESENTATION_CONTEXT(2) 
PARAMETRIC_REPRESENTATION_CONTEXT() REPRESENTATION_CONTEXT('2D SPACE',''
  ) );
#10220 = ORIENTED_EDGE('',*,*,#10221,.T.);
#10221 = EDGE_CURVE('',#6705,#1582,#10222,.T.);
#10222 = SURFACE_CURVE('',#10223,(#10227,#10234),.PCURVE_S1.);
#10223 = LINE('',#10224,#10225);
#10224 = CARTESIAN_POINT('',(230.,65.,216.));
#10225 = VECTOR('',#10226,1.);
#10226 = DIRECTION('',(0.,0.780868809443,-0.624695047554));
#10227 = PCURVE('',#1658,#10228);
#10228 = DEFINITIONAL_REPRESENTATION('',(#10229),#10233);
#10229 = LINE('',#10230,#10231);
#10230 = CARTESIAN_POINT('',(-52.,-0.));
#10231 = VECTOR('',#10232,1.);
#10232 = DIRECTION('',(0.624695047554,-0.780868809443));
#10233 = ( GEOMETRIC_REPRESENTATION_CONTEXT(2) 
PARAMETRIC_REPRESENTATION_CONTEXT() REPRESENTATION_CONTEXT('2D SPACE',''
  ) );
#10234 = PCURVE('',#6779,#10235);
#10235 = DEFINITIONAL_REPRESENTATION('',(#10236),#10240);
#10236 = LINE('',#10237,#10238);
#10237 = CARTESIAN_POINT('',(23.248559,32.5));
#10238 = VECTOR('',#10239,1.);
#10239 = DIRECTION('',(0.624695047554,-0.780868809443));
#10240 = ( GEOMETRIC_REPRESENTATION_CONTEXT(2) 
PARAMETRIC_REPRESENTATION_CONTEXT() REPRESENTATION_CONTEXT('2D SPACE',''
  ) );
#10241 = ORIENTED_EDGE('',*,*,#1644,.F.);
#10242 = ADVANCED_FACE('',(#10243),#1604,.T.);
#10243 = FACE_BOUND('',#10244,.T.);
#10244 = EDGE_LOOP('',(#10245,#10246,#10267));
#10245 = ORIENTED_EDGE('',*,*,#1581,.F.);
#10246 = ORIENTED_EDGE('',*,*,#10247,.T.);
#10247 = EDGE_CURVE('',#1582,#9735,#10248,.T.);
#10248 = SURFACE_CURVE('',#10249,(#10253,#10260),.PCURVE_S1.);
#10249 = LINE('',#10250,#10251);
#10250 = CARTESIAN_POINT('',(230.,97.5,190.));
#10251 = VECTOR('',#10252,1.);
#10252 = DIRECTION('',(0.,0.780868809443,-0.624695047554));
#10253 = PCURVE('',#1604,#10254);
#10254 = DEFINITIONAL_REPRESENTATION('',(#10255),#10259);
#10255 = LINE('',#10256,#10257);
#10256 = CARTESIAN_POINT('',(-52.,0.));
#10257 = VECTOR('',#10258,1.);
#10258 = DIRECTION('',(0.624695047554,-0.780868809443));
#10259 = ( GEOMETRIC_REPRESENTATION_CONTEXT(2) 
PARAMETRIC_REPRESENTATION_CONTEXT() REPRESENTATION_CONTEXT('2D SPACE',''
  ) );
#10260 = PCURVE('',#6952,#10261);
#10261 = DEFINITIONAL_REPRESENTATION('',(#10262),#10266);
#10262 = LINE('',#10263,#10264);
#10263 = CARTESIAN_POINT('',(23.242485,32.5));
#10264 = VECTOR('',#10265,1.);
#10265 = DIRECTION('',(0.624695047554,-0.780868809443));
#10266 = ( GEOMETRIC_REPRESENTATION_CONTEXT(2) 
PARAMETRIC_REPRESENTATION_CONTEXT() REPRESENTATION_CONTEXT('2D SPACE',''
  ) );
#10267 = ORIENTED_EDGE('',*,*,#10268,.T.);
#10268 = EDGE_CURVE('',#9735,#1584,#10269,.T.);
#10269 = SURFACE_CURVE('',#10270,(#10274,#10281),.PCURVE_S1.);
#10270 = LINE('',#10271,#10272);
#10271 = CARTESIAN_POINT('',(230.,130.,164.));
#10272 = VECTOR('',#10273,1.);
#10273 = DIRECTION('',(0.,-0.780868809443,-0.624695047554));
#10274 = PCURVE('',#1604,#10275);
#10275 = DEFINITIONAL_REPRESENTATION('',(#10276),#10280);
#10276 = LINE('',#10277,#10278);
#10277 = CARTESIAN_POINT('',(-26.,-32.5));
#10278 = VECTOR('',#10279,1.);
#10279 = DIRECTION('',(0.624695047554,0.780868809443));
#10280 = ( GEOMETRIC_REPRESENTATION_CONTEXT(2) 
PARAMETRIC_REPRESENTATION_CONTEXT() REPRESENTATION_CONTEXT('2D SPACE',''
  ) );
#10281 = PCURVE('',#7014,#10282);
#10282 = DEFINITIONAL_REPRESENTATION('',(#10283),#10287);
#10283 = LINE('',#10284,#10285);
#10284 = CARTESIAN_POINT('',(0.,-0.));
#10285 = VECTOR('',#10286,1.);
#10286 = DIRECTION('',(0.624695047554,0.780868809443));
#10287 = ( GEOMETRIC_REPRESENTATION_CONTEXT(2) 
PARAMETRIC_REPRESENTATION_CONTEXT() REPRESENTATION_CONTEXT('2D SPACE',''
  ) );
#10288 = ADVANCED_FACE('',(#10289),#7353,.T.);
#10289 = FACE_BOUND('',#10290,.T.);
#10290 = EDGE_LOOP('',(#10291,#10319,#10320));
#10291 = ORIENTED_EDGE('',*,*,#10292,.T.);
#10292 = EDGE_CURVE('',#10293,#3134,#10295,.T.);
#10293 = VERTEX_POINT('',#10294);
#10294 = CARTESIAN_POINT('',(230.,-32.5,86.));
#10295 = SURFACE_CURVE('',#10296,(#10300,#10307),.PCURVE_S1.);
#10296 = LINE('',#10297,#10298);
#10297 = CARTESIAN_POINT('',(230.,-32.5,86.));
#10298 = VECTOR('',#10299,1.);
#10299 = DIRECTION('',(0.,0.,1.));
#10300 = PCURVE('',#7353,#10301);
#10301 = DEFINITIONAL_REPRESENTATION('',(#10302),#10306);
#10302 = LINE('',#10303,#10304);
#10303 = CARTESIAN_POINT('',(0.,0.));
#10304 = VECTOR('',#10305,1.);
#10305 = DIRECTION('',(-1.,0.));
#10306 = ( GEOMETRIC_REPRESENTATION_CONTEXT(2) 
PARAMETRIC_REPRESENTATION_CONTEXT() REPRESENTATION_CONTEXT('2D SPACE',''
  ) );
#10307 = PCURVE('',#10308,#10313);
#10308 = PLANE('',#10309);
#10309 = AXIS2_PLACEMENT_3D('',#10310,#10311,#10312);
#10310 = CARTESIAN_POINT('',(230.,-32.5,138.));
#10311 = DIRECTION('',(-1.,0.,0.));
#10312 = DIRECTION('',(0.,0.,-1.));
#10313 = DEFINITIONAL_REPRESENTATION('',(#10314),#10318);
#10314 = LINE('',#10315,#10316);
#10315 = CARTESIAN_POINT('',(52.,0.));
#10316 = VECTOR('',#10317,1.);
#10317 = DIRECTION('',(-1.,-0.));
#10318 = ( GEOMETRIC_REPRESENTATION_CONTEXT(2) 
PARAMETRIC_REPRESENTATION_CONTEXT() REPRESENTATION_CONTEXT('2D SPACE',''
  ) );
#10319 = ORIENTED_EDGE('',*,*,#7339,.F.);
#10320 = ORIENTED_EDGE('',*,*,#10321,.T.);
#10321 = EDGE_CURVE('',#1676,#10293,#10322,.T.);
#10322 = SURFACE_CURVE('',#10323,(#10327,#10334),.PCURVE_S1.);
#10323 = LINE('',#10324,#10325);
#10324 = CARTESIAN_POINT('',(230.,0.,112.));
#10325 = VECTOR('',#10326,1.);
#10326 = DIRECTION('',(0.,-0.780868809443,-0.624695047554));
#10327 = PCURVE('',#7353,#10328);
#10328 = DEFINITIONAL_REPRESENTATION('',(#10329),#10333);
#10329 = LINE('',#10330,#10331);
#10330 = CARTESIAN_POINT('',(-26.,-32.5));
#10331 = VECTOR('',#10332,1.);
#10332 = DIRECTION('',(0.624695047554,0.780868809443));
#10333 = ( GEOMETRIC_REPRESENTATION_CONTEXT(2) 
PARAMETRIC_REPRESENTATION_CONTEXT() REPRESENTATION_CONTEXT('2D SPACE',''
  ) );
#10334 = PCURVE('',#1696,#10335);
#10335 = DEFINITIONAL_REPRESENTATION('',(#10336),#10340);
#10336 = LINE('',#10337,#10338);
#10337 = CARTESIAN_POINT('',(0.,0.));
#10338 = VECTOR('',#10339,1.);
#10339 = DIRECTION('',(0.624695047554,0.780868809443));
#10340 = ( GEOMETRIC_REPRESENTATION_CONTEXT(2) 
PARAMETRIC_REPRESENTATION_CONTEXT() REPRESENTATION_CONTEXT('2D SPACE',''
  ) );
#10341 = ADVANCED_FACE('',(#10342),#1724,.T.);
#10342 = FACE_BOUND('',#10343,.T.);
#10343 = EDGE_LOOP('',(#10344,#10365,#10366));
#10344 = ORIENTED_EDGE('',*,*,#10345,.T.);
#10345 = EDGE_CURVE('',#7056,#1709,#10346,.T.);
#10346 = SURFACE_CURVE('',#10347,(#10351,#10358),.PCURVE_S1.);
#10347 = LINE('',#10348,#10349);
#10348 = CARTESIAN_POINT('',(230.,32.5,138.));
#10349 = VECTOR('',#10350,1.);
#10350 = DIRECTION('',(0.,0.,-1.));
#10351 = PCURVE('',#1724,#10352);
#10352 = DEFINITIONAL_REPRESENTATION('',(#10353),#10357);
#10353 = LINE('',#10354,#10355);
#10354 = CARTESIAN_POINT('',(0.,0.));
#10355 = VECTOR('',#10356,1.);
#10356 = DIRECTION('',(1.,0.));
#10357 = ( GEOMETRIC_REPRESENTATION_CONTEXT(2) 
PARAMETRIC_REPRESENTATION_CONTEXT() REPRESENTATION_CONTEXT('2D SPACE',''
  ) );
#10358 = PCURVE('',#7208,#10359);
#10359 = DEFINITIONAL_REPRESENTATION('',(#10360),#10364);
#10360 = LINE('',#10361,#10362);
#10361 = CARTESIAN_POINT('',(-52.,0.));
#10362 = VECTOR('',#10363,1.);
#10363 = DIRECTION('',(1.,0.));
#10364 = ( GEOMETRIC_REPRESENTATION_CONTEXT(2) 
PARAMETRIC_REPRESENTATION_CONTEXT() REPRESENTATION_CONTEXT('2D SPACE',''
  ) );
#10365 = ORIENTED_EDGE('',*,*,#1708,.F.);
#10366 = ORIENTED_EDGE('',*,*,#10367,.T.);
#10367 = EDGE_CURVE('',#1676,#7056,#10368,.T.);
#10368 = SURFACE_CURVE('',#10369,(#10373,#10380),.PCURVE_S1.);
#10369 = LINE('',#10370,#10371);
#10370 = CARTESIAN_POINT('',(230.,0.,112.));
#10371 = VECTOR('',#10372,1.);
#10372 = DIRECTION('',(0.,0.780868809443,0.624695047554));
#10373 = PCURVE('',#1724,#10374);
#10374 = DEFINITIONAL_REPRESENTATION('',(#10375),#10379);
#10375 = LINE('',#10376,#10377);
#10376 = CARTESIAN_POINT('',(26.,32.5));
#10377 = VECTOR('',#10378,1.);
#10378 = DIRECTION('',(-0.624695047554,-0.780868809443));
#10379 = ( GEOMETRIC_REPRESENTATION_CONTEXT(2) 
PARAMETRIC_REPRESENTATION_CONTEXT() REPRESENTATION_CONTEXT('2D SPACE',''
  ) );
#10380 = PCURVE('',#7327,#10381);
#10381 = DEFINITIONAL_REPRESENTATION('',(#10382),#10386);
#10382 = LINE('',#10383,#10384);
#10383 = CARTESIAN_POINT('',(0.,0.));
#10384 = VECTOR('',#10385,1.);
#10385 = DIRECTION('',(-0.624695047554,-0.780868809443));
#10386 = ( GEOMETRIC_REPRESENTATION_CONTEXT(2) 
PARAMETRIC_REPRESENTATION_CONTEXT() REPRESENTATION_CONTEXT('2D SPACE',''
  ) );
#10387 = ADVANCED_FACE('',(#10388),#1696,.T.);
#10388 = FACE_BOUND('',#10389,.T.);
#10389 = EDGE_LOOP('',(#10390,#10391,#10417));
#10390 = ORIENTED_EDGE('',*,*,#1673,.F.);
#10391 = ORIENTED_EDGE('',*,*,#10392,.T.);
#10392 = EDGE_CURVE('',#1674,#10293,#10393,.T.);
#10393 = SURFACE_CURVE('',#10394,(#10398,#10405),.PCURVE_S1.);
#10394 = LINE('',#10395,#10396);
#10395 = CARTESIAN_POINT('',(230.,0.,60.));
#10396 = VECTOR('',#10397,1.);
#10397 = DIRECTION('',(0.,-0.780868809443,0.624695047554));
#10398 = PCURVE('',#1696,#10399);
#10399 = DEFINITIONAL_REPRESENTATION('',(#10400),#10404);
#10400 = LINE('',#10401,#10402);
#10401 = CARTESIAN_POINT('',(52.,0.));
#10402 = VECTOR('',#10403,1.);
#10403 = DIRECTION('',(-0.624695047554,0.780868809443));
#10404 = ( GEOMETRIC_REPRESENTATION_CONTEXT(2) 
PARAMETRIC_REPRESENTATION_CONTEXT() REPRESENTATION_CONTEXT('2D SPACE',''
  ) );
#10405 = PCURVE('',#10406,#10411);
#10406 = PLANE('',#10407);
#10407 = AXIS2_PLACEMENT_3D('',#10408,#10409,#10410);
#10408 = CARTESIAN_POINT('',(230.,0.,60.));
#10409 = DIRECTION('',(-1.,0.,0.));
#10410 = DIRECTION('',(0.,0.,-1.));
#10411 = DEFINITIONAL_REPRESENTATION('',(#10412),#10416);
#10412 = LINE('',#10413,#10414);
#10413 = CARTESIAN_POINT('',(0.,-0.));
#10414 = VECTOR('',#10415,1.);
#10415 = DIRECTION('',(-0.624695047554,0.780868809443));
#10416 = ( GEOMETRIC_REPRESENTATION_CONTEXT(2) 
PARAMETRIC_REPRESENTATION_CONTEXT() REPRESENTATION_CONTEXT('2D SPACE',''
  ) );
#10417 = ORIENTED_EDGE('',*,*,#10321,.F.);
#10418 = ADVANCED_FACE('',(#10419),#1786,.T.);
#10419 = FACE_BOUND('',#10420,.T.);
#10420 = EDGE_LOOP('',(#10421,#10422,#10443));
#10421 = ORIENTED_EDGE('',*,*,#1765,.F.);
#10422 = ORIENTED_EDGE('',*,*,#10423,.T.);
#10423 = EDGE_CURVE('',#1766,#4059,#10424,.T.);
#10424 = SURFACE_CURVE('',#10425,(#10429,#10436),.PCURVE_S1.);
#10425 = LINE('',#10426,#10427);
#10426 = CARTESIAN_POINT('',(230.,0.,30.));
#10427 = VECTOR('',#10428,1.);
#10428 = DIRECTION('',(0.351123441588,0.936329177569,0.));
#10429 = PCURVE('',#1786,#10430);
#10430 = DEFINITIONAL_REPRESENTATION('',(#10431),#10435);
#10431 = LINE('',#10432,#10433);
#10432 = CARTESIAN_POINT('',(30.,0.));
#10433 = VECTOR('',#10434,1.);
#10434 = DIRECTION('',(-0.351123441588,0.936329177569));
#10435 = ( GEOMETRIC_REPRESENTATION_CONTEXT(2) 
PARAMETRIC_REPRESENTATION_CONTEXT() REPRESENTATION_CONTEXT('2D SPACE',''
  ) );
#10436 = PCURVE('',#3870,#10437);
#10437 = DEFINITIONAL_REPRESENTATION('',(#10438),#10442);
#10438 = LINE('',#10439,#10440);
#10439 = CARTESIAN_POINT('',(-15.,-40.));
#10440 = VECTOR('',#10441,1.);
#10441 = DIRECTION('',(-0.351123441588,0.936329177569));
#10442 = ( GEOMETRIC_REPRESENTATION_CONTEXT(2) 
PARAMETRIC_REPRESENTATION_CONTEXT() REPRESENTATION_CONTEXT('2D SPACE',''
  ) );
#10443 = ORIENTED_EDGE('',*,*,#7805,.F.);
#10444 = ADVANCED_FACE('',(#10445),#1925,.T.);
#10445 = FACE_BOUND('',#10446,.T.);
#10446 = EDGE_LOOP('',(#10447,#10448,#10469));
#10447 = ORIENTED_EDGE('',*,*,#7783,.F.);
#10448 = ORIENTED_EDGE('',*,*,#10449,.T.);
#10449 = EDGE_CURVE('',#4059,#1856,#10450,.T.);
#10450 = SURFACE_CURVE('',#10451,(#10455,#10462),.PCURVE_S1.);
#10451 = LINE('',#10452,#10453);
#10452 = CARTESIAN_POINT('',(245.,40.,30.));
#10453 = VECTOR('',#10454,1.);
#10454 = DIRECTION('',(0.351123441588,0.936329177569,0.));
#10455 = PCURVE('',#1925,#10456);
#10456 = DEFINITIONAL_REPRESENTATION('',(#10457),#10461);
#10457 = LINE('',#10458,#10459);
#10458 = CARTESIAN_POINT('',(27.518934,0.));
#10459 = VECTOR('',#10460,1.);
#10460 = DIRECTION('',(-0.351123441588,0.936329177569));
#10461 = ( GEOMETRIC_REPRESENTATION_CONTEXT(2) 
PARAMETRIC_REPRESENTATION_CONTEXT() REPRESENTATION_CONTEXT('2D SPACE',''
  ) );
#10462 = PCURVE('',#4126,#10463);
#10463 = DEFINITIONAL_REPRESENTATION('',(#10464),#10468);
#10464 = LINE('',#10465,#10466);
#10465 = CARTESIAN_POINT('',(-15.,-40.));
#10466 = VECTOR('',#10467,1.);
#10467 = DIRECTION('',(-0.351123441588,0.936329177569));
#10468 = ( GEOMETRIC_REPRESENTATION_CONTEXT(2) 
PARAMETRIC_REPRESENTATION_CONTEXT() REPRESENTATION_CONTEXT('2D SPACE',''
  ) );
#10469 = ORIENTED_EDGE('',*,*,#1911,.F.);
#10470 = ADVANCED_FACE('',(#10471),#7766,.T.);
#10471 = FACE_BOUND('',#10472,.T.);
#10472 = EDGE_LOOP('',(#10473,#10474,#10495));
#10473 = ORIENTED_EDGE('',*,*,#7752,.F.);
#10474 = ORIENTED_EDGE('',*,*,#10475,.T.);
#10475 = EDGE_CURVE('',#7701,#1941,#10476,.T.);
#10476 = SURFACE_CURVE('',#10477,(#10481,#10488),.PCURVE_S1.);
#10477 = LINE('',#10478,#10479);
#10478 = CARTESIAN_POINT('',(272.518934,-40.,30.));
#10479 = VECTOR('',#10480,1.);
#10480 = DIRECTION('',(-0.298686517002,-0.954351279436,0.));
#10481 = PCURVE('',#7766,#10482);
#10482 = DEFINITIONAL_REPRESENTATION('',(#10483),#10487);
#10483 = LINE('',#10484,#10485);
#10484 = CARTESIAN_POINT('',(-27.518934,0.));
#10485 = VECTOR('',#10486,1.);
#10486 = DIRECTION('',(0.298686517002,-0.954351279436));
#10487 = ( GEOMETRIC_REPRESENTATION_CONTEXT(2) 
PARAMETRIC_REPRESENTATION_CONTEXT() REPRESENTATION_CONTEXT('2D SPACE',''
  ) );
#10488 = PCURVE('',#1963,#10489);
#10489 = DEFINITIONAL_REPRESENTATION('',(#10490),#10494);
#10490 = LINE('',#10491,#10492);
#10491 = CARTESIAN_POINT('',(11.024771,38.418582));
#10492 = VECTOR('',#10493,1.);
#10493 = DIRECTION('',(0.298686517002,-0.954351279436));
#10494 = ( GEOMETRIC_REPRESENTATION_CONTEXT(2) 
PARAMETRIC_REPRESENTATION_CONTEXT() REPRESENTATION_CONTEXT('2D SPACE',''
  ) );
#10495 = ORIENTED_EDGE('',*,*,#10496,.T.);
#10496 = EDGE_CURVE('',#1941,#1799,#10497,.T.);
#10497 = SURFACE_CURVE('',#10498,(#10502,#10509),.PCURVE_S1.);
#10498 = LINE('',#10499,#10500);
#10499 = CARTESIAN_POINT('',(260.,-80.,30.));
#10500 = VECTOR('',#10501,1.);
#10501 = DIRECTION('',(-0.351123441588,0.936329177569,0.));
#10502 = PCURVE('',#7766,#10503);
#10503 = DEFINITIONAL_REPRESENTATION('',(#10504),#10508);
#10504 = LINE('',#10505,#10506);
#10505 = CARTESIAN_POINT('',(-15.,-40.));
#10506 = VECTOR('',#10507,1.);
#10507 = DIRECTION('',(0.351123441588,0.936329177569));
#10508 = ( GEOMETRIC_REPRESENTATION_CONTEXT(2) 
PARAMETRIC_REPRESENTATION_CONTEXT() REPRESENTATION_CONTEXT('2D SPACE',''
  ) );
#10509 = PCURVE('',#3583,#10510);
#10510 = DEFINITIONAL_REPRESENTATION('',(#10511),#10515);
#10511 = LINE('',#10512,#10513);
#10512 = CARTESIAN_POINT('',(0.,0.));
#10513 = VECTOR('',#10514,1.);
#10514 = DIRECTION('',(0.351123441588,0.936329177569));
#10515 = ( GEOMETRIC_REPRESENTATION_CONTEXT(2) 
PARAMETRIC_REPRESENTATION_CONTEXT() REPRESENTATION_CONTEXT('2D SPACE',''
  ) );
#10516 = ADVANCED_FACE('',(#10517),#1878,.T.);
#10517 = FACE_BOUND('',#10518,.T.);
#10518 = EDGE_LOOP('',(#10519,#10520,#10541));
#10519 = ORIENTED_EDGE('',*,*,#1855,.F.);
#10520 = ORIENTED_EDGE('',*,*,#10521,.T.);
#10521 = EDGE_CURVE('',#1856,#3969,#10522,.T.);
#10522 = SURFACE_CURVE('',#10523,(#10527,#10534),.PCURVE_S1.);
#10523 = LINE('',#10524,#10525);
#10524 = CARTESIAN_POINT('',(260.,80.,30.));
#10525 = VECTOR('',#10526,1.);
#10526 = DIRECTION('',(0.315529137191,0.948915888571,0.));
#10527 = PCURVE('',#1878,#10528);
#10528 = DEFINITIONAL_REPRESENTATION('',(#10529),#10533);
#10529 = LINE('',#10530,#10531);
#10530 = CARTESIAN_POINT('',(23.543705,1.581418));
#10531 = VECTOR('',#10532,1.);
#10532 = DIRECTION('',(-0.315529137191,0.948915888571));
#10533 = ( GEOMETRIC_REPRESENTATION_CONTEXT(2) 
PARAMETRIC_REPRESENTATION_CONTEXT() REPRESENTATION_CONTEXT('2D SPACE',''
  ) );
#10534 = PCURVE('',#3989,#10535);
#10535 = DEFINITIONAL_REPRESENTATION('',(#10536),#10540);
#10536 = LINE('',#10537,#10538);
#10537 = CARTESIAN_POINT('',(-15.007779,-38.92266));
#10538 = VECTOR('',#10539,1.);
#10539 = DIRECTION('',(-0.315529137191,0.948915888571));
#10540 = ( GEOMETRIC_REPRESENTATION_CONTEXT(2) 
PARAMETRIC_REPRESENTATION_CONTEXT() REPRESENTATION_CONTEXT('2D SPACE',''
  ) );
#10541 = ORIENTED_EDGE('',*,*,#10542,.T.);
#10542 = EDGE_CURVE('',#3969,#1858,#10543,.T.);
#10543 = SURFACE_CURVE('',#10544,(#10548,#10555),.PCURVE_S1.);
#10544 = LINE('',#10545,#10546);
#10545 = CARTESIAN_POINT('',(272.772518,118.41181,30.));
#10546 = VECTOR('',#10547,1.);
#10547 = DIRECTION('',(0.260058556106,-0.965592847631,0.));
#10548 = PCURVE('',#1878,#10549);
#10549 = DEFINITIONAL_REPRESENTATION('',(#10550),#10554);
#10550 = LINE('',#10551,#10552);
#10551 = CARTESIAN_POINT('',(10.771187,39.993228));
#10552 = VECTOR('',#10553,1.);
#10553 = DIRECTION('',(-0.260058556106,-0.965592847631));
#10554 = ( GEOMETRIC_REPRESENTATION_CONTEXT(2) 
PARAMETRIC_REPRESENTATION_CONTEXT() REPRESENTATION_CONTEXT('2D SPACE',''
  ) );
#10555 = PCURVE('',#10556,#10561);
#10556 = PLANE('',#10557);
#10557 = AXIS2_PLACEMENT_3D('',#10558,#10559,#10560);
#10558 = CARTESIAN_POINT('',(272.772518,118.41181,30.));
#10559 = DIRECTION('',(0.,-0.,-1.));
#10560 = DIRECTION('',(-1.,0.,-0.));
#10561 = DEFINITIONAL_REPRESENTATION('',(#10562),#10566);
#10562 = LINE('',#10563,#10564);
#10563 = CARTESIAN_POINT('',(0.,0.));
#10564 = VECTOR('',#10565,1.);
#10565 = DIRECTION('',(-0.260058556106,-0.965592847631));
#10566 = ( GEOMETRIC_REPRESENTATION_CONTEXT(2) 
PARAMETRIC_REPRESENTATION_CONTEXT() REPRESENTATION_CONTEXT('2D SPACE',''
  ) );
#10567 = ADVANCED_FACE('',(#10568),#10556,.T.);
#10568 = FACE_BOUND('',#10569,.T.);
#10569 = EDGE_LOOP('',(#10570,#10593,#10614));
#10570 = ORIENTED_EDGE('',*,*,#10571,.T.);
#10571 = EDGE_CURVE('',#3969,#10572,#10574,.T.);
#10572 = VERTEX_POINT('',#10573);
#10573 = CARTESIAN_POINT('',(283.960445,155.848937,30.));
#10574 = SURFACE_CURVE('',#10575,(#10579,#10586),.PCURVE_S1.);
#10575 = LINE('',#10576,#10577);
#10576 = CARTESIAN_POINT('',(272.772518,118.41181,30.));
#10577 = VECTOR('',#10578,1.);
#10578 = DIRECTION('',(0.286333133823,0.958130125022,0.));
#10579 = PCURVE('',#10556,#10580);
#10580 = DEFINITIONAL_REPRESENTATION('',(#10581),#10585);
#10581 = LINE('',#10582,#10583);
#10582 = CARTESIAN_POINT('',(0.,0.));
#10583 = VECTOR('',#10584,1.);
#10584 = DIRECTION('',(-0.286333133823,0.958130125022));
#10585 = ( GEOMETRIC_REPRESENTATION_CONTEXT(2) 
PARAMETRIC_REPRESENTATION_CONTEXT() REPRESENTATION_CONTEXT('2D SPACE',''
  ) );
#10586 = PCURVE('',#4043,#10587);
#10587 = DEFINITIONAL_REPRESENTATION('',(#10588),#10592);
#10588 = LINE('',#10589,#10590);
#10589 = CARTESIAN_POINT('',(-15.022044,-38.241902));
#10590 = VECTOR('',#10591,1.);
#10591 = DIRECTION('',(-0.286333133823,0.958130125022));
#10592 = ( GEOMETRIC_REPRESENTATION_CONTEXT(2) 
PARAMETRIC_REPRESENTATION_CONTEXT() REPRESENTATION_CONTEXT('2D SPACE',''
  ) );
#10593 = ORIENTED_EDGE('',*,*,#10594,.T.);
#10594 = EDGE_CURVE('',#10572,#1858,#10595,.T.);
#10595 = SURFACE_CURVE('',#10596,(#10600,#10607),.PCURVE_S1.);
#10596 = LINE('',#10597,#10598);
#10597 = CARTESIAN_POINT('',(283.960445,155.848937,30.));
#10598 = VECTOR('',#10599,1.);
#10599 = DIRECTION('',(-5.382048993793E-03,-0.999985516669,0.));
#10600 = PCURVE('',#10556,#10601);
#10601 = DEFINITIONAL_REPRESENTATION('',(#10602),#10606);
#10602 = LINE('',#10603,#10604);
#10603 = CARTESIAN_POINT('',(-11.187927,37.437127));
#10604 = VECTOR('',#10605,1.);
#10605 = DIRECTION('',(5.382048993793E-03,-0.999985516669));
#10606 = ( GEOMETRIC_REPRESENTATION_CONTEXT(2) 
PARAMETRIC_REPRESENTATION_CONTEXT() REPRESENTATION_CONTEXT('2D SPACE',''
  ) );
#10607 = PCURVE('',#2254,#10608);
#10608 = DEFINITIONAL_REPRESENTATION('',(#10609),#10613);
#10609 = LINE('',#10610,#10611);
#10610 = CARTESIAN_POINT('',(-30.25012189091,-37.39546847488));
#10611 = VECTOR('',#10612,1.);
#10612 = DIRECTION('',(2.46494701342E-04,0.99999996962));
#10613 = ( GEOMETRIC_REPRESENTATION_CONTEXT(2) 
PARAMETRIC_REPRESENTATION_CONTEXT() REPRESENTATION_CONTEXT('2D SPACE',''
  ) );
#10614 = ORIENTED_EDGE('',*,*,#10542,.F.);
#10615 = ADVANCED_FACE('',(#10616),#98,.T.);
#10616 = FACE_BOUND('',#10617,.T.);
#10617 = EDGE_LOOP('',(#10618,#10619,#10640));
#10618 = ORIENTED_EDGE('',*,*,#1890,.F.);
#10619 = ORIENTED_EDGE('',*,*,#10620,.T.);
#10620 = EDGE_CURVE('',#1858,#22,#10621,.T.);
#10621 = SURFACE_CURVE('',#10622,(#10626,#10633),.PCURVE_S1.);
#10622 = LINE('',#10623,#10624);
#10623 = CARTESIAN_POINT('',(283.543705,78.418582,30.));
#10624 = VECTOR('',#10625,1.);
#10625 = DIRECTION('',(-3.136052507012E-03,-0.999995082575,0.));
#10626 = PCURVE('',#98,#10627);
#10627 = DEFINITIONAL_REPRESENTATION('',(#10628),#10632);
#10628 = LINE('',#10629,#10630);
#10629 = CARTESIAN_POINT('',(-11.024771,38.418582));
#10630 = VECTOR('',#10631,1.);
#10631 = DIRECTION('',(3.136052507012E-03,-0.999995082575));
#10632 = ( GEOMETRIC_REPRESENTATION_CONTEXT(2) 
PARAMETRIC_REPRESENTATION_CONTEXT() REPRESENTATION_CONTEXT('2D SPACE',''
  ) );
#10633 = PCURVE('',#7846,#10634);
#10634 = DEFINITIONAL_REPRESENTATION('',(#10635),#10639);
#10635 = LINE('',#10636,#10637);
#10636 = CARTESIAN_POINT('',(-30.23026820513,-38.39812459744));
#10637 = VECTOR('',#10638,1.);
#10638 = DIRECTION('',(1.076403728384E-04,0.999999994207));
#10639 = ( GEOMETRIC_REPRESENTATION_CONTEXT(2) 
PARAMETRIC_REPRESENTATION_CONTEXT() REPRESENTATION_CONTEXT('2D SPACE',''
  ) );
#10640 = ORIENTED_EDGE('',*,*,#84,.F.);
#10641 = ADVANCED_FACE('',(#10642),#1963,.T.);
#10642 = FACE_BOUND('',#10643,.T.);
#10643 = EDGE_LOOP('',(#10644,#10645,#10646));
#10644 = ORIENTED_EDGE('',*,*,#1940,.F.);
#10645 = ORIENTED_EDGE('',*,*,#10475,.F.);
#10646 = ORIENTED_EDGE('',*,*,#10647,.T.);
#10647 = EDGE_CURVE('',#7701,#1943,#10648,.T.);
#10648 = SURFACE_CURVE('',#10649,(#10653,#10660),.PCURVE_S1.);
#10649 = LINE('',#10650,#10651);
#10650 = CARTESIAN_POINT('',(272.518934,-40.,30.));
#10651 = VECTOR('',#10652,1.);
#10652 = DIRECTION('',(0.275832004674,-0.961205859948,0.));
#10653 = PCURVE('',#1963,#10654);
#10654 = DEFINITIONAL_REPRESENTATION('',(#10655),#10659);
#10655 = LINE('',#10656,#10657);
#10656 = CARTESIAN_POINT('',(11.024771,38.418582));
#10657 = VECTOR('',#10658,1.);
#10658 = DIRECTION('',(-0.275832004674,-0.961205859948));
#10659 = ( GEOMETRIC_REPRESENTATION_CONTEXT(2) 
PARAMETRIC_REPRESENTATION_CONTEXT() REPRESENTATION_CONTEXT('2D SPACE',''
  ) );
#10660 = PCURVE('',#7716,#10661);
#10661 = DEFINITIONAL_REPRESENTATION('',(#10662),#10666);
#10662 = LINE('',#10663,#10664);
#10663 = CARTESIAN_POINT('',(0.,0.));
#10664 = VECTOR('',#10665,1.);
#10665 = DIRECTION('',(-0.275832004674,-0.961205859948));
#10666 = ( GEOMETRIC_REPRESENTATION_CONTEXT(2) 
PARAMETRIC_REPRESENTATION_CONTEXT() REPRESENTATION_CONTEXT('2D SPACE',''
  ) );
#10667 = ADVANCED_FACE('',(#10668),#7716,.T.);
#10668 = FACE_BOUND('',#10669,.T.);
#10669 = EDGE_LOOP('',(#10670,#10671,#10692));
#10670 = ORIENTED_EDGE('',*,*,#7700,.F.);
#10671 = ORIENTED_EDGE('',*,*,#10672,.T.);
#10672 = EDGE_CURVE('',#22,#1943,#10673,.T.);
#10673 = SURFACE_CURVE('',#10674,(#10678,#10685),.PCURVE_S1.);
#10674 = LINE('',#10675,#10676);
#10675 = CARTESIAN_POINT('',(283.297779,0.,30.));
#10676 = VECTOR('',#10677,1.);
#10677 = DIRECTION('',(3.136052507012E-03,-0.999995082575,0.));
#10678 = PCURVE('',#7716,#10679);
#10679 = DEFINITIONAL_REPRESENTATION('',(#10680),#10684);
#10680 = LINE('',#10681,#10682);
#10681 = CARTESIAN_POINT('',(-10.778845,40.));
#10682 = VECTOR('',#10683,1.);
#10683 = DIRECTION('',(-3.136052507012E-03,-0.999995082575));
#10684 = ( GEOMETRIC_REPRESENTATION_CONTEXT(2) 
PARAMETRIC_REPRESENTATION_CONTEXT() REPRESENTATION_CONTEXT('2D SPACE',''
  ) );
#10685 = PCURVE('',#188,#10686);
#10686 = DEFINITIONAL_REPRESENTATION('',(#10687),#10691);
#10687 = LINE('',#10688,#10689);
#10688 = CARTESIAN_POINT('',(-30.22182715821,-40.02084256763));
#10689 = VECTOR('',#10690,1.);
#10690 = DIRECTION('',(-1.076403728384E-04,0.999999994207));
#10691 = ( GEOMETRIC_REPRESENTATION_CONTEXT(2) 
PARAMETRIC_REPRESENTATION_CONTEXT() REPRESENTATION_CONTEXT('2D SPACE',''
  ) );
#10692 = ORIENTED_EDGE('',*,*,#10647,.F.);
#10693 = ADVANCED_FACE('',(#10694),#1991,.T.);
#10694 = FACE_BOUND('',#10695,.T.);
#10695 = EDGE_LOOP('',(#10696,#10697,#10725));
#10696 = ORIENTED_EDGE('',*,*,#1975,.F.);
#10697 = ORIENTED_EDGE('',*,*,#10698,.T.);
#10698 = EDGE_CURVE('',#1943,#10699,#10701,.T.);
#10699 = VERTEX_POINT('',#10700);
#10700 = CARTESIAN_POINT('',(283.960445,-155.848937,30.));
#10701 = SURFACE_CURVE('',#10702,(#10706,#10713),.PCURVE_S1.);
#10702 = LINE('',#10703,#10704);
#10703 = CARTESIAN_POINT('',(283.543705,-78.418582,30.));
#10704 = VECTOR('',#10705,1.);
#10705 = DIRECTION('',(5.382048993793E-03,-0.999985516669,0.));
#10706 = PCURVE('',#1991,#10707);
#10707 = DEFINITIONAL_REPRESENTATION('',(#10708),#10712);
#10708 = LINE('',#10709,#10710);
#10709 = CARTESIAN_POINT('',(-10.771187,39.993228));
#10710 = VECTOR('',#10711,1.);
#10711 = DIRECTION('',(-5.382048993793E-03,-0.999985516669));
#10712 = ( GEOMETRIC_REPRESENTATION_CONTEXT(2) 
PARAMETRIC_REPRESENTATION_CONTEXT() REPRESENTATION_CONTEXT('2D SPACE',''
  ) );
#10713 = PCURVE('',#10714,#10719);
#10714 = PLANE('',#10715);
#10715 = AXIS2_PLACEMENT_3D('',#10716,#10717,#10718);
#10716 = CARTESIAN_POINT('',(282.374165,-118.454009,60.209171));
#10717 = DIRECTION('',(0.998936218396,5.376401537283E-03,
    4.579875416414E-02));
#10718 = DIRECTION('',(-4.579941610087E-02,5.421010862428E-20,
    0.998950656181));
#10719 = DEFINITIONAL_REPRESENTATION('',(#10720),#10724);
#10720 = LINE('',#10721,#10722);
#10721 = CARTESIAN_POINT('',(-30.23103544224,-40.03600563843));
#10722 = VECTOR('',#10723,1.);
#10723 = DIRECTION('',(-2.46494701342E-04,0.99999996962));
#10724 = ( GEOMETRIC_REPRESENTATION_CONTEXT(2) 
PARAMETRIC_REPRESENTATION_CONTEXT() REPRESENTATION_CONTEXT('2D SPACE',''
  ) );
#10725 = ORIENTED_EDGE('',*,*,#10726,.T.);
#10726 = EDGE_CURVE('',#10699,#1976,#10727,.T.);
#10727 = SURFACE_CURVE('',#10728,(#10732,#10739),.PCURVE_S1.);
#10728 = LINE('',#10729,#10730);
#10729 = CARTESIAN_POINT('',(283.960445,-155.848937,30.));
#10730 = VECTOR('',#10731,1.);
#10731 = DIRECTION('',(-0.286333133823,0.958130125022,0.));
#10732 = PCURVE('',#1991,#10733);
#10733 = DEFINITIONAL_REPRESENTATION('',(#10734),#10738);
#10734 = LINE('',#10735,#10736);
#10735 = CARTESIAN_POINT('',(-11.187927,-37.437127));
#10736 = VECTOR('',#10737,1.);
#10737 = DIRECTION('',(0.286333133823,0.958130125022));
#10738 = ( GEOMETRIC_REPRESENTATION_CONTEXT(2) 
PARAMETRIC_REPRESENTATION_CONTEXT() REPRESENTATION_CONTEXT('2D SPACE',''
  ) );
#10739 = PCURVE('',#3410,#10740);
#10740 = DEFINITIONAL_REPRESENTATION('',(#10741),#10745);
#10741 = LINE('',#10742,#10743);
#10742 = CARTESIAN_POINT('',(0.,0.));
#10743 = VECTOR('',#10744,1.);
#10744 = DIRECTION('',(0.286333133823,0.958130125022));
#10745 = ( GEOMETRIC_REPRESENTATION_CONTEXT(2) 
PARAMETRIC_REPRESENTATION_CONTEXT() REPRESENTATION_CONTEXT('2D SPACE',''
  ) );
#10746 = ADVANCED_FACE('',(#10747),#2053,.T.);
#10747 = FACE_BOUND('',#10748,.T.);
#10748 = EDGE_LOOP('',(#10749,#10750,#10771));
#10749 = ORIENTED_EDGE('',*,*,#2032,.F.);
#10750 = ORIENTED_EDGE('',*,*,#10751,.T.);
#10751 = EDGE_CURVE('',#2033,#4828,#10752,.T.);
#10752 = SURFACE_CURVE('',#10753,(#10757,#10764),.PCURVE_S1.);
#10753 = LINE('',#10754,#10755);
#10754 = CARTESIAN_POINT('',(263.028696,-0.,149.768125));
#10755 = VECTOR('',#10756,1.);
#10756 = DIRECTION('',(0.161602004507,-0.793225670491,-0.58709269099));
#10757 = PCURVE('',#2053,#10758);
#10758 = DEFINITIONAL_REPRESENTATION('',(#10759),#10763);
#10759 = LINE('',#10760,#10761);
#10760 = CARTESIAN_POINT('',(61.469012472738,-1.387778780781E-17));
#10761 = VECTOR('',#10762,1.);
#10762 = DIRECTION('',(-0.608908230859,0.793240673688));
#10763 = ( GEOMETRIC_REPRESENTATION_CONTEXT(2) 
PARAMETRIC_REPRESENTATION_CONTEXT() REPRESENTATION_CONTEXT('2D SPACE',''
  ) );
#10764 = PCURVE('',#4643,#10765);
#10765 = DEFINITIONAL_REPRESENTATION('',(#10766),#10770);
#10766 = LINE('',#10767,#10768);
#10767 = CARTESIAN_POINT('',(-30.69589323488,-32.51969116857));
#10768 = VECTOR('',#10769,1.);
#10769 = DIRECTION('',(-0.608803464135,0.793321083835));
#10770 = ( GEOMETRIC_REPRESENTATION_CONTEXT(2) 
PARAMETRIC_REPRESENTATION_CONTEXT() REPRESENTATION_CONTEXT('2D SPACE',''
  ) );
#10771 = ORIENTED_EDGE('',*,*,#7935,.F.);
#10772 = ADVANCED_FACE('',(#10773),#2190,.T.);
#10773 = FACE_BOUND('',#10774,.T.);
#10774 = EDGE_LOOP('',(#10775,#10776,#10797));
#10775 = ORIENTED_EDGE('',*,*,#7913,.F.);
#10776 = ORIENTED_EDGE('',*,*,#10777,.T.);
#10777 = EDGE_CURVE('',#4828,#2123,#10778,.T.);
#10778 = SURFACE_CURVE('',#10779,(#10783,#10790),.PCURVE_S1.);
#10779 = LINE('',#10780,#10781);
#10780 = CARTESIAN_POINT('',(271.181511,-40.018205,120.149321));
#10781 = VECTOR('',#10782,1.);
#10782 = DIRECTION('',(0.150739896227,-0.7931809741,-0.590035105745));
#10783 = PCURVE('',#2190,#10784);
#10784 = DEFINITIONAL_REPRESENTATION('',(#10785),#10789);
#10785 = LINE('',#10786,#10787);
#10786 = CARTESIAN_POINT('',(60.979172831516,-2.444065149578E-03));
#10787 = VECTOR('',#10788,1.);
#10788 = DIRECTION('',(-0.607686551857,0.794176966861));
#10789 = ( GEOMETRIC_REPRESENTATION_CONTEXT(2) 
PARAMETRIC_REPRESENTATION_CONTEXT() REPRESENTATION_CONTEXT('2D SPACE',''
  ) );
#10790 = PCURVE('',#4895,#10791);
#10791 = DEFINITIONAL_REPRESENTATION('',(#10792),#10796);
#10792 = LINE('',#10793,#10794);
#10793 = CARTESIAN_POINT('',(-30.69826706418,-32.54141120714));
#10794 = VECTOR('',#10795,1.);
#10795 = DIRECTION('',(-0.608982242442,0.793183855351));
#10796 = ( GEOMETRIC_REPRESENTATION_CONTEXT(2) 
PARAMETRIC_REPRESENTATION_CONTEXT() REPRESENTATION_CONTEXT('2D SPACE',''
  ) );
#10797 = ORIENTED_EDGE('',*,*,#2176,.F.);
#10798 = ADVANCED_FACE('',(#10799),#7896,.T.);
#10799 = FACE_BOUND('',#10800,.T.);
#10800 = EDGE_LOOP('',(#10801,#10802,#10823));
#10801 = ORIENTED_EDGE('',*,*,#7882,.F.);
#10802 = ORIENTED_EDGE('',*,*,#10803,.T.);
#10803 = EDGE_CURVE('',#7831,#2206,#10804,.T.);
#10804 = SURFACE_CURVE('',#10805,(#10809,#10816),.PCURVE_S1.);
#10805 = LINE('',#10806,#10807);
#10806 = CARTESIAN_POINT('',(282.385819,40.020646,60.208325));
#10807 = VECTOR('',#10808,1.);
#10808 = DIRECTION('',(-7.156027464077E-02,0.796650073893,0.600189792365
    ));
#10809 = PCURVE('',#7896,#10810);
#10810 = DEFINITIONAL_REPRESENTATION('',(#10811),#10815);
#10811 = LINE('',#10812,#10813);
#10812 = CARTESIAN_POINT('',(-60.97917283151,-2.444065149579E-03));
#10813 = VECTOR('',#10814,1.);
#10814 = DIRECTION('',(0.603120056899,-0.797650422783));
#10815 = ( GEOMETRIC_REPRESENTATION_CONTEXT(2) 
PARAMETRIC_REPRESENTATION_CONTEXT() REPRESENTATION_CONTEXT('2D SPACE',''
  ) );
#10816 = PCURVE('',#2226,#10817);
#10817 = DEFINITIONAL_REPRESENTATION('',(#10818),#10822);
#10818 = LINE('',#10819,#10820);
#10819 = CARTESIAN_POINT('',(30.207003413154,38.41642920877));
#10820 = VECTOR('',#10821,1.);
#10821 = DIRECTION('',(0.603934757376,-0.797033756395));
#10822 = ( GEOMETRIC_REPRESENTATION_CONTEXT(2) 
PARAMETRIC_REPRESENTATION_CONTEXT() REPRESENTATION_CONTEXT('2D SPACE',''
  ) );
#10823 = ORIENTED_EDGE('',*,*,#10824,.T.);
#10824 = EDGE_CURVE('',#2206,#2066,#10825,.T.);
#10825 = SURFACE_CURVE('',#10826,(#10830,#10837),.PCURVE_S1.);
#10826 = LINE('',#10827,#10828);
#10827 = CARTESIAN_POINT('',(278.789873,80.052782,90.368216));
#10828 = VECTOR('',#10829,1.);
#10829 = DIRECTION('',(-0.150739896227,-0.7931809741,0.590035105745));
#10830 = PCURVE('',#7896,#10831);
#10831 = DEFINITIONAL_REPRESENTATION('',(#10832),#10836);
#10832 = LINE('',#10833,#10834);
#10833 = CARTESIAN_POINT('',(-30.67203431069,-40.08484818677));
#10834 = VECTOR('',#10835,1.);
#10835 = DIRECTION('',(0.607686551857,0.794176966861));
#10836 = ( GEOMETRIC_REPRESENTATION_CONTEXT(2) 
PARAMETRIC_REPRESENTATION_CONTEXT() REPRESENTATION_CONTEXT('2D SPACE',''
  ) );
#10837 = PCURVE('',#4352,#10838);
#10838 = DEFINITIONAL_REPRESENTATION('',(#10839),#10843);
#10839 = LINE('',#10840,#10841);
#10840 = CARTESIAN_POINT('',(0.,-0.));
#10841 = VECTOR('',#10842,1.);
#10842 = DIRECTION('',(0.608982242442,0.793183855351));
#10843 = ( GEOMETRIC_REPRESENTATION_CONTEXT(2) 
PARAMETRIC_REPRESENTATION_CONTEXT() REPRESENTATION_CONTEXT('2D SPACE',''
  ) );
#10844 = ADVANCED_FACE('',(#10845),#2143,.T.);
#10845 = FACE_BOUND('',#10846,.T.);
#10846 = EDGE_LOOP('',(#10847,#10848,#10869));
#10847 = ORIENTED_EDGE('',*,*,#2122,.F.);
#10848 = ORIENTED_EDGE('',*,*,#10849,.T.);
#10849 = EDGE_CURVE('',#2123,#4740,#10850,.T.);
#10850 = SURFACE_CURVE('',#10851,(#10855,#10862),.PCURVE_S1.);
#10851 = LINE('',#10852,#10853);
#10852 = CARTESIAN_POINT('',(278.789873,-80.052782,90.368216));
#10853 = VECTOR('',#10854,1.);
#10854 = DIRECTION('',(7.320876504257E-02,-0.784340786071,
    -0.615995136365));
#10855 = PCURVE('',#2143,#10856);
#10856 = DEFINITIONAL_REPRESENTATION('',(#10857),#10861);
#10857 = LINE('',#10858,#10859);
#10858 = CARTESIAN_POINT('',(60.555081522301,1.634971918536));
#10859 = VECTOR('',#10860,1.);
#10860 = DIRECTION('',(-0.619861452644,0.784711271441));
#10861 = ( GEOMETRIC_REPRESENTATION_CONTEXT(2) 
PARAMETRIC_REPRESENTATION_CONTEXT() REPRESENTATION_CONTEXT('2D SPACE',''
  ) );
#10862 = PCURVE('',#4760,#10863);
#10863 = DEFINITIONAL_REPRESENTATION('',(#10864),#10868);
#10864 = LINE('',#10865,#10866);
#10865 = CARTESIAN_POINT('',(-30.48749673783,-30.58777331271));
#10866 = VECTOR('',#10867,1.);
#10867 = DIRECTION('',(-0.615569450303,0.788082642782));
#10868 = ( GEOMETRIC_REPRESENTATION_CONTEXT(2) 
PARAMETRIC_REPRESENTATION_CONTEXT() REPRESENTATION_CONTEXT('2D SPACE',''
  ) );
#10869 = ORIENTED_EDGE('',*,*,#10870,.T.);
#10870 = EDGE_CURVE('',#4740,#1943,#10871,.T.);
#10871 = SURFACE_CURVE('',#10872,(#10876,#10883),.PCURVE_S1.);
#10872 = LINE('',#10873,#10874);
#10873 = CARTESIAN_POINT('',(282.374165,-118.454009,60.209171));
#10874 = VECTOR('',#10875,1.);
#10875 = DIRECTION('',(2.331261354583E-02,0.798032079102,-0.602163867044
    ));
#10876 = PCURVE('',#2143,#10877);
#10877 = DEFINITIONAL_REPRESENTATION('',(#10878),#10882);
#10878 = LINE('',#10879,#10880);
#10879 = CARTESIAN_POINT('',(30.20674215984,40.054337835996));
#10880 = VECTOR('',#10881,1.);
#10881 = DIRECTION('',(-0.602115452615,-0.798409031589));
#10882 = ( GEOMETRIC_REPRESENTATION_CONTEXT(2) 
PARAMETRIC_REPRESENTATION_CONTEXT() REPRESENTATION_CONTEXT('2D SPACE',''
  ) );
#10883 = PCURVE('',#10714,#10884);
#10884 = DEFINITIONAL_REPRESENTATION('',(#10885),#10889);
#10885 = LINE('',#10886,#10887);
#10886 = CARTESIAN_POINT('',(0.,0.));
#10887 = VECTOR('',#10888,1.);
#10888 = DIRECTION('',(-0.602599694201,-0.798043613188));
#10889 = ( GEOMETRIC_REPRESENTATION_CONTEXT(2) 
PARAMETRIC_REPRESENTATION_CONTEXT() REPRESENTATION_CONTEXT('2D SPACE',''
  ) );
#10890 = ADVANCED_FACE('',(#10891),#10714,.T.);
#10891 = FACE_BOUND('',#10892,.T.);
#10892 = EDGE_LOOP('',(#10893,#10914,#10915));
#10893 = ORIENTED_EDGE('',*,*,#10894,.T.);
#10894 = EDGE_CURVE('',#4740,#10699,#10895,.T.);
#10895 = SURFACE_CURVE('',#10896,(#10900,#10907),.PCURVE_S1.);
#10896 = LINE('',#10897,#10898);
#10897 = CARTESIAN_POINT('',(282.374165,-118.454009,60.209171));
#10898 = VECTOR('',#10899,1.);
#10899 = DIRECTION('',(3.297964278984E-02,-0.777461335698,
    -0.628065454117));
#10900 = PCURVE('',#10714,#10901);
#10901 = DEFINITIONAL_REPRESENTATION('',(#10902),#10906);
#10902 = LINE('',#10903,#10904);
#10903 = CARTESIAN_POINT('',(0.,0.));
#10904 = VECTOR('',#10905,1.);
#10905 = DIRECTION('',(-0.628916845898,0.777472572472));
#10906 = ( GEOMETRIC_REPRESENTATION_CONTEXT(2) 
PARAMETRIC_REPRESENTATION_CONTEXT() REPRESENTATION_CONTEXT('2D SPACE',''
  ) );
#10907 = PCURVE('',#4812,#10908);
#10908 = DEFINITIONAL_REPRESENTATION('',(#10909),#10913);
#10909 = LINE('',#10910,#10911);
#10910 = CARTESIAN_POINT('',(-30.3673050965,-29.57338002169));
#10911 = VECTOR('',#10912,1.);
#10912 = DIRECTION('',(-0.617414337887,0.786638122247));
#10913 = ( GEOMETRIC_REPRESENTATION_CONTEXT(2) 
PARAMETRIC_REPRESENTATION_CONTEXT() REPRESENTATION_CONTEXT('2D SPACE',''
  ) );
#10914 = ORIENTED_EDGE('',*,*,#10698,.F.);
#10915 = ORIENTED_EDGE('',*,*,#10870,.F.);
#10916 = ADVANCED_FACE('',(#10917),#188,.T.);
#10917 = FACE_BOUND('',#10918,.T.);
#10918 = EDGE_LOOP('',(#10919,#10920,#10921));
#10919 = ORIENTED_EDGE('',*,*,#2155,.F.);
#10920 = ORIENTED_EDGE('',*,*,#10672,.F.);
#10921 = ORIENTED_EDGE('',*,*,#174,.F.);
#10922 = ADVANCED_FACE('',(#10923),#2226,.T.);
#10923 = FACE_BOUND('',#10924,.T.);
#10924 = EDGE_LOOP('',(#10925,#10926,#10927));
#10925 = ORIENTED_EDGE('',*,*,#2205,.F.);
#10926 = ORIENTED_EDGE('',*,*,#10803,.F.);
#10927 = ORIENTED_EDGE('',*,*,#10928,.T.);
#10928 = EDGE_CURVE('',#7831,#1858,#10929,.T.);
#10929 = SURFACE_CURVE('',#10930,(#10934,#10941),.PCURVE_S1.);
#10930 = LINE('',#10931,#10932);
#10931 = CARTESIAN_POINT('',(282.385819,40.020646,60.208325));
#10932 = VECTOR('',#10933,1.);
#10933 = DIRECTION('',(2.369314538701E-02,0.78571455239,-0.618135322582)
  );
#10934 = PCURVE('',#2226,#10935);
#10935 = DEFINITIONAL_REPRESENTATION('',(#10936),#10940);
#10936 = LINE('',#10937,#10938);
#10937 = CARTESIAN_POINT('',(30.207003413154,38.41642920877));
#10938 = VECTOR('',#10939,1.);
#10939 = DIRECTION('',(-0.618108279722,-0.786092968127));
#10940 = ( GEOMETRIC_REPRESENTATION_CONTEXT(2) 
PARAMETRIC_REPRESENTATION_CONTEXT() REPRESENTATION_CONTEXT('2D SPACE',''
  ) );
#10941 = PCURVE('',#7846,#10942);
#10942 = DEFINITIONAL_REPRESENTATION('',(#10943),#10947);
#10943 = LINE('',#10944,#10945);
#10944 = CARTESIAN_POINT('',(0.,-0.));
#10945 = VECTOR('',#10946,1.);
#10946 = DIRECTION('',(-0.618584333581,-0.78571841155));
#10947 = ( GEOMETRIC_REPRESENTATION_CONTEXT(2) 
PARAMETRIC_REPRESENTATION_CONTEXT() REPRESENTATION_CONTEXT('2D SPACE',''
  ) );
#10948 = ADVANCED_FACE('',(#10949),#7846,.T.);
#10949 = FACE_BOUND('',#10950,.T.);
#10950 = EDGE_LOOP('',(#10951,#10952,#10953));
#10951 = ORIENTED_EDGE('',*,*,#7830,.F.);
#10952 = ORIENTED_EDGE('',*,*,#10620,.F.);
#10953 = ORIENTED_EDGE('',*,*,#10928,.F.);
#10954 = ADVANCED_FACE('',(#10955),#2254,.T.);
#10955 = FACE_BOUND('',#10956,.T.);
#10956 = EDGE_LOOP('',(#10957,#10958,#10959));
#10957 = ORIENTED_EDGE('',*,*,#2238,.F.);
#10958 = ORIENTED_EDGE('',*,*,#10594,.F.);
#10959 = ORIENTED_EDGE('',*,*,#10960,.T.);
#10960 = EDGE_CURVE('',#10572,#2239,#10961,.T.);
#10961 = SURFACE_CURVE('',#10962,(#10966,#10973),.PCURVE_S1.);
#10962 = LINE('',#10963,#10964);
#10963 = CARTESIAN_POINT('',(283.960445,155.848937,30.));
#10964 = VECTOR('',#10965,1.);
#10965 = DIRECTION('',(-3.297964278984E-02,-0.777461335698,
    0.628065454117));
#10966 = PCURVE('',#2254,#10967);
#10967 = DEFINITIONAL_REPRESENTATION('',(#10968),#10972);
#10968 = LINE('',#10969,#10970);
#10969 = CARTESIAN_POINT('',(-30.25012189091,-37.39546847488));
#10970 = VECTOR('',#10971,1.);
#10971 = DIRECTION('',(0.628916845898,0.777472572472));
#10972 = ( GEOMETRIC_REPRESENTATION_CONTEXT(2) 
PARAMETRIC_REPRESENTATION_CONTEXT() REPRESENTATION_CONTEXT('2D SPACE',''
  ) );
#10973 = PCURVE('',#4181,#10974);
#10974 = DEFINITIONAL_REPRESENTATION('',(#10975),#10979);
#10975 = LINE('',#10976,#10977);
#10976 = CARTESIAN_POINT('',(0.,0.));
#10977 = VECTOR('',#10978,1.);
#10978 = DIRECTION('',(0.617414337887,0.786638122247));
#10979 = ( GEOMETRIC_REPRESENTATION_CONTEXT(2) 
PARAMETRIC_REPRESENTATION_CONTEXT() REPRESENTATION_CONTEXT('2D SPACE',''
  ) );
#10980 = ADVANCED_FACE('',(#10981),#2316,.T.);
#10981 = FACE_BOUND('',#10982,.T.);
#10982 = EDGE_LOOP('',(#10983,#11004,#11005));
#10983 = ORIENTED_EDGE('',*,*,#10984,.T.);
#10984 = EDGE_CURVE('',#3191,#206,#10985,.T.);
#10985 = SURFACE_CURVE('',#10986,(#10990,#10997),.PCURVE_S1.);
#10986 = LINE('',#10987,#10988);
#10987 = CARTESIAN_POINT('',(230.,-130.,112.));
#10988 = VECTOR('',#10989,1.);
#10989 = DIRECTION('',(0.613480215186,-0.627723568642,0.479171312733));
#10990 = PCURVE('',#2316,#10991);
#10991 = DEFINITIONAL_REPRESENTATION('',(#10992),#10996);
#10992 = LINE('',#10993,#10994);
#10993 = CARTESIAN_POINT('',(0.,0.));
#10994 = VECTOR('',#10995,1.);
#10995 = DIRECTION('',(-0.844895085078,-0.534932047284));
#10996 = ( GEOMETRIC_REPRESENTATION_CONTEXT(2) 
PARAMETRIC_REPRESENTATION_CONTEXT() REPRESENTATION_CONTEXT('2D SPACE',''
  ) );
#10997 = PCURVE('',#8064,#10998);
#10998 = DEFINITIONAL_REPRESENTATION('',(#10999),#11003);
#10999 = LINE('',#11000,#11001);
#11000 = CARTESIAN_POINT('',(16.377140960803,-15.94028371372));
#11001 = VECTOR('',#11002,1.);
#11002 = DIRECTION('',(-0.71659976992,0.697484601802));
#11003 = ( GEOMETRIC_REPRESENTATION_CONTEXT(2) 
PARAMETRIC_REPRESENTATION_CONTEXT() REPRESENTATION_CONTEXT('2D SPACE',''
  ) );
#11004 = ORIENTED_EDGE('',*,*,#2295,.F.);
#11005 = ORIENTED_EDGE('',*,*,#11006,.T.);
#11006 = EDGE_CURVE('',#2296,#3191,#11007,.T.);
#11007 = SURFACE_CURVE('',#11008,(#11012,#11019),.PCURVE_S1.);
#11008 = LINE('',#11009,#11010);
#11009 = CARTESIAN_POINT('',(224.782206,-134.907001,125.815678));
#11010 = VECTOR('',#11011,1.);
#11011 = DIRECTION('',(0.335289913688,0.315318684823,-0.887780829248));
#11012 = PCURVE('',#2316,#11013);
#11013 = DEFINITIONAL_REPRESENTATION('',(#11014),#11018);
#11014 = LINE('',#11015,#11016);
#11015 = CARTESIAN_POINT('',(2.072642488609,-15.42339601885));
#11016 = VECTOR('',#11017,1.);
#11017 = DIRECTION('',(-0.133185810155,0.991091085609));
#11018 = ( GEOMETRIC_REPRESENTATION_CONTEXT(2) 
PARAMETRIC_REPRESENTATION_CONTEXT() REPRESENTATION_CONTEXT('2D SPACE',''
  ) );
#11019 = PCURVE('',#9328,#11020);
#11020 = DEFINITIONAL_REPRESENTATION('',(#11021),#11025);
#11021 = LINE('',#11022,#11023);
#11022 = CARTESIAN_POINT('',(-7.162683368713,38.184322));
#11023 = VECTOR('',#11024,1.);
#11024 = DIRECTION('',(0.460266443726,0.887780829248));
#11025 = ( GEOMETRIC_REPRESENTATION_CONTEXT(2) 
PARAMETRIC_REPRESENTATION_CONTEXT() REPRESENTATION_CONTEXT('2D SPACE',''
  ) );
#11026 = ADVANCED_FACE('',(#11027),#2403,.T.);
#11027 = FACE_BOUND('',#11028,.T.);
#11028 = EDGE_LOOP('',(#11029,#11030,#11051));
#11029 = ORIENTED_EDGE('',*,*,#2380,.F.);
#11030 = ORIENTED_EDGE('',*,*,#11031,.T.);
#11031 = EDGE_CURVE('',#2381,#239,#11032,.T.);
#11032 = SURFACE_CURVE('',#11033,(#11037,#11044),.PCURVE_S1.);
#11033 = LINE('',#11034,#11035);
#11034 = CARTESIAN_POINT('',(270.663686,-147.682391,88.587409));
#11035 = VECTOR('',#11036,1.);
#11036 = DIRECTION('',(-0.597156315699,2.707578447816E-02,0.801667784382
    ));
#11037 = PCURVE('',#2403,#11038);
#11038 = DEFINITIONAL_REPRESENTATION('',(#11039),#11043);
#11039 = LINE('',#11040,#11041);
#11040 = CARTESIAN_POINT('',(-8.645366870594,28.030584902198));
#11041 = VECTOR('',#11042,1.);
#11042 = DIRECTION('',(-0.801951800399,-0.597388742643));
#11043 = ( GEOMETRIC_REPRESENTATION_CONTEXT(2) 
PARAMETRIC_REPRESENTATION_CONTEXT() REPRESENTATION_CONTEXT('2D SPACE',''
  ) );
#11044 = PCURVE('',#280,#11045);
#11045 = DEFINITIONAL_REPRESENTATION('',(#11046),#11050);
#11046 = LINE('',#11047,#11048);
#11047 = CARTESIAN_POINT('',(-12.43234911899,17.47697925435));
#11048 = VECTOR('',#11049,1.);
#11049 = DIRECTION('',(0.579656157748,-0.814861177615));
#11050 = ( GEOMETRIC_REPRESENTATION_CONTEXT(2) 
PARAMETRIC_REPRESENTATION_CONTEXT() REPRESENTATION_CONTEXT('2D SPACE',''
  ) );
#11051 = ORIENTED_EDGE('',*,*,#5054,.F.);
#11052 = ADVANCED_FACE('',(#11053),#8027,.T.);
#11053 = FACE_BOUND('',#11054,.T.);
#11054 = EDGE_LOOP('',(#11055,#11081,#11082));
#11055 = ORIENTED_EDGE('',*,*,#11056,.T.);
#11056 = EDGE_CURVE('',#7986,#8338,#11057,.T.);
#11057 = SURFACE_CURVE('',#11058,(#11062,#11069),.PCURVE_S1.);
#11058 = LINE('',#11059,#11060);
#11059 = CARTESIAN_POINT('',(243.792891,-138.239472,165.11373));
#11060 = VECTOR('',#11061,1.);
#11061 = DIRECTION('',(-0.856431846277,0.511607480789,
    -6.915401855597E-02));
#11062 = PCURVE('',#8027,#11063);
#11063 = DEFINITIONAL_REPRESENTATION('',(#11064),#11068);
#11064 = LINE('',#11065,#11066);
#11065 = CARTESIAN_POINT('',(0.,-0.));
#11066 = VECTOR('',#11067,1.);
#11067 = DIRECTION('',(0.997335232723,7.295501058107E-02));
#11068 = ( GEOMETRIC_REPRESENTATION_CONTEXT(2) 
PARAMETRIC_REPRESENTATION_CONTEXT() REPRESENTATION_CONTEXT('2D SPACE',''
  ) );
#11069 = PCURVE('',#11070,#11075);
#11070 = PLANE('',#11071);
#11071 = AXIS2_PLACEMENT_3D('',#11072,#11073,#11074);
#11072 = CARTESIAN_POINT('',(230.,-130.,164.));
#11073 = DIRECTION('',(-0.490288920326,-0.847968953457,-0.201408610986)
  );
#11074 = DIRECTION('',(-0.865709672938,0.500546463559,0.));
#11075 = DEFINITIONAL_REPRESENTATION('',(#11076),#11080);
#11076 = LINE('',#11077,#11078);
#11077 = CARTESIAN_POINT('',(-16.06487772767,-1.137030819479));
#11078 = VECTOR('',#11079,1.);
#11079 = DIRECTION('',(0.997504648774,7.060081921915E-02));
#11080 = ( GEOMETRIC_REPRESENTATION_CONTEXT(2) 
PARAMETRIC_REPRESENTATION_CONTEXT() REPRESENTATION_CONTEXT('2D SPACE',''
  ) );
#11081 = ORIENTED_EDGE('',*,*,#9293,.F.);
#11082 = ORIENTED_EDGE('',*,*,#8013,.F.);
#11083 = ADVANCED_FACE('',(#11084),#2457,.T.);
#11084 = FACE_BOUND('',#11085,.T.);
#11085 = EDGE_LOOP('',(#11086,#11087,#11108));
#11086 = ORIENTED_EDGE('',*,*,#2443,.F.);
#11087 = ORIENTED_EDGE('',*,*,#11088,.T.);
#11088 = EDGE_CURVE('',#2416,#5330,#11089,.T.);
#11089 = SURFACE_CURVE('',#11090,(#11094,#11101),.PCURVE_S1.);
#11090 = LINE('',#11091,#11092);
#11091 = CARTESIAN_POINT('',(258.072843,-153.387478,63.644668));
#11092 = VECTOR('',#11093,1.);
#11093 = DIRECTION('',(0.630522703313,-8.127724436535E-02,
    -0.771903575685));
#11094 = PCURVE('',#2457,#11095);
#11095 = DEFINITIONAL_REPRESENTATION('',(#11096),#11100);
#11096 = LINE('',#11097,#11098);
#11097 = CARTESIAN_POINT('',(25.560706433025,-12.64389023861));
#11098 = VECTOR('',#11099,1.);
#11099 = DIRECTION('',(0.774005235871,0.633179196472));
#11100 = ( GEOMETRIC_REPRESENTATION_CONTEXT(2) 
PARAMETRIC_REPRESENTATION_CONTEXT() REPRESENTATION_CONTEXT('2D SPACE',''
  ) );
#11101 = PCURVE('',#5350,#11102);
#11102 = DEFINITIONAL_REPRESENTATION('',(#11103),#11107);
#11103 = LINE('',#11104,#11105);
#11104 = CARTESIAN_POINT('',(-16.96939151622,14.047741716528));
#11105 = VECTOR('',#11106,1.);
#11106 = DIRECTION('',(0.776071131196,0.630645383179));
#11107 = ( GEOMETRIC_REPRESENTATION_CONTEXT(2) 
PARAMETRIC_REPRESENTATION_CONTEXT() REPRESENTATION_CONTEXT('2D SPACE',''
  ) );
#11108 = ORIENTED_EDGE('',*,*,#11109,.T.);
#11109 = EDGE_CURVE('',#5330,#2381,#11110,.T.);
#11110 = SURFACE_CURVE('',#11111,(#11115,#11122),.PCURVE_S1.);
#11111 = LINE('',#11112,#11113);
#11112 = CARTESIAN_POINT('',(271.810411,-155.158313,46.826752));
#11113 = VECTOR('',#11114,1.);
#11114 = DIRECTION('',(-2.701988600165E-02,0.176152573806,0.983991969735
    ));
#11115 = PCURVE('',#2457,#11116);
#11116 = DEFINITIONAL_REPRESENTATION('',(#11117),#11121);
#11117 = LINE('',#11118,#11119);
#11118 = CARTESIAN_POINT('',(42.424412536322,1.15155633613));
#11119 = VECTOR('',#11120,1.);
#11120 = DIRECTION('',(-0.9996318127,-2.713372510995E-02));
#11121 = ( GEOMETRIC_REPRESENTATION_CONTEXT(2) 
PARAMETRIC_REPRESENTATION_CONTEXT() REPRESENTATION_CONTEXT('2D SPACE',''
  ) );
#11122 = PCURVE('',#11123,#11128);
#11123 = PLANE('',#11124);
#11124 = AXIS2_PLACEMENT_3D('',#11125,#11126,#11127);
#11125 = CARTESIAN_POINT('',(271.810411,-155.158313,46.826752));
#11126 = DIRECTION('',(0.19171808458,-0.965165040063,0.178046683441));
#11127 = DIRECTION('',(-0.980836809726,-0.194831087576,
    6.938893903907E-18));
#11128 = DEFINITIONAL_REPRESENTATION('',(#11129),#11133);
#11129 = LINE('',#11130,#11131);
#11130 = CARTESIAN_POINT('',(0.,0.));
#11131 = VECTOR('',#11132,1.);
#11132 = DIRECTION('',(-7.817898748887E-03,-0.999969439763));
#11133 = ( GEOMETRIC_REPRESENTATION_CONTEXT(2) 
PARAMETRIC_REPRESENTATION_CONTEXT() REPRESENTATION_CONTEXT('2D SPACE',''
  ) );
#11134 = ADVANCED_FACE('',(#11135),#11123,.T.);
#11135 = FACE_BOUND('',#11136,.T.);
#11136 = EDGE_LOOP('',(#11137,#11158,#11179));
#11137 = ORIENTED_EDGE('',*,*,#11138,.T.);
#11138 = EDGE_CURVE('',#5330,#10699,#11139,.T.);
#11139 = SURFACE_CURVE('',#11140,(#11144,#11151),.PCURVE_S1.);
#11140 = LINE('',#11141,#11142);
#11141 = CARTESIAN_POINT('',(271.810411,-155.158313,46.826752));
#11142 = VECTOR('',#11143,1.);
#11143 = DIRECTION('',(0.585083754658,-3.325693434082E-02,
    -0.810290673989));
#11144 = PCURVE('',#11123,#11145);
#11145 = DEFINITIONAL_REPRESENTATION('',(#11146),#11150);
#11146 = LINE('',#11147,#11148);
#11147 = CARTESIAN_POINT('',(0.,0.));
#11148 = VECTOR('',#11149,1.);
#11149 = DIRECTION('',(-0.567392198654,0.823447686806));
#11150 = ( GEOMETRIC_REPRESENTATION_CONTEXT(2) 
PARAMETRIC_REPRESENTATION_CONTEXT() REPRESENTATION_CONTEXT('2D SPACE',''
  ) );
#11151 = PCURVE('',#5402,#11152);
#11152 = DEFINITIONAL_REPRESENTATION('',(#11153),#11157);
#11153 = LINE('',#11154,#11155);
#11154 = CARTESIAN_POINT('',(-16.88757442581,14.066536869291));
#11155 = VECTOR('',#11156,1.);
#11156 = DIRECTION('',(0.810774657477,0.585358398584));
#11157 = ( GEOMETRIC_REPRESENTATION_CONTEXT(2) 
PARAMETRIC_REPRESENTATION_CONTEXT() REPRESENTATION_CONTEXT('2D SPACE',''
  ) );
#11158 = ORIENTED_EDGE('',*,*,#11159,.T.);
#11159 = EDGE_CURVE('',#10699,#2381,#11160,.T.);
#11160 = SURFACE_CURVE('',#11161,(#11165,#11172),.PCURVE_S1.);
#11161 = LINE('',#11162,#11163);
#11162 = CARTESIAN_POINT('',(283.960445,-155.848937,30.));
#11163 = VECTOR('',#11164,1.);
#11164 = DIRECTION('',(-0.219310377346,0.134695100127,0.966312676306));
#11165 = PCURVE('',#11123,#11166);
#11166 = DEFINITIONAL_REPRESENTATION('',(#11167),#11171);
#11167 = LINE('',#11168,#11169);
#11168 = CARTESIAN_POINT('',(-11.78264556159,17.099974682723));
#11169 = VECTOR('',#11170,1.);
#11170 = DIRECTION('',(0.188864898007,-0.982003080596));
#11171 = ( GEOMETRIC_REPRESENTATION_CONTEXT(2) 
PARAMETRIC_REPRESENTATION_CONTEXT() REPRESENTATION_CONTEXT('2D SPACE',''
  ) );
#11172 = PCURVE('',#4812,#11173);
#11173 = DEFINITIONAL_REPRESENTATION('',(#11174),#11178);
#11174 = LINE('',#11175,#11176);
#11175 = CARTESIAN_POINT('',(-60.06417058848,8.262940053359));
#11176 = VECTOR('',#11177,1.);
#11177 = DIRECTION('',(0.990669674972,-0.136284977496));
#11178 = ( GEOMETRIC_REPRESENTATION_CONTEXT(2) 
PARAMETRIC_REPRESENTATION_CONTEXT() REPRESENTATION_CONTEXT('2D SPACE',''
  ) );
#11179 = ORIENTED_EDGE('',*,*,#11109,.F.);
#11180 = ADVANCED_FACE('',(#11181),#280,.T.);
#11181 = FACE_BOUND('',#11182,.T.);
#11182 = EDGE_LOOP('',(#11183,#11184,#11205));
#11183 = ORIENTED_EDGE('',*,*,#11031,.F.);
#11184 = ORIENTED_EDGE('',*,*,#11185,.T.);
#11185 = EDGE_CURVE('',#2381,#204,#11186,.T.);
#11186 = SURFACE_CURVE('',#11187,(#11191,#11198),.PCURVE_S1.);
#11187 = LINE('',#11188,#11189);
#11188 = CARTESIAN_POINT('',(270.663686,-147.682391,88.587409));
#11189 = VECTOR('',#11190,1.);
#11190 = DIRECTION('',(-0.228449489291,0.132661255745,0.964474894472));
#11191 = PCURVE('',#280,#11192);
#11192 = DEFINITIONAL_REPRESENTATION('',(#11193),#11197);
#11193 = LINE('',#11194,#11195);
#11194 = CARTESIAN_POINT('',(-12.43234911899,17.47697925435));
#11195 = VECTOR('',#11196,1.);
#11196 = DIRECTION('',(0.197277562682,-0.980347674686));
#11197 = ( GEOMETRIC_REPRESENTATION_CONTEXT(2) 
PARAMETRIC_REPRESENTATION_CONTEXT() REPRESENTATION_CONTEXT('2D SPACE',''
  ) );
#11198 = PCURVE('',#4786,#11199);
#11199 = DEFINITIONAL_REPRESENTATION('',(#11200),#11204);
#11200 = LINE('',#11201,#11202);
#11201 = CARTESIAN_POINT('',(-60.58821768242,8.20455949193));
#11202 = VECTOR('',#11203,1.);
#11203 = DIRECTION('',(0.990955574547,-0.13419034717));
#11204 = ( GEOMETRIC_REPRESENTATION_CONTEXT(2) 
PARAMETRIC_REPRESENTATION_CONTEXT() REPRESENTATION_CONTEXT('2D SPACE',''
  ) );
#11205 = ORIENTED_EDGE('',*,*,#266,.F.);
#11206 = ADVANCED_FACE('',(#11207),#2495,.T.);
#11207 = FACE_BOUND('',#11208,.T.);
#11208 = EDGE_LOOP('',(#11209,#11210,#11231));
#11209 = ORIENTED_EDGE('',*,*,#2472,.F.);
#11210 = ORIENTED_EDGE('',*,*,#11211,.T.);
#11211 = EDGE_CURVE('',#2473,#7986,#11212,.T.);
#11212 = SURFACE_CURVE('',#11213,(#11217,#11224),.PCURVE_S1.);
#11213 = LINE('',#11214,#11215);
#11214 = CARTESIAN_POINT('',(230.632753,-134.68708,182.193197));
#11215 = VECTOR('',#11216,1.);
#11216 = DIRECTION('',(0.602235099857,-0.162564796118,-0.781591691079));
#11217 = PCURVE('',#2495,#11218);
#11218 = DEFINITIONAL_REPRESENTATION('',(#11219),#11223);
#11219 = LINE('',#11220,#11221);
#11220 = CARTESIAN_POINT('',(12.022179068614,22.780069303658));
#11221 = VECTOR('',#11222,1.);
#11222 = DIRECTION('',(-0.618589632349,0.78571423988));
#11223 = ( GEOMETRIC_REPRESENTATION_CONTEXT(2) 
PARAMETRIC_REPRESENTATION_CONTEXT() REPRESENTATION_CONTEXT('2D SPACE',''
  ) );
#11224 = PCURVE('',#11070,#11225);
#11225 = DEFINITIONAL_REPRESENTATION('',(#11226),#11230);
#11226 = LINE('',#11227,#11228);
#11227 = CARTESIAN_POINT('',(-2.893881711098,-18.57382461983));
#11228 = VECTOR('',#11229,1.);
#11229 = DIRECTION('',(-0.602731985125,0.797943703595));
#11230 = ( GEOMETRIC_REPRESENTATION_CONTEXT(2) 
PARAMETRIC_REPRESENTATION_CONTEXT() REPRESENTATION_CONTEXT('2D SPACE',''
  ) );
#11231 = ORIENTED_EDGE('',*,*,#11232,.T.);
#11232 = EDGE_CURVE('',#7986,#2475,#11233,.T.);
#11233 = SURFACE_CURVE('',#11234,(#11238,#11245),.PCURVE_S1.);
#11234 = LINE('',#11235,#11236);
#11235 = CARTESIAN_POINT('',(243.792891,-138.239472,165.11373));
#11236 = VECTOR('',#11237,1.);
#11237 = DIRECTION('',(-2.336498503232E-02,0.106323844268,0.994056999178
    ));
#11238 = PCURVE('',#2495,#11239);
#11239 = DEFINITIONAL_REPRESENTATION('',(#11240),#11244);
#11240 = LINE('',#11241,#11242);
#11241 = CARTESIAN_POINT('',(-1.495340798659,39.949622901311));
#11242 = VECTOR('',#11243,1.);
#11243 = DIRECTION('',(3.740446749394E-02,-0.999300208051));
#11244 = ( GEOMETRIC_REPRESENTATION_CONTEXT(2) 
PARAMETRIC_REPRESENTATION_CONTEXT() REPRESENTATION_CONTEXT('2D SPACE',''
  ) );
#11245 = PCURVE('',#8001,#11246);
#11246 = DEFINITIONAL_REPRESENTATION('',(#11247),#11251);
#11247 = LINE('',#11248,#11249);
#11248 = CARTESIAN_POINT('',(0.,0.));
#11249 = VECTOR('',#11250,1.);
#11250 = DIRECTION('',(-0.999726485648,-2.338704543618E-02));
#11251 = ( GEOMETRIC_REPRESENTATION_CONTEXT(2) 
PARAMETRIC_REPRESENTATION_CONTEXT() REPRESENTATION_CONTEXT('2D SPACE',''
  ) );
#11252 = ADVANCED_FACE('',(#11253),#8001,.T.);
#11253 = FACE_BOUND('',#11254,.T.);
#11254 = EDGE_LOOP('',(#11255,#11256,#11277));
#11255 = ORIENTED_EDGE('',*,*,#7985,.F.);
#11256 = ORIENTED_EDGE('',*,*,#11257,.T.);
#11257 = EDGE_CURVE('',#204,#2475,#11258,.T.);
#11258 = SURFACE_CURVE('',#11259,(#11263,#11270),.PCURVE_S1.);
#11259 = LINE('',#11260,#11261);
#11260 = CARTESIAN_POINT('',(256.696009,-139.571322,147.556566));
#11261 = VECTOR('',#11262,1.);
#11262 = DIRECTION('',(-0.233704453849,9.428478668893E-02,0.967725481348
    ));
#11263 = PCURVE('',#8001,#11264);
#11264 = DEFINITIONAL_REPRESENTATION('',(#11265),#11269);
#11265 = LINE('',#11266,#11267);
#11266 = CARTESIAN_POINT('',(17.59867309683,12.915300673939));
#11267 = VECTOR('',#11268,1.);
#11268 = DIRECTION('',(-0.972254618489,-0.233925109442));
#11269 = ( GEOMETRIC_REPRESENTATION_CONTEXT(2) 
PARAMETRIC_REPRESENTATION_CONTEXT() REPRESENTATION_CONTEXT('2D SPACE',''
  ) );
#11270 = PCURVE('',#4724,#11271);
#11271 = DEFINITIONAL_REPRESENTATION('',(#11272),#11276);
#11272 = LINE('',#11273,#11274);
#11273 = CARTESIAN_POINT('',(-58.94019565982,5.625929819697));
#11274 = VECTOR('',#11275,1.);
#11275 = DIRECTION('',(0.995475400317,-9.501961567523E-02));
#11276 = ( GEOMETRIC_REPRESENTATION_CONTEXT(2) 
PARAMETRIC_REPRESENTATION_CONTEXT() REPRESENTATION_CONTEXT('2D SPACE',''
  ) );
#11277 = ORIENTED_EDGE('',*,*,#11232,.F.);
#11278 = ADVANCED_FACE('',(#11279),#2523,.T.);
#11279 = FACE_BOUND('',#11280,.T.);
#11280 = EDGE_LOOP('',(#11281,#11282,#11305));
#11281 = ORIENTED_EDGE('',*,*,#2507,.F.);
#11282 = ORIENTED_EDGE('',*,*,#11283,.T.);
#11283 = EDGE_CURVE('',#2475,#11284,#11286,.T.);
#11284 = VERTEX_POINT('',#11285);
#11285 = CARTESIAN_POINT('',(230.,-130.,260.710812));
#11286 = SURFACE_CURVE('',#11287,(#11291,#11298),.PCURVE_S1.);
#11287 = LINE('',#11288,#11289);
#11288 = CARTESIAN_POINT('',(242.858815,-133.9889,204.853742));
#11289 = VECTOR('',#11290,1.);
#11290 = DIRECTION('',(-0.223800084879,6.942444996463E-02,0.972159332494
    ));
#11291 = PCURVE('',#2523,#11292);
#11292 = DEFINITIONAL_REPRESENTATION('',(#11293),#11297);
#11293 = LINE('',#11294,#11295);
#11294 = CARTESIAN_POINT('',(-13.46329998233,8.388743));
#11295 = VECTOR('',#11296,1.);
#11296 = DIRECTION('',(0.234320789186,-0.972159332494));
#11297 = ( GEOMETRIC_REPRESENTATION_CONTEXT(2) 
PARAMETRIC_REPRESENTATION_CONTEXT() REPRESENTATION_CONTEXT('2D SPACE',''
  ) );
#11298 = PCURVE('',#4698,#11299);
#11299 = DEFINITIONAL_REPRESENTATION('',(#11300),#11304);
#11300 = LINE('',#11301,#11302);
#11301 = CARTESIAN_POINT('',(-57.31648656227,4.011618570592));
#11302 = VECTOR('',#11303,1.);
#11303 = DIRECTION('',(0.997559616308,-6.981985327565E-02));
#11304 = ( GEOMETRIC_REPRESENTATION_CONTEXT(2) 
PARAMETRIC_REPRESENTATION_CONTEXT() REPRESENTATION_CONTEXT('2D SPACE',''
  ) );
#11305 = ORIENTED_EDGE('',*,*,#11306,.T.);
#11306 = EDGE_CURVE('',#11284,#2508,#11307,.T.);
#11307 = SURFACE_CURVE('',#11308,(#11312,#11319),.PCURVE_S1.);
#11308 = LINE('',#11309,#11310);
#11309 = CARTESIAN_POINT('',(230.,-130.,260.710812));
#11310 = VECTOR('',#11311,1.);
#11311 = DIRECTION('',(0.,0.,-1.));
#11312 = PCURVE('',#2523,#11313);
#11313 = DEFINITIONAL_REPRESENTATION('',(#11314),#11318);
#11314 = LINE('',#11315,#11316);
#11315 = CARTESIAN_POINT('',(0.,-47.468327));
#11316 = VECTOR('',#11317,1.);
#11317 = DIRECTION('',(0.,1.));
#11318 = ( GEOMETRIC_REPRESENTATION_CONTEXT(2) 
PARAMETRIC_REPRESENTATION_CONTEXT() REPRESENTATION_CONTEXT('2D SPACE',''
  ) );
#11319 = PCURVE('',#3301,#11320);
#11320 = DEFINITIONAL_REPRESENTATION('',(#11321),#11325);
#11321 = LINE('',#11322,#11323);
#11322 = CARTESIAN_POINT('',(-21.462253,32.5));
#11323 = VECTOR('',#11324,1.);
#11324 = DIRECTION('',(1.,0.));
#11325 = ( GEOMETRIC_REPRESENTATION_CONTEXT(2) 
PARAMETRIC_REPRESENTATION_CONTEXT() REPRESENTATION_CONTEXT('2D SPACE',''
  ) );
#11326 = ADVANCED_FACE('',(#11327),#2613,.T.);
#11327 = FACE_BOUND('',#11328,.T.);
#11328 = EDGE_LOOP('',(#11329,#11350,#11351));
#11329 = ORIENTED_EDGE('',*,*,#11330,.T.);
#11330 = EDGE_CURVE('',#5930,#331,#11331,.T.);
#11331 = SURFACE_CURVE('',#11332,(#11336,#11343),.PCURVE_S1.);
#11332 = LINE('',#11333,#11334);
#11333 = CARTESIAN_POINT('',(230.,130.,112.));
#11334 = VECTOR('',#11335,1.);
#11335 = DIRECTION('',(0.613480215186,0.627723568642,0.479171312733));
#11336 = PCURVE('',#2613,#11337);
#11337 = DEFINITIONAL_REPRESENTATION('',(#11338),#11342);
#11338 = LINE('',#11339,#11340);
#11339 = CARTESIAN_POINT('',(0.,0.));
#11340 = VECTOR('',#11341,1.);
#11341 = DIRECTION('',(-0.71659976992,-0.697484601802));
#11342 = ( GEOMETRIC_REPRESENTATION_CONTEXT(2) 
PARAMETRIC_REPRESENTATION_CONTEXT() REPRESENTATION_CONTEXT('2D SPACE',''
  ) );
#11343 = PCURVE('',#6023,#11344);
#11344 = DEFINITIONAL_REPRESENTATION('',(#11345),#11349);
#11345 = LINE('',#11346,#11347);
#11346 = CARTESIAN_POINT('',(-19.30919669003,12.225314478962));
#11347 = VECTOR('',#11348,1.);
#11348 = DIRECTION('',(0.844895085078,-0.534932047284));
#11349 = ( GEOMETRIC_REPRESENTATION_CONTEXT(2) 
PARAMETRIC_REPRESENTATION_CONTEXT() REPRESENTATION_CONTEXT('2D SPACE',''
  ) );
#11350 = ORIENTED_EDGE('',*,*,#2599,.F.);
#11351 = ORIENTED_EDGE('',*,*,#5929,.F.);
#11352 = ADVANCED_FACE('',(#11353),#2726,.T.);
#11353 = FACE_BOUND('',#11354,.T.);
#11354 = EDGE_LOOP('',(#11355,#11376,#11402));
#11355 = ORIENTED_EDGE('',*,*,#11356,.T.);
#11356 = EDGE_CURVE('',#2685,#9735,#11357,.T.);
#11357 = SURFACE_CURVE('',#11358,(#11362,#11369),.PCURVE_S1.);
#11358 = LINE('',#11359,#11360);
#11359 = CARTESIAN_POINT('',(243.792891,138.239472,165.11373));
#11360 = VECTOR('',#11361,1.);
#11361 = DIRECTION('',(-0.856431846277,-0.511607480789,
    -6.915401855597E-02));
#11362 = PCURVE('',#2726,#11363);
#11363 = DEFINITIONAL_REPRESENTATION('',(#11364),#11368);
#11364 = LINE('',#11365,#11366);
#11365 = CARTESIAN_POINT('',(0.,0.));
#11366 = VECTOR('',#11367,1.);
#11367 = DIRECTION('',(-0.997465606936,7.115028446061E-02));
#11368 = ( GEOMETRIC_REPRESENTATION_CONTEXT(2) 
PARAMETRIC_REPRESENTATION_CONTEXT() REPRESENTATION_CONTEXT('2D SPACE',''
  ) );
#11369 = PCURVE('',#8176,#11370);
#11370 = DEFINITIONAL_REPRESENTATION('',(#11371),#11375);
#11371 = LINE('',#11372,#11373);
#11372 = CARTESIAN_POINT('',(16.062149271077,-1.174945225615));
#11373 = VECTOR('',#11374,1.);
#11374 = DIRECTION('',(-0.997335232723,7.295501058107E-02));
#11375 = ( GEOMETRIC_REPRESENTATION_CONTEXT(2) 
PARAMETRIC_REPRESENTATION_CONTEXT() REPRESENTATION_CONTEXT('2D SPACE',''
  ) );
#11376 = ORIENTED_EDGE('',*,*,#11377,.T.);
#11377 = EDGE_CURVE('',#9735,#2650,#11378,.T.);
#11378 = SURFACE_CURVE('',#11379,(#11383,#11390),.PCURVE_S1.);
#11379 = LINE('',#11380,#11381);
#11380 = CARTESIAN_POINT('',(230.,130.,164.));
#11381 = VECTOR('',#11382,1.);
#11382 = DIRECTION('',(-1.223754650834E-02,0.262310184286,0.964906010798
    ));
#11383 = PCURVE('',#2726,#11384);
#11384 = DEFINITIONAL_REPRESENTATION('',(#11385),#11389);
#11385 = LINE('',#11386,#11387);
#11386 = CARTESIAN_POINT('',(-16.06424895632,1.145879993195));
#11387 = VECTOR('',#11388,1.);
#11388 = DIRECTION('',(0.120115626501,-0.992759908674));
#11389 = ( GEOMETRIC_REPRESENTATION_CONTEXT(2) 
PARAMETRIC_REPRESENTATION_CONTEXT() REPRESENTATION_CONTEXT('2D SPACE',''
  ) );
#11390 = PCURVE('',#11391,#11396);
#11391 = PLANE('',#11392);
#11392 = AXIS2_PLACEMENT_3D('',#11393,#11394,#11395);
#11393 = CARTESIAN_POINT('',(230.,130.,164.));
#11394 = DIRECTION('',(-0.99891352388,-4.660227257111E-02,0.));
#11395 = DIRECTION('',(4.660227257111E-02,-0.99891352388,0.));
#11396 = DEFINITIONAL_REPRESENTATION('',(#11397),#11401);
#11397 = LINE('',#11398,#11399);
#11398 = CARTESIAN_POINT('',(0.,0.));
#11399 = VECTOR('',#11400,1.);
#11400 = DIRECTION('',(-0.262595488013,0.964906010798));
#11401 = ( GEOMETRIC_REPRESENTATION_CONTEXT(2) 
PARAMETRIC_REPRESENTATION_CONTEXT() REPRESENTATION_CONTEXT('2D SPACE',''
  ) );
#11402 = ORIENTED_EDGE('',*,*,#2712,.F.);
#11403 = ADVANCED_FACE('',(#11404),#8125,.T.);
#11404 = FACE_BOUND('',#11405,.T.);
#11405 = EDGE_LOOP('',(#11406,#11427,#11428));
#11406 = ORIENTED_EDGE('',*,*,#11407,.T.);
#11407 = EDGE_CURVE('',#2744,#5667,#11408,.T.);
#11408 = SURFACE_CURVE('',#11409,(#11413,#11420),.PCURVE_S1.);
#11409 = LINE('',#11410,#11411);
#11410 = CARTESIAN_POINT('',(270.663686,147.682391,88.587409));
#11411 = VECTOR('',#11412,1.);
#11412 = DIRECTION('',(-0.955209883098,4.267921196981E-02,
    -0.292835387371));
#11413 = PCURVE('',#8125,#11414);
#11414 = DEFINITIONAL_REPRESENTATION('',(#11415),#11419);
#11415 = LINE('',#11416,#11417);
#11416 = CARTESIAN_POINT('',(0.,0.));
#11417 = VECTOR('',#11418,1.);
#11418 = DIRECTION('',(-0.294726427016,-0.95558167271));
#11419 = ( GEOMETRIC_REPRESENTATION_CONTEXT(2) 
PARAMETRIC_REPRESENTATION_CONTEXT() REPRESENTATION_CONTEXT('2D SPACE',''
  ) );
#11420 = PCURVE('',#2764,#11421);
#11421 = DEFINITIONAL_REPRESENTATION('',(#11422),#11426);
#11422 = LINE('',#11423,#11424);
#11423 = CARTESIAN_POINT('',(8.641897992213,28.031654560134));
#11424 = VECTOR('',#11425,1.);
#11425 = DIRECTION('',(-0.294608170596,-0.955618138075));
#11426 = ( GEOMETRIC_REPRESENTATION_CONTEXT(2) 
PARAMETRIC_REPRESENTATION_CONTEXT() REPRESENTATION_CONTEXT('2D SPACE',''
  ) );
#11427 = ORIENTED_EDGE('',*,*,#8111,.F.);
#11428 = ORIENTED_EDGE('',*,*,#11429,.T.);
#11429 = EDGE_CURVE('',#2565,#2744,#11430,.T.);
#11430 = SURFACE_CURVE('',#11431,(#11435,#11442),.PCURVE_S1.);
#11431 = LINE('',#11432,#11433);
#11432 = CARTESIAN_POINT('',(257.855997,147.101675,105.781419));
#11433 = VECTOR('',#11434,1.);
#11434 = DIRECTION('',(0.597156315699,2.707578447816E-02,-0.801667784382
    ));
#11435 = PCURVE('',#8125,#11436);
#11436 = DEFINITIONAL_REPRESENTATION('',(#11437),#11441);
#11437 = LINE('',#11438,#11439);
#11438 = CARTESIAN_POINT('',(17.200101518619,-12.81267404653));
#11439 = VECTOR('',#11440,1.);
#11440 = DIRECTION('',(-0.801951800399,0.597388742643));
#11441 = ( GEOMETRIC_REPRESENTATION_CONTEXT(2) 
PARAMETRIC_REPRESENTATION_CONTEXT() REPRESENTATION_CONTEXT('2D SPACE',''
  ) );
#11442 = PCURVE('',#8094,#11443);
#11443 = DEFINITIONAL_REPRESENTATION('',(#11444),#11448);
#11444 = LINE('',#11445,#11446);
#11445 = CARTESIAN_POINT('',(0.,0.));
#11446 = VECTOR('',#11447,1.);
#11447 = DIRECTION('',(0.579656157748,0.814861177615));
#11448 = ( GEOMETRIC_REPRESENTATION_CONTEXT(2) 
PARAMETRIC_REPRESENTATION_CONTEXT() REPRESENTATION_CONTEXT('2D SPACE',''
  ) );
#11449 = ADVANCED_FACE('',(#11450),#2672,.T.);
#11450 = FACE_BOUND('',#11451,.T.);
#11451 = EDGE_LOOP('',(#11452,#11453,#11474));
#11452 = ORIENTED_EDGE('',*,*,#2649,.F.);
#11453 = ORIENTED_EDGE('',*,*,#11454,.T.);
#11454 = EDGE_CURVE('',#2650,#6911,#11455,.T.);
#11455 = SURFACE_CURVE('',#11456,(#11460,#11467),.PCURVE_S1.);
#11456 = LINE('',#11457,#11458);
#11457 = CARTESIAN_POINT('',(229.827821,133.690634,177.575969));
#11458 = VECTOR('',#11459,1.);
#11459 = DIRECTION('',(4.801774727029E-03,-0.102925403609,0.994677487556
    ));
#11460 = PCURVE('',#2672,#11461);
#11461 = DEFINITIONAL_REPRESENTATION('',(#11462),#11466);
#11462 = LINE('',#11463,#11464);
#11463 = CARTESIAN_POINT('',(-12.73571359745,27.418502261026));
#11464 = VECTOR('',#11465,1.);
#11465 = DIRECTION('',(-1.9536391032E-02,-0.9998091465));
#11466 = ( GEOMETRIC_REPRESENTATION_CONTEXT(2) 
PARAMETRIC_REPRESENTATION_CONTEXT() REPRESENTATION_CONTEXT('2D SPACE',''
  ) );
#11467 = PCURVE('',#11391,#11468);
#11468 = DEFINITIONAL_REPRESENTATION('',(#11469),#11473);
#11469 = LINE('',#11470,#11471);
#11470 = CARTESIAN_POINT('',(-3.694648146982,13.575969));
#11471 = VECTOR('',#11472,1.);
#11472 = DIRECTION('',(0.10303735123,0.994677487556));
#11473 = ( GEOMETRIC_REPRESENTATION_CONTEXT(2) 
PARAMETRIC_REPRESENTATION_CONTEXT() REPRESENTATION_CONTEXT('2D SPACE',''
  ) );
#11474 = ORIENTED_EDGE('',*,*,#11475,.T.);
#11475 = EDGE_CURVE('',#6911,#2652,#11476,.T.);
#11476 = SURFACE_CURVE('',#11477,(#11481,#11488),.PCURVE_S1.);
#11477 = LINE('',#11478,#11479);
#11478 = CARTESIAN_POINT('',(230.,130.,213.242485));
#11479 = VECTOR('',#11480,1.);
#11480 = DIRECTION('',(0.810622181285,0.251461026457,-0.528827979009));
#11481 = PCURVE('',#2672,#11482);
#11482 = DEFINITIONAL_REPRESENTATION('',(#11483),#11487);
#11483 = LINE('',#11484,#11485);
#11484 = CARTESIAN_POINT('',(-13.43623714608,-8.432021518496));
#11485 = VECTOR('',#11486,1.);
#11486 = DIRECTION('',(0.847022984903,0.531556265174));
#11487 = ( GEOMETRIC_REPRESENTATION_CONTEXT(2) 
PARAMETRIC_REPRESENTATION_CONTEXT() REPRESENTATION_CONTEXT('2D SPACE',''
  ) );
#11488 = PCURVE('',#11489,#11494);
#11489 = PLANE('',#11490);
#11490 = AXIS2_PLACEMENT_3D('',#11491,#11492,#11493);
#11491 = CARTESIAN_POINT('',(230.,130.,213.242485));
#11492 = DIRECTION('',(-0.296279515812,0.955101276572,0.));
#11493 = DIRECTION('',(0.955101276572,0.296279515812,0.));
#11494 = DEFINITIONAL_REPRESENTATION('',(#11495),#11499);
#11495 = LINE('',#11496,#11497);
#11496 = CARTESIAN_POINT('',(0.,0.));
#11497 = VECTOR('',#11498,1.);
#11498 = DIRECTION('',(0.848729031327,0.528827979009));
#11499 = ( GEOMETRIC_REPRESENTATION_CONTEXT(2) 
PARAMETRIC_REPRESENTATION_CONTEXT() REPRESENTATION_CONTEXT('2D SPACE',''
  ) );
#11500 = ADVANCED_FACE('',(#11501),#11489,.T.);
#11501 = FACE_BOUND('',#11502,.T.);
#11502 = EDGE_LOOP('',(#11503,#11526,#11547));
#11503 = ORIENTED_EDGE('',*,*,#11504,.T.);
#11504 = EDGE_CURVE('',#6911,#11505,#11507,.T.);
#11505 = VERTEX_POINT('',#11506);
#11506 = CARTESIAN_POINT('',(230.,130.,260.710812));
#11507 = SURFACE_CURVE('',#11508,(#11512,#11519),.PCURVE_S1.);
#11508 = LINE('',#11509,#11510);
#11509 = CARTESIAN_POINT('',(230.,130.,213.242485));
#11510 = VECTOR('',#11511,1.);
#11511 = DIRECTION('',(0.,0.,1.));
#11512 = PCURVE('',#11489,#11513);
#11513 = DEFINITIONAL_REPRESENTATION('',(#11514),#11518);
#11514 = LINE('',#11515,#11516);
#11515 = CARTESIAN_POINT('',(0.,0.));
#11516 = VECTOR('',#11517,1.);
#11517 = DIRECTION('',(0.,-1.));
#11518 = ( GEOMETRIC_REPRESENTATION_CONTEXT(2) 
PARAMETRIC_REPRESENTATION_CONTEXT() REPRESENTATION_CONTEXT('2D SPACE',''
  ) );
#11519 = PCURVE('',#6926,#11520);
#11520 = DEFINITIONAL_REPRESENTATION('',(#11521),#11525);
#11521 = LINE('',#11522,#11523);
#11522 = CARTESIAN_POINT('',(47.468327,0.));
#11523 = VECTOR('',#11524,1.);
#11524 = DIRECTION('',(-1.,-0.));
#11525 = ( GEOMETRIC_REPRESENTATION_CONTEXT(2) 
PARAMETRIC_REPRESENTATION_CONTEXT() REPRESENTATION_CONTEXT('2D SPACE',''
  ) );
#11526 = ORIENTED_EDGE('',*,*,#11527,.T.);
#11527 = EDGE_CURVE('',#11505,#2652,#11528,.T.);
#11528 = SURFACE_CURVE('',#11529,(#11533,#11540),.PCURVE_S1.);
#11529 = LINE('',#11530,#11531);
#11530 = CARTESIAN_POINT('',(230.,130.,260.710812));
#11531 = VECTOR('',#11532,1.);
#11532 = DIRECTION('',(0.223800084879,6.942444996463E-02,-0.972159332494
    ));
#11533 = PCURVE('',#11489,#11534);
#11534 = DEFINITIONAL_REPRESENTATION('',(#11535),#11539);
#11535 = LINE('',#11536,#11537);
#11536 = CARTESIAN_POINT('',(0.,-47.468327));
#11537 = VECTOR('',#11538,1.);
#11538 = DIRECTION('',(0.234320789186,0.972159332494));
#11539 = ( GEOMETRIC_REPRESENTATION_CONTEXT(2) 
PARAMETRIC_REPRESENTATION_CONTEXT() REPRESENTATION_CONTEXT('2D SPACE',''
  ) );
#11540 = PCURVE('',#4295,#11541);
#11541 = DEFINITIONAL_REPRESENTATION('',(#11542),#11546);
#11542 = LINE('',#11543,#11544);
#11543 = CARTESIAN_POINT('',(57.316486562273,4.011618570592));
#11544 = VECTOR('',#11545,1.);
#11545 = DIRECTION('',(-0.997559616308,-6.981985327565E-02));
#11546 = ( GEOMETRIC_REPRESENTATION_CONTEXT(2) 
PARAMETRIC_REPRESENTATION_CONTEXT() REPRESENTATION_CONTEXT('2D SPACE',''
  ) );
#11547 = ORIENTED_EDGE('',*,*,#11475,.F.);
#11548 = ADVANCED_FACE('',(#11549),#2700,.T.);
#11549 = FACE_BOUND('',#11550,.T.);
#11550 = EDGE_LOOP('',(#11551,#11552,#11573));
#11551 = ORIENTED_EDGE('',*,*,#2684,.F.);
#11552 = ORIENTED_EDGE('',*,*,#11553,.T.);
#11553 = EDGE_CURVE('',#2652,#298,#11554,.T.);
#11554 = SURFACE_CURVE('',#11555,(#11559,#11566),.PCURVE_S1.);
#11555 = LINE('',#11556,#11557);
#11556 = CARTESIAN_POINT('',(242.858815,133.9889,204.853742));
#11557 = VECTOR('',#11558,1.);
#11558 = DIRECTION('',(0.233704453849,9.428478668893E-02,-0.967725481348
    ));
#11559 = PCURVE('',#2700,#11560);
#11560 = DEFINITIONAL_REPRESENTATION('',(#11561),#11565);
#11561 = LINE('',#11562,#11563);
#11562 = CARTESIAN_POINT('',(39.966664456084,-0.934957921977));
#11563 = VECTOR('',#11564,1.);
#11564 = DIRECTION('',(-0.972254618489,0.233925109442));
#11565 = ( GEOMETRIC_REPRESENTATION_CONTEXT(2) 
PARAMETRIC_REPRESENTATION_CONTEXT() REPRESENTATION_CONTEXT('2D SPACE',''
  ) );
#11566 = PCURVE('',#4269,#11567);
#11567 = DEFINITIONAL_REPRESENTATION('',(#11568),#11572);
#11568 = LINE('',#11569,#11570);
#11569 = CARTESIAN_POINT('',(58.940195659826,5.625929819697));
#11570 = VECTOR('',#11571,1.);
#11571 = DIRECTION('',(-0.995475400317,-9.501961567523E-02));
#11572 = ( GEOMETRIC_REPRESENTATION_CONTEXT(2) 
PARAMETRIC_REPRESENTATION_CONTEXT() REPRESENTATION_CONTEXT('2D SPACE',''
  ) );
#11573 = ORIENTED_EDGE('',*,*,#8188,.F.);
#11574 = ADVANCED_FACE('',(#11575),#2764,.T.);
#11575 = FACE_BOUND('',#11576,.T.);
#11576 = EDGE_LOOP('',(#11577,#11578,#11579));
#11577 = ORIENTED_EDGE('',*,*,#11407,.F.);
#11578 = ORIENTED_EDGE('',*,*,#2741,.F.);
#11579 = ORIENTED_EDGE('',*,*,#11580,.T.);
#11580 = EDGE_CURVE('',#2742,#5667,#11581,.T.);
#11581 = SURFACE_CURVE('',#11582,(#11586,#11593),.PCURVE_S1.);
#11582 = LINE('',#11583,#11584);
#11583 = CARTESIAN_POINT('',(258.072843,153.387478,63.644668));
#11584 = VECTOR('',#11585,1.);
#11585 = DIRECTION('',(-0.673180432963,-0.194297017024,0.713496162464));
#11586 = PCURVE('',#2764,#11587);
#11587 = DEFINITIONAL_REPRESENTATION('',(#11588),#11592);
#11588 = LINE('',#11589,#11590);
#11589 = CARTESIAN_POINT('',(-16.94233166233,15.435430256605));
#11590 = VECTOR('',#11591,1.);
#11591 = DIRECTION('',(0.739216241838,-0.673468149063));
#11592 = ( GEOMETRIC_REPRESENTATION_CONTEXT(2) 
PARAMETRIC_REPRESENTATION_CONTEXT() REPRESENTATION_CONTEXT('2D SPACE',''
  ) );
#11593 = PCURVE('',#5713,#11594);
#11594 = DEFINITIONAL_REPRESENTATION('',(#11595),#11599);
#11595 = LINE('',#11596,#11597);
#11596 = CARTESIAN_POINT('',(0.,0.));
#11597 = VECTOR('',#11598,1.);
#11598 = DIRECTION('',(0.73915592419,-0.673534349336));
#11599 = ( GEOMETRIC_REPRESENTATION_CONTEXT(2) 
PARAMETRIC_REPRESENTATION_CONTEXT() REPRESENTATION_CONTEXT('2D SPACE',''
  ) );
#11600 = ADVANCED_FACE('',(#11601),#8094,.T.);
#11601 = FACE_BOUND('',#11602,.T.);
#11602 = EDGE_LOOP('',(#11603,#11604,#11625));
#11603 = ORIENTED_EDGE('',*,*,#8080,.F.);
#11604 = ORIENTED_EDGE('',*,*,#11605,.T.);
#11605 = EDGE_CURVE('',#298,#2744,#11606,.T.);
#11606 = SURFACE_CURVE('',#11607,(#11611,#11618),.PCURVE_S1.);
#11607 = LINE('',#11608,#11609);
#11608 = CARTESIAN_POINT('',(256.696009,139.571322,147.556566));
#11609 = VECTOR('',#11610,1.);
#11610 = DIRECTION('',(0.228449489291,0.132661255745,-0.964474894472));
#11611 = PCURVE('',#8094,#11612);
#11612 = DEFINITIONAL_REPRESENTATION('',(#11613),#11617);
#11613 = LINE('',#11614,#11615);
#11614 = CARTESIAN_POINT('',(0.370561266293,-42.46265865068));
#11615 = VECTOR('',#11616,1.);
#11616 = DIRECTION('',(0.197277562682,0.980347674686));
#11617 = ( GEOMETRIC_REPRESENTATION_CONTEXT(2) 
PARAMETRIC_REPRESENTATION_CONTEXT() REPRESENTATION_CONTEXT('2D SPACE',''
  ) );
#11618 = PCURVE('',#4207,#11619);
#11619 = DEFINITIONAL_REPRESENTATION('',(#11620),#11624);
#11620 = LINE('',#11621,#11622);
#11621 = CARTESIAN_POINT('',(60.588217682427,8.20455949193));
#11622 = VECTOR('',#11623,1.);
#11623 = DIRECTION('',(-0.990955574547,-0.13419034717));
#11624 = ( GEOMETRIC_REPRESENTATION_CONTEXT(2) 
PARAMETRIC_REPRESENTATION_CONTEXT() REPRESENTATION_CONTEXT('2D SPACE',''
  ) );
#11625 = ORIENTED_EDGE('',*,*,#11429,.F.);
#11626 = ADVANCED_FACE('',(#11627),#2792,.T.);
#11627 = FACE_BOUND('',#11628,.T.);
#11628 = EDGE_LOOP('',(#11629,#11630,#11651));
#11629 = ORIENTED_EDGE('',*,*,#2776,.F.);
#11630 = ORIENTED_EDGE('',*,*,#11631,.T.);
#11631 = EDGE_CURVE('',#2744,#10572,#11632,.T.);
#11632 = SURFACE_CURVE('',#11633,(#11637,#11644),.PCURVE_S1.);
#11633 = LINE('',#11634,#11635);
#11634 = CARTESIAN_POINT('',(270.663686,147.682391,88.587409));
#11635 = VECTOR('',#11636,1.);
#11636 = DIRECTION('',(0.219310377346,0.134695100127,-0.966312676306));
#11637 = PCURVE('',#2792,#11638);
#11638 = DEFINITIONAL_REPRESENTATION('',(#11639),#11643);
#11639 = LINE('',#11640,#11641);
#11640 = CARTESIAN_POINT('',(0.331791923262,-42.43874144183));
#11641 = VECTOR('',#11642,1.);
#11642 = DIRECTION('',(0.188864898007,0.982003080596));
#11643 = ( GEOMETRIC_REPRESENTATION_CONTEXT(2) 
PARAMETRIC_REPRESENTATION_CONTEXT() REPRESENTATION_CONTEXT('2D SPACE',''
  ) );
#11644 = PCURVE('',#4181,#11645);
#11645 = DEFINITIONAL_REPRESENTATION('',(#11646),#11650);
#11646 = LINE('',#11647,#11648);
#11647 = CARTESIAN_POINT('',(60.06417058848,8.262940053359));
#11648 = VECTOR('',#11649,1.);
#11649 = DIRECTION('',(-0.990669674972,-0.136284977496));
#11650 = ( GEOMETRIC_REPRESENTATION_CONTEXT(2) 
PARAMETRIC_REPRESENTATION_CONTEXT() REPRESENTATION_CONTEXT('2D SPACE',''
  ) );
#11651 = ORIENTED_EDGE('',*,*,#11652,.T.);
#11652 = EDGE_CURVE('',#10572,#2777,#11653,.T.);
#11653 = SURFACE_CURVE('',#11654,(#11658,#11665),.PCURVE_S1.);
#11654 = LINE('',#11655,#11656);
#11655 = CARTESIAN_POINT('',(283.960445,155.848937,30.));
#11656 = VECTOR('',#11657,1.);
#11657 = DIRECTION('',(-0.585083754658,-3.325693434082E-02,
    0.810290673989));
#11658 = PCURVE('',#2792,#11659);
#11659 = DEFINITIONAL_REPRESENTATION('',(#11660),#11664);
#11660 = LINE('',#11661,#11662);
#11661 = CARTESIAN_POINT('',(11.782645561598,17.099974682723));
#11662 = VECTOR('',#11663,1.);
#11663 = DIRECTION('',(-0.567392198654,-0.823447686806));
#11664 = ( GEOMETRIC_REPRESENTATION_CONTEXT(2) 
PARAMETRIC_REPRESENTATION_CONTEXT() REPRESENTATION_CONTEXT('2D SPACE',''
  ) );
#11665 = PCURVE('',#5533,#11666);
#11666 = DEFINITIONAL_REPRESENTATION('',(#11667),#11671);
#11667 = LINE('',#11668,#11669);
#11668 = CARTESIAN_POINT('',(0.,0.));
#11669 = VECTOR('',#11670,1.);
#11670 = DIRECTION('',(0.810774657477,-0.585358398584));
#11671 = ( GEOMETRIC_REPRESENTATION_CONTEXT(2) 
PARAMETRIC_REPRESENTATION_CONTEXT() REPRESENTATION_CONTEXT('2D SPACE',''
  ) );
#11672 = ADVANCED_FACE('',(#11673),#2854,.T.);
#11673 = FACE_BOUND('',#11674,.T.);
#11674 = EDGE_LOOP('',(#11675,#11676,#11697));
#11675 = ORIENTED_EDGE('',*,*,#2833,.F.);
#11676 = ORIENTED_EDGE('',*,*,#11677,.T.);
#11677 = EDGE_CURVE('',#2834,#6308,#11678,.T.);
#11678 = SURFACE_CURVE('',#11679,(#11683,#11690),.PCURVE_S1.);
#11679 = LINE('',#11680,#11681);
#11680 = CARTESIAN_POINT('',(192.165627,-0.,45.490321));
#11681 = VECTOR('',#11682,1.);
#11682 = DIRECTION('',(0.167984402562,-0.979000181449,0.115498420848));
#11683 = PCURVE('',#2854,#11684);
#11684 = DEFINITIONAL_REPRESENTATION('',(#11685),#11689);
#11685 = LINE('',#11686,#11687);
#11686 = CARTESIAN_POINT('',(-13.53743622111,0.));
#11687 = VECTOR('',#11688,1.);
#11688 = DIRECTION('',(0.203850143177,-0.97900210374));
#11689 = ( GEOMETRIC_REPRESENTATION_CONTEXT(2) 
PARAMETRIC_REPRESENTATION_CONTEXT() REPRESENTATION_CONTEXT('2D SPACE',''
  ) );
#11690 = PCURVE('',#6328,#11691);
#11691 = DEFINITIONAL_REPRESENTATION('',(#11692),#11696);
#11692 = LINE('',#11693,#11694);
#11693 = CARTESIAN_POINT('',(-18.68876144221,2.22044604925E-16));
#11694 = VECTOR('',#11695,1.);
#11695 = DIRECTION('',(-0.189712242633,0.981839734883));
#11696 = ( GEOMETRIC_REPRESENTATION_CONTEXT(2) 
PARAMETRIC_REPRESENTATION_CONTEXT() REPRESENTATION_CONTEXT('2D SPACE',''
  ) );
#11697 = ORIENTED_EDGE('',*,*,#8313,.F.);
#11698 = ADVANCED_FACE('',(#11699),#2993,.T.);
#11699 = FACE_BOUND('',#11700,.T.);
#11700 = EDGE_LOOP('',(#11701,#11702,#11723));
#11701 = ORIENTED_EDGE('',*,*,#8291,.F.);
#11702 = ORIENTED_EDGE('',*,*,#11703,.T.);
#11703 = EDGE_CURVE('',#6308,#2924,#11704,.T.);
#11704 = SURFACE_CURVE('',#11705,(#11709,#11716),.PCURVE_S1.);
#11705 = LINE('',#11706,#11707);
#11706 = CARTESIAN_POINT('',(197.74232,-32.500538,49.324601));
#11707 = VECTOR('',#11708,1.);
#11708 = DIRECTION('',(0.170492633267,-0.978988060352,0.111868850404));
#11709 = PCURVE('',#2993,#11710);
#11710 = DEFINITIONAL_REPRESENTATION('',(#11711),#11715);
#11711 = LINE('',#11712,#11713);
#11712 = CARTESIAN_POINT('',(-13.75435088349,-2.00002480945E-05));
#11713 = VECTOR('',#11714,1.);
#11714 = DIRECTION('',(0.203859264334,-0.979000204466));
#11715 = ( GEOMETRIC_REPRESENTATION_CONTEXT(2) 
PARAMETRIC_REPRESENTATION_CONTEXT() REPRESENTATION_CONTEXT('2D SPACE',''
  ) );
#11716 = PCURVE('',#6382,#11717);
#11717 = DEFINITIONAL_REPRESENTATION('',(#11718),#11722);
#11718 = LINE('',#11719,#11720);
#11719 = CARTESIAN_POINT('',(18.232718774401,7.502106680531));
#11720 = VECTOR('',#11721,1.);
#11721 = DIRECTION('',(0.202618768394,-0.979257695755));
#11722 = ( GEOMETRIC_REPRESENTATION_CONTEXT(2) 
PARAMETRIC_REPRESENTATION_CONTEXT() REPRESENTATION_CONTEXT('2D SPACE',''
  ) );
#11723 = ORIENTED_EDGE('',*,*,#2979,.F.);
#11724 = ADVANCED_FACE('',(#11725),#6292,.T.);
#11725 = FACE_BOUND('',#11726,.T.);
#11726 = EDGE_LOOP('',(#11727,#11728,#11749));
#11727 = ORIENTED_EDGE('',*,*,#8265,.F.);
#11728 = ORIENTED_EDGE('',*,*,#11729,.T.);
#11729 = EDGE_CURVE('',#8214,#3009,#11730,.T.);
#11730 = SURFACE_CURVE('',#11731,(#11735,#11742),.PCURVE_S1.);
#11731 = LINE('',#11732,#11733);
#11732 = CARTESIAN_POINT('',(209.41929,32.500518,56.593063));
#11733 = VECTOR('',#11734,1.);
#11734 = DIRECTION('',(-0.181000327255,0.977652754852,-0.106929754813));
#11735 = PCURVE('',#6292,#11736);
#11736 = DEFINITIONAL_REPRESENTATION('',(#11737),#11741);
#11737 = LINE('',#11738,#11739);
#11738 = CARTESIAN_POINT('',(13.754350883497,-2.00002480945E-05));
#11739 = VECTOR('',#11740,1.);
#11740 = DIRECTION('',(-0.210169878235,0.977664882402));
#11741 = ( GEOMETRIC_REPRESENTATION_CONTEXT(2) 
PARAMETRIC_REPRESENTATION_CONTEXT() REPRESENTATION_CONTEXT('2D SPACE',''
  ) );
#11742 = PCURVE('',#3031,#11743);
#11743 = DEFINITIONAL_REPRESENTATION('',(#11744),#11748);
#11744 = LINE('',#11745,#11746);
#11745 = CARTESIAN_POINT('',(-7.787141386529,-33.10061662779));
#11746 = VECTOR('',#11747,1.);
#11747 = DIRECTION('',(-0.210037238193,0.97769338679));
#11748 = ( GEOMETRIC_REPRESENTATION_CONTEXT(2) 
PARAMETRIC_REPRESENTATION_CONTEXT() REPRESENTATION_CONTEXT('2D SPACE',''
  ) );
#11749 = ORIENTED_EDGE('',*,*,#6278,.F.);
#11750 = ADVANCED_FACE('',(#11751),#2946,.T.);
#11751 = FACE_BOUND('',#11752,.T.);
#11752 = EDGE_LOOP('',(#11753,#11754,#11775));
#11753 = ORIENTED_EDGE('',*,*,#2923,.F.);
#11754 = ORIENTED_EDGE('',*,*,#11755,.T.);
#11755 = EDGE_CURVE('',#2924,#9893,#11756,.T.);
#11756 = SURFACE_CURVE('',#11757,(#11761,#11768),.PCURVE_S1.);
#11757 = LINE('',#11758,#11759);
#11758 = CARTESIAN_POINT('',(203.402284,-65.000694,53.03839));
#11759 = VECTOR('',#11760,1.);
#11760 = DIRECTION('',(0.199072672242,-0.974319428206,0.105222255187));
#11761 = PCURVE('',#2946,#11762);
#11762 = DEFINITIONAL_REPRESENTATION('',(#11763),#11767);
#11763 = LINE('',#11764,#11765);
#11764 = CARTESIAN_POINT('',(-14.76942435732,0.59906534327));
#11765 = VECTOR('',#11766,1.);
#11766 = DIRECTION('',(0.225167857177,-0.974319986501));
#11767 = ( GEOMETRIC_REPRESENTATION_CONTEXT(2) 
PARAMETRIC_REPRESENTATION_CONTEXT() REPRESENTATION_CONTEXT('2D SPACE',''
  ) );
#11768 = PCURVE('',#6606,#11769);
#11769 = DEFINITIONAL_REPRESENTATION('',(#11770),#11774);
#11770 = LINE('',#11771,#11772);
#11771 = CARTESIAN_POINT('',(13.467641313243,7.500961653707));
#11772 = VECTOR('',#11773,1.);
#11773 = DIRECTION('',(0.223781738553,-0.974639283782));
#11774 = ( GEOMETRIC_REPRESENTATION_CONTEXT(2) 
PARAMETRIC_REPRESENTATION_CONTEXT() REPRESENTATION_CONTEXT('2D SPACE',''
  ) );
#11775 = ORIENTED_EDGE('',*,*,#11776,.T.);
#11776 = EDGE_CURVE('',#9893,#2926,#11777,.T.);
#11777 = SURFACE_CURVE('',#11778,(#11782,#11789),.PCURVE_S1.);
#11778 = LINE('',#11779,#11780);
#11779 = CARTESIAN_POINT('',(210.165687,-98.102751,56.613268));
#11780 = VECTOR('',#11781,1.);
#11781 = DIRECTION('',(0.188209678525,0.976840344997,0.10178436666));
#11782 = PCURVE('',#2946,#11783);
#11783 = DEFINITIONAL_REPRESENTATION('',(#11784),#11788);
#11784 = LINE('',#11785,#11786);
#11785 = CARTESIAN_POINT('',(-7.119449382941,-32.50301062452));
#11786 = VECTOR('',#11787,1.);
#11787 = DIRECTION('',(0.213966929304,0.976840904735));
#11788 = ( GEOMETRIC_REPRESENTATION_CONTEXT(2) 
PARAMETRIC_REPRESENTATION_CONTEXT() REPRESENTATION_CONTEXT('2D SPACE',''
  ) );
#11789 = PCURVE('',#11790,#11795);
#11790 = PLANE('',#11791);
#11791 = AXIS2_PLACEMENT_3D('',#11792,#11793,#11794);
#11792 = CARTESIAN_POINT('',(210.165687,-98.102751,56.613268));
#11793 = DIRECTION('',(-0.447015912479,-7.077095261006E-03,0.89449800934
    ));
#11794 = DIRECTION('',(0.894520410772,0.,0.447027107358));
#11795 = DEFINITIONAL_REPRESENTATION('',(#11796),#11800);
#11796 = LINE('',#11797,#11798);
#11797 = CARTESIAN_POINT('',(0.,0.));
#11798 = VECTOR('',#11799,1.);
#11799 = DIRECTION('',(0.213857769948,0.976864808575));
#11800 = ( GEOMETRIC_REPRESENTATION_CONTEXT(2) 
PARAMETRIC_REPRESENTATION_CONTEXT() REPRESENTATION_CONTEXT('2D SPACE',''
  ) );
#11801 = ADVANCED_FACE('',(#11802),#11790,.T.);
#11802 = FACE_BOUND('',#11803,.T.);
#11803 = EDGE_LOOP('',(#11804,#11825,#11846));
#11804 = ORIENTED_EDGE('',*,*,#11805,.T.);
#11805 = EDGE_CURVE('',#9893,#4944,#11806,.T.);
#11806 = SURFACE_CURVE('',#11807,(#11811,#11818),.PCURVE_S1.);
#11807 = LINE('',#11808,#11809);
#11808 = CARTESIAN_POINT('',(210.165687,-98.102751,56.613268));
#11809 = VECTOR('',#11810,1.);
#11810 = DIRECTION('',(0.213320314805,-0.97196211168,9.891459320715E-02)
  );
#11811 = PCURVE('',#11790,#11812);
#11812 = DEFINITIONAL_REPRESENTATION('',(#11813),#11817);
#11813 = LINE('',#11814,#11815);
#11814 = CARTESIAN_POINT('',(0.,0.));
#11815 = VECTOR('',#11816,1.);
#11816 = DIRECTION('',(0.235036880102,-0.971986453091));
#11817 = ( GEOMETRIC_REPRESENTATION_CONTEXT(2) 
PARAMETRIC_REPRESENTATION_CONTEXT() REPRESENTATION_CONTEXT('2D SPACE',''
  ) );
#11818 = PCURVE('',#6503,#11819);
#11819 = DEFINITIONAL_REPRESENTATION('',(#11820),#11824);
#11820 = LINE('',#11821,#11822);
#11821 = CARTESIAN_POINT('',(14.465949584537,6.792635346802));
#11822 = VECTOR('',#11823,1.);
#11823 = DIRECTION('',(0.234416186692,-0.97213633376));
#11824 = ( GEOMETRIC_REPRESENTATION_CONTEXT(2) 
PARAMETRIC_REPRESENTATION_CONTEXT() REPRESENTATION_CONTEXT('2D SPACE',''
  ) );
#11825 = ORIENTED_EDGE('',*,*,#11826,.T.);
#11826 = EDGE_CURVE('',#4944,#2926,#11827,.T.);
#11827 = SURFACE_CURVE('',#11828,(#11832,#11839),.PCURVE_S1.);
#11828 = LINE('',#11829,#11830);
#11829 = CARTESIAN_POINT('',(217.469551,-131.381715,60.));
#11830 = VECTOR('',#11831,1.);
#11831 = DIRECTION('',(-1.582988054906E-02,0.999874699591,0.));
#11832 = PCURVE('',#11790,#11833);
#11833 = DEFINITIONAL_REPRESENTATION('',(#11834),#11838);
#11834 = LINE('',#11835,#11836);
#11835 = CARTESIAN_POINT('',(8.047416434857,-33.27979742437));
#11836 = VECTOR('',#11837,1.);
#11837 = DIRECTION('',(-1.416015125121E-02,0.999899740032));
#11838 = ( GEOMETRIC_REPRESENTATION_CONTEXT(2) 
PARAMETRIC_REPRESENTATION_CONTEXT() REPRESENTATION_CONTEXT('2D SPACE',''
  ) );
#11839 = PCURVE('',#7600,#11840);
#11840 = DEFINITIONAL_REPRESENTATION('',(#11841),#11845);
#11841 = LINE('',#11842,#11843);
#11842 = CARTESIAN_POINT('',(1.041451,-65.781956));
#11843 = VECTOR('',#11844,1.);
#11844 = DIRECTION('',(-1.582988054906E-02,0.999874699591));
#11845 = ( GEOMETRIC_REPRESENTATION_CONTEXT(2) 
PARAMETRIC_REPRESENTATION_CONTEXT() REPRESENTATION_CONTEXT('2D SPACE',''
  ) );
#11846 = ORIENTED_EDGE('',*,*,#11776,.F.);
#11847 = ADVANCED_FACE('',(#11848),#464,.T.);
#11848 = FACE_BOUND('',#11849,.T.);
#11849 = EDGE_LOOP('',(#11850,#11851,#11872));
#11850 = ORIENTED_EDGE('',*,*,#2958,.F.);
#11851 = ORIENTED_EDGE('',*,*,#11852,.T.);
#11852 = EDGE_CURVE('',#2926,#388,#11853,.T.);
#11853 = SURFACE_CURVE('',#11854,(#11858,#11865),.PCURVE_S1.);
#11854 = LINE('',#11855,#11856);
#11855 = CARTESIAN_POINT('',(216.4281,-65.599759,60.));
#11856 = VECTOR('',#11857,1.);
#11857 = DIRECTION('',(1.201400933367E-02,0.999927829186,0.));
#11858 = PCURVE('',#464,#11859);
#11859 = DEFINITIONAL_REPRESENTATION('',(#11860),#11864);
#11860 = LINE('',#11861,#11862);
#11861 = CARTESIAN_POINT('',(7.791214124547,-33.09965822451));
#11862 = VECTOR('',#11863,1.);
#11863 = DIRECTION('',(1.091464070448E-02,0.999940433535));
#11864 = ( GEOMETRIC_REPRESENTATION_CONTEXT(2) 
PARAMETRIC_REPRESENTATION_CONTEXT() REPRESENTATION_CONTEXT('2D SPACE',''
  ) );
#11865 = PCURVE('',#7658,#11866);
#11866 = DEFINITIONAL_REPRESENTATION('',(#11867),#11871);
#11867 = LINE('',#11868,#11869);
#11868 = CARTESIAN_POINT('',(-0.788173,-65.599759));
#11869 = VECTOR('',#11870,1.);
#11870 = DIRECTION('',(1.201400933367E-02,0.999927829186));
#11871 = ( GEOMETRIC_REPRESENTATION_CONTEXT(2) 
PARAMETRIC_REPRESENTATION_CONTEXT() REPRESENTATION_CONTEXT('2D SPACE',''
  ) );
#11872 = ORIENTED_EDGE('',*,*,#450,.F.);
#11873 = ADVANCED_FACE('',(#11874),#3031,.T.);
#11874 = FACE_BOUND('',#11875,.T.);
#11875 = EDGE_LOOP('',(#11876,#11877,#11878));
#11876 = ORIENTED_EDGE('',*,*,#3008,.F.);
#11877 = ORIENTED_EDGE('',*,*,#11729,.F.);
#11878 = ORIENTED_EDGE('',*,*,#11879,.T.);
#11879 = EDGE_CURVE('',#8214,#3011,#11880,.T.);
#11880 = SURFACE_CURVE('',#11881,(#11885,#11892),.PCURVE_S1.);
#11881 = LINE('',#11882,#11883);
#11882 = CARTESIAN_POINT('',(209.41929,32.500518,56.593063));
#11883 = VECTOR('',#11884,1.);
#11884 = DIRECTION('',(0.206115583658,0.973384836708,0.100191445943));
#11885 = PCURVE('',#3031,#11886);
#11886 = DEFINITIONAL_REPRESENTATION('',(#11887),#11891);
#11887 = LINE('',#11888,#11889);
#11888 = CARTESIAN_POINT('',(-7.787141386529,-33.10061662779));
#11889 = VECTOR('',#11890,1.);
#11890 = DIRECTION('',(0.229004808507,0.973425291268));
#11891 = ( GEOMETRIC_REPRESENTATION_CONTEXT(2) 
PARAMETRIC_REPRESENTATION_CONTEXT() REPRESENTATION_CONTEXT('2D SPACE',''
  ) );
#11892 = PCURVE('',#8229,#11893);
#11893 = DEFINITIONAL_REPRESENTATION('',(#11894),#11898);
#11894 = LINE('',#11895,#11896);
#11895 = CARTESIAN_POINT('',(0.,0.));
#11896 = VECTOR('',#11897,1.);
#11897 = DIRECTION('',(0.229124579877,0.973397106476));
#11898 = ( GEOMETRIC_REPRESENTATION_CONTEXT(2) 
PARAMETRIC_REPRESENTATION_CONTEXT() REPRESENTATION_CONTEXT('2D SPACE',''
  ) );
#11899 = ADVANCED_FACE('',(#11900),#8229,.T.);
#11900 = FACE_BOUND('',#11901,.T.);
#11901 = EDGE_LOOP('',(#11902,#11903,#11924));
#11902 = ORIENTED_EDGE('',*,*,#8213,.F.);
#11903 = ORIENTED_EDGE('',*,*,#11904,.T.);
#11904 = EDGE_CURVE('',#388,#3011,#11905,.T.);
#11905 = SURFACE_CURVE('',#11906,(#11910,#11917),.PCURVE_S1.);
#11906 = LINE('',#11907,#11908);
#11907 = CARTESIAN_POINT('',(217.216273,-0.,60.));
#11908 = VECTOR('',#11909,1.);
#11909 = DIRECTION('',(-1.201400933367E-02,0.999927829186,0.));
#11910 = PCURVE('',#8229,#11911);
#11911 = DEFINITIONAL_REPRESENTATION('',(#11912),#11916);
#11912 = LINE('',#11913,#11914);
#11913 = CARTESIAN_POINT('',(8.507263602206,-32.50092767745));
#11914 = VECTOR('',#11915,1.);
#11915 = DIRECTION('',(-1.091464070448E-02,0.999940433535));
#11916 = ( GEOMETRIC_REPRESENTATION_CONTEXT(2) 
PARAMETRIC_REPRESENTATION_CONTEXT() REPRESENTATION_CONTEXT('2D SPACE',''
  ) );
#11917 = PCURVE('',#7462,#11918);
#11918 = DEFINITIONAL_REPRESENTATION('',(#11919),#11923);
#11919 = LINE('',#11920,#11921);
#11920 = CARTESIAN_POINT('',(0.788173,-65.599759));
#11921 = VECTOR('',#11922,1.);
#11922 = DIRECTION('',(-1.201400933367E-02,0.999927829186));
#11923 = ( GEOMETRIC_REPRESENTATION_CONTEXT(2) 
PARAMETRIC_REPRESENTATION_CONTEXT() REPRESENTATION_CONTEXT('2D SPACE',''
  ) );
#11924 = ORIENTED_EDGE('',*,*,#11879,.F.);
#11925 = ADVANCED_FACE('',(#11926),#3059,.T.);
#11926 = FACE_BOUND('',#11927,.T.);
#11927 = EDGE_LOOP('',(#11928,#11929,#11955));
#11928 = ORIENTED_EDGE('',*,*,#3043,.F.);
#11929 = ORIENTED_EDGE('',*,*,#11930,.T.);
#11930 = EDGE_CURVE('',#3011,#5755,#11931,.T.);
#11931 = SURFACE_CURVE('',#11932,(#11936,#11943),.PCURVE_S1.);
#11932 = LINE('',#11933,#11934);
#11933 = CARTESIAN_POINT('',(216.4281,65.599759,60.));
#11934 = VECTOR('',#11935,1.);
#11935 = DIRECTION('',(0.206213505302,0.978507021043,0.));
#11936 = PCURVE('',#3059,#11937);
#11937 = DEFINITIONAL_REPRESENTATION('',(#11938),#11942);
#11938 = LINE('',#11939,#11940);
#11939 = CARTESIAN_POINT('',(6.910382714778,-32.54810086487));
#11940 = VECTOR('',#11941,1.);
#11941 = DIRECTION('',(0.199661022193,0.979865029592));
#11942 = ( GEOMETRIC_REPRESENTATION_CONTEXT(2) 
PARAMETRIC_REPRESENTATION_CONTEXT() REPRESENTATION_CONTEXT('2D SPACE',''
  ) );
#11943 = PCURVE('',#11944,#11949);
#11944 = PLANE('',#11945);
#11945 = AXIS2_PLACEMENT_3D('',#11946,#11947,#11948);
#11946 = CARTESIAN_POINT('',(230.,130.,60.));
#11947 = DIRECTION('',(-0.,-0.,-1.));
#11948 = DIRECTION('',(-1.,0.,0.));
#11949 = DEFINITIONAL_REPRESENTATION('',(#11950),#11954);
#11950 = LINE('',#11951,#11952);
#11951 = CARTESIAN_POINT('',(13.5719,-64.400241));
#11952 = VECTOR('',#11953,1.);
#11953 = DIRECTION('',(-0.206213505302,0.978507021043));
#11954 = ( GEOMETRIC_REPRESENTATION_CONTEXT(2) 
PARAMETRIC_REPRESENTATION_CONTEXT() REPRESENTATION_CONTEXT('2D SPACE',''
  ) );
#11955 = ORIENTED_EDGE('',*,*,#11956,.T.);
#11956 = EDGE_CURVE('',#5755,#3044,#11957,.T.);
#11957 = SURFACE_CURVE('',#11958,(#11962,#11969),.PCURVE_S1.);
#11958 = LINE('',#11959,#11960);
#11959 = CARTESIAN_POINT('',(230.,130.,60.));
#11960 = VECTOR('',#11961,1.);
#11961 = DIRECTION('',(-0.525921448241,-0.845779099533,
    -8.980169861413E-02));
#11962 = PCURVE('',#3059,#11963);
#11963 = DEFINITIONAL_REPRESENTATION('',(#11964),#11968);
#11964 = LINE('',#11965,#11966);
#11965 = CARTESIAN_POINT('',(20.051032368789,31.941517192137));
#11966 = VECTOR('',#11967,1.);
#11967 = DIRECTION('',(-0.531667922258,-0.84695290332));
#11968 = ( GEOMETRIC_REPRESENTATION_CONTEXT(2) 
PARAMETRIC_REPRESENTATION_CONTEXT() REPRESENTATION_CONTEXT('2D SPACE',''
  ) );
#11969 = PCURVE('',#5831,#11970);
#11970 = DEFINITIONAL_REPRESENTATION('',(#11971),#11975);
#11971 = LINE('',#11972,#11973);
#11972 = CARTESIAN_POINT('',(0.,0.));
#11973 = VECTOR('',#11974,1.);
#11974 = DIRECTION('',(-0.532010399053,-0.846737819694));
#11975 = ( GEOMETRIC_REPRESENTATION_CONTEXT(2) 
PARAMETRIC_REPRESENTATION_CONTEXT() REPRESENTATION_CONTEXT('2D SPACE',''
  ) );
#11976 = ADVANCED_FACE('',(#11977),#4959,.T.);
#11977 = FACE_BOUND('',#11978,.T.);
#11978 = EDGE_LOOP('',(#11979,#12002,#12028));
#11979 = ORIENTED_EDGE('',*,*,#11980,.T.);
#11980 = EDGE_CURVE('',#3191,#11981,#11983,.T.);
#11981 = VERTEX_POINT('',#11982);
#11982 = CARTESIAN_POINT('',(230.,-130.,60.));
#11983 = SURFACE_CURVE('',#11984,(#11988,#11995),.PCURVE_S1.);
#11984 = LINE('',#11985,#11986);
#11985 = CARTESIAN_POINT('',(230.,-130.,112.));
#11986 = VECTOR('',#11987,1.);
#11987 = DIRECTION('',(0.,0.,-1.));
#11988 = PCURVE('',#4959,#11989);
#11989 = DEFINITIONAL_REPRESENTATION('',(#11990),#11994);
#11990 = LINE('',#11991,#11992);
#11991 = CARTESIAN_POINT('',(0.,0.));
#11992 = VECTOR('',#11993,1.);
#11993 = DIRECTION('',(0.,1.));
#11994 = ( GEOMETRIC_REPRESENTATION_CONTEXT(2) 
PARAMETRIC_REPRESENTATION_CONTEXT() REPRESENTATION_CONTEXT('2D SPACE',''
  ) );
#11995 = PCURVE('',#3265,#11996);
#11996 = DEFINITIONAL_REPRESENTATION('',(#11997),#12001);
#11997 = LINE('',#11998,#11999);
#11998 = CARTESIAN_POINT('',(-26.,32.5));
#11999 = VECTOR('',#12000,1.);
#12000 = DIRECTION('',(1.,0.));
#12001 = ( GEOMETRIC_REPRESENTATION_CONTEXT(2) 
PARAMETRIC_REPRESENTATION_CONTEXT() REPRESENTATION_CONTEXT('2D SPACE',''
  ) );
#12002 = ORIENTED_EDGE('',*,*,#12003,.T.);
#12003 = EDGE_CURVE('',#11981,#4944,#12004,.T.);
#12004 = SURFACE_CURVE('',#12005,(#12009,#12016),.PCURVE_S1.);
#12005 = LINE('',#12006,#12007);
#12006 = CARTESIAN_POINT('',(230.,-130.,60.));
#12007 = VECTOR('',#12008,1.);
#12008 = DIRECTION('',(-0.993975304636,-0.109604259835,0.));
#12009 = PCURVE('',#4959,#12010);
#12010 = DEFINITIONAL_REPRESENTATION('',(#12011),#12015);
#12011 = LINE('',#12012,#12013);
#12012 = CARTESIAN_POINT('',(0.,52.));
#12013 = VECTOR('',#12014,1.);
#12014 = DIRECTION('',(-1.,-0.));
#12015 = ( GEOMETRIC_REPRESENTATION_CONTEXT(2) 
PARAMETRIC_REPRESENTATION_CONTEXT() REPRESENTATION_CONTEXT('2D SPACE',''
  ) );
#12016 = PCURVE('',#12017,#12022);
#12017 = PLANE('',#12018);
#12018 = AXIS2_PLACEMENT_3D('',#12019,#12020,#12021);
#12019 = CARTESIAN_POINT('',(224.159678,-97.650428,60.));
#12020 = DIRECTION('',(-0.,-0.,1.));
#12021 = DIRECTION('',(1.,0.,0.));
#12022 = DEFINITIONAL_REPRESENTATION('',(#12023),#12027);
#12023 = LINE('',#12024,#12025);
#12024 = CARTESIAN_POINT('',(5.840322,-32.349572));
#12025 = VECTOR('',#12026,1.);
#12026 = DIRECTION('',(-0.993975304636,-0.109604259835));
#12027 = ( GEOMETRIC_REPRESENTATION_CONTEXT(2) 
PARAMETRIC_REPRESENTATION_CONTEXT() REPRESENTATION_CONTEXT('2D SPACE',''
  ) );
#12028 = ORIENTED_EDGE('',*,*,#4943,.F.);
#12029 = ADVANCED_FACE('',(#12030),#3149,.T.);
#12030 = FACE_BOUND('',#12031,.T.);
#12031 = EDGE_LOOP('',(#12032,#12033,#12034));
#12032 = ORIENTED_EDGE('',*,*,#7365,.F.);
#12033 = ORIENTED_EDGE('',*,*,#3133,.F.);
#12034 = ORIENTED_EDGE('',*,*,#12035,.T.);
#12035 = EDGE_CURVE('',#3101,#6795,#12036,.T.);
#12036 = SURFACE_CURVE('',#12037,(#12041,#12048),.PCURVE_S1.);
#12037 = LINE('',#12038,#12039);
#12038 = CARTESIAN_POINT('',(230.,-32.5,190.));
#12039 = VECTOR('',#12040,1.);
#12040 = DIRECTION('',(0.,0.780868809443,-0.624695047554));
#12041 = PCURVE('',#3149,#12042);
#12042 = DEFINITIONAL_REPRESENTATION('',(#12043),#12047);
#12043 = LINE('',#12044,#12045);
#12044 = CARTESIAN_POINT('',(-26.,32.5));
#12045 = VECTOR('',#12046,1.);
#12046 = DIRECTION('',(0.624695047554,-0.780868809443));
#12047 = ( GEOMETRIC_REPRESENTATION_CONTEXT(2) 
PARAMETRIC_REPRESENTATION_CONTEXT() REPRESENTATION_CONTEXT('2D SPACE',''
  ) );
#12048 = PCURVE('',#6815,#12049);
#12049 = DEFINITIONAL_REPRESENTATION('',(#12050),#12054);
#12050 = LINE('',#12051,#12052);
#12051 = CARTESIAN_POINT('',(26.,32.5));
#12052 = VECTOR('',#12053,1.);
#12053 = DIRECTION('',(0.624695047554,-0.780868809443));
#12054 = ( GEOMETRIC_REPRESENTATION_CONTEXT(2) 
PARAMETRIC_REPRESENTATION_CONTEXT() REPRESENTATION_CONTEXT('2D SPACE',''
  ) );
#12055 = ADVANCED_FACE('',(#12056),#3175,.T.);
#12056 = FACE_BOUND('',#12057,.T.);
#12057 = EDGE_LOOP('',(#12058,#12079,#12080));
#12058 = ORIENTED_EDGE('',*,*,#12059,.T.);
#12059 = EDGE_CURVE('',#3134,#7224,#12060,.T.);
#12060 = SURFACE_CURVE('',#12061,(#12065,#12072),.PCURVE_S1.);
#12061 = LINE('',#12062,#12063);
#12062 = CARTESIAN_POINT('',(230.,-32.5,138.));
#12063 = VECTOR('',#12064,1.);
#12064 = DIRECTION('',(0.,-0.780868809443,-0.624695047554));
#12065 = PCURVE('',#3175,#12066);
#12066 = DEFINITIONAL_REPRESENTATION('',(#12067),#12071);
#12067 = LINE('',#12068,#12069);
#12068 = CARTESIAN_POINT('',(0.,0.));
#12069 = VECTOR('',#12070,1.);
#12070 = DIRECTION('',(0.624695047554,0.780868809443));
#12071 = ( GEOMETRIC_REPRESENTATION_CONTEXT(2) 
PARAMETRIC_REPRESENTATION_CONTEXT() REPRESENTATION_CONTEXT('2D SPACE',''
  ) );
#12072 = PCURVE('',#10308,#12073);
#12073 = DEFINITIONAL_REPRESENTATION('',(#12074),#12078);
#12074 = LINE('',#12075,#12076);
#12075 = CARTESIAN_POINT('',(0.,-0.));
#12076 = VECTOR('',#12077,1.);
#12077 = DIRECTION('',(0.624695047554,0.780868809443));
#12078 = ( GEOMETRIC_REPRESENTATION_CONTEXT(2) 
PARAMETRIC_REPRESENTATION_CONTEXT() REPRESENTATION_CONTEXT('2D SPACE',''
  ) );
#12079 = ORIENTED_EDGE('',*,*,#8432,.F.);
#12080 = ORIENTED_EDGE('',*,*,#3161,.F.);
#12081 = ADVANCED_FACE('',(#12082),#3121,.T.);
#12082 = FACE_BOUND('',#12083,.T.);
#12083 = EDGE_LOOP('',(#12084,#12085,#12086));
#12084 = ORIENTED_EDGE('',*,*,#3100,.F.);
#12085 = ORIENTED_EDGE('',*,*,#8406,.F.);
#12086 = ORIENTED_EDGE('',*,*,#12087,.T.);
#12087 = EDGE_CURVE('',#6622,#3101,#12088,.T.);
#12088 = SURFACE_CURVE('',#12089,(#12093,#12100),.PCURVE_S1.);
#12089 = LINE('',#12090,#12091);
#12090 = CARTESIAN_POINT('',(230.,-65.,216.));
#12091 = VECTOR('',#12092,1.);
#12092 = DIRECTION('',(0.,0.780868809443,-0.624695047554));
#12093 = PCURVE('',#3121,#12094);
#12094 = DEFINITIONAL_REPRESENTATION('',(#12095),#12099);
#12095 = LINE('',#12096,#12097);
#12096 = CARTESIAN_POINT('',(-26.,32.5));
#12097 = VECTOR('',#12098,1.);
#12098 = DIRECTION('',(0.624695047554,-0.780868809443));
#12099 = ( GEOMETRIC_REPRESENTATION_CONTEXT(2) 
PARAMETRIC_REPRESENTATION_CONTEXT() REPRESENTATION_CONTEXT('2D SPACE',''
  ) );
#12100 = PCURVE('',#6689,#12101);
#12101 = DEFINITIONAL_REPRESENTATION('',(#12102),#12106);
#12102 = LINE('',#12103,#12104);
#12103 = CARTESIAN_POINT('',(21.461061,32.5));
#12104 = VECTOR('',#12105,1.);
#12105 = DIRECTION('',(0.624695047554,-0.780868809443));
#12106 = ( GEOMETRIC_REPRESENTATION_CONTEXT(2) 
PARAMETRIC_REPRESENTATION_CONTEXT() REPRESENTATION_CONTEXT('2D SPACE',''
  ) );
#12107 = ADVANCED_FACE('',(#12108),#3239,.T.);
#12108 = FACE_BOUND('',#12109,.T.);
#12109 = EDGE_LOOP('',(#12110,#12111,#12112));
#12110 = ORIENTED_EDGE('',*,*,#7284,.F.);
#12111 = ORIENTED_EDGE('',*,*,#3223,.F.);
#12112 = ORIENTED_EDGE('',*,*,#8453,.F.);
#12113 = ADVANCED_FACE('',(#12114),#3265,.T.);
#12114 = FACE_BOUND('',#12115,.T.);
#12115 = EDGE_LOOP('',(#12116,#12137,#12138));
#12116 = ORIENTED_EDGE('',*,*,#12117,.T.);
#12117 = EDGE_CURVE('',#3224,#11981,#12118,.T.);
#12118 = SURFACE_CURVE('',#12119,(#12123,#12130),.PCURVE_S1.);
#12119 = LINE('',#12120,#12121);
#12120 = CARTESIAN_POINT('',(230.,-97.5,86.));
#12121 = VECTOR('',#12122,1.);
#12122 = DIRECTION('',(0.,-0.780868809443,-0.624695047554));
#12123 = PCURVE('',#3265,#12124);
#12124 = DEFINITIONAL_REPRESENTATION('',(#12125),#12129);
#12125 = LINE('',#12126,#12127);
#12126 = CARTESIAN_POINT('',(0.,0.));
#12127 = VECTOR('',#12128,1.);
#12128 = DIRECTION('',(0.624695047554,0.780868809443));
#12129 = ( GEOMETRIC_REPRESENTATION_CONTEXT(2) 
PARAMETRIC_REPRESENTATION_CONTEXT() REPRESENTATION_CONTEXT('2D SPACE',''
  ) );
#12130 = PCURVE('',#7272,#12131);
#12131 = DEFINITIONAL_REPRESENTATION('',(#12132),#12136);
#12132 = LINE('',#12133,#12134);
#12133 = CARTESIAN_POINT('',(-26.,32.5));
#12134 = VECTOR('',#12135,1.);
#12135 = DIRECTION('',(0.624695047554,0.780868809443));
#12136 = ( GEOMETRIC_REPRESENTATION_CONTEXT(2) 
PARAMETRIC_REPRESENTATION_CONTEXT() REPRESENTATION_CONTEXT('2D SPACE',''
  ) );
#12137 = ORIENTED_EDGE('',*,*,#11980,.F.);
#12138 = ORIENTED_EDGE('',*,*,#3251,.F.);
#12139 = ADVANCED_FACE('',(#12140),#3211,.T.);
#12140 = FACE_BOUND('',#12141,.T.);
#12141 = EDGE_LOOP('',(#12142,#12143,#12164));
#12142 = ORIENTED_EDGE('',*,*,#3190,.F.);
#12143 = ORIENTED_EDGE('',*,*,#12144,.T.);
#12144 = EDGE_CURVE('',#3191,#8338,#12145,.T.);
#12145 = SURFACE_CURVE('',#12146,(#12150,#12157),.PCURVE_S1.);
#12146 = LINE('',#12147,#12148);
#12147 = CARTESIAN_POINT('',(230.,-130.,112.));
#12148 = VECTOR('',#12149,1.);
#12149 = DIRECTION('',(0.,0.,1.));
#12150 = PCURVE('',#3211,#12151);
#12151 = DEFINITIONAL_REPRESENTATION('',(#12152),#12156);
#12152 = LINE('',#12153,#12154);
#12153 = CARTESIAN_POINT('',(26.,32.5));
#12154 = VECTOR('',#12155,1.);
#12155 = DIRECTION('',(-1.,0.));
#12156 = ( GEOMETRIC_REPRESENTATION_CONTEXT(2) 
PARAMETRIC_REPRESENTATION_CONTEXT() REPRESENTATION_CONTEXT('2D SPACE',''
  ) );
#12157 = PCURVE('',#9328,#12158);
#12158 = DEFINITIONAL_REPRESENTATION('',(#12159),#12163);
#12159 = LINE('',#12160,#12161);
#12160 = CARTESIAN_POINT('',(0.,52.));
#12161 = VECTOR('',#12162,1.);
#12162 = DIRECTION('',(0.,-1.));
#12163 = ( GEOMETRIC_REPRESENTATION_CONTEXT(2) 
PARAMETRIC_REPRESENTATION_CONTEXT() REPRESENTATION_CONTEXT('2D SPACE',''
  ) );
#12164 = ORIENTED_EDGE('',*,*,#8361,.F.);
#12165 = ADVANCED_FACE('',(#12166),#3327,.T.);
#12166 = FACE_BOUND('',#12167,.T.);
#12167 = EDGE_LOOP('',(#12168,#12169,#12170));
#12168 = ORIENTED_EDGE('',*,*,#8385,.F.);
#12169 = ORIENTED_EDGE('',*,*,#3313,.F.);
#12170 = ORIENTED_EDGE('',*,*,#12171,.T.);
#12171 = EDGE_CURVE('',#3281,#6622,#12172,.T.);
#12172 = SURFACE_CURVE('',#12173,(#12177,#12184),.PCURVE_S1.);
#12173 = LINE('',#12174,#12175);
#12174 = CARTESIAN_POINT('',(230.,-97.5,239.248559));
#12175 = VECTOR('',#12176,1.);
#12176 = DIRECTION('',(0.,0.813327601775,-0.581805991883));
#12177 = PCURVE('',#3327,#12178);
#12178 = DEFINITIONAL_REPRESENTATION('',(#12179),#12183);
#12179 = LINE('',#12180,#12181);
#12180 = CARTESIAN_POINT('',(-23.248559,32.5));
#12181 = VECTOR('',#12182,1.);
#12182 = DIRECTION('',(0.581805991883,-0.813327601775));
#12183 = ( GEOMETRIC_REPRESENTATION_CONTEXT(2) 
PARAMETRIC_REPRESENTATION_CONTEXT() REPRESENTATION_CONTEXT('2D SPACE',''
  ) );
#12184 = PCURVE('',#6642,#12185);
#12185 = DEFINITIONAL_REPRESENTATION('',(#12186),#12190);
#12186 = LINE('',#12187,#12188);
#12187 = CARTESIAN_POINT('',(18.410544,32.402713));
#12188 = VECTOR('',#12189,1.);
#12189 = DIRECTION('',(0.581805991883,-0.813327601775));
#12190 = ( GEOMETRIC_REPRESENTATION_CONTEXT(2) 
PARAMETRIC_REPRESENTATION_CONTEXT() REPRESENTATION_CONTEXT('2D SPACE',''
  ) );
#12191 = ADVANCED_FACE('',(#12192),#3353,.T.);
#12192 = FACE_BOUND('',#12193,.T.);
#12193 = EDGE_LOOP('',(#12194,#12195,#12216));
#12194 = ORIENTED_EDGE('',*,*,#8337,.F.);
#12195 = ORIENTED_EDGE('',*,*,#12196,.T.);
#12196 = EDGE_CURVE('',#8338,#2508,#12197,.T.);
#12197 = SURFACE_CURVE('',#12198,(#12202,#12209),.PCURVE_S1.);
#12198 = LINE('',#12199,#12200);
#12199 = CARTESIAN_POINT('',(230.,-130.,164.));
#12200 = VECTOR('',#12201,1.);
#12201 = DIRECTION('',(0.,0.,1.));
#12202 = PCURVE('',#3353,#12203);
#12203 = DEFINITIONAL_REPRESENTATION('',(#12204),#12208);
#12204 = LINE('',#12205,#12206);
#12205 = CARTESIAN_POINT('',(26.,32.5));
#12206 = VECTOR('',#12207,1.);
#12207 = DIRECTION('',(-1.,0.));
#12208 = ( GEOMETRIC_REPRESENTATION_CONTEXT(2) 
PARAMETRIC_REPRESENTATION_CONTEXT() REPRESENTATION_CONTEXT('2D SPACE',''
  ) );
#12209 = PCURVE('',#2549,#12210);
#12210 = DEFINITIONAL_REPRESENTATION('',(#12211),#12215);
#12211 = LINE('',#12212,#12213);
#12212 = CARTESIAN_POINT('',(0.,-49.242485));
#12213 = VECTOR('',#12214,1.);
#12214 = DIRECTION('',(0.,1.));
#12215 = ( GEOMETRIC_REPRESENTATION_CONTEXT(2) 
PARAMETRIC_REPRESENTATION_CONTEXT() REPRESENTATION_CONTEXT('2D SPACE',''
  ) );
#12216 = ORIENTED_EDGE('',*,*,#3339,.F.);
#12217 = ADVANCED_FACE('',(#12218),#3301,.T.);
#12218 = FACE_BOUND('',#12219,.T.);
#12219 = EDGE_LOOP('',(#12220,#12221,#12222));
#12220 = ORIENTED_EDGE('',*,*,#3280,.F.);
#12221 = ORIENTED_EDGE('',*,*,#11306,.F.);
#12222 = ORIENTED_EDGE('',*,*,#12223,.T.);
#12223 = EDGE_CURVE('',#11284,#3281,#12224,.T.);
#12224 = SURFACE_CURVE('',#12225,(#12229,#12236),.PCURVE_S1.);
#12225 = LINE('',#12226,#12227);
#12226 = CARTESIAN_POINT('',(230.,-130.,260.710812));
#12227 = VECTOR('',#12228,1.);
#12228 = DIRECTION('',(0.,0.834464741409,-0.551061335375));
#12229 = PCURVE('',#3301,#12230);
#12230 = DEFINITIONAL_REPRESENTATION('',(#12231),#12235);
#12231 = LINE('',#12232,#12233);
#12232 = CARTESIAN_POINT('',(-21.462253,32.5));
#12233 = VECTOR('',#12234,1.);
#12234 = DIRECTION('',(0.551061335375,-0.834464741409));
#12235 = ( GEOMETRIC_REPRESENTATION_CONTEXT(2) 
PARAMETRIC_REPRESENTATION_CONTEXT() REPRESENTATION_CONTEXT('2D SPACE',''
  ) );
#12236 = PCURVE('',#12237,#12242);
#12237 = PLANE('',#12238);
#12238 = AXIS2_PLACEMENT_3D('',#12239,#12240,#12241);
#12239 = CARTESIAN_POINT('',(230.,-130.,260.710812));
#12240 = DIRECTION('',(-1.,-0.,-0.));
#12241 = DIRECTION('',(0.,0.,-1.));
#12242 = DEFINITIONAL_REPRESENTATION('',(#12243),#12247);
#12243 = LINE('',#12244,#12245);
#12244 = CARTESIAN_POINT('',(0.,0.));
#12245 = VECTOR('',#12246,1.);
#12246 = DIRECTION('',(0.551061335375,-0.834464741409));
#12247 = ( GEOMETRIC_REPRESENTATION_CONTEXT(2) 
PARAMETRIC_REPRESENTATION_CONTEXT() REPRESENTATION_CONTEXT('2D SPACE',''
  ) );
#12248 = ADVANCED_FACE('',(#12249),#12017,.T.);
#12249 = FACE_BOUND('',#12250,.T.);
#12250 = EDGE_LOOP('',(#12251,#12272,#12273));
#12251 = ORIENTED_EDGE('',*,*,#12252,.T.);
#12252 = EDGE_CURVE('',#7585,#4944,#12253,.T.);
#12253 = SURFACE_CURVE('',#12254,(#12258,#12265),.PCURVE_S1.);
#12254 = LINE('',#12255,#12256);
#12255 = CARTESIAN_POINT('',(224.159678,-97.650428,60.));
#12256 = VECTOR('',#12257,1.);
#12257 = DIRECTION('',(-0.194546411617,-0.980893314141,0.));
#12258 = PCURVE('',#12017,#12259);
#12259 = DEFINITIONAL_REPRESENTATION('',(#12260),#12264);
#12260 = LINE('',#12261,#12262);
#12261 = CARTESIAN_POINT('',(0.,0.));
#12262 = VECTOR('',#12263,1.);
#12263 = DIRECTION('',(-0.194546411617,-0.980893314141));
#12264 = ( GEOMETRIC_REPRESENTATION_CONTEXT(2) 
PARAMETRIC_REPRESENTATION_CONTEXT() REPRESENTATION_CONTEXT('2D SPACE',''
  ) );
#12265 = PCURVE('',#7600,#12266);
#12266 = DEFINITIONAL_REPRESENTATION('',(#12267),#12271);
#12267 = LINE('',#12268,#12269);
#12268 = CARTESIAN_POINT('',(7.731578,-32.050669));
#12269 = VECTOR('',#12270,1.);
#12270 = DIRECTION('',(-0.194546411617,-0.980893314141));
#12271 = ( GEOMETRIC_REPRESENTATION_CONTEXT(2) 
PARAMETRIC_REPRESENTATION_CONTEXT() REPRESENTATION_CONTEXT('2D SPACE',''
  ) );
#12272 = ORIENTED_EDGE('',*,*,#12003,.F.);
#12273 = ORIENTED_EDGE('',*,*,#12274,.T.);
#12274 = EDGE_CURVE('',#11981,#7585,#12275,.T.);
#12275 = SURFACE_CURVE('',#12276,(#12280,#12287),.PCURVE_S1.);
#12276 = LINE('',#12277,#12278);
#12277 = CARTESIAN_POINT('',(230.,-130.,60.));
#12278 = VECTOR('',#12279,1.);
#12279 = DIRECTION('',(-0.177665651441,0.984090908554,0.));
#12280 = PCURVE('',#12017,#12281);
#12281 = DEFINITIONAL_REPRESENTATION('',(#12282),#12286);
#12282 = LINE('',#12283,#12284);
#12283 = CARTESIAN_POINT('',(5.840322,-32.349572));
#12284 = VECTOR('',#12285,1.);
#12285 = DIRECTION('',(-0.177665651441,0.984090908554));
#12286 = ( GEOMETRIC_REPRESENTATION_CONTEXT(2) 
PARAMETRIC_REPRESENTATION_CONTEXT() REPRESENTATION_CONTEXT('2D SPACE',''
  ) );
#12287 = PCURVE('',#7626,#12288);
#12288 = DEFINITIONAL_REPRESENTATION('',(#12289),#12293);
#12289 = LINE('',#12290,#12291);
#12290 = CARTESIAN_POINT('',(0.,0.));
#12291 = VECTOR('',#12292,1.);
#12292 = DIRECTION('',(-0.177665651441,0.984090908554));
#12293 = ( GEOMETRIC_REPRESENTATION_CONTEXT(2) 
PARAMETRIC_REPRESENTATION_CONTEXT() REPRESENTATION_CONTEXT('2D SPACE',''
  ) );
#12294 = ADVANCED_FACE('',(#12295),#3410,.T.);
#12295 = FACE_BOUND('',#12296,.T.);
#12296 = EDGE_LOOP('',(#12297,#12318,#12319));
#12297 = ORIENTED_EDGE('',*,*,#12298,.T.);
#12298 = EDGE_CURVE('',#10699,#3395,#12299,.T.);
#12299 = SURFACE_CURVE('',#12300,(#12304,#12311),.PCURVE_S1.);
#12300 = LINE('',#12301,#12302);
#12301 = CARTESIAN_POINT('',(283.960445,-155.848937,30.));
#12302 = VECTOR('',#12303,1.);
#12303 = DIRECTION('',(-0.999528937077,-3.069045365736E-02,0.));
#12304 = PCURVE('',#3410,#12305);
#12305 = DEFINITIONAL_REPRESENTATION('',(#12306),#12310);
#12306 = LINE('',#12307,#12308);
#12307 = CARTESIAN_POINT('',(0.,0.));
#12308 = VECTOR('',#12309,1.);
#12309 = DIRECTION('',(0.999528937077,-3.069045365736E-02));
#12310 = ( GEOMETRIC_REPRESENTATION_CONTEXT(2) 
PARAMETRIC_REPRESENTATION_CONTEXT() REPRESENTATION_CONTEXT('2D SPACE',''
  ) );
#12311 = PCURVE('',#5402,#12312);
#12312 = DEFINITIONAL_REPRESENTATION('',(#12313),#12317);
#12313 = LINE('',#12314,#12315);
#12314 = CARTESIAN_POINT('',(-5.077187188561E-02,26.222274211794));
#12315 = VECTOR('',#12316,1.);
#12316 = DIRECTION('',(1.936207985092E-03,-0.999998125548));
#12317 = ( GEOMETRIC_REPRESENTATION_CONTEXT(2) 
PARAMETRIC_REPRESENTATION_CONTEXT() REPRESENTATION_CONTEXT('2D SPACE',''
  ) );
#12318 = ORIENTED_EDGE('',*,*,#3394,.F.);
#12319 = ORIENTED_EDGE('',*,*,#10726,.F.);
#12320 = ADVANCED_FACE('',(#12321),#3436,.T.);
#12321 = FACE_BOUND('',#12322,.T.);
#12322 = EDGE_LOOP('',(#12323,#12344,#12345));
#12323 = ORIENTED_EDGE('',*,*,#12324,.T.);
#12324 = EDGE_CURVE('',#3395,#8571,#12325,.T.);
#12325 = SURFACE_CURVE('',#12326,(#12330,#12337),.PCURVE_S1.);
#12326 = LINE('',#12327,#12328);
#12327 = CARTESIAN_POINT('',(257.750474,-156.653712,30.));
#12328 = VECTOR('',#12329,1.);
#12329 = DIRECTION('',(-0.999850505919,-1.729062792643E-02,0.));
#12330 = PCURVE('',#3436,#12331);
#12331 = DEFINITIONAL_REPRESENTATION('',(#12332),#12336);
#12332 = LINE('',#12333,#12334);
#12333 = CARTESIAN_POINT('',(0.,0.));
#12334 = VECTOR('',#12335,1.);
#12335 = DIRECTION('',(0.999850505919,-1.729062792643E-02));
#12336 = ( GEOMETRIC_REPRESENTATION_CONTEXT(2) 
PARAMETRIC_REPRESENTATION_CONTEXT() REPRESENTATION_CONTEXT('2D SPACE',''
  ) );
#12337 = PCURVE('',#5376,#12338);
#12338 = DEFINITIONAL_REPRESENTATION('',(#12339),#12343);
#12339 = LINE('',#12340,#12341);
#12340 = CARTESIAN_POINT('',(-3.362684361416E-02,27.779884579154));
#12341 = VECTOR('',#12342,1.);
#12342 = DIRECTION('',(1.210473675027E-03,-0.999999267376));
#12343 = ( GEOMETRIC_REPRESENTATION_CONTEXT(2) 
PARAMETRIC_REPRESENTATION_CONTEXT() REPRESENTATION_CONTEXT('2D SPACE',''
  ) );
#12344 = ORIENTED_EDGE('',*,*,#8570,.F.);
#12345 = ORIENTED_EDGE('',*,*,#3422,.F.);
#12346 = ADVANCED_FACE('',(#12347),#2017,.T.);
#12347 = FACE_BOUND('',#12348,.T.);
#12348 = EDGE_LOOP('',(#12349,#12350,#12351));
#12349 = ORIENTED_EDGE('',*,*,#3368,.F.);
#12350 = ORIENTED_EDGE('',*,*,#8544,.F.);
#12351 = ORIENTED_EDGE('',*,*,#2003,.F.);
#12352 = ADVANCED_FACE('',(#12353),#3500,.T.);
#12353 = FACE_BOUND('',#12354,.T.);
#12354 = EDGE_LOOP('',(#12355,#12376,#12377));
#12355 = ORIENTED_EDGE('',*,*,#12356,.T.);
#12356 = EDGE_CURVE('',#8571,#3485,#12357,.T.);
#12357 = SURFACE_CURVE('',#12358,(#12362,#12369),.PCURVE_S1.);
#12358 = LINE('',#12359,#12360);
#12359 = CARTESIAN_POINT('',(229.974722,-157.134044,30.));
#12360 = VECTOR('',#12361,1.);
#12361 = DIRECTION('',(-0.999979836504,-6.350321740997E-03,0.));
#12362 = PCURVE('',#3500,#12363);
#12363 = DEFINITIONAL_REPRESENTATION('',(#12364),#12368);
#12364 = LINE('',#12365,#12366);
#12365 = CARTESIAN_POINT('',(0.,0.));
#12366 = VECTOR('',#12367,1.);
#12367 = DIRECTION('',(0.999979836504,-6.350321740997E-03));
#12368 = ( GEOMETRIC_REPRESENTATION_CONTEXT(2) 
PARAMETRIC_REPRESENTATION_CONTEXT() REPRESENTATION_CONTEXT('2D SPACE',''
  ) );
#12369 = PCURVE('',#5288,#12370);
#12370 = DEFINITIONAL_REPRESENTATION('',(#12371),#12375);
#12371 = LINE('',#12372,#12373);
#12372 = CARTESIAN_POINT('',(-2.477873350064E-02,27.180658762813));
#12373 = VECTOR('',#12374,1.);
#12374 = DIRECTION('',(9.116307084544E-04,-0.999999584465));
#12375 = ( GEOMETRIC_REPRESENTATION_CONTEXT(2) 
PARAMETRIC_REPRESENTATION_CONTEXT() REPRESENTATION_CONTEXT('2D SPACE',''
  ) );
#12376 = ORIENTED_EDGE('',*,*,#3484,.F.);
#12377 = ORIENTED_EDGE('',*,*,#8593,.F.);
#12378 = ADVANCED_FACE('',(#12379),#3526,.T.);
#12379 = FACE_BOUND('',#12380,.T.);
#12380 = EDGE_LOOP('',(#12381,#12409,#12435));
#12381 = ORIENTED_EDGE('',*,*,#12382,.T.);
#12382 = EDGE_CURVE('',#3485,#12383,#12385,.T.);
#12383 = VERTEX_POINT('',#12384);
#12384 = CARTESIAN_POINT('',(177.241909,-157.666142,30.));
#12385 = SURFACE_CURVE('',#12386,(#12390,#12397),.PCURVE_S1.);
#12386 = LINE('',#12387,#12388);
#12387 = CARTESIAN_POINT('',(202.7946,-157.30665,30.));
#12388 = VECTOR('',#12389,1.);
#12389 = DIRECTION('',(-0.999901051158,-1.406726315764E-02,0.));
#12390 = PCURVE('',#3526,#12391);
#12391 = DEFINITIONAL_REPRESENTATION('',(#12392),#12396);
#12392 = LINE('',#12393,#12394);
#12393 = CARTESIAN_POINT('',(0.,0.));
#12394 = VECTOR('',#12395,1.);
#12395 = DIRECTION('',(0.999901051158,-1.406726315764E-02));
#12396 = ( GEOMETRIC_REPRESENTATION_CONTEXT(2) 
PARAMETRIC_REPRESENTATION_CONTEXT() REPRESENTATION_CONTEXT('2D SPACE',''
  ) );
#12397 = PCURVE('',#12398,#12403);
#12398 = PLANE('',#12399);
#12399 = AXIS2_PLACEMENT_3D('',#12400,#12401,#12402);
#12400 = CARTESIAN_POINT('',(177.241909,-157.666142,30.));
#12401 = DIRECTION('',(1.313586421372E-02,-0.933697215157,0.357822525116
    ));
#12402 = DIRECTION('',(-8.673617379884E-19,-0.357853400416,
    -0.933777780744));
#12403 = DEFINITIONAL_REPRESENTATION('',(#12404),#12408);
#12404 = LINE('',#12405,#12406);
#12405 = CARTESIAN_POINT('',(-0.128645434622,25.554895855622));
#12406 = VECTOR('',#12407,1.);
#12407 = DIRECTION('',(5.034017955508E-03,-0.999987329251));
#12408 = ( GEOMETRIC_REPRESENTATION_CONTEXT(2) 
PARAMETRIC_REPRESENTATION_CONTEXT() REPRESENTATION_CONTEXT('2D SPACE',''
  ) );
#12409 = ORIENTED_EDGE('',*,*,#12410,.T.);
#12410 = EDGE_CURVE('',#12383,#3452,#12411,.T.);
#12411 = SURFACE_CURVE('',#12412,(#12416,#12423),.PCURVE_S1.);
#12412 = LINE('',#12413,#12414);
#12413 = CARTESIAN_POINT('',(177.241909,-157.666142,30.));
#12414 = VECTOR('',#12415,1.);
#12415 = DIRECTION('',(0.264303576436,0.964439536458,0.));
#12416 = PCURVE('',#3526,#12417);
#12417 = DEFINITIONAL_REPRESENTATION('',(#12418),#12422);
#12418 = LINE('',#12419,#12420);
#12419 = CARTESIAN_POINT('',(25.552691,-0.359492));
#12420 = VECTOR('',#12421,1.);
#12421 = DIRECTION('',(-0.264303576436,0.964439536458));
#12422 = ( GEOMETRIC_REPRESENTATION_CONTEXT(2) 
PARAMETRIC_REPRESENTATION_CONTEXT() REPRESENTATION_CONTEXT('2D SPACE',''
  ) );
#12423 = PCURVE('',#12424,#12429);
#12424 = PLANE('',#12425);
#12425 = AXIS2_PLACEMENT_3D('',#12426,#12427,#12428);
#12426 = CARTESIAN_POINT('',(177.241909,-157.666142,30.));
#12427 = DIRECTION('',(0.,0.,-1.));
#12428 = DIRECTION('',(-1.,0.,-0.));
#12429 = DEFINITIONAL_REPRESENTATION('',(#12430),#12434);
#12430 = LINE('',#12431,#12432);
#12431 = CARTESIAN_POINT('',(0.,0.));
#12432 = VECTOR('',#12433,1.);
#12433 = DIRECTION('',(-0.264303576436,0.964439536458));
#12434 = ( GEOMETRIC_REPRESENTATION_CONTEXT(2) 
PARAMETRIC_REPRESENTATION_CONTEXT() REPRESENTATION_CONTEXT('2D SPACE',''
  ) );
#12435 = ORIENTED_EDGE('',*,*,#3512,.F.);
#12436 = ADVANCED_FACE('',(#12437),#3472,.T.);
#12437 = FACE_BOUND('',#12438,.T.);
#12438 = EDGE_LOOP('',(#12439,#12440,#12461));
#12439 = ORIENTED_EDGE('',*,*,#3451,.F.);
#12440 = ORIENTED_EDGE('',*,*,#12441,.T.);
#12441 = EDGE_CURVE('',#3452,#3625,#12442,.T.);
#12442 = SURFACE_CURVE('',#12443,(#12447,#12454),.PCURVE_S1.);
#12443 = LINE('',#12444,#12445);
#12444 = CARTESIAN_POINT('',(187.808637,-119.10832,30.));
#12445 = VECTOR('',#12446,1.);
#12446 = DIRECTION('',(0.297608022909,0.954688150497,0.));
#12447 = PCURVE('',#3472,#12448);
#12448 = DEFINITIONAL_REPRESENTATION('',(#12449),#12453);
#12449 = LINE('',#12450,#12451);
#12450 = CARTESIAN_POINT('',(27.183584,-0.18566));
#12451 = VECTOR('',#12452,1.);
#12452 = DIRECTION('',(-0.297608022909,0.954688150497));
#12453 = ( GEOMETRIC_REPRESENTATION_CONTEXT(2) 
PARAMETRIC_REPRESENTATION_CONTEXT() REPRESENTATION_CONTEXT('2D SPACE',''
  ) );
#12454 = PCURVE('',#3645,#12455);
#12455 = DEFINITIONAL_REPRESENTATION('',(#12456),#12460);
#12456 = LINE('',#12457,#12458);
#12457 = CARTESIAN_POINT('',(-7.800472,-39.935));
#12458 = VECTOR('',#12459,1.);
#12459 = DIRECTION('',(-0.297608022909,0.954688150497));
#12460 = ( GEOMETRIC_REPRESENTATION_CONTEXT(2) 
PARAMETRIC_REPRESENTATION_CONTEXT() REPRESENTATION_CONTEXT('2D SPACE',''
  ) );
#12461 = ORIENTED_EDGE('',*,*,#8499,.F.);
#12462 = ADVANCED_FACE('',(#12463),#3583,.T.);
#12463 = FACE_BOUND('',#12464,.T.);
#12464 = EDGE_LOOP('',(#12465,#12466,#12467));
#12465 = ORIENTED_EDGE('',*,*,#8523,.F.);
#12466 = ORIENTED_EDGE('',*,*,#3569,.F.);
#12467 = ORIENTED_EDGE('',*,*,#10496,.F.);
#12468 = ADVANCED_FACE('',(#12469),#3609,.T.);
#12469 = FACE_BOUND('',#12470,.T.);
#12470 = EDGE_LOOP('',(#12471,#12472,#12493));
#12471 = ORIENTED_EDGE('',*,*,#8477,.F.);
#12472 = ORIENTED_EDGE('',*,*,#12473,.T.);
#12473 = EDGE_CURVE('',#3625,#3542,#12474,.T.);
#12474 = SURFACE_CURVE('',#12475,(#12479,#12486),.PCURVE_S1.);
#12475 = LINE('',#12476,#12477);
#12476 = CARTESIAN_POINT('',(200.,-80.,30.));
#12477 = VECTOR('',#12478,1.);
#12478 = DIRECTION('',(0.351123441588,0.936329177569,0.));
#12479 = PCURVE('',#3609,#12480);
#12480 = DEFINITIONAL_REPRESENTATION('',(#12481),#12485);
#12481 = LINE('',#12482,#12483);
#12482 = CARTESIAN_POINT('',(30.,0.));
#12483 = VECTOR('',#12484,1.);
#12484 = DIRECTION('',(-0.351123441588,0.936329177569));
#12485 = ( GEOMETRIC_REPRESENTATION_CONTEXT(2) 
PARAMETRIC_REPRESENTATION_CONTEXT() REPRESENTATION_CONTEXT('2D SPACE',''
  ) );
#12486 = PCURVE('',#3692,#12487);
#12487 = DEFINITIONAL_REPRESENTATION('',(#12488),#12492);
#12488 = LINE('',#12489,#12490);
#12489 = CARTESIAN_POINT('',(-10.217182,-40.));
#12490 = VECTOR('',#12491,1.);
#12491 = DIRECTION('',(-0.351123441588,0.936329177569));
#12492 = ( GEOMETRIC_REPRESENTATION_CONTEXT(2) 
PARAMETRIC_REPRESENTATION_CONTEXT() REPRESENTATION_CONTEXT('2D SPACE',''
  ) );
#12493 = ORIENTED_EDGE('',*,*,#3595,.F.);
#12494 = ADVANCED_FACE('',(#12495),#1840,.T.);
#12495 = FACE_BOUND('',#12496,.T.);
#12496 = EDGE_LOOP('',(#12497,#12498,#12519));
#12497 = ORIENTED_EDGE('',*,*,#3541,.F.);
#12498 = ORIENTED_EDGE('',*,*,#12499,.T.);
#12499 = EDGE_CURVE('',#3542,#1766,#12500,.T.);
#12500 = SURFACE_CURVE('',#12501,(#12505,#12512),.PCURVE_S1.);
#12501 = LINE('',#12502,#12503);
#12502 = CARTESIAN_POINT('',(215.,-40.,30.));
#12503 = VECTOR('',#12504,1.);
#12504 = DIRECTION('',(0.351123441588,0.936329177569,0.));
#12505 = PCURVE('',#1840,#12506);
#12506 = DEFINITIONAL_REPRESENTATION('',(#12507),#12511);
#12507 = LINE('',#12508,#12509);
#12508 = CARTESIAN_POINT('',(30.,0.));
#12509 = VECTOR('',#12510,1.);
#12510 = DIRECTION('',(-0.351123441588,0.936329177569));
#12511 = ( GEOMETRIC_REPRESENTATION_CONTEXT(2) 
PARAMETRIC_REPRESENTATION_CONTEXT() REPRESENTATION_CONTEXT('2D SPACE',''
  ) );
#12512 = PCURVE('',#3816,#12513);
#12513 = DEFINITIONAL_REPRESENTATION('',(#12514),#12518);
#12514 = LINE('',#12515,#12516);
#12515 = CARTESIAN_POINT('',(-15.,-40.));
#12516 = VECTOR('',#12517,1.);
#12517 = DIRECTION('',(-0.351123441588,0.936329177569));
#12518 = ( GEOMETRIC_REPRESENTATION_CONTEXT(2) 
PARAMETRIC_REPRESENTATION_CONTEXT() REPRESENTATION_CONTEXT('2D SPACE',''
  ) );
#12519 = ORIENTED_EDGE('',*,*,#1826,.F.);
#12520 = ADVANCED_FACE('',(#12521),#12424,.T.);
#12521 = FACE_BOUND('',#12522,.T.);
#12522 = EDGE_LOOP('',(#12523,#12549,#12570));
#12523 = ORIENTED_EDGE('',*,*,#12524,.T.);
#12524 = EDGE_CURVE('',#12383,#1400,#12525,.T.);
#12525 = SURFACE_CURVE('',#12526,(#12530,#12537),.PCURVE_S1.);
#12526 = LINE('',#12527,#12528);
#12527 = CARTESIAN_POINT('',(177.241909,-157.666142,30.));
#12528 = VECTOR('',#12529,1.);
#12529 = DIRECTION('',(3.522028728549E-02,0.999379573217,0.));
#12530 = PCURVE('',#12424,#12531);
#12531 = DEFINITIONAL_REPRESENTATION('',(#12532),#12536);
#12532 = LINE('',#12533,#12534);
#12533 = CARTESIAN_POINT('',(0.,0.));
#12534 = VECTOR('',#12535,1.);
#12535 = DIRECTION('',(-3.522028728549E-02,0.999379573217));
#12536 = ( GEOMETRIC_REPRESENTATION_CONTEXT(2) 
PARAMETRIC_REPRESENTATION_CONTEXT() REPRESENTATION_CONTEXT('2D SPACE',''
  ) );
#12537 = PCURVE('',#12538,#12543);
#12538 = PLANE('',#12539);
#12539 = AXIS2_PLACEMENT_3D('',#12540,#12541,#12542);
#12540 = CARTESIAN_POINT('',(180.008165,-79.17332,30.));
#12541 = DIRECTION('',(-0.992646929135,3.49830144163E-02,0.115880381345)
  );
#12542 = DIRECTION('',(-0.115951354354,0.,-0.993254893481));
#12543 = DEFINITIONAL_REPRESENTATION('',(#12544),#12548);
#12544 = LINE('',#12545,#12546);
#12545 = CARTESIAN_POINT('',(0.320751129691,78.540896331109));
#12546 = VECTOR('',#12547,1.);
#12547 = DIRECTION('',(-4.083840011504E-03,-0.999991661091));
#12548 = ( GEOMETRIC_REPRESENTATION_CONTEXT(2) 
PARAMETRIC_REPRESENTATION_CONTEXT() REPRESENTATION_CONTEXT('2D SPACE',''
  ) );
#12549 = ORIENTED_EDGE('',*,*,#12550,.T.);
#12550 = EDGE_CURVE('',#1400,#3452,#12551,.T.);
#12551 = SURFACE_CURVE('',#12552,(#12556,#12563),.PCURVE_S1.);
#12552 = LINE('',#12553,#12554);
#12553 = CARTESIAN_POINT('',(180.008165,-79.17332,30.));
#12554 = VECTOR('',#12555,1.);
#12555 = DIRECTION('',(0.191706309707,-0.981452337518,0.));
#12556 = PCURVE('',#12424,#12557);
#12557 = DEFINITIONAL_REPRESENTATION('',(#12558),#12562);
#12558 = LINE('',#12559,#12560);
#12559 = CARTESIAN_POINT('',(-2.766256,78.492822));
#12560 = VECTOR('',#12561,1.);
#12561 = DIRECTION('',(-0.191706309707,-0.981452337518));
#12562 = ( GEOMETRIC_REPRESENTATION_CONTEXT(2) 
PARAMETRIC_REPRESENTATION_CONTEXT() REPRESENTATION_CONTEXT('2D SPACE',''
  ) );
#12563 = PCURVE('',#3645,#12564);
#12564 = DEFINITIONAL_REPRESENTATION('',(#12565),#12569);
#12565 = LINE('',#12566,#12567);
#12566 = CARTESIAN_POINT('',(0.,0.));
#12567 = VECTOR('',#12568,1.);
#12568 = DIRECTION('',(-0.191706309707,-0.981452337518));
#12569 = ( GEOMETRIC_REPRESENTATION_CONTEXT(2) 
PARAMETRIC_REPRESENTATION_CONTEXT() REPRESENTATION_CONTEXT('2D SPACE',''
  ) );
#12570 = ORIENTED_EDGE('',*,*,#12410,.F.);
#12571 = ADVANCED_FACE('',(#12572),#740,.T.);
#12572 = FACE_BOUND('',#12573,.T.);
#12573 = EDGE_LOOP('',(#12574,#12595,#12596));
#12574 = ORIENTED_EDGE('',*,*,#12575,.T.);
#12575 = EDGE_CURVE('',#1400,#664,#12576,.T.);
#12576 = SURFACE_CURVE('',#12577,(#12581,#12588),.PCURVE_S1.);
#12577 = LINE('',#12578,#12579);
#12578 = CARTESIAN_POINT('',(180.008165,-79.17332,30.));
#12579 = VECTOR('',#12580,1.);
#12580 = DIRECTION('',(2.149031981933E-02,0.99976905641,0.));
#12581 = PCURVE('',#740,#12582);
#12582 = DEFINITIONAL_REPRESENTATION('',(#12583),#12587);
#12583 = LINE('',#12584,#12585);
#12584 = CARTESIAN_POINT('',(0.,0.));
#12585 = VECTOR('',#12586,1.);
#12586 = DIRECTION('',(-2.149031981933E-02,0.99976905641));
#12587 = ( GEOMETRIC_REPRESENTATION_CONTEXT(2) 
PARAMETRIC_REPRESENTATION_CONTEXT() REPRESENTATION_CONTEXT('2D SPACE',''
  ) );
#12588 = PCURVE('',#6356,#12589);
#12589 = DEFINITIONAL_REPRESENTATION('',(#12590),#12594);
#12590 = LINE('',#12591,#12592);
#12591 = CARTESIAN_POINT('',(0.626922038436,79.189127234828));
#12592 = VECTOR('',#12593,1.);
#12593 = DIRECTION('',(-7.916521055452E-03,-0.999968663856));
#12594 = ( GEOMETRIC_REPRESENTATION_CONTEXT(2) 
PARAMETRIC_REPRESENTATION_CONTEXT() REPRESENTATION_CONTEXT('2D SPACE',''
  ) );
#12595 = ORIENTED_EDGE('',*,*,#726,.F.);
#12596 = ORIENTED_EDGE('',*,*,#3657,.F.);
#12597 = ADVANCED_FACE('',(#12598),#3645,.T.);
#12598 = FACE_BOUND('',#12599,.T.);
#12599 = EDGE_LOOP('',(#12600,#12601,#12602));
#12600 = ORIENTED_EDGE('',*,*,#3624,.F.);
#12601 = ORIENTED_EDGE('',*,*,#12441,.F.);
#12602 = ORIENTED_EDGE('',*,*,#12550,.F.);
#12603 = ADVANCED_FACE('',(#12604),#8731,.T.);
#12604 = FACE_BOUND('',#12605,.T.);
#12605 = EDGE_LOOP('',(#12606,#12632,#12653));
#12606 = ORIENTED_EDGE('',*,*,#12607,.T.);
#12607 = EDGE_CURVE('',#664,#1308,#12608,.T.);
#12608 = SURFACE_CURVE('',#12609,(#12613,#12620),.PCURVE_S1.);
#12609 = LINE('',#12610,#12611);
#12610 = CARTESIAN_POINT('',(181.710018,0.,30.));
#12611 = VECTOR('',#12612,1.);
#12612 = DIRECTION('',(-2.149031981933E-02,0.99976905641,0.));
#12613 = PCURVE('',#8731,#12614);
#12614 = DEFINITIONAL_REPRESENTATION('',(#12615),#12619);
#12615 = LINE('',#12616,#12617);
#12616 = CARTESIAN_POINT('',(0.,0.));
#12617 = VECTOR('',#12618,1.);
#12618 = DIRECTION('',(2.149031981933E-02,0.99976905641));
#12619 = ( GEOMETRIC_REPRESENTATION_CONTEXT(2) 
PARAMETRIC_REPRESENTATION_CONTEXT() REPRESENTATION_CONTEXT('2D SPACE',''
  ) );
#12620 = PCURVE('',#12621,#12626);
#12621 = PLANE('',#12622);
#12622 = AXIS2_PLACEMENT_3D('',#12623,#12624,#12625);
#12623 = CARTESIAN_POINT('',(180.008165,79.17332,30.));
#12624 = DIRECTION('',(-0.929491259939,-1.997967862406E-02,
    0.368302606751));
#12625 = DIRECTION('',(-0.368376139676,0.,-0.929676836173));
#12626 = DEFINITIONAL_REPRESENTATION('',(#12627),#12631);
#12627 = LINE('',#12628,#12629);
#12628 = CARTESIAN_POINT('',(-0.626922038436,79.189127234828));
#12629 = VECTOR('',#12630,1.);
#12630 = DIRECTION('',(7.916521055452E-03,-0.999968663856));
#12631 = ( GEOMETRIC_REPRESENTATION_CONTEXT(2) 
PARAMETRIC_REPRESENTATION_CONTEXT() REPRESENTATION_CONTEXT('2D SPACE',''
  ) );
#12632 = ORIENTED_EDGE('',*,*,#12633,.T.);
#12633 = EDGE_CURVE('',#1308,#8618,#12634,.T.);
#12634 = SURFACE_CURVE('',#12635,(#12639,#12646),.PCURVE_S1.);
#12635 = LINE('',#12636,#12637);
#12636 = CARTESIAN_POINT('',(180.008165,79.17332,30.));
#12637 = VECTOR('',#12638,1.);
#12638 = DIRECTION('',(0.242100217068,-0.970251248335,0.));
#12639 = PCURVE('',#8731,#12640);
#12640 = DEFINITIONAL_REPRESENTATION('',(#12641),#12645);
#12641 = LINE('',#12642,#12643);
#12642 = CARTESIAN_POINT('',(1.701853,79.17332));
#12643 = VECTOR('',#12644,1.);
#12644 = DIRECTION('',(-0.242100217068,-0.970251248335));
#12645 = ( GEOMETRIC_REPRESENTATION_CONTEXT(2) 
PARAMETRIC_REPRESENTATION_CONTEXT() REPRESENTATION_CONTEXT('2D SPACE',''
  ) );
#12646 = PCURVE('',#3728,#12647);
#12647 = DEFINITIONAL_REPRESENTATION('',(#12648),#12652);
#12648 = LINE('',#12649,#12650);
#12649 = CARTESIAN_POINT('',(0.,0.));
#12650 = VECTOR('',#12651,1.);
#12651 = DIRECTION('',(-0.242100217068,-0.970251248335));
#12652 = ( GEOMETRIC_REPRESENTATION_CONTEXT(2) 
PARAMETRIC_REPRESENTATION_CONTEXT() REPRESENTATION_CONTEXT('2D SPACE',''
  ) );
#12653 = ORIENTED_EDGE('',*,*,#8717,.F.);
#12654 = ADVANCED_FACE('',(#12655),#3756,.T.);
#12655 = FACE_BOUND('',#12656,.T.);
#12656 = EDGE_LOOP('',(#12657,#12685,#12706));
#12657 = ORIENTED_EDGE('',*,*,#12658,.T.);
#12658 = EDGE_CURVE('',#1308,#12659,#12661,.T.);
#12659 = VERTEX_POINT('',#12660);
#12660 = CARTESIAN_POINT('',(177.241909,157.666142,30.));
#12661 = SURFACE_CURVE('',#12662,(#12666,#12673),.PCURVE_S1.);
#12662 = LINE('',#12663,#12664);
#12663 = CARTESIAN_POINT('',(180.008165,79.17332,30.));
#12664 = VECTOR('',#12665,1.);
#12665 = DIRECTION('',(-3.522028728549E-02,0.999379573217,0.));
#12666 = PCURVE('',#3756,#12667);
#12667 = DEFINITIONAL_REPRESENTATION('',(#12668),#12672);
#12668 = LINE('',#12669,#12670);
#12669 = CARTESIAN_POINT('',(0.,0.));
#12670 = VECTOR('',#12671,1.);
#12671 = DIRECTION('',(3.522028728549E-02,0.999379573217));
#12672 = ( GEOMETRIC_REPRESENTATION_CONTEXT(2) 
PARAMETRIC_REPRESENTATION_CONTEXT() REPRESENTATION_CONTEXT('2D SPACE',''
  ) );
#12673 = PCURVE('',#12674,#12679);
#12674 = PLANE('',#12675);
#12675 = AXIS2_PLACEMENT_3D('',#12676,#12677,#12678);
#12676 = CARTESIAN_POINT('',(177.241909,157.666142,30.));
#12677 = DIRECTION('',(-0.992646929135,-3.49830144163E-02,0.115880381345
    ));
#12678 = DIRECTION('',(-0.115951354354,0.,-0.993254893481));
#12679 = DEFINITIONAL_REPRESENTATION('',(#12680),#12684);
#12680 = LINE('',#12681,#12682);
#12681 = CARTESIAN_POINT('',(-0.320751129691,78.540896331109));
#12682 = VECTOR('',#12683,1.);
#12683 = DIRECTION('',(4.083840011504E-03,-0.999991661091));
#12684 = ( GEOMETRIC_REPRESENTATION_CONTEXT(2) 
PARAMETRIC_REPRESENTATION_CONTEXT() REPRESENTATION_CONTEXT('2D SPACE',''
  ) );
#12685 = ORIENTED_EDGE('',*,*,#12686,.T.);
#12686 = EDGE_CURVE('',#12659,#3741,#12687,.T.);
#12687 = SURFACE_CURVE('',#12688,(#12692,#12699),.PCURVE_S1.);
#12688 = LINE('',#12689,#12690);
#12689 = CARTESIAN_POINT('',(177.241909,157.666142,30.));
#12690 = VECTOR('',#12691,1.);
#12691 = DIRECTION('',(0.264303576436,-0.964439536458,0.));
#12692 = PCURVE('',#3756,#12693);
#12693 = DEFINITIONAL_REPRESENTATION('',(#12694),#12698);
#12694 = LINE('',#12695,#12696);
#12695 = CARTESIAN_POINT('',(2.766256,78.492822));
#12696 = VECTOR('',#12697,1.);
#12697 = DIRECTION('',(-0.264303576436,-0.964439536458));
#12698 = ( GEOMETRIC_REPRESENTATION_CONTEXT(2) 
PARAMETRIC_REPRESENTATION_CONTEXT() REPRESENTATION_CONTEXT('2D SPACE',''
  ) );
#12699 = PCURVE('',#3927,#12700);
#12700 = DEFINITIONAL_REPRESENTATION('',(#12701),#12705);
#12701 = LINE('',#12702,#12703);
#12702 = CARTESIAN_POINT('',(0.,0.));
#12703 = VECTOR('',#12704,1.);
#12704 = DIRECTION('',(-0.264303576436,-0.964439536458));
#12705 = ( GEOMETRIC_REPRESENTATION_CONTEXT(2) 
PARAMETRIC_REPRESENTATION_CONTEXT() REPRESENTATION_CONTEXT('2D SPACE',''
  ) );
#12706 = ORIENTED_EDGE('',*,*,#3740,.F.);
#12707 = ADVANCED_FACE('',(#12708),#3728,.T.);
#12708 = FACE_BOUND('',#12709,.T.);
#12709 = EDGE_LOOP('',(#12710,#12711,#12732));
#12710 = ORIENTED_EDGE('',*,*,#3707,.F.);
#12711 = ORIENTED_EDGE('',*,*,#12712,.T.);
#12712 = EDGE_CURVE('',#3708,#8618,#12713,.T.);
#12713 = SURFACE_CURVE('',#12714,(#12718,#12725),.PCURVE_S1.);
#12714 = LINE('',#12715,#12716);
#12715 = CARTESIAN_POINT('',(200.,80.,30.));
#12716 = VECTOR('',#12717,1.);
#12717 = DIRECTION('',(-0.247483664453,-0.96889206614,0.));
#12718 = PCURVE('',#3728,#12719);
#12719 = DEFINITIONAL_REPRESENTATION('',(#12720),#12724);
#12720 = LINE('',#12721,#12722);
#12721 = CARTESIAN_POINT('',(-19.991835,0.82668));
#12722 = VECTOR('',#12723,1.);
#12723 = DIRECTION('',(0.247483664453,-0.96889206614));
#12724 = ( GEOMETRIC_REPRESENTATION_CONTEXT(2) 
PARAMETRIC_REPRESENTATION_CONTEXT() REPRESENTATION_CONTEXT('2D SPACE',''
  ) );
#12725 = PCURVE('',#8633,#12726);
#12726 = DEFINITIONAL_REPRESENTATION('',(#12727),#12731);
#12727 = LINE('',#12728,#12729);
#12728 = CARTESIAN_POINT('',(15.,40.));
#12729 = VECTOR('',#12730,1.);
#12730 = DIRECTION('',(0.247483664453,-0.96889206614));
#12731 = ( GEOMETRIC_REPRESENTATION_CONTEXT(2) 
PARAMETRIC_REPRESENTATION_CONTEXT() REPRESENTATION_CONTEXT('2D SPACE',''
  ) );
#12732 = ORIENTED_EDGE('',*,*,#12633,.F.);
#12733 = ADVANCED_FACE('',(#12734),#3692,.T.);
#12734 = FACE_BOUND('',#12735,.T.);
#12735 = EDGE_LOOP('',(#12736,#12737,#12738));
#12736 = ORIENTED_EDGE('',*,*,#8670,.F.);
#12737 = ORIENTED_EDGE('',*,*,#12473,.F.);
#12738 = ORIENTED_EDGE('',*,*,#3678,.F.);
#12739 = ADVANCED_FACE('',(#12740),#8633,.T.);
#12740 = FACE_BOUND('',#12741,.T.);
#12741 = EDGE_LOOP('',(#12742,#12743,#12744));
#12742 = ORIENTED_EDGE('',*,*,#8617,.F.);
#12743 = ORIENTED_EDGE('',*,*,#12712,.F.);
#12744 = ORIENTED_EDGE('',*,*,#12745,.T.);
#12745 = EDGE_CURVE('',#3708,#3829,#12746,.T.);
#12746 = SURFACE_CURVE('',#12747,(#12751,#12758),.PCURVE_S1.);
#12747 = LINE('',#12748,#12749);
#12748 = CARTESIAN_POINT('',(200.,80.,30.));
#12749 = VECTOR('',#12750,1.);
#12750 = DIRECTION('',(0.351123441588,-0.936329177569,0.));
#12751 = PCURVE('',#8633,#12752);
#12752 = DEFINITIONAL_REPRESENTATION('',(#12753),#12757);
#12753 = LINE('',#12754,#12755);
#12754 = CARTESIAN_POINT('',(15.,40.));
#12755 = VECTOR('',#12756,1.);
#12756 = DIRECTION('',(-0.351123441588,-0.936329177569));
#12757 = ( GEOMETRIC_REPRESENTATION_CONTEXT(2) 
PARAMETRIC_REPRESENTATION_CONTEXT() REPRESENTATION_CONTEXT('2D SPACE',''
  ) );
#12758 = PCURVE('',#4100,#12759);
#12759 = DEFINITIONAL_REPRESENTATION('',(#12760),#12764);
#12760 = LINE('',#12761,#12762);
#12761 = CARTESIAN_POINT('',(0.,0.));
#12762 = VECTOR('',#12763,1.);
#12763 = DIRECTION('',(-0.351123441588,-0.936329177569));
#12764 = ( GEOMETRIC_REPRESENTATION_CONTEXT(2) 
PARAMETRIC_REPRESENTATION_CONTEXT() REPRESENTATION_CONTEXT('2D SPACE',''
  ) );
#12765 = ADVANCED_FACE('',(#12766),#3816,.T.);
#12766 = FACE_BOUND('',#12767,.T.);
#12767 = EDGE_LOOP('',(#12768,#12769,#12770));
#12768 = ORIENTED_EDGE('',*,*,#3797,.F.);
#12769 = ORIENTED_EDGE('',*,*,#12499,.F.);
#12770 = ORIENTED_EDGE('',*,*,#8692,.F.);
#12771 = ADVANCED_FACE('',(#12772),#3927,.T.);
#12772 = FACE_BOUND('',#12773,.T.);
#12773 = EDGE_LOOP('',(#12774,#12795,#12796));
#12774 = ORIENTED_EDGE('',*,*,#12775,.T.);
#12775 = EDGE_CURVE('',#12659,#3912,#12776,.T.);
#12776 = SURFACE_CURVE('',#12777,(#12781,#12788),.PCURVE_S1.);
#12777 = LINE('',#12778,#12779);
#12778 = CARTESIAN_POINT('',(177.241909,157.666142,30.));
#12779 = VECTOR('',#12780,1.);
#12780 = DIRECTION('',(0.999901051158,-1.406726315764E-02,0.));
#12781 = PCURVE('',#3927,#12782);
#12782 = DEFINITIONAL_REPRESENTATION('',(#12783),#12787);
#12783 = LINE('',#12784,#12785);
#12784 = CARTESIAN_POINT('',(0.,0.));
#12785 = VECTOR('',#12786,1.);
#12786 = DIRECTION('',(-0.999901051158,-1.406726315764E-02));
#12787 = ( GEOMETRIC_REPRESENTATION_CONTEXT(2) 
PARAMETRIC_REPRESENTATION_CONTEXT() REPRESENTATION_CONTEXT('2D SPACE',''
  ) );
#12788 = PCURVE('',#5623,#12789);
#12789 = DEFINITIONAL_REPRESENTATION('',(#12790),#12794);
#12790 = LINE('',#12791,#12792);
#12791 = CARTESIAN_POINT('',(-0.128645434622,-25.55489585562));
#12792 = VECTOR('',#12793,1.);
#12793 = DIRECTION('',(5.034017955508E-03,0.999987329251));
#12794 = ( GEOMETRIC_REPRESENTATION_CONTEXT(2) 
PARAMETRIC_REPRESENTATION_CONTEXT() REPRESENTATION_CONTEXT('2D SPACE',''
  ) );
#12795 = ORIENTED_EDGE('',*,*,#3911,.F.);
#12796 = ORIENTED_EDGE('',*,*,#12686,.F.);
#12797 = ADVANCED_FACE('',(#12798),#3953,.T.);
#12798 = FACE_BOUND('',#12799,.T.);
#12799 = EDGE_LOOP('',(#12800,#12821,#12822));
#12800 = ORIENTED_EDGE('',*,*,#12801,.T.);
#12801 = EDGE_CURVE('',#3912,#8841,#12802,.T.);
#12802 = SURFACE_CURVE('',#12803,(#12807,#12814),.PCURVE_S1.);
#12803 = LINE('',#12804,#12805);
#12804 = CARTESIAN_POINT('',(202.7946,157.30665,30.));
#12805 = VECTOR('',#12806,1.);
#12806 = DIRECTION('',(0.999979836504,-6.350321740997E-03,0.));
#12807 = PCURVE('',#3953,#12808);
#12808 = DEFINITIONAL_REPRESENTATION('',(#12809),#12813);
#12809 = LINE('',#12810,#12811);
#12810 = CARTESIAN_POINT('',(0.,0.));
#12811 = VECTOR('',#12812,1.);
#12812 = DIRECTION('',(-0.999979836504,-6.350321740997E-03));
#12813 = ( GEOMETRIC_REPRESENTATION_CONTEXT(2) 
PARAMETRIC_REPRESENTATION_CONTEXT() REPRESENTATION_CONTEXT('2D SPACE',''
  ) );
#12814 = PCURVE('',#9668,#12815);
#12815 = DEFINITIONAL_REPRESENTATION('',(#12816),#12820);
#12816 = LINE('',#12817,#12818);
#12817 = CARTESIAN_POINT('',(-2.477873350064E-02,-27.18065876281));
#12818 = VECTOR('',#12819,1.);
#12819 = DIRECTION('',(9.116307084544E-04,0.999999584465));
#12820 = ( GEOMETRIC_REPRESENTATION_CONTEXT(2) 
PARAMETRIC_REPRESENTATION_CONTEXT() REPRESENTATION_CONTEXT('2D SPACE',''
  ) );
#12821 = ORIENTED_EDGE('',*,*,#8840,.F.);
#12822 = ORIENTED_EDGE('',*,*,#3939,.F.);
#12823 = ADVANCED_FACE('',(#12824),#3782,.T.);
#12824 = FACE_BOUND('',#12825,.T.);
#12825 = EDGE_LOOP('',(#12826,#12827,#12828));
#12826 = ORIENTED_EDGE('',*,*,#3885,.F.);
#12827 = ORIENTED_EDGE('',*,*,#8814,.F.);
#12828 = ORIENTED_EDGE('',*,*,#3768,.F.);
#12829 = ADVANCED_FACE('',(#12830),#4017,.T.);
#12830 = FACE_BOUND('',#12831,.T.);
#12831 = EDGE_LOOP('',(#12832,#12853,#12854));
#12832 = ORIENTED_EDGE('',*,*,#12833,.T.);
#12833 = EDGE_CURVE('',#8841,#4002,#12834,.T.);
#12834 = SURFACE_CURVE('',#12835,(#12839,#12846),.PCURVE_S1.);
#12835 = LINE('',#12836,#12837);
#12836 = CARTESIAN_POINT('',(229.974722,157.134044,30.));
#12837 = VECTOR('',#12838,1.);
#12838 = DIRECTION('',(0.999850505919,-1.729062792643E-02,0.));
#12839 = PCURVE('',#4017,#12840);
#12840 = DEFINITIONAL_REPRESENTATION('',(#12841),#12845);
#12841 = LINE('',#12842,#12843);
#12842 = CARTESIAN_POINT('',(0.,0.));
#12843 = VECTOR('',#12844,1.);
#12844 = DIRECTION('',(-0.999850505919,-1.729062792643E-02));
#12845 = ( GEOMETRIC_REPRESENTATION_CONTEXT(2) 
PARAMETRIC_REPRESENTATION_CONTEXT() REPRESENTATION_CONTEXT('2D SPACE',''
  ) );
#12846 = PCURVE('',#5559,#12847);
#12847 = DEFINITIONAL_REPRESENTATION('',(#12848),#12852);
#12848 = LINE('',#12849,#12850);
#12849 = CARTESIAN_POINT('',(-3.362684361416E-02,-27.77988457915));
#12850 = VECTOR('',#12851,1.);
#12851 = DIRECTION('',(1.210473675027E-03,0.999999267376));
#12852 = ( GEOMETRIC_REPRESENTATION_CONTEXT(2) 
PARAMETRIC_REPRESENTATION_CONTEXT() REPRESENTATION_CONTEXT('2D SPACE',''
  ) );
#12853 = ORIENTED_EDGE('',*,*,#4001,.F.);
#12854 = ORIENTED_EDGE('',*,*,#8863,.F.);
#12855 = ADVANCED_FACE('',(#12856),#4043,.T.);
#12856 = FACE_BOUND('',#12857,.T.);
#12857 = EDGE_LOOP('',(#12858,#12879,#12880));
#12858 = ORIENTED_EDGE('',*,*,#12859,.T.);
#12859 = EDGE_CURVE('',#4002,#10572,#12860,.T.);
#12860 = SURFACE_CURVE('',#12861,(#12865,#12872),.PCURVE_S1.);
#12861 = LINE('',#12862,#12863);
#12862 = CARTESIAN_POINT('',(257.750474,156.653712,30.));
#12863 = VECTOR('',#12864,1.);
#12864 = DIRECTION('',(0.999528937077,-3.069045365736E-02,0.));
#12865 = PCURVE('',#4043,#12866);
#12866 = DEFINITIONAL_REPRESENTATION('',(#12867),#12871);
#12867 = LINE('',#12868,#12869);
#12868 = CARTESIAN_POINT('',(0.,0.));
#12869 = VECTOR('',#12870,1.);
#12870 = DIRECTION('',(-0.999528937077,-3.069045365736E-02));
#12871 = ( GEOMETRIC_REPRESENTATION_CONTEXT(2) 
PARAMETRIC_REPRESENTATION_CONTEXT() REPRESENTATION_CONTEXT('2D SPACE',''
  ) );
#12872 = PCURVE('',#5533,#12873);
#12873 = DEFINITIONAL_REPRESENTATION('',(#12874),#12878);
#12874 = LINE('',#12875,#12876);
#12875 = CARTESIAN_POINT('',(-5.077187188561E-02,-26.22227421179));
#12876 = VECTOR('',#12877,1.);
#12877 = DIRECTION('',(1.936207985092E-03,0.999998125548));
#12878 = ( GEOMETRIC_REPRESENTATION_CONTEXT(2) 
PARAMETRIC_REPRESENTATION_CONTEXT() REPRESENTATION_CONTEXT('2D SPACE',''
  ) );
#12879 = ORIENTED_EDGE('',*,*,#10571,.F.);
#12880 = ORIENTED_EDGE('',*,*,#4029,.F.);
#12881 = ADVANCED_FACE('',(#12882),#3989,.T.);
#12882 = FACE_BOUND('',#12883,.T.);
#12883 = EDGE_LOOP('',(#12884,#12885,#12886));
#12884 = ORIENTED_EDGE('',*,*,#3968,.F.);
#12885 = ORIENTED_EDGE('',*,*,#10521,.F.);
#12886 = ORIENTED_EDGE('',*,*,#8769,.F.);
#12887 = ADVANCED_FACE('',(#12888),#4100,.T.);
#12888 = FACE_BOUND('',#12889,.T.);
#12889 = EDGE_LOOP('',(#12890,#12891,#12892));
#12890 = ORIENTED_EDGE('',*,*,#8793,.F.);
#12891 = ORIENTED_EDGE('',*,*,#4086,.F.);
#12892 = ORIENTED_EDGE('',*,*,#12745,.F.);
#12893 = ADVANCED_FACE('',(#12894),#4126,.T.);
#12894 = FACE_BOUND('',#12895,.T.);
#12895 = EDGE_LOOP('',(#12896,#12897,#12898));
#12896 = ORIENTED_EDGE('',*,*,#8747,.F.);
#12897 = ORIENTED_EDGE('',*,*,#10449,.F.);
#12898 = ORIENTED_EDGE('',*,*,#4112,.F.);
#12899 = ADVANCED_FACE('',(#12900),#3870,.T.);
#12900 = FACE_BOUND('',#12901,.T.);
#12901 = EDGE_LOOP('',(#12902,#12903,#12904));
#12902 = ORIENTED_EDGE('',*,*,#4058,.F.);
#12903 = ORIENTED_EDGE('',*,*,#10423,.F.);
#12904 = ORIENTED_EDGE('',*,*,#3856,.F.);
#12905 = ADVANCED_FACE('',(#12906),#4181,.T.);
#12906 = FACE_BOUND('',#12907,.T.);
#12907 = EDGE_LOOP('',(#12908,#12909,#12910));
#12908 = ORIENTED_EDGE('',*,*,#11631,.F.);
#12909 = ORIENTED_EDGE('',*,*,#4167,.F.);
#12910 = ORIENTED_EDGE('',*,*,#10960,.F.);
#12911 = ADVANCED_FACE('',(#12912),#4207,.T.);
#12912 = FACE_BOUND('',#12913,.T.);
#12913 = EDGE_LOOP('',(#12914,#12915,#12916));
#12914 = ORIENTED_EDGE('',*,*,#11605,.F.);
#12915 = ORIENTED_EDGE('',*,*,#8980,.F.);
#12916 = ORIENTED_EDGE('',*,*,#4193,.F.);
#12917 = ADVANCED_FACE('',(#12918),#2280,.T.);
#12918 = FACE_BOUND('',#12919,.T.);
#12919 = EDGE_LOOP('',(#12920,#12921,#12922));
#12920 = ORIENTED_EDGE('',*,*,#4141,.F.);
#12921 = ORIENTED_EDGE('',*,*,#8954,.F.);
#12922 = ORIENTED_EDGE('',*,*,#2266,.F.);
#12923 = ADVANCED_FACE('',(#12924),#4269,.T.);
#12924 = FACE_BOUND('',#12925,.T.);
#12925 = EDGE_LOOP('',(#12926,#12927,#12928));
#12926 = ORIENTED_EDGE('',*,*,#11553,.F.);
#12927 = ORIENTED_EDGE('',*,*,#4255,.F.);
#12928 = ORIENTED_EDGE('',*,*,#9001,.F.);
#12929 = ADVANCED_FACE('',(#12930),#4295,.T.);
#12930 = FACE_BOUND('',#12931,.T.);
#12931 = EDGE_LOOP('',(#12932,#12933,#12959));
#12932 = ORIENTED_EDGE('',*,*,#11527,.F.);
#12933 = ORIENTED_EDGE('',*,*,#12934,.T.);
#12934 = EDGE_CURVE('',#11505,#4223,#12935,.T.);
#12935 = SURFACE_CURVE('',#12936,(#12940,#12947),.PCURVE_S1.);
#12936 = LINE('',#12937,#12938);
#12937 = CARTESIAN_POINT('',(230.,130.,260.710812));
#12938 = VECTOR('',#12939,1.);
#12939 = DIRECTION('',(0.225573801028,-0.775514383105,-0.589655748626));
#12940 = PCURVE('',#4295,#12941);
#12941 = DEFINITIONAL_REPRESENTATION('',(#12942),#12946);
#12942 = LINE('',#12943,#12944);
#12943 = CARTESIAN_POINT('',(57.316486562273,4.011618570592));
#12944 = VECTOR('',#12945,1.);
#12945 = DIRECTION('',(-0.625865154285,0.77993128457));
#12946 = ( GEOMETRIC_REPRESENTATION_CONTEXT(2) 
PARAMETRIC_REPRESENTATION_CONTEXT() REPRESENTATION_CONTEXT('2D SPACE',''
  ) );
#12947 = PCURVE('',#12948,#12953);
#12948 = PLANE('',#12949);
#12949 = AXIS2_PLACEMENT_3D('',#12950,#12951,#12952);
#12950 = CARTESIAN_POINT('',(230.,130.,260.710812));
#12951 = DIRECTION('',(0.925829684882,-1.775107734535E-02,0.377523898375
    ));
#12952 = DIRECTION('',(-0.377583391466,8.673617379884E-19,0.925975584175
    ));
#12953 = DEFINITIONAL_REPRESENTATION('',(#12954),#12958);
#12954 = LINE('',#12955,#12956);
#12955 = CARTESIAN_POINT('',(0.,-0.));
#12956 = VECTOR('',#12957,1.);
#12957 = DIRECTION('',(-0.631179747114,0.775636594568));
#12958 = ( GEOMETRIC_REPRESENTATION_CONTEXT(2) 
PARAMETRIC_REPRESENTATION_CONTEXT() REPRESENTATION_CONTEXT('2D SPACE',''
  ) );
#12959 = ORIENTED_EDGE('',*,*,#4281,.F.);
#12960 = ADVANCED_FACE('',(#12961),#4243,.T.);
#12961 = FACE_BOUND('',#12962,.T.);
#12962 = EDGE_LOOP('',(#12963,#12964,#12985));
#12963 = ORIENTED_EDGE('',*,*,#4222,.F.);
#12964 = ORIENTED_EDGE('',*,*,#12965,.T.);
#12965 = EDGE_CURVE('',#4223,#4394,#12966,.T.);
#12966 = SURFACE_CURVE('',#12967,(#12971,#12978),.PCURVE_S1.);
#12967 = LINE('',#12968,#12969);
#12968 = CARTESIAN_POINT('',(239.442503,97.537024,236.027865));
#12969 = VECTOR('',#12970,1.);
#12970 = DIRECTION('',(0.211336896213,-0.756410881814,-0.619014777023));
#12971 = PCURVE('',#4243,#12972);
#12972 = DEFINITIONAL_REPRESENTATION('',(#12973),#12977);
#12973 = LINE('',#12974,#12975);
#12974 = CARTESIAN_POINT('',(58.940790149979,5.465741267505));
#12975 = VECTOR('',#12976,1.);
#12976 = DIRECTION('',(-0.651903209849,0.7583021858));
#12977 = ( GEOMETRIC_REPRESENTATION_CONTEXT(2) 
PARAMETRIC_REPRESENTATION_CONTEXT() REPRESENTATION_CONTEXT('2D SPACE',''
  ) );
#12978 = PCURVE('',#4416,#12979);
#12979 = DEFINITIONAL_REPRESENTATION('',(#12980),#12984);
#12980 = LINE('',#12981,#12982);
#12981 = CARTESIAN_POINT('',(-23.5786204941,-32.45699481685));
#12982 = VECTOR('',#12983,1.);
#12983 = DIRECTION('',(-0.653631122876,0.75681328953));
#12984 = ( GEOMETRIC_REPRESENTATION_CONTEXT(2) 
PARAMETRIC_REPRESENTATION_CONTEXT() REPRESENTATION_CONTEXT('2D SPACE',''
  ) );
#12985 = ORIENTED_EDGE('',*,*,#8909,.F.);
#12986 = ADVANCED_FACE('',(#12987),#4352,.T.);
#12987 = FACE_BOUND('',#12988,.T.);
#12988 = EDGE_LOOP('',(#12989,#12990,#12991));
#12989 = ORIENTED_EDGE('',*,*,#8933,.F.);
#12990 = ORIENTED_EDGE('',*,*,#4338,.F.);
#12991 = ORIENTED_EDGE('',*,*,#10824,.F.);
#12992 = ADVANCED_FACE('',(#12993),#4378,.T.);
#12993 = FACE_BOUND('',#12994,.T.);
#12994 = EDGE_LOOP('',(#12995,#12996,#13017));
#12995 = ORIENTED_EDGE('',*,*,#8887,.F.);
#12996 = ORIENTED_EDGE('',*,*,#12997,.T.);
#12997 = EDGE_CURVE('',#4394,#4311,#12998,.T.);
#12998 = SURFACE_CURVE('',#12999,(#13003,#13010),.PCURVE_S1.);
#12999 = LINE('',#13000,#13001);
#13000 = CARTESIAN_POINT('',(248.519417,65.049197,209.441197));
#13001 = VECTOR('',#13002,1.);
#13002 = DIRECTION('',(0.166548826993,-0.727158666022,-0.665959280028));
#13003 = PCURVE('',#4378,#13004);
#13004 = DEFINITIONAL_REPRESENTATION('',(#13005),#13009);
#13005 = LINE('',#13006,#13007);
#13006 = CARTESIAN_POINT('',(61.42492126775,7.510394085359));
#13007 = VECTOR('',#13008,1.);
#13008 = DIRECTION('',(-0.686459880162,0.727167678687));
#13009 = ( GEOMETRIC_REPRESENTATION_CONTEXT(2) 
PARAMETRIC_REPRESENTATION_CONTEXT() REPRESENTATION_CONTEXT('2D SPACE',''
  ) );
#13010 = PCURVE('',#4463,#13011);
#13011 = DEFINITIONAL_REPRESENTATION('',(#13012),#13016);
#13012 = LINE('',#13013,#13014);
#13013 = CARTESIAN_POINT('',(-26.39445620789,-32.56474889644));
#13014 = VECTOR('',#13015,1.);
#13015 = DIRECTION('',(-0.685702180748,0.727882215278));
#13016 = ( GEOMETRIC_REPRESENTATION_CONTEXT(2) 
PARAMETRIC_REPRESENTATION_CONTEXT() REPRESENTATION_CONTEXT('2D SPACE',''
  ) );
#13017 = ORIENTED_EDGE('',*,*,#4364,.F.);
#13018 = ADVANCED_FACE('',(#13019),#2107,.T.);
#13019 = FACE_BOUND('',#13020,.T.);
#13020 = EDGE_LOOP('',(#13021,#13022,#13043));
#13021 = ORIENTED_EDGE('',*,*,#4310,.F.);
#13022 = ORIENTED_EDGE('',*,*,#13023,.T.);
#13023 = EDGE_CURVE('',#4311,#2033,#13024,.T.);
#13024 = SURFACE_CURVE('',#13025,(#13029,#13036),.PCURVE_S1.);
#13025 = LINE('',#13026,#13027);
#13026 = CARTESIAN_POINT('',(255.970889,32.51578,179.645869));
#13027 = VECTOR('',#13028,1.);
#13028 = DIRECTION('',(0.157826509531,-0.727117086381,-0.668125389116));
#13029 = PCURVE('',#2107,#13030);
#13030 = DEFINITIONAL_REPRESENTATION('',(#13031),#13035);
#13031 = LINE('',#13032,#13033);
#13032 = CARTESIAN_POINT('',(61.410004916842,7.503327431033));
#13033 = VECTOR('',#13034,1.);
#13034 = DIRECTION('',(-0.68642082253,0.727204547838));
#13035 = ( GEOMETRIC_REPRESENTATION_CONTEXT(2) 
PARAMETRIC_REPRESENTATION_CONTEXT() REPRESENTATION_CONTEXT('2D SPACE',''
  ) );
#13036 = PCURVE('',#4589,#13037);
#13037 = DEFINITIONAL_REPRESENTATION('',(#13038),#13042);
#13038 = LINE('',#13039,#13040);
#13039 = CARTESIAN_POINT('',(-30.71768131612,-32.51644125916));
#13040 = VECTOR('',#13041,1.);
#13041 = DIRECTION('',(-0.686497806715,0.727131873442));
#13042 = ( GEOMETRIC_REPRESENTATION_CONTEXT(2) 
PARAMETRIC_REPRESENTATION_CONTEXT() REPRESENTATION_CONTEXT('2D SPACE',''
  ) );
#13043 = ORIENTED_EDGE('',*,*,#2093,.F.);
#13044 = ADVANCED_FACE('',(#13045),#12948,.T.);
#13045 = FACE_BOUND('',#13046,.T.);
#13046 = EDGE_LOOP('',(#13047,#13068,#13089));
#13047 = ORIENTED_EDGE('',*,*,#13048,.T.);
#13048 = EDGE_CURVE('',#11505,#4396,#13049,.T.);
#13049 = SURFACE_CURVE('',#13050,(#13054,#13061),.PCURVE_S1.);
#13050 = LINE('',#13051,#13052);
#13051 = CARTESIAN_POINT('',(230.,130.,260.710812));
#13052 = VECTOR('',#13053,1.);
#13053 = DIRECTION('',(0.,-0.998896401388,-4.696785384276E-02));
#13054 = PCURVE('',#12948,#13055);
#13055 = DEFINITIONAL_REPRESENTATION('',(#13056),#13060);
#13056 = LINE('',#13057,#13058);
#13057 = CARTESIAN_POINT('',(0.,-0.));
#13058 = VECTOR('',#13059,1.);
#13059 = DIRECTION('',(-4.349108589951E-02,0.999053815091));
#13060 = ( GEOMETRIC_REPRESENTATION_CONTEXT(2) 
PARAMETRIC_REPRESENTATION_CONTEXT() REPRESENTATION_CONTEXT('2D SPACE',''
  ) );
#13061 = PCURVE('',#6753,#13062);
#13062 = DEFINITIONAL_REPRESENTATION('',(#13063),#13067);
#13063 = LINE('',#13064,#13065);
#13064 = CARTESIAN_POINT('',(-3.051709,-64.902713));
#13065 = VECTOR('',#13066,1.);
#13066 = DIRECTION('',(4.696785384276E-02,0.998896401388));
#13067 = ( GEOMETRIC_REPRESENTATION_CONTEXT(2) 
PARAMETRIC_REPRESENTATION_CONTEXT() REPRESENTATION_CONTEXT('2D SPACE',''
  ) );
#13068 = ORIENTED_EDGE('',*,*,#13069,.T.);
#13069 = EDGE_CURVE('',#4396,#4223,#13070,.T.);
#13070 = SURFACE_CURVE('',#13071,(#13075,#13082),.PCURVE_S1.);
#13071 = LINE('',#13072,#13073);
#13072 = CARTESIAN_POINT('',(230.,65.097287,257.659103));
#13073 = VECTOR('',#13074,1.);
#13074 = DIRECTION('',(0.235371607215,0.808619603863,-0.539198055232));
#13075 = PCURVE('',#12948,#13076);
#13076 = DEFINITIONAL_REPRESENTATION('',(#13077),#13081);
#13077 = LINE('',#13078,#13079);
#13078 = CARTESIAN_POINT('',(-2.825808024008,64.912940863841));
#13079 = VECTOR('',#13080,1.);
#13080 = DIRECTION('',(-0.588156643886,-0.808747032299));
#13081 = ( GEOMETRIC_REPRESENTATION_CONTEXT(2) 
PARAMETRIC_REPRESENTATION_CONTEXT() REPRESENTATION_CONTEXT('2D SPACE',''
  ) );
#13082 = PCURVE('',#4416,#13083);
#13083 = DEFINITIONAL_REPRESENTATION('',(#13084),#13088);
#13084 = LINE('',#13085,#13086);
#13085 = CARTESIAN_POINT('',(0.,-0.));
#13086 = VECTOR('',#13087,1.);
#13087 = DIRECTION('',(-0.587740115266,-0.809049786421));
#13088 = ( GEOMETRIC_REPRESENTATION_CONTEXT(2) 
PARAMETRIC_REPRESENTATION_CONTEXT() REPRESENTATION_CONTEXT('2D SPACE',''
  ) );
#13089 = ORIENTED_EDGE('',*,*,#12934,.F.);
#13090 = ADVANCED_FACE('',(#13091),#1016,.T.);
#13091 = FACE_BOUND('',#13092,.T.);
#13092 = EDGE_LOOP('',(#13093,#13114,#13115));
#13093 = ORIENTED_EDGE('',*,*,#13094,.T.);
#13094 = EDGE_CURVE('',#4396,#940,#13095,.T.);
#13095 = SURFACE_CURVE('',#13096,(#13100,#13107),.PCURVE_S1.);
#13096 = LINE('',#13097,#13098);
#13097 = CARTESIAN_POINT('',(230.,65.097287,257.659103));
#13098 = VECTOR('',#13099,1.);
#13099 = DIRECTION('',(0.,-0.999625327882,-2.737158851096E-02));
#13100 = PCURVE('',#1016,#13101);
#13101 = DEFINITIONAL_REPRESENTATION('',(#13102),#13106);
#13102 = LINE('',#13103,#13104);
#13103 = CARTESIAN_POINT('',(0.,-0.));
#13104 = VECTOR('',#13105,1.);
#13105 = DIRECTION('',(-2.520183726192E-02,0.999682383259));
#13106 = ( GEOMETRIC_REPRESENTATION_CONTEXT(2) 
PARAMETRIC_REPRESENTATION_CONTEXT() REPRESENTATION_CONTEXT('2D SPACE',''
  ) );
#13107 = PCURVE('',#10138,#13108);
#13108 = DEFINITIONAL_REPRESENTATION('',(#13109),#13113);
#13109 = LINE('',#13110,#13111);
#13110 = CARTESIAN_POINT('',(-1.782484,-65.097287));
#13111 = VECTOR('',#13112,1.);
#13112 = DIRECTION('',(2.737158851096E-02,0.999625327882));
#13113 = ( GEOMETRIC_REPRESENTATION_CONTEXT(2) 
PARAMETRIC_REPRESENTATION_CONTEXT() REPRESENTATION_CONTEXT('2D SPACE',''
  ) );
#13114 = ORIENTED_EDGE('',*,*,#1002,.F.);
#13115 = ORIENTED_EDGE('',*,*,#4428,.F.);
#13116 = ADVANCED_FACE('',(#13117),#4416,.T.);
#13117 = FACE_BOUND('',#13118,.T.);
#13118 = EDGE_LOOP('',(#13119,#13120,#13121));
#13119 = ORIENTED_EDGE('',*,*,#4393,.F.);
#13120 = ORIENTED_EDGE('',*,*,#12965,.F.);
#13121 = ORIENTED_EDGE('',*,*,#13069,.F.);
#13122 = ADVANCED_FACE('',(#13123),#9139,.T.);
#13123 = FACE_BOUND('',#13124,.T.);
#13124 = EDGE_LOOP('',(#13125,#13146,#13167));
#13125 = ORIENTED_EDGE('',*,*,#13126,.T.);
#13126 = EDGE_CURVE('',#940,#4481,#13127,.T.);
#13127 = SURFACE_CURVE('',#13128,(#13132,#13139),.PCURVE_S1.);
#13128 = LINE('',#13129,#13130);
#13129 = CARTESIAN_POINT('',(230.,0.,255.876619));
#13130 = VECTOR('',#13131,1.);
#13131 = DIRECTION('',(0.,-0.999625327882,2.737158851096E-02));
#13132 = PCURVE('',#9139,#13133);
#13133 = DEFINITIONAL_REPRESENTATION('',(#13134),#13138);
#13134 = LINE('',#13135,#13136);
#13135 = CARTESIAN_POINT('',(0.,0.));
#13136 = VECTOR('',#13137,1.);
#13137 = DIRECTION('',(2.520183726192E-02,0.999682383259));
#13138 = ( GEOMETRIC_REPRESENTATION_CONTEXT(2) 
PARAMETRIC_REPRESENTATION_CONTEXT() REPRESENTATION_CONTEXT('2D SPACE',''
  ) );
#13139 = PCURVE('',#1566,#13140);
#13140 = DEFINITIONAL_REPRESENTATION('',(#13141),#13145);
#13141 = LINE('',#13142,#13143);
#13142 = CARTESIAN_POINT('',(1.782484,-65.097287));
#13143 = VECTOR('',#13144,1.);
#13144 = DIRECTION('',(-2.737158851096E-02,0.999625327882));
#13145 = ( GEOMETRIC_REPRESENTATION_CONTEXT(2) 
PARAMETRIC_REPRESENTATION_CONTEXT() REPRESENTATION_CONTEXT('2D SPACE',''
  ) );
#13146 = ORIENTED_EDGE('',*,*,#13147,.T.);
#13147 = EDGE_CURVE('',#4481,#9026,#13148,.T.);
#13148 = SURFACE_CURVE('',#13149,(#13153,#13160),.PCURVE_S1.);
#13149 = LINE('',#13150,#13151);
#13150 = CARTESIAN_POINT('',(230.,-65.097287,257.659103));
#13151 = VECTOR('',#13152,1.);
#13152 = DIRECTION('',(0.231095130653,0.790672824835,-0.56694931401));
#13153 = PCURVE('',#9139,#13154);
#13154 = DEFINITIONAL_REPRESENTATION('',(#13155),#13159);
#13155 = LINE('',#13156,#13157);
#13156 = CARTESIAN_POINT('',(1.641186139854,65.101002542395));
#13157 = VECTOR('',#13158,1.);
#13158 = DIRECTION('',(-0.612180624826,-0.79071795388));
#13159 = ( GEOMETRIC_REPRESENTATION_CONTEXT(2) 
PARAMETRIC_REPRESENTATION_CONTEXT() REPRESENTATION_CONTEXT('2D SPACE',''
  ) );
#13160 = PCURVE('',#4501,#13161);
#13161 = DEFINITIONAL_REPRESENTATION('',(#13162),#13166);
#13162 = LINE('',#13163,#13164);
#13163 = CARTESIAN_POINT('',(0.,-0.));
#13164 = VECTOR('',#13165,1.);
#13165 = DIRECTION('',(-0.612112016351,-0.79077106639));
#13166 = ( GEOMETRIC_REPRESENTATION_CONTEXT(2) 
PARAMETRIC_REPRESENTATION_CONTEXT() REPRESENTATION_CONTEXT('2D SPACE',''
  ) );
#13167 = ORIENTED_EDGE('',*,*,#9125,.F.);
#13168 = ADVANCED_FACE('',(#13169),#4529,.T.);
#13169 = FACE_BOUND('',#13170,.T.);
#13170 = EDGE_LOOP('',(#13171,#13192,#13213));
#13171 = ORIENTED_EDGE('',*,*,#13172,.T.);
#13172 = EDGE_CURVE('',#4481,#11284,#13173,.T.);
#13173 = SURFACE_CURVE('',#13174,(#13178,#13185),.PCURVE_S1.);
#13174 = LINE('',#13175,#13176);
#13175 = CARTESIAN_POINT('',(230.,-65.097287,257.659103));
#13176 = VECTOR('',#13177,1.);
#13177 = DIRECTION('',(0.,-0.998896401388,4.696785384276E-02));
#13178 = PCURVE('',#4529,#13179);
#13179 = DEFINITIONAL_REPRESENTATION('',(#13180),#13184);
#13180 = LINE('',#13181,#13182);
#13181 = CARTESIAN_POINT('',(0.,0.));
#13182 = VECTOR('',#13183,1.);
#13183 = DIRECTION('',(4.349108589951E-02,0.999053815091));
#13184 = ( GEOMETRIC_REPRESENTATION_CONTEXT(2) 
PARAMETRIC_REPRESENTATION_CONTEXT() REPRESENTATION_CONTEXT('2D SPACE',''
  ) );
#13185 = PCURVE('',#12237,#13186);
#13186 = DEFINITIONAL_REPRESENTATION('',(#13187),#13191);
#13187 = LINE('',#13188,#13189);
#13188 = CARTESIAN_POINT('',(3.051709,-64.902713));
#13189 = VECTOR('',#13190,1.);
#13190 = DIRECTION('',(-4.696785384276E-02,0.998896401388));
#13191 = ( GEOMETRIC_REPRESENTATION_CONTEXT(2) 
PARAMETRIC_REPRESENTATION_CONTEXT() REPRESENTATION_CONTEXT('2D SPACE',''
  ) );
#13192 = ORIENTED_EDGE('',*,*,#13193,.T.);
#13193 = EDGE_CURVE('',#11284,#4514,#13194,.T.);
#13194 = SURFACE_CURVE('',#13195,(#13199,#13206),.PCURVE_S1.);
#13195 = LINE('',#13196,#13197);
#13196 = CARTESIAN_POINT('',(230.,-130.,260.710812));
#13197 = VECTOR('',#13198,1.);
#13198 = DIRECTION('',(0.225573801028,0.775514383105,-0.589655748626));
#13199 = PCURVE('',#4529,#13200);
#13200 = DEFINITIONAL_REPRESENTATION('',(#13201),#13205);
#13201 = LINE('',#13202,#13203);
#13202 = CARTESIAN_POINT('',(2.825808024008,64.912940863841));
#13203 = VECTOR('',#13204,1.);
#13204 = DIRECTION('',(-0.631179747114,-0.775636594568));
#13205 = ( GEOMETRIC_REPRESENTATION_CONTEXT(2) 
PARAMETRIC_REPRESENTATION_CONTEXT() REPRESENTATION_CONTEXT('2D SPACE',''
  ) );
#13206 = PCURVE('',#4698,#13207);
#13207 = DEFINITIONAL_REPRESENTATION('',(#13208),#13212);
#13208 = LINE('',#13209,#13210);
#13209 = CARTESIAN_POINT('',(0.,-0.));
#13210 = VECTOR('',#13211,1.);
#13211 = DIRECTION('',(-0.625865154285,-0.77993128457));
#13212 = ( GEOMETRIC_REPRESENTATION_CONTEXT(2) 
PARAMETRIC_REPRESENTATION_CONTEXT() REPRESENTATION_CONTEXT('2D SPACE',''
  ) );
#13213 = ORIENTED_EDGE('',*,*,#4513,.F.);
#13214 = ADVANCED_FACE('',(#13215),#4501,.T.);
#13215 = FACE_BOUND('',#13216,.T.);
#13216 = EDGE_LOOP('',(#13217,#13218,#13239));
#13217 = ORIENTED_EDGE('',*,*,#4478,.F.);
#13218 = ORIENTED_EDGE('',*,*,#13219,.T.);
#13219 = EDGE_CURVE('',#4479,#9026,#13220,.T.);
#13220 = SURFACE_CURVE('',#13221,(#13225,#13232),.PCURVE_S1.);
#13221 = LINE('',#13222,#13223);
#13222 = CARTESIAN_POINT('',(248.519417,-65.049197,209.441197));
#13223 = VECTOR('',#13224,1.);
#13224 = DIRECTION('',(-0.214630484463,0.776093130961,0.592969819817));
#13225 = PCURVE('',#4501,#13226);
#13226 = DEFINITIONAL_REPRESENTATION('',(#13227),#13231);
#13227 = LINE('',#13228,#13229);
#13228 = CARTESIAN_POINT('',(-51.65205963434,-4.809597521023E-02));
#13229 = VECTOR('',#13230,1.);
#13230 = DIRECTION('',(0.630499615721,-0.776189560981));
#13231 = ( GEOMETRIC_REPRESENTATION_CONTEXT(2) 
PARAMETRIC_REPRESENTATION_CONTEXT() REPRESENTATION_CONTEXT('2D SPACE',''
  ) );
#13232 = PCURVE('',#9041,#13233);
#13233 = DEFINITIONAL_REPRESENTATION('',(#13234),#13238);
#13234 = LINE('',#13235,#13236);
#13235 = CARTESIAN_POINT('',(30.678634562803,32.565788930291));
#13236 = VECTOR('',#13237,1.);
#13237 = DIRECTION('',(0.629666732583,-0.776865371785));
#13238 = ( GEOMETRIC_REPRESENTATION_CONTEXT(2) 
PARAMETRIC_REPRESENTATION_CONTEXT() REPRESENTATION_CONTEXT('2D SPACE',''
  ) );
#13239 = ORIENTED_EDGE('',*,*,#13147,.F.);
#13240 = ADVANCED_FACE('',(#13241),#4463,.T.);
#13241 = FACE_BOUND('',#13242,.T.);
#13242 = EDGE_LOOP('',(#13243,#13244,#13245));
#13243 = ORIENTED_EDGE('',*,*,#9078,.F.);
#13244 = ORIENTED_EDGE('',*,*,#12997,.F.);
#13245 = ORIENTED_EDGE('',*,*,#4449,.F.);
#13246 = ADVANCED_FACE('',(#13247),#9041,.T.);
#13247 = FACE_BOUND('',#13248,.T.);
#13248 = EDGE_LOOP('',(#13249,#13250,#13251));
#13249 = ORIENTED_EDGE('',*,*,#9025,.F.);
#13250 = ORIENTED_EDGE('',*,*,#13219,.F.);
#13251 = ORIENTED_EDGE('',*,*,#13252,.T.);
#13252 = EDGE_CURVE('',#4479,#4602,#13253,.T.);
#13253 = SURFACE_CURVE('',#13254,(#13258,#13265),.PCURVE_S1.);
#13254 = LINE('',#13255,#13256);
#13255 = CARTESIAN_POINT('',(248.519417,-65.049197,209.441197));
#13256 = VECTOR('',#13257,1.);
#13257 = DIRECTION('',(0.166548826993,0.727158666022,-0.665959280028));
#13258 = PCURVE('',#9041,#13259);
#13259 = DEFINITIONAL_REPRESENTATION('',(#13260),#13264);
#13260 = LINE('',#13261,#13262);
#13261 = CARTESIAN_POINT('',(30.678634562803,32.565788930291));
#13262 = VECTOR('',#13263,1.);
#13263 = DIRECTION('',(-0.685702180748,-0.727882215278));
#13264 = ( GEOMETRIC_REPRESENTATION_CONTEXT(2) 
PARAMETRIC_REPRESENTATION_CONTEXT() REPRESENTATION_CONTEXT('2D SPACE',''
  ) );
#13265 = PCURVE('',#4869,#13266);
#13266 = DEFINITIONAL_REPRESENTATION('',(#13267),#13271);
#13267 = LINE('',#13268,#13269);
#13268 = CARTESIAN_POINT('',(0.,0.));
#13269 = VECTOR('',#13270,1.);
#13270 = DIRECTION('',(-0.686459880162,-0.727167678687));
#13271 = ( GEOMETRIC_REPRESENTATION_CONTEXT(2) 
PARAMETRIC_REPRESENTATION_CONTEXT() REPRESENTATION_CONTEXT('2D SPACE',''
  ) );
#13272 = ADVANCED_FACE('',(#13273),#4589,.T.);
#13273 = FACE_BOUND('',#13274,.T.);
#13274 = EDGE_LOOP('',(#13275,#13276,#13277));
#13275 = ORIENTED_EDGE('',*,*,#4570,.F.);
#13276 = ORIENTED_EDGE('',*,*,#13023,.F.);
#13277 = ORIENTED_EDGE('',*,*,#9100,.F.);
#13278 = ADVANCED_FACE('',(#13279),#4698,.T.);
#13279 = FACE_BOUND('',#13280,.T.);
#13280 = EDGE_LOOP('',(#13281,#13282,#13283));
#13281 = ORIENTED_EDGE('',*,*,#11283,.F.);
#13282 = ORIENTED_EDGE('',*,*,#4684,.F.);
#13283 = ORIENTED_EDGE('',*,*,#13193,.F.);
#13284 = ADVANCED_FACE('',(#13285),#4724,.T.);
#13285 = FACE_BOUND('',#13286,.T.);
#13286 = EDGE_LOOP('',(#13287,#13288,#13289));
#13287 = ORIENTED_EDGE('',*,*,#11257,.F.);
#13288 = ORIENTED_EDGE('',*,*,#9248,.F.);
#13289 = ORIENTED_EDGE('',*,*,#4710,.F.);
#13290 = ADVANCED_FACE('',(#13291),#4555,.T.);
#13291 = FACE_BOUND('',#13292,.T.);
#13292 = EDGE_LOOP('',(#13293,#13294,#13295));
#13293 = ORIENTED_EDGE('',*,*,#4658,.F.);
#13294 = ORIENTED_EDGE('',*,*,#9222,.F.);
#13295 = ORIENTED_EDGE('',*,*,#4541,.F.);
#13296 = ADVANCED_FACE('',(#13297),#4786,.T.);
#13297 = FACE_BOUND('',#13298,.T.);
#13298 = EDGE_LOOP('',(#13299,#13300,#13301));
#13299 = ORIENTED_EDGE('',*,*,#11185,.F.);
#13300 = ORIENTED_EDGE('',*,*,#4772,.F.);
#13301 = ORIENTED_EDGE('',*,*,#9269,.F.);
#13302 = ADVANCED_FACE('',(#13303),#4812,.T.);
#13303 = FACE_BOUND('',#13304,.T.);
#13304 = EDGE_LOOP('',(#13305,#13306,#13307));
#13305 = ORIENTED_EDGE('',*,*,#11159,.F.);
#13306 = ORIENTED_EDGE('',*,*,#10894,.F.);
#13307 = ORIENTED_EDGE('',*,*,#4798,.F.);
#13308 = ADVANCED_FACE('',(#13309),#4760,.T.);
#13309 = FACE_BOUND('',#13310,.T.);
#13310 = EDGE_LOOP('',(#13311,#13312,#13313));
#13311 = ORIENTED_EDGE('',*,*,#4739,.F.);
#13312 = ORIENTED_EDGE('',*,*,#10849,.F.);
#13313 = ORIENTED_EDGE('',*,*,#9177,.F.);
#13314 = ADVANCED_FACE('',(#13315),#4869,.T.);
#13315 = FACE_BOUND('',#13316,.T.);
#13316 = EDGE_LOOP('',(#13317,#13318,#13319));
#13317 = ORIENTED_EDGE('',*,*,#9201,.F.);
#13318 = ORIENTED_EDGE('',*,*,#4855,.F.);
#13319 = ORIENTED_EDGE('',*,*,#13252,.F.);
#13320 = ADVANCED_FACE('',(#13321),#4895,.T.);
#13321 = FACE_BOUND('',#13322,.T.);
#13322 = EDGE_LOOP('',(#13323,#13324,#13325));
#13323 = ORIENTED_EDGE('',*,*,#9155,.F.);
#13324 = ORIENTED_EDGE('',*,*,#10777,.F.);
#13325 = ORIENTED_EDGE('',*,*,#4881,.F.);
#13326 = ADVANCED_FACE('',(#13327),#4643,.T.);
#13327 = FACE_BOUND('',#13328,.T.);
#13328 = EDGE_LOOP('',(#13329,#13330,#13331));
#13329 = ORIENTED_EDGE('',*,*,#4827,.F.);
#13330 = ORIENTED_EDGE('',*,*,#10751,.F.);
#13331 = ORIENTED_EDGE('',*,*,#4629,.F.);
#13332 = ADVANCED_FACE('',(#13333),#2549,.T.);
#13333 = FACE_BOUND('',#13334,.T.);
#13334 = EDGE_LOOP('',(#13335,#13336,#13357));
#13335 = ORIENTED_EDGE('',*,*,#12196,.F.);
#13336 = ORIENTED_EDGE('',*,*,#13337,.T.);
#13337 = EDGE_CURVE('',#8338,#2473,#13338,.T.);
#13338 = SURFACE_CURVE('',#13339,(#13343,#13350),.PCURVE_S1.);
#13339 = LINE('',#13340,#13341);
#13340 = CARTESIAN_POINT('',(230.,-130.,164.));
#13341 = VECTOR('',#13342,1.);
#13342 = DIRECTION('',(3.36608121664E-02,-0.249340452734,0.967830712653)
  );
#13343 = PCURVE('',#2549,#13344);
#13344 = DEFINITIONAL_REPRESENTATION('',(#13345),#13349);
#13345 = LINE('',#13346,#13347);
#13346 = CARTESIAN_POINT('',(0.,-49.242485));
#13347 = VECTOR('',#13348,1.);
#13348 = DIRECTION('',(0.251602288633,0.967830712653));
#13349 = ( GEOMETRIC_REPRESENTATION_CONTEXT(2) 
PARAMETRIC_REPRESENTATION_CONTEXT() REPRESENTATION_CONTEXT('2D SPACE',''
  ) );
#13350 = PCURVE('',#11070,#13351);
#13351 = DEFINITIONAL_REPRESENTATION('',(#13352),#13356);
#13352 = LINE('',#13353,#13354);
#13353 = CARTESIAN_POINT('',(0.,0.));
#13354 = VECTOR('',#13355,1.);
#13355 = DIRECTION('',(-0.15394697253,-0.988079111028));
#13356 = ( GEOMETRIC_REPRESENTATION_CONTEXT(2) 
PARAMETRIC_REPRESENTATION_CONTEXT() REPRESENTATION_CONTEXT('2D SPACE',''
  ) );
#13357 = ORIENTED_EDGE('',*,*,#2535,.F.);
#13358 = ADVANCED_FACE('',(#13359),#9328,.T.);
#13359 = FACE_BOUND('',#13360,.T.);
#13360 = EDGE_LOOP('',(#13361,#13362,#13363));
#13361 = ORIENTED_EDGE('',*,*,#12144,.F.);
#13362 = ORIENTED_EDGE('',*,*,#11006,.F.);
#13363 = ORIENTED_EDGE('',*,*,#9314,.F.);
#13364 = ADVANCED_FACE('',(#13365),#8064,.T.);
#13365 = FACE_BOUND('',#13366,.T.);
#13366 = EDGE_LOOP('',(#13367,#13368,#13389));
#13367 = ORIENTED_EDGE('',*,*,#10984,.F.);
#13368 = ORIENTED_EDGE('',*,*,#13369,.T.);
#13369 = EDGE_CURVE('',#3191,#5001,#13370,.T.);
#13370 = SURFACE_CURVE('',#13371,(#13375,#13382),.PCURVE_S1.);
#13371 = LINE('',#13372,#13373);
#13372 = CARTESIAN_POINT('',(230.,-130.,112.));
#13373 = VECTOR('',#13374,1.);
#13374 = DIRECTION('',(-0.187152237895,-0.505556792564,-0.842250775804)
  );
#13375 = PCURVE('',#8064,#13376);
#13376 = DEFINITIONAL_REPRESENTATION('',(#13377),#13381);
#13377 = LINE('',#13378,#13379);
#13378 = CARTESIAN_POINT('',(16.377140960803,-15.94028371372));
#13379 = VECTOR('',#13380,1.);
#13380 = DIRECTION('',(0.82731313642,0.561741020674));
#13381 = ( GEOMETRIC_REPRESENTATION_CONTEXT(2) 
PARAMETRIC_REPRESENTATION_CONTEXT() REPRESENTATION_CONTEXT('2D SPACE',''
  ) );
#13382 = PCURVE('',#4931,#13383);
#13383 = DEFINITIONAL_REPRESENTATION('',(#13384),#13388);
#13384 = LINE('',#13385,#13386);
#13385 = CARTESIAN_POINT('',(-20.56026586872,-12.32350855483));
#13386 = VECTOR('',#13387,1.);
#13387 = DIRECTION('',(0.857725676904,0.514107637737));
#13388 = ( GEOMETRIC_REPRESENTATION_CONTEXT(2) 
PARAMETRIC_REPRESENTATION_CONTEXT() REPRESENTATION_CONTEXT('2D SPACE',''
  ) );
#13389 = ORIENTED_EDGE('',*,*,#8050,.F.);
#13390 = ADVANCED_FACE('',(#13391),#11070,.T.);
#13391 = FACE_BOUND('',#13392,.T.);
#13392 = EDGE_LOOP('',(#13393,#13394,#13395));
#13393 = ORIENTED_EDGE('',*,*,#11056,.F.);
#13394 = ORIENTED_EDGE('',*,*,#11211,.F.);
#13395 = ORIENTED_EDGE('',*,*,#13337,.F.);
#13396 = ADVANCED_FACE('',(#13397),#4931,.T.);
#13397 = FACE_BOUND('',#13398,.T.);
#13398 = EDGE_LOOP('',(#13399,#13400,#13401));
#13399 = ORIENTED_EDGE('',*,*,#13369,.F.);
#13400 = ORIENTED_EDGE('',*,*,#4910,.F.);
#13401 = ORIENTED_EDGE('',*,*,#5217,.F.);
#13402 = ADVANCED_FACE('',(#13403),#9358,.T.);
#13403 = FACE_BOUND('',#13404,.T.);
#13404 = EDGE_LOOP('',(#13405,#13406,#13427));
#13405 = ORIENTED_EDGE('',*,*,#9344,.F.);
#13406 = ORIENTED_EDGE('',*,*,#13407,.T.);
#13407 = EDGE_CURVE('',#5107,#6398,#13408,.T.);
#13408 = SURFACE_CURVE('',#13409,(#13413,#13420),.PCURVE_S1.);
#13409 = LINE('',#13410,#13411);
#13410 = CARTESIAN_POINT('',(204.196591,-137.841835,53.172034));
#13411 = VECTOR('',#13412,1.);
#13412 = DIRECTION('',(-0.775049408912,-0.432800325215,-0.460415347527)
  );
#13413 = PCURVE('',#9358,#13414);
#13414 = DEFINITIONAL_REPRESENTATION('',(#13415),#13419);
#13415 = LINE('',#13416,#13417);
#13416 = CARTESIAN_POINT('',(-0.715584463391,-14.12185882927));
#13417 = VECTOR('',#13418,1.);
#13418 = DIRECTION('',(0.859128249937,0.511760344459));
#13419 = ( GEOMETRIC_REPRESENTATION_CONTEXT(2) 
PARAMETRIC_REPRESENTATION_CONTEXT() REPRESENTATION_CONTEXT('2D SPACE',''
  ) );
#13420 = PCURVE('',#10007,#13421);
#13421 = DEFINITIONAL_REPRESENTATION('',(#13422),#13426);
#13422 = LINE('',#13423,#13424);
#13423 = CARTESIAN_POINT('',(0.,0.));
#13424 = VECTOR('',#13425,1.);
#13425 = DIRECTION('',(-0.901400368321,-0.432986577149));
#13426 = ( GEOMETRIC_REPRESENTATION_CONTEXT(2) 
PARAMETRIC_REPRESENTATION_CONTEXT() REPRESENTATION_CONTEXT('2D SPACE',''
  ) );
#13427 = ORIENTED_EDGE('',*,*,#13428,.T.);
#13428 = EDGE_CURVE('',#6398,#5242,#13429,.T.);
#13429 = SURFACE_CURVE('',#13430,(#13434,#13441),.PCURVE_S1.);
#13430 = LINE('',#13431,#13432);
#13431 = CARTESIAN_POINT('',(191.804932,-144.761541,45.810813));
#13432 = VECTOR('',#13433,1.);
#13433 = DIRECTION('',(0.439187379169,-0.351003838086,0.826988967053));
#13434 = PCURVE('',#9358,#13435);
#13435 = DEFINITIONAL_REPRESENTATION('',(#13436),#13440);
#13436 = LINE('',#13437,#13438);
#13437 = CARTESIAN_POINT('',(13.020345385809,-5.939722819192));
#13438 = VECTOR('',#13439,1.);
#13439 = DIRECTION('',(-0.909802745026,0.415040919842));
#13440 = ( GEOMETRIC_REPRESENTATION_CONTEXT(2) 
PARAMETRIC_REPRESENTATION_CONTEXT() REPRESENTATION_CONTEXT('2D SPACE',''
  ) );
#13441 = PCURVE('',#6474,#13442);
#13442 = DEFINITIONAL_REPRESENTATION('',(#13443),#13447);
#13443 = LINE('',#13444,#13445);
#13444 = CARTESIAN_POINT('',(0.,0.));
#13445 = VECTOR('',#13446,1.);
#13446 = DIRECTION('',(-0.930087940099,0.367336934819));
#13447 = ( GEOMETRIC_REPRESENTATION_CONTEXT(2) 
PARAMETRIC_REPRESENTATION_CONTEXT() REPRESENTATION_CONTEXT('2D SPACE',''
  ) );
#13448 = ADVANCED_FACE('',(#13449),#4985,.T.);
#13449 = FACE_BOUND('',#13450,.T.);
#13450 = EDGE_LOOP('',(#13451,#13452,#13473));
#13451 = ORIENTED_EDGE('',*,*,#5078,.F.);
#13452 = ORIENTED_EDGE('',*,*,#13453,.T.);
#13453 = EDGE_CURVE('',#5079,#4911,#13454,.T.);
#13454 = SURFACE_CURVE('',#13455,(#13459,#13466),.PCURVE_S1.);
#13455 = LINE('',#13456,#13457);
#13456 = CARTESIAN_POINT('',(208.0203,-142.812449,66.252405));
#13457 = VECTOR('',#13458,1.);
#13458 = DIRECTION('',(0.662376477867,0.305726542905,0.683950789554));
#13459 = PCURVE('',#4985,#13460);
#13460 = DEFINITIONAL_REPRESENTATION('',(#13461),#13465);
#13461 = LINE('',#13462,#13463);
#13462 = CARTESIAN_POINT('',(-14.69052299859,-6.575038140693));
#13463 = VECTOR('',#13464,1.);
#13464 = DIRECTION('',(0.694757934157,-0.719243639475));
#13465 = ( GEOMETRIC_REPRESENTATION_CONTEXT(2) 
PARAMETRIC_REPRESENTATION_CONTEXT() REPRESENTATION_CONTEXT('2D SPACE',''
  ) );
#13466 = PCURVE('',#5184,#13467);
#13467 = DEFINITIONAL_REPRESENTATION('',(#13468),#13472);
#13468 = LINE('',#13469,#13470);
#13469 = CARTESIAN_POINT('',(13.57698456767,-5.162623780502));
#13470 = VECTOR('',#13471,1.);
#13471 = DIRECTION('',(-0.941300760261,-0.337569072534));
#13472 = ( GEOMETRIC_REPRESENTATION_CONTEXT(2) 
PARAMETRIC_REPRESENTATION_CONTEXT() REPRESENTATION_CONTEXT('2D SPACE',''
  ) );
#13473 = ORIENTED_EDGE('',*,*,#4971,.F.);
#13474 = ADVANCED_FACE('',(#13475),#6474,.T.);
#13475 = FACE_BOUND('',#13476,.T.);
#13476 = EDGE_LOOP('',(#13477,#13478,#13499));
#13477 = ORIENTED_EDGE('',*,*,#6460,.F.);
#13478 = ORIENTED_EDGE('',*,*,#13479,.T.);
#13479 = EDGE_CURVE('',#6433,#5242,#13480,.T.);
#13480 = SURFACE_CURVE('',#13481,(#13485,#13492),.PCURVE_S1.);
#13481 = LINE('',#13482,#13483);
#13482 = CARTESIAN_POINT('',(185.903985,-153.038315,41.757799));
#13483 = VECTOR('',#13484,1.);
#13484 = DIRECTION('',(0.600719523214,0.160380899186,0.783207521418));
#13485 = PCURVE('',#6474,#13486);
#13486 = DEFINITIONAL_REPRESENTATION('',(#13487),#13491);
#13487 = LINE('',#13488,#13489);
#13488 = CARTESIAN_POINT('',(6.687626253241,8.661913236984));
#13489 = VECTOR('',#13490,1.);
#13490 = DIRECTION('',(-0.985813597655,-0.167843828238));
#13491 = ( GEOMETRIC_REPRESENTATION_CONTEXT(2) 
PARAMETRIC_REPRESENTATION_CONTEXT() REPRESENTATION_CONTEXT('2D SPACE',''
  ) );
#13492 = PCURVE('',#5262,#13493);
#13493 = DEFINITIONAL_REPRESENTATION('',(#13494),#13498);
#13494 = LINE('',#13495,#13496);
#13495 = CARTESIAN_POINT('',(-12.45336222669,-16.93136631597));
#13496 = VECTOR('',#13497,1.);
#13497 = DIRECTION('',(-0.798368755431,0.602168855349));
#13498 = ( GEOMETRIC_REPRESENTATION_CONTEXT(2) 
PARAMETRIC_REPRESENTATION_CONTEXT() REPRESENTATION_CONTEXT('2D SPACE',''
  ) );
#13499 = ORIENTED_EDGE('',*,*,#13428,.F.);
#13500 = ADVANCED_FACE('',(#13501),#5184,.T.);
#13501 = FACE_BOUND('',#13502,.T.);
#13502 = EDGE_LOOP('',(#13503,#13504,#13505));
#13503 = ORIENTED_EDGE('',*,*,#5163,.F.);
#13504 = ORIENTED_EDGE('',*,*,#13453,.F.);
#13505 = ORIENTED_EDGE('',*,*,#13506,.T.);
#13506 = EDGE_CURVE('',#5079,#5164,#13507,.T.);
#13507 = SURFACE_CURVE('',#13508,(#13512,#13519),.PCURVE_S1.);
#13508 = LINE('',#13509,#13510);
#13509 = CARTESIAN_POINT('',(208.0203,-142.812449,66.252405));
#13510 = VECTOR('',#13511,1.);
#13511 = DIRECTION('',(0.419165168227,-0.321894031428,0.848931560419));
#13512 = PCURVE('',#5184,#13513);
#13513 = DEFINITIONAL_REPRESENTATION('',(#13514),#13518);
#13514 = LINE('',#13515,#13516);
#13515 = CARTESIAN_POINT('',(13.57698456767,-5.162623780502));
#13516 = VECTOR('',#13517,1.);
#13517 = DIRECTION('',(-0.934706528268,0.355420463695));
#13518 = ( GEOMETRIC_REPRESENTATION_CONTEXT(2) 
PARAMETRIC_REPRESENTATION_CONTEXT() REPRESENTATION_CONTEXT('2D SPACE',''
  ) );
#13519 = PCURVE('',#5457,#13520);
#13520 = DEFINITIONAL_REPRESENTATION('',(#13521),#13525);
#13521 = LINE('',#13522,#13523);
#13522 = CARTESIAN_POINT('',(0.,0.));
#13523 = VECTOR('',#13524,1.);
#13524 = DIRECTION('',(-0.518141540066,-0.855294887426));
#13525 = ( GEOMETRIC_REPRESENTATION_CONTEXT(2) 
PARAMETRIC_REPRESENTATION_CONTEXT() REPRESENTATION_CONTEXT('2D SPACE',''
  ) );
#13526 = ADVANCED_FACE('',(#13527),#5457,.T.);
#13527 = FACE_BOUND('',#13528,.T.);
#13528 = EDGE_LOOP('',(#13529,#13530,#13531));
#13529 = ORIENTED_EDGE('',*,*,#9463,.F.);
#13530 = ORIENTED_EDGE('',*,*,#5443,.F.);
#13531 = ORIENTED_EDGE('',*,*,#13506,.F.);
#13532 = ADVANCED_FACE('',(#13533),#12398,.T.);
#13533 = FACE_BOUND('',#13534,.T.);
#13534 = EDGE_LOOP('',(#13535,#13536,#13557));
#13535 = ORIENTED_EDGE('',*,*,#12382,.F.);
#13536 = ORIENTED_EDGE('',*,*,#13537,.T.);
#13537 = EDGE_CURVE('',#3485,#6433,#13538,.T.);
#13538 = SURFACE_CURVE('',#13539,(#13543,#13550),.PCURVE_S1.);
#13539 = LINE('',#13540,#13541);
#13540 = CARTESIAN_POINT('',(202.7946,-157.30665,30.));
#13541 = VECTOR('',#13542,1.);
#13542 = DIRECTION('',(-0.803625202425,0.203079732644,0.559415012505));
#13543 = PCURVE('',#12398,#13544);
#13544 = DEFINITIONAL_REPRESENTATION('',(#13545),#13549);
#13545 = LINE('',#13546,#13547);
#13546 = CARTESIAN_POINT('',(-0.128645434622,25.554895855622));
#13547 = VECTOR('',#13548,1.);
#13548 = DIRECTION('',(-0.595042081774,-0.803694544537));
#13549 = ( GEOMETRIC_REPRESENTATION_CONTEXT(2) 
PARAMETRIC_REPRESENTATION_CONTEXT() REPRESENTATION_CONTEXT('2D SPACE',''
  ) );
#13550 = PCURVE('',#5262,#13551);
#13551 = DEFINITIONAL_REPRESENTATION('',(#13552),#13556);
#13552 = LINE('',#13553,#13554);
#13553 = CARTESIAN_POINT('',(0.,0.));
#13554 = VECTOR('',#13555,1.);
#13555 = DIRECTION('',(-0.592508664741,-0.805564077034));
#13556 = ( GEOMETRIC_REPRESENTATION_CONTEXT(2) 
PARAMETRIC_REPRESENTATION_CONTEXT() REPRESENTATION_CONTEXT('2D SPACE',''
  ) );
#13557 = ORIENTED_EDGE('',*,*,#13558,.T.);
#13558 = EDGE_CURVE('',#6433,#12383,#13559,.T.);
#13559 = SURFACE_CURVE('',#13560,(#13564,#13571),.PCURVE_S1.);
#13560 = LINE('',#13561,#13562);
#13561 = CARTESIAN_POINT('',(185.903985,-153.038315,41.757799));
#13562 = VECTOR('',#13563,1.);
#13563 = DIRECTION('',(-0.565419561189,-0.30208276995,-0.767493791457));
#13564 = PCURVE('',#12398,#13565);
#13565 = DEFINITIONAL_REPRESENTATION('',(#13566),#13570);
#13566 = LINE('',#13567,#13568);
#13567 = CARTESIAN_POINT('',(-12.63525508513,8.662823421356));
#13568 = VECTOR('',#13569,1.);
#13569 = DIRECTION('',(0.824769995755,-0.565468349338));
#13570 = ( GEOMETRIC_REPRESENTATION_CONTEXT(2) 
PARAMETRIC_REPRESENTATION_CONTEXT() REPRESENTATION_CONTEXT('2D SPACE',''
  ) );
#13571 = PCURVE('',#6448,#13572);
#13572 = DEFINITIONAL_REPRESENTATION('',(#13573),#13577);
#13573 = LINE('',#13574,#13575);
#13574 = CARTESIAN_POINT('',(-14.60380924643,-4.628491783492));
#13575 = VECTOR('',#13576,1.);
#13576 = DIRECTION('',(0.953267948215,0.302126163888));
#13577 = ( GEOMETRIC_REPRESENTATION_CONTEXT(2) 
PARAMETRIC_REPRESENTATION_CONTEXT() REPRESENTATION_CONTEXT('2D SPACE',''
  ) );
#13578 = ADVANCED_FACE('',(#13579),#5288,.T.);
#13579 = FACE_BOUND('',#13580,.T.);
#13580 = EDGE_LOOP('',(#13581,#13582,#13583));
#13581 = ORIENTED_EDGE('',*,*,#12356,.F.);
#13582 = ORIENTED_EDGE('',*,*,#9488,.F.);
#13583 = ORIENTED_EDGE('',*,*,#5274,.F.);
#13584 = ADVANCED_FACE('',(#13585),#5262,.T.);
#13585 = FACE_BOUND('',#13586,.T.);
#13586 = EDGE_LOOP('',(#13587,#13588,#13589));
#13587 = ORIENTED_EDGE('',*,*,#5241,.F.);
#13588 = ORIENTED_EDGE('',*,*,#13479,.F.);
#13589 = ORIENTED_EDGE('',*,*,#13537,.F.);
#13590 = ADVANCED_FACE('',(#13591),#5376,.T.);
#13591 = FACE_BOUND('',#13592,.T.);
#13592 = EDGE_LOOP('',(#13593,#13594,#13595));
#13593 = ORIENTED_EDGE('',*,*,#12324,.F.);
#13594 = ORIENTED_EDGE('',*,*,#5362,.F.);
#13595 = ORIENTED_EDGE('',*,*,#9509,.F.);
#13596 = ADVANCED_FACE('',(#13597),#5402,.T.);
#13597 = FACE_BOUND('',#13598,.T.);
#13598 = EDGE_LOOP('',(#13599,#13600,#13601));
#13599 = ORIENTED_EDGE('',*,*,#12298,.F.);
#13600 = ORIENTED_EDGE('',*,*,#11138,.F.);
#13601 = ORIENTED_EDGE('',*,*,#5388,.F.);
#13602 = ADVANCED_FACE('',(#13603),#5350,.T.);
#13603 = FACE_BOUND('',#13604,.T.);
#13604 = EDGE_LOOP('',(#13605,#13606,#13607));
#13605 = ORIENTED_EDGE('',*,*,#5329,.F.);
#13606 = ORIENTED_EDGE('',*,*,#11088,.F.);
#13607 = ORIENTED_EDGE('',*,*,#9417,.F.);
#13608 = ADVANCED_FACE('',(#13609),#5314,.T.);
#13609 = FACE_BOUND('',#13610,.T.);
#13610 = EDGE_LOOP('',(#13611,#13612,#13613));
#13611 = ORIENTED_EDGE('',*,*,#9441,.F.);
#13612 = ORIENTED_EDGE('',*,*,#9370,.F.);
#13613 = ORIENTED_EDGE('',*,*,#5300,.F.);
#13614 = ADVANCED_FACE('',(#13615),#2431,.T.);
#13615 = FACE_BOUND('',#13616,.T.);
#13616 = EDGE_LOOP('',(#13617,#13618,#13619));
#13617 = ORIENTED_EDGE('',*,*,#9395,.F.);
#13618 = ORIENTED_EDGE('',*,*,#2415,.F.);
#13619 = ORIENTED_EDGE('',*,*,#5469,.F.);
#13620 = ADVANCED_FACE('',(#13621),#5042,.T.);
#13621 = FACE_BOUND('',#13622,.T.);
#13622 = EDGE_LOOP('',(#13623,#13624,#13625));
#13623 = ORIENTED_EDGE('',*,*,#5417,.F.);
#13624 = ORIENTED_EDGE('',*,*,#5028,.F.);
#13625 = ORIENTED_EDGE('',*,*,#5196,.F.);
#13626 = ADVANCED_FACE('',(#13627),#5533,.T.);
#13627 = FACE_BOUND('',#13628,.T.);
#13628 = EDGE_LOOP('',(#13629,#13630,#13631));
#13629 = ORIENTED_EDGE('',*,*,#12859,.F.);
#13630 = ORIENTED_EDGE('',*,*,#5519,.F.);
#13631 = ORIENTED_EDGE('',*,*,#11652,.F.);
#13632 = ADVANCED_FACE('',(#13633),#5559,.T.);
#13633 = FACE_BOUND('',#13634,.T.);
#13634 = EDGE_LOOP('',(#13635,#13636,#13637));
#13635 = ORIENTED_EDGE('',*,*,#12833,.F.);
#13636 = ORIENTED_EDGE('',*,*,#9633,.F.);
#13637 = ORIENTED_EDGE('',*,*,#5545,.F.);
#13638 = ADVANCED_FACE('',(#13639),#2818,.T.);
#13639 = FACE_BOUND('',#13640,.T.);
#13640 = EDGE_LOOP('',(#13641,#13642,#13643));
#13641 = ORIENTED_EDGE('',*,*,#5493,.F.);
#13642 = ORIENTED_EDGE('',*,*,#9607,.F.);
#13643 = ORIENTED_EDGE('',*,*,#2804,.F.);
#13644 = ADVANCED_FACE('',(#13645),#9668,.T.);
#13645 = FACE_BOUND('',#13646,.T.);
#13646 = EDGE_LOOP('',(#13647,#13648,#13669));
#13647 = ORIENTED_EDGE('',*,*,#12801,.F.);
#13648 = ORIENTED_EDGE('',*,*,#13649,.T.);
#13649 = EDGE_CURVE('',#3912,#1218,#13650,.T.);
#13650 = SURFACE_CURVE('',#13651,(#13655,#13662),.PCURVE_S1.);
#13651 = LINE('',#13652,#13653);
#13652 = CARTESIAN_POINT('',(202.7946,157.30665,30.));
#13653 = VECTOR('',#13654,1.);
#13654 = DIRECTION('',(0.599035951525,-0.118673439802,0.791879121752));
#13655 = PCURVE('',#9668,#13656);
#13656 = DEFINITIONAL_REPRESENTATION('',(#13657),#13661);
#13657 = LINE('',#13658,#13659);
#13658 = CARTESIAN_POINT('',(-2.477873350064E-02,-27.18065876281));
#13659 = VECTOR('',#13660,1.);
#13660 = DIRECTION('',(0.800713279194,0.599047781502));
#13661 = ( GEOMETRIC_REPRESENTATION_CONTEXT(2) 
PARAMETRIC_REPRESENTATION_CONTEXT() REPRESENTATION_CONTEXT('2D SPACE',''
  ) );
#13662 = PCURVE('',#5595,#13663);
#13663 = DEFINITIONAL_REPRESENTATION('',(#13664),#13668);
#13664 = LINE('',#13665,#13666);
#13665 = CARTESIAN_POINT('',(0.,0.));
#13666 = VECTOR('',#13667,1.);
#13667 = DIRECTION('',(0.779743190177,0.626099478815));
#13668 = ( GEOMETRIC_REPRESENTATION_CONTEXT(2) 
PARAMETRIC_REPRESENTATION_CONTEXT() REPRESENTATION_CONTEXT('2D SPACE',''
  ) );
#13669 = ORIENTED_EDGE('',*,*,#9654,.F.);
#13670 = ADVANCED_FACE('',(#13671),#5623,.T.);
#13671 = FACE_BOUND('',#13672,.T.);
#13672 = EDGE_LOOP('',(#13673,#13674,#13700));
#13673 = ORIENTED_EDGE('',*,*,#12775,.F.);
#13674 = ORIENTED_EDGE('',*,*,#13675,.T.);
#13675 = EDGE_CURVE('',#12659,#5608,#13676,.T.);
#13676 = SURFACE_CURVE('',#13677,(#13681,#13688),.PCURVE_S1.);
#13677 = LINE('',#13678,#13679);
#13678 = CARTESIAN_POINT('',(177.241909,157.666142,30.));
#13679 = VECTOR('',#13680,1.);
#13680 = DIRECTION('',(0.565419561189,-0.30208276995,0.767493791457));
#13681 = PCURVE('',#5623,#13682);
#13682 = DEFINITIONAL_REPRESENTATION('',(#13683),#13687);
#13683 = LINE('',#13684,#13685);
#13684 = CARTESIAN_POINT('',(-0.128645434622,-25.55489585562));
#13685 = VECTOR('',#13686,1.);
#13686 = DIRECTION('',(0.824769995755,0.565468349338));
#13687 = ( GEOMETRIC_REPRESENTATION_CONTEXT(2) 
PARAMETRIC_REPRESENTATION_CONTEXT() REPRESENTATION_CONTEXT('2D SPACE',''
  ) );
#13688 = PCURVE('',#13689,#13694);
#13689 = PLANE('',#13690);
#13690 = AXIS2_PLACEMENT_3D('',#13691,#13692,#13693);
#13691 = CARTESIAN_POINT('',(185.903985,153.038315,41.757799));
#13692 = DIRECTION('',(-0.801794299656,1.694805121335E-02,0.59735974471)
  );
#13693 = DIRECTION('',(-0.597445554939,0.,-0.801909476739));
#13694 = DEFINITIONAL_REPRESENTATION('',(#13695),#13699);
#13695 = LINE('',#13696,#13697);
#13696 = CARTESIAN_POINT('',(14.603809246435,-4.628491783492));
#13697 = VECTOR('',#13698,1.);
#13698 = DIRECTION('',(-0.953267948215,0.302126163888));
#13699 = ( GEOMETRIC_REPRESENTATION_CONTEXT(2) 
PARAMETRIC_REPRESENTATION_CONTEXT() REPRESENTATION_CONTEXT('2D SPACE',''
  ) );
#13700 = ORIENTED_EDGE('',*,*,#5607,.F.);
#13701 = ADVANCED_FACE('',(#13702),#9571,.T.);
#13702 = FACE_BOUND('',#13703,.T.);
#13703 = EDGE_LOOP('',(#13704,#13725,#13746));
#13704 = ORIENTED_EDGE('',*,*,#13705,.T.);
#13705 = EDGE_CURVE('',#1218,#5575,#13706,.T.);
#13706 = SURFACE_CURVE('',#13707,(#13711,#13718),.PCURVE_S1.);
#13707 = LINE('',#13708,#13709);
#13708 = CARTESIAN_POINT('',(214.896204,154.909233,45.997383));
#13709 = VECTOR('',#13710,1.);
#13710 = DIRECTION('',(-0.915856166357,-0.365544334296,0.166086791197));
#13711 = PCURVE('',#9571,#13712);
#13712 = DEFINITIONAL_REPRESENTATION('',(#13713),#13717);
#13713 = LINE('',#13714,#13715);
#13714 = CARTESIAN_POINT('',(0.,0.));
#13715 = VECTOR('',#13716,1.);
#13716 = DIRECTION('',(-0.9857528149,-0.168200439707));
#13717 = ( GEOMETRIC_REPRESENTATION_CONTEXT(2) 
PARAMETRIC_REPRESENTATION_CONTEXT() REPRESENTATION_CONTEXT('2D SPACE',''
  ) );
#13718 = PCURVE('',#5595,#13719);
#13719 = DEFINITIONAL_REPRESENTATION('',(#13720),#13724);
#13720 = LINE('',#13721,#13722);
#13721 = CARTESIAN_POINT('',(15.752215347342,12.648335943687));
#13722 = VECTOR('',#13723,1.);
#13723 = DIRECTION('',(0.289317652866,-0.957233145968));
#13724 = ( GEOMETRIC_REPRESENTATION_CONTEXT(2) 
PARAMETRIC_REPRESENTATION_CONTEXT() REPRESENTATION_CONTEXT('2D SPACE',''
  ) );
#13725 = ORIENTED_EDGE('',*,*,#13726,.T.);
#13726 = EDGE_CURVE('',#5575,#9534,#13727,.T.);
#13727 = SURFACE_CURVE('',#13728,(#13732,#13739),.PCURVE_S1.);
#13728 = LINE('',#13729,#13730);
#13729 = CARTESIAN_POINT('',(193.830642,146.501366,49.817537));
#13730 = VECTOR('',#13731,1.);
#13731 = DIRECTION('',(0.457793046289,0.340313038486,0.821348015525));
#13732 = PCURVE('',#9571,#13733);
#13733 = DEFINITIONAL_REPRESENTATION('',(#13734),#13738);
#13734 = LINE('',#13735,#13736);
#13735 = CARTESIAN_POINT('',(-22.67325132672,-3.868769923962));
#13736 = VECTOR('',#13737,1.);
#13737 = DIRECTION('',(0.55507451195,-0.831800628867));
#13738 = ( GEOMETRIC_REPRESENTATION_CONTEXT(2) 
PARAMETRIC_REPRESENTATION_CONTEXT() REPRESENTATION_CONTEXT('2D SPACE',''
  ) );
#13739 = PCURVE('',#9697,#13740);
#13740 = DEFINITIONAL_REPRESENTATION('',(#13741),#13745);
#13741 = LINE('',#13742,#13743);
#13742 = CARTESIAN_POINT('',(9.450790707924,-10.21643680196));
#13743 = VECTOR('',#13744,1.);
#13744 = DIRECTION('',(-0.915859784688,-0.401498262502));
#13745 = ( GEOMETRIC_REPRESENTATION_CONTEXT(2) 
PARAMETRIC_REPRESENTATION_CONTEXT() REPRESENTATION_CONTEXT('2D SPACE',''
  ) );
#13746 = ORIENTED_EDGE('',*,*,#9557,.F.);
#13747 = ADVANCED_FACE('',(#13748),#5713,.T.);
#13748 = FACE_BOUND('',#13749,.T.);
#13749 = EDGE_LOOP('',(#13750,#13751,#13752));
#13750 = ORIENTED_EDGE('',*,*,#9586,.F.);
#13751 = ORIENTED_EDGE('',*,*,#5699,.F.);
#13752 = ORIENTED_EDGE('',*,*,#11580,.F.);
#13753 = ADVANCED_FACE('',(#13754),#5739,.T.);
#13754 = FACE_BOUND('',#13755,.T.);
#13755 = EDGE_LOOP('',(#13756,#13757,#13778));
#13756 = ORIENTED_EDGE('',*,*,#9533,.F.);
#13757 = ORIENTED_EDGE('',*,*,#13758,.T.);
#13758 = EDGE_CURVE('',#9534,#5665,#13759,.T.);
#13759 = SURFACE_CURVE('',#13760,(#13764,#13771),.PCURVE_S1.);
#13760 = LINE('',#13761,#13762);
#13761 = CARTESIAN_POINT('',(200.324086,151.328446,61.46773));
#13762 = VECTOR('',#13763,1.);
#13763 = DIRECTION('',(0.617885533075,-0.172139559247,0.76719322218));
#13764 = PCURVE('',#5739,#13765);
#13765 = DEFINITIONAL_REPRESENTATION('',(#13766),#13770);
#13766 = LINE('',#13767,#13768);
#13767 = CARTESIAN_POINT('',(-0.958859036982,-28.66006743117));
#13768 = VECTOR('',#13769,1.);
#13769 = DIRECTION('',(0.785514035657,0.618843841195));
#13770 = ( GEOMETRIC_REPRESENTATION_CONTEXT(2) 
PARAMETRIC_REPRESENTATION_CONTEXT() REPRESENTATION_CONTEXT('2D SPACE',''
  ) );
#13771 = PCURVE('',#5893,#13772);
#13772 = DEFINITIONAL_REPRESENTATION('',(#13773),#13777);
#13773 = LINE('',#13774,#13775);
#13774 = CARTESIAN_POINT('',(0.,0.));
#13775 = VECTOR('',#13776,1.);
#13776 = DIRECTION('',(-0.98235123314,0.187045595374));
#13777 = ( GEOMETRIC_REPRESENTATION_CONTEXT(2) 
PARAMETRIC_REPRESENTATION_CONTEXT() REPRESENTATION_CONTEXT('2D SPACE',''
  ) );
#13778 = ORIENTED_EDGE('',*,*,#5725,.F.);
#13779 = ADVANCED_FACE('',(#13780),#5687,.T.);
#13780 = FACE_BOUND('',#13781,.T.);
#13781 = EDGE_LOOP('',(#13782,#13783,#13804));
#13782 = ORIENTED_EDGE('',*,*,#5664,.F.);
#13783 = ORIENTED_EDGE('',*,*,#13784,.T.);
#13784 = EDGE_CURVE('',#5665,#2567,#13785,.T.);
#13785 = SURFACE_CURVE('',#13786,(#13790,#13797),.PCURVE_S1.);
#13786 = LINE('',#13787,#13788);
#13787 = CARTESIAN_POINT('',(214.108841,147.488088,78.583474));
#13788 = VECTOR('',#13789,1.);
#13789 = DIRECTION('',(0.624179751123,-0.293868111841,0.723906880151));
#13790 = PCURVE('',#5687,#13791);
#13791 = DEFINITIONAL_REPRESENTATION('',(#13792),#13796);
#13792 = LINE('',#13793,#13794);
#13793 = CARTESIAN_POINT('',(-0.665008419831,-28.59903083004));
#13794 = VECTOR('',#13795,1.);
#13795 = DIRECTION('',(0.780162643349,0.62557673384));
#13796 = ( GEOMETRIC_REPRESENTATION_CONTEXT(2) 
PARAMETRIC_REPRESENTATION_CONTEXT() REPRESENTATION_CONTEXT('2D SPACE',''
  ) );
#13797 = PCURVE('',#5867,#13798);
#13798 = DEFINITIONAL_REPRESENTATION('',(#13799),#13803);
#13799 = LINE('',#13800,#13801);
#13800 = CARTESIAN_POINT('',(0.,0.));
#13801 = VECTOR('',#13802,1.);
#13802 = DIRECTION('',(0.590016616317,0.807391102546));
#13803 = ( GEOMETRIC_REPRESENTATION_CONTEXT(2) 
PARAMETRIC_REPRESENTATION_CONTEXT() REPRESENTATION_CONTEXT('2D SPACE',''
  ) );
#13804 = ORIENTED_EDGE('',*,*,#8137,.F.);
#13805 = ADVANCED_FACE('',(#13806),#5595,.T.);
#13806 = FACE_BOUND('',#13807,.T.);
#13807 = EDGE_LOOP('',(#13808,#13809,#13810));
#13808 = ORIENTED_EDGE('',*,*,#5574,.F.);
#13809 = ORIENTED_EDGE('',*,*,#13705,.F.);
#13810 = ORIENTED_EDGE('',*,*,#13649,.F.);
#13811 = ADVANCED_FACE('',(#13812),#9697,.T.);
#13812 = FACE_BOUND('',#13813,.T.);
#13813 = EDGE_LOOP('',(#13814,#13815,#13816));
#13814 = ORIENTED_EDGE('',*,*,#9683,.F.);
#13815 = ORIENTED_EDGE('',*,*,#13726,.F.);
#13816 = ORIENTED_EDGE('',*,*,#13817,.T.);
#13817 = EDGE_CURVE('',#5575,#5790,#13818,.T.);
#13818 = SURFACE_CURVE('',#13819,(#13823,#13830),.PCURVE_S1.);
#13819 = LINE('',#13820,#13821);
#13820 = CARTESIAN_POINT('',(193.830642,146.501366,49.817537));
#13821 = VECTOR('',#13822,1.);
#13822 = DIRECTION('',(0.744821279388,-0.622210562517,0.241029619887));
#13823 = PCURVE('',#9697,#13824);
#13824 = DEFINITIONAL_REPRESENTATION('',(#13825),#13829);
#13825 = LINE('',#13826,#13827);
#13826 = CARTESIAN_POINT('',(9.450790707924,-10.21643680196));
#13827 = VECTOR('',#13828,1.);
#13828 = DIRECTION('',(-0.679064697916,0.734078426358));
#13829 = ( GEOMETRIC_REPRESENTATION_CONTEXT(2) 
PARAMETRIC_REPRESENTATION_CONTEXT() REPRESENTATION_CONTEXT('2D SPACE',''
  ) );
#13830 = PCURVE('',#6204,#13831);
#13831 = DEFINITIONAL_REPRESENTATION('',(#13832),#13836);
#13832 = LINE('',#13833,#13834);
#13833 = CARTESIAN_POINT('',(9.903385737667,34.41987979997));
#13834 = VECTOR('',#13835,1.);
#13835 = DIRECTION('',(0.778297585088,-0.627895587694));
#13836 = ( GEOMETRIC_REPRESENTATION_CONTEXT(2) 
PARAMETRIC_REPRESENTATION_CONTEXT() REPRESENTATION_CONTEXT('2D SPACE',''
  ) );
#13837 = ADVANCED_FACE('',(#13838),#5777,.T.);
#13838 = FACE_BOUND('',#13839,.T.);
#13839 = EDGE_LOOP('',(#13840,#13841,#13862));
#13840 = ORIENTED_EDGE('',*,*,#5754,.F.);
#13841 = ORIENTED_EDGE('',*,*,#13842,.T.);
#13842 = EDGE_CURVE('',#5755,#5847,#13843,.T.);
#13843 = SURFACE_CURVE('',#13844,(#13848,#13855),.PCURVE_S1.);
#13844 = LINE('',#13845,#13846);
#13845 = CARTESIAN_POINT('',(230.,130.,60.));
#13846 = VECTOR('',#13847,1.);
#13847 = DIRECTION('',(-0.576705729765,0.305997833458,0.757479918661));
#13848 = PCURVE('',#5777,#13849);
#13849 = DEFINITIONAL_REPRESENTATION('',(#13850),#13854);
#13850 = LINE('',#13851,#13852);
#13851 = CARTESIAN_POINT('',(-25.43995992692,6.258359902402));
#13852 = VECTOR('',#13853,1.);
#13853 = DIRECTION('',(0.652020477917,-0.75820135609));
#13854 = ( GEOMETRIC_REPRESENTATION_CONTEXT(2) 
PARAMETRIC_REPRESENTATION_CONTEXT() REPRESENTATION_CONTEXT('2D SPACE',''
  ) );
#13855 = PCURVE('',#5992,#13856);
#13856 = DEFINITIONAL_REPRESENTATION('',(#13857),#13861);
#13857 = LINE('',#13858,#13859);
#13858 = CARTESIAN_POINT('',(0.,0.));
#13859 = VECTOR('',#13860,1.);
#13860 = DIRECTION('',(0.652858463088,-0.757479918661));
#13861 = ( GEOMETRIC_REPRESENTATION_CONTEXT(2) 
PARAMETRIC_REPRESENTATION_CONTEXT() REPRESENTATION_CONTEXT('2D SPACE',''
  ) );
#13862 = ORIENTED_EDGE('',*,*,#5905,.F.);
#13863 = ADVANCED_FACE('',(#13864),#5893,.T.);
#13864 = FACE_BOUND('',#13865,.T.);
#13865 = EDGE_LOOP('',(#13866,#13867,#13868));
#13866 = ORIENTED_EDGE('',*,*,#9710,.F.);
#13867 = ORIENTED_EDGE('',*,*,#5879,.F.);
#13868 = ORIENTED_EDGE('',*,*,#13758,.F.);
#13869 = ADVANCED_FACE('',(#13870),#5867,.T.);
#13870 = FACE_BOUND('',#13871,.T.);
#13871 = EDGE_LOOP('',(#13872,#13873,#13874));
#13872 = ORIENTED_EDGE('',*,*,#5846,.F.);
#13873 = ORIENTED_EDGE('',*,*,#5957,.F.);
#13874 = ORIENTED_EDGE('',*,*,#13784,.F.);
#13875 = ADVANCED_FACE('',(#13876),#5992,.T.);
#13876 = FACE_BOUND('',#13877,.T.);
#13877 = EDGE_LOOP('',(#13878,#13899,#13900));
#13878 = ORIENTED_EDGE('',*,*,#13879,.T.);
#13879 = EDGE_CURVE('',#5755,#5930,#13880,.T.);
#13880 = SURFACE_CURVE('',#13881,(#13885,#13892),.PCURVE_S1.);
#13881 = LINE('',#13882,#13883);
#13882 = CARTESIAN_POINT('',(230.,130.,60.));
#13883 = VECTOR('',#13884,1.);
#13884 = DIRECTION('',(0.,0.,1.));
#13885 = PCURVE('',#5992,#13886);
#13886 = DEFINITIONAL_REPRESENTATION('',(#13887),#13891);
#13887 = LINE('',#13888,#13889);
#13888 = CARTESIAN_POINT('',(0.,0.));
#13889 = VECTOR('',#13890,1.);
#13890 = DIRECTION('',(0.,-1.));
#13891 = ( GEOMETRIC_REPRESENTATION_CONTEXT(2) 
PARAMETRIC_REPRESENTATION_CONTEXT() REPRESENTATION_CONTEXT('2D SPACE',''
  ) );
#13892 = PCURVE('',#7040,#13893);
#13893 = DEFINITIONAL_REPRESENTATION('',(#13894),#13898);
#13894 = LINE('',#13895,#13896);
#13895 = CARTESIAN_POINT('',(52.,0.));
#13896 = VECTOR('',#13897,1.);
#13897 = DIRECTION('',(-1.,0.));
#13898 = ( GEOMETRIC_REPRESENTATION_CONTEXT(2) 
PARAMETRIC_REPRESENTATION_CONTEXT() REPRESENTATION_CONTEXT('2D SPACE',''
  ) );
#13899 = ORIENTED_EDGE('',*,*,#5978,.F.);
#13900 = ORIENTED_EDGE('',*,*,#13842,.F.);
#13901 = ADVANCED_FACE('',(#13902),#9772,.T.);
#13902 = FACE_BOUND('',#13903,.T.);
#13903 = EDGE_LOOP('',(#13904,#13925,#13926));
#13904 = ORIENTED_EDGE('',*,*,#13905,.T.);
#13905 = EDGE_CURVE('',#5930,#9735,#13906,.T.);
#13906 = SURFACE_CURVE('',#13907,(#13911,#13918),.PCURVE_S1.);
#13907 = LINE('',#13908,#13909);
#13908 = CARTESIAN_POINT('',(230.,130.,112.));
#13909 = VECTOR('',#13910,1.);
#13910 = DIRECTION('',(0.,0.,1.));
#13911 = PCURVE('',#9772,#13912);
#13912 = DEFINITIONAL_REPRESENTATION('',(#13913),#13917);
#13913 = LINE('',#13914,#13915);
#13914 = CARTESIAN_POINT('',(0.,0.));
#13915 = VECTOR('',#13916,1.);
#13916 = DIRECTION('',(0.,-1.));
#13917 = ( GEOMETRIC_REPRESENTATION_CONTEXT(2) 
PARAMETRIC_REPRESENTATION_CONTEXT() REPRESENTATION_CONTEXT('2D SPACE',''
  ) );
#13918 = PCURVE('',#7014,#13919);
#13919 = DEFINITIONAL_REPRESENTATION('',(#13920),#13924);
#13920 = LINE('',#13921,#13922);
#13921 = CARTESIAN_POINT('',(52.,0.));
#13922 = VECTOR('',#13923,1.);
#13923 = DIRECTION('',(-1.,-0.));
#13924 = ( GEOMETRIC_REPRESENTATION_CONTEXT(2) 
PARAMETRIC_REPRESENTATION_CONTEXT() REPRESENTATION_CONTEXT('2D SPACE',''
  ) );
#13925 = ORIENTED_EDGE('',*,*,#9758,.F.);
#13926 = ORIENTED_EDGE('',*,*,#13927,.T.);
#13927 = EDGE_CURVE('',#6008,#5930,#13928,.T.);
#13928 = SURFACE_CURVE('',#13929,(#13933,#13940),.PCURVE_S1.);
#13929 = LINE('',#13930,#13931);
#13930 = CARTESIAN_POINT('',(224.782206,134.907001,125.815678));
#13931 = VECTOR('',#13932,1.);
#13932 = DIRECTION('',(0.335289913688,-0.315318684823,-0.887780829248));
#13933 = PCURVE('',#9772,#13934);
#13934 = DEFINITIONAL_REPRESENTATION('',(#13935),#13939);
#13935 = LINE('',#13936,#13937);
#13936 = CARTESIAN_POINT('',(7.162683368713,-13.815678));
#13937 = VECTOR('',#13938,1.);
#13938 = DIRECTION('',(-0.460266443726,0.887780829248));
#13939 = ( GEOMETRIC_REPRESENTATION_CONTEXT(2) 
PARAMETRIC_REPRESENTATION_CONTEXT() REPRESENTATION_CONTEXT('2D SPACE',''
  ) );
#13940 = PCURVE('',#6023,#13941);
#13941 = DEFINITIONAL_REPRESENTATION('',(#13942),#13946);
#13942 = LINE('',#13943,#13944);
#13943 = CARTESIAN_POINT('',(-21.38183917864,-3.198081539897));
#13944 = VECTOR('',#13945,1.);
#13945 = DIRECTION('',(0.133185810155,0.991091085609));
#13946 = ( GEOMETRIC_REPRESENTATION_CONTEXT(2) 
PARAMETRIC_REPRESENTATION_CONTEXT() REPRESENTATION_CONTEXT('2D SPACE',''
  ) );
#13947 = ADVANCED_FACE('',(#13948),#11391,.T.);
#13948 = FACE_BOUND('',#13949,.T.);
#13949 = EDGE_LOOP('',(#13950,#13971,#13972));
#13950 = ORIENTED_EDGE('',*,*,#13951,.T.);
#13951 = EDGE_CURVE('',#9735,#6911,#13952,.T.);
#13952 = SURFACE_CURVE('',#13953,(#13957,#13964),.PCURVE_S1.);
#13953 = LINE('',#13954,#13955);
#13954 = CARTESIAN_POINT('',(230.,130.,164.));
#13955 = VECTOR('',#13956,1.);
#13956 = DIRECTION('',(0.,0.,1.));
#13957 = PCURVE('',#11391,#13958);
#13958 = DEFINITIONAL_REPRESENTATION('',(#13959),#13963);
#13959 = LINE('',#13960,#13961);
#13960 = CARTESIAN_POINT('',(0.,0.));
#13961 = VECTOR('',#13962,1.);
#13962 = DIRECTION('',(0.,1.));
#13963 = ( GEOMETRIC_REPRESENTATION_CONTEXT(2) 
PARAMETRIC_REPRESENTATION_CONTEXT() REPRESENTATION_CONTEXT('2D SPACE',''
  ) );
#13964 = PCURVE('',#6952,#13965);
#13965 = DEFINITIONAL_REPRESENTATION('',(#13966),#13970);
#13966 = LINE('',#13967,#13968);
#13967 = CARTESIAN_POINT('',(49.242485,0.));
#13968 = VECTOR('',#13969,1.);
#13969 = DIRECTION('',(-1.,-0.));
#13970 = ( GEOMETRIC_REPRESENTATION_CONTEXT(2) 
PARAMETRIC_REPRESENTATION_CONTEXT() REPRESENTATION_CONTEXT('2D SPACE',''
  ) );
#13971 = ORIENTED_EDGE('',*,*,#11454,.F.);
#13972 = ORIENTED_EDGE('',*,*,#11377,.F.);
#13973 = ADVANCED_FACE('',(#13974),#6023,.T.);
#13974 = FACE_BOUND('',#13975,.T.);
#13975 = EDGE_LOOP('',(#13976,#13977,#13978));
#13976 = ORIENTED_EDGE('',*,*,#11330,.F.);
#13977 = ORIENTED_EDGE('',*,*,#13927,.F.);
#13978 = ORIENTED_EDGE('',*,*,#6007,.F.);
#13979 = ADVANCED_FACE('',(#13980),#8176,.T.);
#13980 = FACE_BOUND('',#13981,.T.);
#13981 = EDGE_LOOP('',(#13982,#13983,#13984));
#13982 = ORIENTED_EDGE('',*,*,#11356,.F.);
#13983 = ORIENTED_EDGE('',*,*,#8162,.F.);
#13984 = ORIENTED_EDGE('',*,*,#9734,.F.);
#13985 = ADVANCED_FACE('',(#13986),#5831,.T.);
#13986 = FACE_BOUND('',#13987,.T.);
#13987 = EDGE_LOOP('',(#13988,#13989,#13990));
#13988 = ORIENTED_EDGE('',*,*,#5817,.F.);
#13989 = ORIENTED_EDGE('',*,*,#6096,.F.);
#13990 = ORIENTED_EDGE('',*,*,#11956,.F.);
#13991 = ADVANCED_FACE('',(#13992),#6204,.T.);
#13992 = FACE_BOUND('',#13993,.T.);
#13993 = EDGE_LOOP('',(#13994,#13995,#13996));
#13994 = ORIENTED_EDGE('',*,*,#9866,.F.);
#13995 = ORIENTED_EDGE('',*,*,#13817,.F.);
#13996 = ORIENTED_EDGE('',*,*,#6190,.F.);
#13997 = ADVANCED_FACE('',(#13998),#3085,.T.);
#13998 = FACE_BOUND('',#13999,.T.);
#13999 = EDGE_LOOP('',(#14000,#14001,#14022));
#14000 = ORIENTED_EDGE('',*,*,#9840,.F.);
#14001 = ORIENTED_EDGE('',*,*,#14002,.T.);
#14002 = EDGE_CURVE('',#9789,#3009,#14003,.T.);
#14003 = SURFACE_CURVE('',#14004,(#14008,#14015),.PCURVE_S1.);
#14004 = LINE('',#14005,#14006);
#14005 = CARTESIAN_POINT('',(192.374905,72.499194,45.30462));
#14006 = VECTOR('',#14007,1.);
#14007 = DIRECTION('',(0.715337339592,-0.486421754519,0.501683533033));
#14008 = PCURVE('',#3085,#14009);
#14009 = DEFINITIONAL_REPRESENTATION('',(#14010),#14014);
#14010 = LINE('',#14011,#14012);
#14011 = CARTESIAN_POINT('',(-21.07052354128,-25.61196229319));
#14012 = VECTOR('',#14013,1.);
#14013 = DIRECTION('',(0.873635222621,-0.486581440045));
#14014 = ( GEOMETRIC_REPRESENTATION_CONTEXT(2) 
PARAMETRIC_REPRESENTATION_CONTEXT() REPRESENTATION_CONTEXT('2D SPACE',''
  ) );
#14015 = PCURVE('',#6240,#14016);
#14016 = DEFINITIONAL_REPRESENTATION('',(#14017),#14021);
#14017 = LINE('',#14018,#14019);
#14018 = CARTESIAN_POINT('',(11.482381884071,32.521499312789));
#14019 = VECTOR('',#14020,1.);
#14020 = DIRECTION('',(0.873533365701,-0.48676427458));
#14021 = ( GEOMETRIC_REPRESENTATION_CONTEXT(2) 
PARAMETRIC_REPRESENTATION_CONTEXT() REPRESENTATION_CONTEXT('2D SPACE',''
  ) );
#14022 = ORIENTED_EDGE('',*,*,#3071,.F.);
#14023 = ADVANCED_FACE('',(#14024),#5649,.T.);
#14024 = FACE_BOUND('',#14025,.T.);
#14025 = EDGE_LOOP('',(#14026,#14027,#14028));
#14026 = ORIENTED_EDGE('',*,*,#6141,.F.);
#14027 = ORIENTED_EDGE('',*,*,#5635,.F.);
#14028 = ORIENTED_EDGE('',*,*,#14029,.T.);
#14029 = EDGE_CURVE('',#5608,#6142,#14030,.T.);
#14030 = SURFACE_CURVE('',#14031,(#14035,#14042),.PCURVE_S1.);
#14031 = LINE('',#14032,#14033);
#14032 = CARTESIAN_POINT('',(185.903985,153.038315,41.757799));
#14033 = VECTOR('',#14034,1.);
#14034 = DIRECTION('',(-0.193808720558,-0.952944313673,-0.233099366953)
  );
#14035 = PCURVE('',#5649,#14036);
#14036 = DEFINITIONAL_REPRESENTATION('',(#14037),#14041);
#14037 = LINE('',#14038,#14039);
#14038 = CARTESIAN_POINT('',(-10.7651024981,-33.93311417873));
#14039 = VECTOR('',#14040,1.);
#14040 = DIRECTION('',(0.302392467828,0.953183505628));
#14041 = ( GEOMETRIC_REPRESENTATION_CONTEXT(2) 
PARAMETRIC_REPRESENTATION_CONTEXT() REPRESENTATION_CONTEXT('2D SPACE',''
  ) );
#14042 = PCURVE('',#13689,#14043);
#14043 = DEFINITIONAL_REPRESENTATION('',(#14044),#14048);
#14044 = LINE('',#14045,#14046);
#14045 = CARTESIAN_POINT('',(0.,0.));
#14046 = VECTOR('',#14047,1.);
#14047 = DIRECTION('',(0.302714749987,0.95308120333));
#14048 = ( GEOMETRIC_REPRESENTATION_CONTEXT(2) 
PARAMETRIC_REPRESENTATION_CONTEXT() REPRESENTATION_CONTEXT('2D SPACE',''
  ) );
#14049 = ADVANCED_FACE('',(#14050),#13689,.T.);
#14050 = FACE_BOUND('',#14051,.T.);
#14051 = EDGE_LOOP('',(#14052,#14053,#14074));
#14052 = ORIENTED_EDGE('',*,*,#13675,.F.);
#14053 = ORIENTED_EDGE('',*,*,#14054,.T.);
#14054 = EDGE_CURVE('',#12659,#6142,#14055,.T.);
#14055 = SURFACE_CURVE('',#14056,(#14060,#14067),.PCURVE_S1.);
#14056 = LINE('',#14057,#14058);
#14057 = CARTESIAN_POINT('',(177.241909,157.666142,30.));
#14058 = VECTOR('',#14059,1.);
#14059 = DIRECTION('',(4.548764725163E-02,-0.994966981885,
    8.928369899049E-02));
#14060 = PCURVE('',#13689,#14061);
#14061 = DEFINITIONAL_REPRESENTATION('',(#14062),#14066);
#14062 = LINE('',#14063,#14064);
#14063 = CARTESIAN_POINT('',(14.603809246435,-4.628491783492));
#14064 = VECTOR('',#14065,1.);
#14065 = DIRECTION('',(-9.877383699389E-02,0.995109908063));
#14066 = ( GEOMETRIC_REPRESENTATION_CONTEXT(2) 
PARAMETRIC_REPRESENTATION_CONTEXT() REPRESENTATION_CONTEXT('2D SPACE',''
  ) );
#14067 = PCURVE('',#12674,#14068);
#14068 = DEFINITIONAL_REPRESENTATION('',(#14069),#14073);
#14069 = LINE('',#14070,#14071);
#14070 = CARTESIAN_POINT('',(0.,0.));
#14071 = VECTOR('',#14072,1.);
#14072 = DIRECTION('',(-9.395582523559E-02,0.995576367189));
#14073 = ( GEOMETRIC_REPRESENTATION_CONTEXT(2) 
PARAMETRIC_REPRESENTATION_CONTEXT() REPRESENTATION_CONTEXT('2D SPACE',''
  ) );
#14074 = ORIENTED_EDGE('',*,*,#14029,.F.);
#14075 = ADVANCED_FACE('',(#14076),#6240,.T.);
#14076 = FACE_BOUND('',#14077,.T.);
#14077 = EDGE_LOOP('',(#14078,#14079,#14080));
#14078 = ORIENTED_EDGE('',*,*,#6219,.F.);
#14079 = ORIENTED_EDGE('',*,*,#14002,.F.);
#14080 = ORIENTED_EDGE('',*,*,#14081,.T.);
#14081 = EDGE_CURVE('',#9789,#6220,#14082,.T.);
#14082 = SURFACE_CURVE('',#14083,(#14087,#14094),.PCURVE_S1.);
#14083 = LINE('',#14084,#14085);
#14084 = CARTESIAN_POINT('',(192.374905,72.499194,45.30462));
#14085 = VECTOR('',#14086,1.);
#14086 = DIRECTION('',(-0.247613216225,-0.94228853192,-0.225344220611));
#14087 = PCURVE('',#6240,#14088);
#14088 = DEFINITIONAL_REPRESENTATION('',(#14089),#14093);
#14089 = LINE('',#14090,#14091);
#14090 = CARTESIAN_POINT('',(11.482381884071,32.521499312789));
#14091 = VECTOR('',#14092,1.);
#14092 = DIRECTION('',(-0.332928549986,-0.942952056366));
#14093 = ( GEOMETRIC_REPRESENTATION_CONTEXT(2) 
PARAMETRIC_REPRESENTATION_CONTEXT() REPRESENTATION_CONTEXT('2D SPACE',''
  ) );
#14094 = PCURVE('',#9804,#14095);
#14095 = DEFINITIONAL_REPRESENTATION('',(#14096),#14100);
#14096 = LINE('',#14097,#14098);
#14097 = CARTESIAN_POINT('',(0.,0.));
#14098 = VECTOR('',#14099,1.);
#14099 = DIRECTION('',(0.331690803302,0.943388155006));
#14100 = ( GEOMETRIC_REPRESENTATION_CONTEXT(2) 
PARAMETRIC_REPRESENTATION_CONTEXT() REPRESENTATION_CONTEXT('2D SPACE',''
  ) );
#14101 = ADVANCED_FACE('',(#14102),#6266,.T.);
#14102 = FACE_BOUND('',#14103,.T.);
#14103 = EDGE_LOOP('',(#14104,#14125,#14126));
#14104 = ORIENTED_EDGE('',*,*,#14105,.T.);
#14105 = EDGE_CURVE('',#664,#2867,#14106,.T.);
#14106 = SURFACE_CURVE('',#14107,(#14111,#14118),.PCURVE_S1.);
#14107 = LINE('',#14108,#14109);
#14108 = CARTESIAN_POINT('',(181.710018,0.,30.));
#14109 = VECTOR('',#14110,1.);
#14110 = DIRECTION('',(0.390363545209,0.791341457695,0.470526300971));
#14111 = PCURVE('',#6266,#14112);
#14112 = DEFINITIONAL_REPRESENTATION('',(#14113),#14117);
#14113 = LINE('',#14114,#14115);
#14114 = CARTESIAN_POINT('',(0.,0.));
#14115 = VECTOR('',#14116,1.);
#14116 = DIRECTION('',(0.605985810576,0.795475453663));
#14117 = ( GEOMETRIC_REPRESENTATION_CONTEXT(2) 
PARAMETRIC_REPRESENTATION_CONTEXT() REPRESENTATION_CONTEXT('2D SPACE',''
  ) );
#14118 = PCURVE('',#2908,#14119);
#14119 = DEFINITIONAL_REPRESENTATION('',(#14120),#14124);
#14120 = LINE('',#14121,#14122);
#14121 = CARTESIAN_POINT('',(24.986768396224,32.594804595692));
#14122 = VECTOR('',#14123,1.);
#14123 = DIRECTION('',(-0.608391951104,-0.793636714015));
#14124 = ( GEOMETRIC_REPRESENTATION_CONTEXT(2) 
PARAMETRIC_REPRESENTATION_CONTEXT() REPRESENTATION_CONTEXT('2D SPACE',''
  ) );
#14125 = ORIENTED_EDGE('',*,*,#6252,.F.);
#14126 = ORIENTED_EDGE('',*,*,#14127,.T.);
#14127 = EDGE_CURVE('',#6220,#664,#14128,.T.);
#14128 = SURFACE_CURVE('',#14129,(#14133,#14140),.PCURVE_S1.);
#14129 = LINE('',#14130,#14131);
#14130 = CARTESIAN_POINT('',(183.834966,40.000579,37.532717));
#14131 = VECTOR('',#14132,1.);
#14132 = DIRECTION('',(-5.213433164256E-02,-0.981390345307,
    -0.184810718308));
#14133 = PCURVE('',#6266,#14134);
#14134 = DEFINITIONAL_REPRESENTATION('',(#14135),#14139);
#14135 = LINE('',#14136,#14137);
#14136 = CARTESIAN_POINT('',(6.670544602786,40.209543449811));
#14137 = VECTOR('',#14138,1.);
#14138 = DIRECTION('',(-0.163657832831,-0.986517163436));
#14139 = ( GEOMETRIC_REPRESENTATION_CONTEXT(2) 
PARAMETRIC_REPRESENTATION_CONTEXT() REPRESENTATION_CONTEXT('2D SPACE',''
  ) );
#14140 = PCURVE('',#12621,#14141);
#14141 = DEFINITIONAL_REPRESENTATION('',(#14142),#14146);
#14142 = LINE('',#14143,#14144);
#14143 = CARTESIAN_POINT('',(-8.412694688038,39.180561977014));
#14144 = VECTOR('',#14145,1.);
#14145 = DIRECTION('',(0.191019287723,0.981586283379));
#14146 = ( GEOMETRIC_REPRESENTATION_CONTEXT(2) 
PARAMETRIC_REPRESENTATION_CONTEXT() REPRESENTATION_CONTEXT('2D SPACE',''
  ) );
#14147 = ADVANCED_FACE('',(#14148),#12674,.T.);
#14148 = FACE_BOUND('',#14149,.T.);
#14149 = EDGE_LOOP('',(#14150,#14151,#14172));
#14150 = ORIENTED_EDGE('',*,*,#12658,.F.);
#14151 = ORIENTED_EDGE('',*,*,#14152,.T.);
#14152 = EDGE_CURVE('',#1308,#6142,#14153,.T.);
#14153 = SURFACE_CURVE('',#14154,(#14158,#14165),.PCURVE_S1.);
#14154 = LINE('',#14155,#14156);
#14155 = CARTESIAN_POINT('',(180.008165,79.17332,30.));
#14156 = VECTOR('',#14157,1.);
#14157 = DIRECTION('',(-2.502900975863E-02,0.995957623144,
    8.626680458125E-02));
#14158 = PCURVE('',#12674,#14159);
#14159 = DEFINITIONAL_REPRESENTATION('',(#14160),#14164);
#14160 = LINE('',#14161,#14162);
#14161 = CARTESIAN_POINT('',(-0.320751129691,78.540896331109));
#14162 = VECTOR('',#14163,1.);
#14163 = DIRECTION('',(-8.278277821561E-02,-0.996567615183));
#14164 = ( GEOMETRIC_REPRESENTATION_CONTEXT(2) 
PARAMETRIC_REPRESENTATION_CONTEXT() REPRESENTATION_CONTEXT('2D SPACE',''
  ) );
#14165 = PCURVE('',#1384,#14166);
#14166 = DEFINITIONAL_REPRESENTATION('',(#14167),#14171);
#14167 = LINE('',#14168,#14169);
#14168 = CARTESIAN_POINT('',(0.,0.));
#14169 = VECTOR('',#14170,1.);
#14170 = DIRECTION('',(-4.886368564797E-02,-0.998805456646));
#14171 = ( GEOMETRIC_REPRESENTATION_CONTEXT(2) 
PARAMETRIC_REPRESENTATION_CONTEXT() REPRESENTATION_CONTEXT('2D SPACE',''
  ) );
#14172 = ORIENTED_EDGE('',*,*,#14054,.F.);
#14173 = ADVANCED_FACE('',(#14174),#12621,.T.);
#14174 = FACE_BOUND('',#14175,.T.);
#14175 = EDGE_LOOP('',(#14176,#14177,#14178));
#14176 = ORIENTED_EDGE('',*,*,#12607,.F.);
#14177 = ORIENTED_EDGE('',*,*,#14127,.F.);
#14178 = ORIENTED_EDGE('',*,*,#14179,.T.);
#14179 = EDGE_CURVE('',#6220,#1308,#14180,.T.);
#14180 = SURFACE_CURVE('',#14181,(#14185,#14192),.PCURVE_S1.);
#14181 = LINE('',#14182,#14183);
#14182 = CARTESIAN_POINT('',(183.834966,40.000579,37.532717));
#14183 = VECTOR('',#14184,1.);
#14184 = DIRECTION('',(-9.549442095677E-02,0.977520968319,
    -0.187972264078));
#14185 = PCURVE('',#12621,#14186);
#14186 = DEFINITIONAL_REPRESENTATION('',(#14187),#14191);
#14187 = LINE('',#14188,#14189);
#14188 = CARTESIAN_POINT('',(-8.412694688038,39.180561977014));
#14189 = VECTOR('',#14190,1.);
#14190 = DIRECTION('',(0.209931325909,-0.977716133856));
#14191 = ( GEOMETRIC_REPRESENTATION_CONTEXT(2) 
PARAMETRIC_REPRESENTATION_CONTEXT() REPRESENTATION_CONTEXT('2D SPACE',''
  ) );
#14192 = PCURVE('',#9804,#14193);
#14193 = DEFINITIONAL_REPRESENTATION('',(#14194),#14198);
#14194 = LINE('',#14195,#14196);
#14195 = CARTESIAN_POINT('',(11.439693204789,32.536539930725));
#14196 = VECTOR('',#14197,1.);
#14197 = DIRECTION('',(0.205478135057,-0.978661706625));
#14198 = ( GEOMETRIC_REPRESENTATION_CONTEXT(2) 
PARAMETRIC_REPRESENTATION_CONTEXT() REPRESENTATION_CONTEXT('2D SPACE',''
  ) );
#14199 = ADVANCED_FACE('',(#14200),#1384,.T.);
#14200 = FACE_BOUND('',#14201,.T.);
#14201 = EDGE_LOOP('',(#14202,#14203,#14204));
#14202 = ORIENTED_EDGE('',*,*,#1370,.F.);
#14203 = ORIENTED_EDGE('',*,*,#6169,.F.);
#14204 = ORIENTED_EDGE('',*,*,#14152,.F.);
#14205 = ADVANCED_FACE('',(#14206),#6356,.T.);
#14206 = FACE_BOUND('',#14207,.T.);
#14207 = EDGE_LOOP('',(#14208,#14209,#14230));
#14208 = ORIENTED_EDGE('',*,*,#12575,.F.);
#14209 = ORIENTED_EDGE('',*,*,#14210,.T.);
#14210 = EDGE_CURVE('',#1400,#6341,#14211,.T.);
#14211 = SURFACE_CURVE('',#14212,(#14216,#14223),.PCURVE_S1.);
#14212 = LINE('',#14213,#14214);
#14213 = CARTESIAN_POINT('',(180.008165,-79.17332,30.));
#14214 = VECTOR('',#14215,1.);
#14215 = DIRECTION('',(9.549442095677E-02,0.977520968319,0.187972264078)
  );
#14216 = PCURVE('',#6356,#14217);
#14217 = DEFINITIONAL_REPRESENTATION('',(#14218),#14222);
#14218 = LINE('',#14219,#14220);
#14219 = CARTESIAN_POINT('',(0.626922038436,79.189127234828));
#14220 = VECTOR('',#14221,1.);
#14221 = DIRECTION('',(-0.209931325909,-0.977716133856));
#14222 = ( GEOMETRIC_REPRESENTATION_CONTEXT(2) 
PARAMETRIC_REPRESENTATION_CONTEXT() REPRESENTATION_CONTEXT('2D SPACE',''
  ) );
#14223 = PCURVE('',#1476,#14224);
#14224 = DEFINITIONAL_REPRESENTATION('',(#14225),#14229);
#14225 = LINE('',#14226,#14227);
#14226 = CARTESIAN_POINT('',(0.,0.));
#14227 = VECTOR('',#14228,1.);
#14228 = DIRECTION('',(-0.205478135057,-0.978661706625));
#14229 = ( GEOMETRIC_REPRESENTATION_CONTEXT(2) 
PARAMETRIC_REPRESENTATION_CONTEXT() REPRESENTATION_CONTEXT('2D SPACE',''
  ) );
#14230 = ORIENTED_EDGE('',*,*,#6340,.F.);
#14231 = ADVANCED_FACE('',(#14232),#12538,.T.);
#14232 = FACE_BOUND('',#14233,.T.);
#14233 = EDGE_LOOP('',(#14234,#14235,#14256));
#14234 = ORIENTED_EDGE('',*,*,#12524,.F.);
#14235 = ORIENTED_EDGE('',*,*,#14236,.T.);
#14236 = EDGE_CURVE('',#12383,#6400,#14237,.T.);
#14237 = SURFACE_CURVE('',#14238,(#14242,#14249),.PCURVE_S1.);
#14238 = LINE('',#14239,#14240);
#14239 = CARTESIAN_POINT('',(177.241909,-157.666142,30.));
#14240 = VECTOR('',#14241,1.);
#14241 = DIRECTION('',(4.548764725163E-02,0.994966981885,
    8.928369899049E-02));
#14242 = PCURVE('',#12538,#14243);
#14243 = DEFINITIONAL_REPRESENTATION('',(#14244),#14248);
#14244 = LINE('',#14245,#14246);
#14245 = CARTESIAN_POINT('',(0.320751129691,78.540896331109));
#14246 = VECTOR('',#14247,1.);
#14247 = DIRECTION('',(-9.395582523559E-02,-0.995576367189));
#14248 = ( GEOMETRIC_REPRESENTATION_CONTEXT(2) 
PARAMETRIC_REPRESENTATION_CONTEXT() REPRESENTATION_CONTEXT('2D SPACE',''
  ) );
#14249 = PCURVE('',#6448,#14250);
#14250 = DEFINITIONAL_REPRESENTATION('',(#14251),#14255);
#14251 = LINE('',#14252,#14253);
#14252 = CARTESIAN_POINT('',(0.,0.));
#14253 = VECTOR('',#14254,1.);
#14254 = DIRECTION('',(-9.877383699389E-02,-0.995109908063));
#14255 = ( GEOMETRIC_REPRESENTATION_CONTEXT(2) 
PARAMETRIC_REPRESENTATION_CONTEXT() REPRESENTATION_CONTEXT('2D SPACE',''
  ) );
#14256 = ORIENTED_EDGE('',*,*,#14257,.T.);
#14257 = EDGE_CURVE('',#6400,#1400,#14258,.T.);
#14258 = SURFACE_CURVE('',#14259,(#14263,#14270),.PCURVE_S1.);
#14259 = LINE('',#14260,#14261);
#14260 = CARTESIAN_POINT('',(179.004439,-119.113716,33.459515));
#14261 = VECTOR('',#14262,1.);
#14262 = DIRECTION('',(2.502900975863E-02,0.995957623144,
    -8.626680458125E-02));
#14263 = PCURVE('',#12538,#14264);
#14264 = DEFINITIONAL_REPRESENTATION('',(#14265),#14269);
#14265 = LINE('',#14266,#14267);
#14266 = CARTESIAN_POINT('',(-3.319796813719,39.964858209066));
#14267 = VECTOR('',#14268,1.);
#14268 = DIRECTION('',(8.278277821561E-02,-0.996567615183));
#14269 = ( GEOMETRIC_REPRESENTATION_CONTEXT(2) 
PARAMETRIC_REPRESENTATION_CONTEXT() REPRESENTATION_CONTEXT('2D SPACE',''
  ) );
#14270 = PCURVE('',#9957,#14271);
#14271 = DEFINITIONAL_REPRESENTATION('',(#14272),#14276);
#14272 = LINE('',#14273,#14274);
#14273 = CARTESIAN_POINT('',(11.142730076238,6.739805800055));
#14274 = VECTOR('',#14275,1.);
#14275 = DIRECTION('',(4.886368564797E-02,-0.998805456646));
#14276 = ( GEOMETRIC_REPRESENTATION_CONTEXT(2) 
PARAMETRIC_REPRESENTATION_CONTEXT() REPRESENTATION_CONTEXT('2D SPACE',''
  ) );
#14277 = ADVANCED_FACE('',(#14278),#9804,.T.);
#14278 = FACE_BOUND('',#14279,.T.);
#14279 = EDGE_LOOP('',(#14280,#14281,#14282));
#14280 = ORIENTED_EDGE('',*,*,#9788,.F.);
#14281 = ORIENTED_EDGE('',*,*,#14179,.F.);
#14282 = ORIENTED_EDGE('',*,*,#14081,.F.);
#14283 = ADVANCED_FACE('',(#14284),#2908,.T.);
#14284 = FACE_BOUND('',#14285,.T.);
#14285 = EDGE_LOOP('',(#14286,#14287,#14308));
#14286 = ORIENTED_EDGE('',*,*,#14105,.F.);
#14287 = ORIENTED_EDGE('',*,*,#14288,.T.);
#14288 = EDGE_CURVE('',#664,#2834,#14289,.T.);
#14289 = SURFACE_CURVE('',#14290,(#14294,#14301),.PCURVE_S1.);
#14290 = LINE('',#14291,#14292);
#14291 = CARTESIAN_POINT('',(181.710018,0.,30.));
#14292 = VECTOR('',#14293,1.);
#14293 = DIRECTION('',(0.559459706965,-0.,0.828857548848));
#14294 = PCURVE('',#2908,#14295);
#14295 = DEFINITIONAL_REPRESENTATION('',(#14296),#14300);
#14296 = LINE('',#14297,#14298);
#14297 = CARTESIAN_POINT('',(24.986768396224,32.594804595692));
#14298 = VECTOR('',#14299,1.);
#14299 = DIRECTION('',(-1.,-1.387778780781E-17));
#14300 = ( GEOMETRIC_REPRESENTATION_CONTEXT(2) 
PARAMETRIC_REPRESENTATION_CONTEXT() REPRESENTATION_CONTEXT('2D SPACE',''
  ) );
#14301 = PCURVE('',#6328,#14302);
#14302 = DEFINITIONAL_REPRESENTATION('',(#14303),#14307);
#14303 = LINE('',#14304,#14305);
#14304 = CARTESIAN_POINT('',(-0.,0.));
#14305 = VECTOR('',#14306,1.);
#14306 = DIRECTION('',(-1.,1.387778780781E-17));
#14307 = ( GEOMETRIC_REPRESENTATION_CONTEXT(2) 
PARAMETRIC_REPRESENTATION_CONTEXT() REPRESENTATION_CONTEXT('2D SPACE',''
  ) );
#14308 = ORIENTED_EDGE('',*,*,#2894,.F.);
#14309 = ADVANCED_FACE('',(#14310),#6448,.T.);
#14310 = FACE_BOUND('',#14311,.T.);
#14311 = EDGE_LOOP('',(#14312,#14313,#14314));
#14312 = ORIENTED_EDGE('',*,*,#13558,.F.);
#14313 = ORIENTED_EDGE('',*,*,#6432,.F.);
#14314 = ORIENTED_EDGE('',*,*,#14236,.F.);
#14315 = ADVANCED_FACE('',(#14316),#6420,.T.);
#14316 = FACE_BOUND('',#14317,.T.);
#14317 = EDGE_LOOP('',(#14318,#14319,#14340));
#14318 = ORIENTED_EDGE('',*,*,#6397,.F.);
#14319 = ORIENTED_EDGE('',*,*,#14320,.T.);
#14320 = EDGE_CURVE('',#6398,#9942,#14321,.T.);
#14321 = SURFACE_CURVE('',#14322,(#14326,#14333),.PCURVE_S1.);
#14322 = LINE('',#14323,#14324);
#14323 = CARTESIAN_POINT('',(191.804932,-144.761541,45.810813));
#14324 = VECTOR('',#14325,1.);
#14325 = DIRECTION('',(-0.155094645471,0.979463883144,-0.128826055451));
#14326 = PCURVE('',#6420,#14327);
#14327 = DEFINITIONAL_REPRESENTATION('',(#14328),#14332);
#14328 = LINE('',#14329,#14330);
#14329 = CARTESIAN_POINT('',(-17.77911025233,25.653875909766));
#14330 = VECTOR('',#14331,1.);
#14331 = DIRECTION('',(0.20049384816,-0.979694961123));
#14332 = ( GEOMETRIC_REPRESENTATION_CONTEXT(2) 
PARAMETRIC_REPRESENTATION_CONTEXT() REPRESENTATION_CONTEXT('2D SPACE',''
  ) );
#14333 = PCURVE('',#10007,#14334);
#14334 = DEFINITIONAL_REPRESENTATION('',(#14335),#14339);
#14335 = LINE('',#14336,#14337);
#14336 = CARTESIAN_POINT('',(-14.41178569812,-6.922683836548));
#14337 = VECTOR('',#14338,1.);
#14338 = DIRECTION('',(-0.199561088837,0.979885387085));
#14339 = ( GEOMETRIC_REPRESENTATION_CONTEXT(2) 
PARAMETRIC_REPRESENTATION_CONTEXT() REPRESENTATION_CONTEXT('2D SPACE',''
  ) );
#14340 = ORIENTED_EDGE('',*,*,#14341,.T.);
#14341 = EDGE_CURVE('',#9942,#6400,#14342,.T.);
#14342 = SURFACE_CURVE('',#14343,(#14347,#14354),.PCURVE_S1.);
#14343 = LINE('',#14344,#14345);
#14344 = CARTESIAN_POINT('',(186.679508,-112.393127,41.553489));
#14345 = VECTOR('',#14346,1.);
#14346 = DIRECTION('',(-0.589370017075,-0.516075315243,-0.62153781218));
#14347 = PCURVE('',#6420,#14348);
#14348 = DEFINITIONAL_REPRESENTATION('',(#14349),#14353);
#14349 = LINE('',#14350,#14351);
#14350 = CARTESIAN_POINT('',(-11.15337550766,-6.722174540981));
#14351 = VECTOR('',#14352,1.);
#14352 = DIRECTION('',(0.856469839346,0.516197069238));
#14353 = ( GEOMETRIC_REPRESENTATION_CONTEXT(2) 
PARAMETRIC_REPRESENTATION_CONTEXT() REPRESENTATION_CONTEXT('2D SPACE',''
  ) );
#14354 = PCURVE('',#9957,#14355);
#14355 = DEFINITIONAL_REPRESENTATION('',(#14356),#14360);
#14356 = LINE('',#14357,#14358);
#14357 = CARTESIAN_POINT('',(0.,0.));
#14358 = VECTOR('',#14359,1.);
#14359 = DIRECTION('',(0.85565237463,0.517550976996));
#14360 = ( GEOMETRIC_REPRESENTATION_CONTEXT(2) 
PARAMETRIC_REPRESENTATION_CONTEXT() REPRESENTATION_CONTEXT('2D SPACE',''
  ) );
#14361 = ADVANCED_FACE('',(#14362),#9957,.T.);
#14362 = FACE_BOUND('',#14363,.T.);
#14363 = EDGE_LOOP('',(#14364,#14365,#14366));
#14364 = ORIENTED_EDGE('',*,*,#9941,.F.);
#14365 = ORIENTED_EDGE('',*,*,#14257,.F.);
#14366 = ORIENTED_EDGE('',*,*,#14341,.F.);
#14367 = ADVANCED_FACE('',(#14368),#10007,.T.);
#14368 = FACE_BOUND('',#14369,.T.);
#14369 = EDGE_LOOP('',(#14370,#14371,#14372));
#14370 = ORIENTED_EDGE('',*,*,#9993,.F.);
#14371 = ORIENTED_EDGE('',*,*,#14320,.F.);
#14372 = ORIENTED_EDGE('',*,*,#13407,.F.);
#14373 = ADVANCED_FACE('',(#14374),#6503,.T.);
#14374 = FACE_BOUND('',#14375,.T.);
#14375 = EDGE_LOOP('',(#14376,#14377,#14378));
#14376 = ORIENTED_EDGE('',*,*,#6489,.F.);
#14377 = ORIENTED_EDGE('',*,*,#11805,.F.);
#14378 = ORIENTED_EDGE('',*,*,#9916,.F.);
#14379 = ADVANCED_FACE('',(#14380),#6606,.T.);
#14380 = FACE_BOUND('',#14381,.T.);
#14381 = EDGE_LOOP('',(#14382,#14383,#14384));
#14382 = ORIENTED_EDGE('',*,*,#9892,.F.);
#14383 = ORIENTED_EDGE('',*,*,#11755,.F.);
#14384 = ORIENTED_EDGE('',*,*,#6592,.F.);
#14385 = ADVANCED_FACE('',(#14386),#1476,.T.);
#14386 = FACE_BOUND('',#14387,.T.);
#14387 = EDGE_LOOP('',(#14388,#14389,#14390));
#14388 = ORIENTED_EDGE('',*,*,#1462,.F.);
#14389 = ORIENTED_EDGE('',*,*,#6571,.F.);
#14390 = ORIENTED_EDGE('',*,*,#14210,.F.);
#14391 = ADVANCED_FACE('',(#14392),#6382,.T.);
#14392 = FACE_BOUND('',#14393,.T.);
#14393 = EDGE_LOOP('',(#14394,#14395,#14396));
#14394 = ORIENTED_EDGE('',*,*,#6545,.F.);
#14395 = ORIENTED_EDGE('',*,*,#11703,.F.);
#14396 = ORIENTED_EDGE('',*,*,#6368,.F.);
#14397 = ADVANCED_FACE('',(#14398),#6328,.T.);
#14398 = FACE_BOUND('',#14399,.T.);
#14399 = EDGE_LOOP('',(#14400,#14401,#14402));
#14400 = ORIENTED_EDGE('',*,*,#6307,.F.);
#14401 = ORIENTED_EDGE('',*,*,#11677,.F.);
#14402 = ORIENTED_EDGE('',*,*,#14288,.F.);
#14403 = ADVANCED_FACE('',(#14404),#12237,.T.);
#14404 = FACE_BOUND('',#14405,.T.);
#14405 = EDGE_LOOP('',(#14406,#14407,#14428));
#14406 = ORIENTED_EDGE('',*,*,#13172,.F.);
#14407 = ORIENTED_EDGE('',*,*,#14408,.T.);
#14408 = EDGE_CURVE('',#4481,#3281,#14409,.T.);
#14409 = SURFACE_CURVE('',#14410,(#14414,#14421),.PCURVE_S1.);
#14410 = LINE('',#14411,#14412);
#14411 = CARTESIAN_POINT('',(230.,-65.097287,257.659103));
#14412 = VECTOR('',#14413,1.);
#14413 = DIRECTION('',(0.,-0.869457576065,-0.494007614742));
#14414 = PCURVE('',#12237,#14415);
#14415 = DEFINITIONAL_REPRESENTATION('',(#14416),#14420);
#14416 = LINE('',#14417,#14418);
#14417 = CARTESIAN_POINT('',(3.051709,-64.902713));
#14418 = VECTOR('',#14419,1.);
#14419 = DIRECTION('',(0.494007614742,0.869457576065));
#14420 = ( GEOMETRIC_REPRESENTATION_CONTEXT(2) 
PARAMETRIC_REPRESENTATION_CONTEXT() REPRESENTATION_CONTEXT('2D SPACE',''
  ) );
#14421 = PCURVE('',#6642,#14422);
#14422 = DEFINITIONAL_REPRESENTATION('',(#14423),#14427);
#14423 = LINE('',#14424,#14425);
#14424 = CARTESIAN_POINT('',(0.,-0.));
#14425 = VECTOR('',#14426,1.);
#14426 = DIRECTION('',(0.494007614742,0.869457576065));
#14427 = ( GEOMETRIC_REPRESENTATION_CONTEXT(2) 
PARAMETRIC_REPRESENTATION_CONTEXT() REPRESENTATION_CONTEXT('2D SPACE',''
  ) );
#14428 = ORIENTED_EDGE('',*,*,#12223,.F.);
#14429 = ADVANCED_FACE('',(#14430),#1566,.T.);
#14430 = FACE_BOUND('',#14431,.T.);
#14431 = EDGE_LOOP('',(#14432,#14433,#14434));
#14432 = ORIENTED_EDGE('',*,*,#13126,.F.);
#14433 = ORIENTED_EDGE('',*,*,#1552,.F.);
#14434 = ORIENTED_EDGE('',*,*,#6654,.F.);
#14435 = ADVANCED_FACE('',(#14436),#6642,.T.);
#14436 = FACE_BOUND('',#14437,.T.);
#14437 = EDGE_LOOP('',(#14438,#14439,#14440));
#14438 = ORIENTED_EDGE('',*,*,#6621,.F.);
#14439 = ORIENTED_EDGE('',*,*,#12171,.F.);
#14440 = ORIENTED_EDGE('',*,*,#14408,.F.);
#14441 = ADVANCED_FACE('',(#14442),#10138,.T.);
#14442 = FACE_BOUND('',#14443,.T.);
#14443 = EDGE_LOOP('',(#14444,#14445,#14466));
#14444 = ORIENTED_EDGE('',*,*,#13094,.F.);
#14445 = ORIENTED_EDGE('',*,*,#14446,.T.);
#14446 = EDGE_CURVE('',#4396,#10025,#14447,.T.);
#14447 = SURFACE_CURVE('',#14448,(#14452,#14459),.PCURVE_S1.);
#14448 = LINE('',#14449,#14450);
#14449 = CARTESIAN_POINT('',(230.,65.097287,257.659103));
#14450 = VECTOR('',#14451,1.);
#14451 = DIRECTION('',(0.,-0.850046026148,-0.526708414049));
#14452 = PCURVE('',#10138,#14453);
#14453 = DEFINITIONAL_REPRESENTATION('',(#14454),#14458);
#14454 = LINE('',#14455,#14456);
#14455 = CARTESIAN_POINT('',(-1.782484,-65.097287));
#14456 = VECTOR('',#14457,1.);
#14457 = DIRECTION('',(0.526708414049,0.850046026148));
#14458 = ( GEOMETRIC_REPRESENTATION_CONTEXT(2) 
PARAMETRIC_REPRESENTATION_CONTEXT() REPRESENTATION_CONTEXT('2D SPACE',''
  ) );
#14459 = PCURVE('',#6725,#14460);
#14460 = DEFINITIONAL_REPRESENTATION('',(#14461),#14465);
#14461 = LINE('',#14462,#14463);
#14462 = CARTESIAN_POINT('',(0.,0.));
#14463 = VECTOR('',#14464,1.);
#14464 = DIRECTION('',(0.526708414049,0.850046026148));
#14465 = ( GEOMETRIC_REPRESENTATION_CONTEXT(2) 
PARAMETRIC_REPRESENTATION_CONTEXT() REPRESENTATION_CONTEXT('2D SPACE',''
  ) );
#14466 = ORIENTED_EDGE('',*,*,#10124,.F.);
#14467 = ADVANCED_FACE('',(#14468),#6753,.T.);
#14468 = FACE_BOUND('',#14469,.T.);
#14469 = EDGE_LOOP('',(#14470,#14471,#14492));
#14470 = ORIENTED_EDGE('',*,*,#13048,.F.);
#14471 = ORIENTED_EDGE('',*,*,#14472,.T.);
#14472 = EDGE_CURVE('',#11505,#6738,#14473,.T.);
#14473 = SURFACE_CURVE('',#14474,(#14478,#14485),.PCURVE_S1.);
#14474 = LINE('',#14475,#14476);
#14475 = CARTESIAN_POINT('',(230.,130.,260.710812));
#14476 = VECTOR('',#14477,1.);
#14477 = DIRECTION('',(0.,-0.834464741409,-0.551061335375));
#14478 = PCURVE('',#6753,#14479);
#14479 = DEFINITIONAL_REPRESENTATION('',(#14480),#14484);
#14480 = LINE('',#14481,#14482);
#14481 = CARTESIAN_POINT('',(-3.051709,-64.902713));
#14482 = VECTOR('',#14483,1.);
#14483 = DIRECTION('',(0.551061335375,0.834464741409));
#14484 = ( GEOMETRIC_REPRESENTATION_CONTEXT(2) 
PARAMETRIC_REPRESENTATION_CONTEXT() REPRESENTATION_CONTEXT('2D SPACE',''
  ) );
#14485 = PCURVE('',#6926,#14486);
#14486 = DEFINITIONAL_REPRESENTATION('',(#14487),#14491);
#14487 = LINE('',#14488,#14489);
#14488 = CARTESIAN_POINT('',(0.,-0.));
#14489 = VECTOR('',#14490,1.);
#14490 = DIRECTION('',(0.551061335375,0.834464741409));
#14491 = ( GEOMETRIC_REPRESENTATION_CONTEXT(2) 
PARAMETRIC_REPRESENTATION_CONTEXT() REPRESENTATION_CONTEXT('2D SPACE',''
  ) );
#14492 = ORIENTED_EDGE('',*,*,#6737,.F.);
#14493 = ADVANCED_FACE('',(#14494),#6725,.T.);
#14494 = FACE_BOUND('',#14495,.T.);
#14495 = EDGE_LOOP('',(#14496,#14497,#14518));
#14496 = ORIENTED_EDGE('',*,*,#6704,.F.);
#14497 = ORIENTED_EDGE('',*,*,#14498,.T.);
#14498 = EDGE_CURVE('',#6705,#10025,#14499,.T.);
#14499 = SURFACE_CURVE('',#14500,(#14504,#14511),.PCURVE_S1.);
#14500 = LINE('',#14501,#14502);
#14501 = CARTESIAN_POINT('',(230.,65.,216.));
#14502 = VECTOR('',#14503,1.);
#14503 = DIRECTION('',(0.,-0.834478815091,0.551040023196));
#14504 = PCURVE('',#6725,#14505);
#14505 = DEFINITIONAL_REPRESENTATION('',(#14506),#14510);
#14506 = LINE('',#14507,#14508);
#14507 = CARTESIAN_POINT('',(41.659103,9.728699999999E-02));
#14508 = VECTOR('',#14509,1.);
#14509 = DIRECTION('',(-0.551040023196,0.834478815091));
#14510 = ( GEOMETRIC_REPRESENTATION_CONTEXT(2) 
PARAMETRIC_REPRESENTATION_CONTEXT() REPRESENTATION_CONTEXT('2D SPACE',''
  ) );
#14511 = PCURVE('',#10040,#14512);
#14512 = DEFINITIONAL_REPRESENTATION('',(#14513),#14517);
#14513 = LINE('',#14514,#14515);
#14514 = CARTESIAN_POINT('',(-26.,-32.5));
#14515 = VECTOR('',#14516,1.);
#14516 = DIRECTION('',(-0.551040023196,0.834478815091));
#14517 = ( GEOMETRIC_REPRESENTATION_CONTEXT(2) 
PARAMETRIC_REPRESENTATION_CONTEXT() REPRESENTATION_CONTEXT('2D SPACE',''
  ) );
#14518 = ORIENTED_EDGE('',*,*,#14446,.F.);
#14519 = ADVANCED_FACE('',(#14520),#6689,.T.);
#14520 = FACE_BOUND('',#14521,.T.);
#14521 = EDGE_LOOP('',(#14522,#14523,#14524));
#14522 = ORIENTED_EDGE('',*,*,#10077,.F.);
#14523 = ORIENTED_EDGE('',*,*,#12087,.F.);
#14524 = ORIENTED_EDGE('',*,*,#6675,.F.);
#14525 = ADVANCED_FACE('',(#14526),#10040,.T.);
#14526 = FACE_BOUND('',#14527,.T.);
#14527 = EDGE_LOOP('',(#14528,#14529,#14530));
#14528 = ORIENTED_EDGE('',*,*,#10024,.F.);
#14529 = ORIENTED_EDGE('',*,*,#14498,.F.);
#14530 = ORIENTED_EDGE('',*,*,#14531,.T.);
#14531 = EDGE_CURVE('',#6705,#6828,#14532,.T.);
#14532 = SURFACE_CURVE('',#14533,(#14537,#14544),.PCURVE_S1.);
#14533 = LINE('',#14534,#14535);
#14534 = CARTESIAN_POINT('',(230.,65.,216.));
#14535 = VECTOR('',#14536,1.);
#14536 = DIRECTION('',(0.,-0.780868809443,-0.624695047554));
#14537 = PCURVE('',#10040,#14538);
#14538 = DEFINITIONAL_REPRESENTATION('',(#14539),#14543);
#14539 = LINE('',#14540,#14541);
#14540 = CARTESIAN_POINT('',(-26.,-32.5));
#14541 = VECTOR('',#14542,1.);
#14542 = DIRECTION('',(0.624695047554,0.780868809443));
#14543 = ( GEOMETRIC_REPRESENTATION_CONTEXT(2) 
PARAMETRIC_REPRESENTATION_CONTEXT() REPRESENTATION_CONTEXT('2D SPACE',''
  ) );
#14544 = PCURVE('',#7097,#14545);
#14545 = DEFINITIONAL_REPRESENTATION('',(#14546),#14550);
#14546 = LINE('',#14547,#14548);
#14547 = CARTESIAN_POINT('',(0.,-0.));
#14548 = VECTOR('',#14549,1.);
#14549 = DIRECTION('',(0.624695047554,0.780868809443));
#14550 = ( GEOMETRIC_REPRESENTATION_CONTEXT(2) 
PARAMETRIC_REPRESENTATION_CONTEXT() REPRESENTATION_CONTEXT('2D SPACE',''
  ) );
#14551 = ADVANCED_FACE('',(#14552),#6815,.T.);
#14552 = FACE_BOUND('',#14553,.T.);
#14553 = EDGE_LOOP('',(#14554,#14555,#14556));
#14554 = ORIENTED_EDGE('',*,*,#6794,.F.);
#14555 = ORIENTED_EDGE('',*,*,#12035,.F.);
#14556 = ORIENTED_EDGE('',*,*,#10099,.F.);
#14557 = ADVANCED_FACE('',(#14558),#6926,.T.);
#14558 = FACE_BOUND('',#14559,.T.);
#14559 = EDGE_LOOP('',(#14560,#14561,#14562));
#14560 = ORIENTED_EDGE('',*,*,#11504,.F.);
#14561 = ORIENTED_EDGE('',*,*,#6910,.F.);
#14562 = ORIENTED_EDGE('',*,*,#14472,.F.);
#14563 = ADVANCED_FACE('',(#14564),#6952,.T.);
#14564 = FACE_BOUND('',#14565,.T.);
#14565 = EDGE_LOOP('',(#14566,#14567,#14568));
#14566 = ORIENTED_EDGE('',*,*,#13951,.F.);
#14567 = ORIENTED_EDGE('',*,*,#10247,.F.);
#14568 = ORIENTED_EDGE('',*,*,#6938,.F.);
#14569 = ADVANCED_FACE('',(#14570),#6779,.T.);
#14570 = FACE_BOUND('',#14571,.T.);
#14571 = EDGE_LOOP('',(#14572,#14573,#14574));
#14572 = ORIENTED_EDGE('',*,*,#6884,.F.);
#14573 = ORIENTED_EDGE('',*,*,#10221,.F.);
#14574 = ORIENTED_EDGE('',*,*,#6765,.F.);
#14575 = ADVANCED_FACE('',(#14576),#7014,.T.);
#14576 = FACE_BOUND('',#14577,.T.);
#14577 = EDGE_LOOP('',(#14578,#14579,#14580));
#14578 = ORIENTED_EDGE('',*,*,#13905,.F.);
#14579 = ORIENTED_EDGE('',*,*,#7000,.F.);
#14580 = ORIENTED_EDGE('',*,*,#10268,.F.);
#14581 = ADVANCED_FACE('',(#14582),#7040,.T.);
#14582 = FACE_BOUND('',#14583,.T.);
#14583 = EDGE_LOOP('',(#14584,#14585,#14611));
#14584 = ORIENTED_EDGE('',*,*,#13879,.F.);
#14585 = ORIENTED_EDGE('',*,*,#14586,.T.);
#14586 = EDGE_CURVE('',#5755,#6968,#14587,.T.);
#14587 = SURFACE_CURVE('',#14588,(#14592,#14599),.PCURVE_S1.);
#14588 = LINE('',#14589,#14590);
#14589 = CARTESIAN_POINT('',(230.,130.,60.));
#14590 = VECTOR('',#14591,1.);
#14591 = DIRECTION('',(0.,-0.780868809443,0.624695047554));
#14592 = PCURVE('',#7040,#14593);
#14593 = DEFINITIONAL_REPRESENTATION('',(#14594),#14598);
#14594 = LINE('',#14595,#14596);
#14595 = CARTESIAN_POINT('',(52.,0.));
#14596 = VECTOR('',#14597,1.);
#14597 = DIRECTION('',(-0.624695047554,0.780868809443));
#14598 = ( GEOMETRIC_REPRESENTATION_CONTEXT(2) 
PARAMETRIC_REPRESENTATION_CONTEXT() REPRESENTATION_CONTEXT('2D SPACE',''
  ) );
#14599 = PCURVE('',#14600,#14605);
#14600 = PLANE('',#14601);
#14601 = AXIS2_PLACEMENT_3D('',#14602,#14603,#14604);
#14602 = CARTESIAN_POINT('',(230.,130.,60.));
#14603 = DIRECTION('',(-1.,0.,0.));
#14604 = DIRECTION('',(0.,0.,-1.));
#14605 = DEFINITIONAL_REPRESENTATION('',(#14606),#14610);
#14606 = LINE('',#14607,#14608);
#14607 = CARTESIAN_POINT('',(0.,-0.));
#14608 = VECTOR('',#14609,1.);
#14609 = DIRECTION('',(-0.624695047554,0.780868809443));
#14610 = ( GEOMETRIC_REPRESENTATION_CONTEXT(2) 
PARAMETRIC_REPRESENTATION_CONTEXT() REPRESENTATION_CONTEXT('2D SPACE',''
  ) );
#14611 = ORIENTED_EDGE('',*,*,#7026,.F.);
#14612 = ADVANCED_FACE('',(#14613),#6988,.T.);
#14613 = FACE_BOUND('',#14614,.T.);
#14614 = EDGE_LOOP('',(#14615,#14616,#14637));
#14615 = ORIENTED_EDGE('',*,*,#6967,.F.);
#14616 = ORIENTED_EDGE('',*,*,#14617,.T.);
#14617 = EDGE_CURVE('',#6968,#7139,#14618,.T.);
#14618 = SURFACE_CURVE('',#14619,(#14623,#14630),.PCURVE_S1.);
#14619 = LINE('',#14620,#14621);
#14620 = CARTESIAN_POINT('',(230.,97.5,86.));
#14621 = VECTOR('',#14622,1.);
#14622 = DIRECTION('',(0.,-0.780868809443,0.624695047554));
#14623 = PCURVE('',#6988,#14624);
#14624 = DEFINITIONAL_REPRESENTATION('',(#14625),#14629);
#14625 = LINE('',#14626,#14627);
#14626 = CARTESIAN_POINT('',(52.,0.));
#14627 = VECTOR('',#14628,1.);
#14628 = DIRECTION('',(-0.624695047554,0.780868809443));
#14629 = ( GEOMETRIC_REPRESENTATION_CONTEXT(2) 
PARAMETRIC_REPRESENTATION_CONTEXT() REPRESENTATION_CONTEXT('2D SPACE',''
  ) );
#14630 = PCURVE('',#7161,#14631);
#14631 = DEFINITIONAL_REPRESENTATION('',(#14632),#14636);
#14632 = LINE('',#14633,#14634);
#14633 = CARTESIAN_POINT('',(-26.,-32.5));
#14634 = VECTOR('',#14635,1.);
#14635 = DIRECTION('',(-0.624695047554,0.780868809443));
#14636 = ( GEOMETRIC_REPRESENTATION_CONTEXT(2) 
PARAMETRIC_REPRESENTATION_CONTEXT() REPRESENTATION_CONTEXT('2D SPACE',''
  ) );
#14637 = ORIENTED_EDGE('',*,*,#10176,.F.);
#14638 = ADVANCED_FACE('',(#14639),#7097,.T.);
#14639 = FACE_BOUND('',#14640,.T.);
#14640 = EDGE_LOOP('',(#14641,#14642,#14643));
#14641 = ORIENTED_EDGE('',*,*,#10200,.F.);
#14642 = ORIENTED_EDGE('',*,*,#7083,.F.);
#14643 = ORIENTED_EDGE('',*,*,#14531,.F.);
#14644 = ADVANCED_FACE('',(#14645),#7123,.T.);
#14645 = FACE_BOUND('',#14646,.T.);
#14646 = EDGE_LOOP('',(#14647,#14648,#14669));
#14647 = ORIENTED_EDGE('',*,*,#10154,.F.);
#14648 = ORIENTED_EDGE('',*,*,#14649,.T.);
#14649 = EDGE_CURVE('',#7139,#7056,#14650,.T.);
#14650 = SURFACE_CURVE('',#14651,(#14655,#14662),.PCURVE_S1.);
#14651 = LINE('',#14652,#14653);
#14652 = CARTESIAN_POINT('',(230.,65.,112.));
#14653 = VECTOR('',#14654,1.);
#14654 = DIRECTION('',(0.,-0.780868809443,0.624695047554));
#14655 = PCURVE('',#7123,#14656);
#14656 = DEFINITIONAL_REPRESENTATION('',(#14657),#14661);
#14657 = LINE('',#14658,#14659);
#14658 = CARTESIAN_POINT('',(52.,0.));
#14659 = VECTOR('',#14660,1.);
#14660 = DIRECTION('',(-0.624695047554,0.780868809443));
#14661 = ( GEOMETRIC_REPRESENTATION_CONTEXT(2) 
PARAMETRIC_REPRESENTATION_CONTEXT() REPRESENTATION_CONTEXT('2D SPACE',''
  ) );
#14662 = PCURVE('',#7208,#14663);
#14663 = DEFINITIONAL_REPRESENTATION('',(#14664),#14668);
#14664 = LINE('',#14665,#14666);
#14665 = CARTESIAN_POINT('',(-26.,-32.5));
#14666 = VECTOR('',#14667,1.);
#14667 = DIRECTION('',(-0.624695047554,0.780868809443));
#14668 = ( GEOMETRIC_REPRESENTATION_CONTEXT(2) 
PARAMETRIC_REPRESENTATION_CONTEXT() REPRESENTATION_CONTEXT('2D SPACE',''
  ) );
#14669 = ORIENTED_EDGE('',*,*,#7109,.F.);
#14670 = ADVANCED_FACE('',(#14671),#6869,.T.);
#14671 = FACE_BOUND('',#14672,.T.);
#14672 = EDGE_LOOP('',(#14673,#14674,#14695));
#14673 = ORIENTED_EDGE('',*,*,#7055,.F.);
#14674 = ORIENTED_EDGE('',*,*,#14675,.T.);
#14675 = EDGE_CURVE('',#7056,#6795,#14676,.T.);
#14676 = SURFACE_CURVE('',#14677,(#14681,#14688),.PCURVE_S1.);
#14677 = LINE('',#14678,#14679);
#14678 = CARTESIAN_POINT('',(230.,32.5,138.));
#14679 = VECTOR('',#14680,1.);
#14680 = DIRECTION('',(0.,-0.780868809443,0.624695047554));
#14681 = PCURVE('',#6869,#14682);
#14682 = DEFINITIONAL_REPRESENTATION('',(#14683),#14687);
#14683 = LINE('',#14684,#14685);
#14684 = CARTESIAN_POINT('',(52.,0.));
#14685 = VECTOR('',#14686,1.);
#14686 = DIRECTION('',(-0.624695047554,0.780868809443));
#14687 = ( GEOMETRIC_REPRESENTATION_CONTEXT(2) 
PARAMETRIC_REPRESENTATION_CONTEXT() REPRESENTATION_CONTEXT('2D SPACE',''
  ) );
#14688 = PCURVE('',#7327,#14689);
#14689 = DEFINITIONAL_REPRESENTATION('',(#14690),#14694);
#14690 = LINE('',#14691,#14692);
#14691 = CARTESIAN_POINT('',(-26.,-32.5));
#14692 = VECTOR('',#14693,1.);
#14693 = DIRECTION('',(-0.624695047554,0.780868809443));
#14694 = ( GEOMETRIC_REPRESENTATION_CONTEXT(2) 
PARAMETRIC_REPRESENTATION_CONTEXT() REPRESENTATION_CONTEXT('2D SPACE',''
  ) );
#14695 = ORIENTED_EDGE('',*,*,#6855,.F.);
#14696 = ADVANCED_FACE('',(#14697),#14600,.T.);
#14697 = FACE_BOUND('',#14698,.T.);
#14698 = EDGE_LOOP('',(#14699,#14725,#14746));
#14699 = ORIENTED_EDGE('',*,*,#14700,.T.);
#14700 = EDGE_CURVE('',#5755,#7141,#14701,.T.);
#14701 = SURFACE_CURVE('',#14702,(#14706,#14713),.PCURVE_S1.);
#14702 = LINE('',#14703,#14704);
#14703 = CARTESIAN_POINT('',(230.,130.,60.));
#14704 = VECTOR('',#14705,1.);
#14705 = DIRECTION('',(0.,-1.,0.));
#14706 = PCURVE('',#14600,#14707);
#14707 = DEFINITIONAL_REPRESENTATION('',(#14708),#14712);
#14708 = LINE('',#14709,#14710);
#14709 = CARTESIAN_POINT('',(0.,-0.));
#14710 = VECTOR('',#14711,1.);
#14711 = DIRECTION('',(0.,1.));
#14712 = ( GEOMETRIC_REPRESENTATION_CONTEXT(2) 
PARAMETRIC_REPRESENTATION_CONTEXT() REPRESENTATION_CONTEXT('2D SPACE',''
  ) );
#14713 = PCURVE('',#14714,#14719);
#14714 = PLANE('',#14715);
#14715 = AXIS2_PLACEMENT_3D('',#14716,#14717,#14718);
#14716 = CARTESIAN_POINT('',(230.,65.,60.));
#14717 = DIRECTION('',(-0.,0.,1.));
#14718 = DIRECTION('',(1.,0.,0.));
#14719 = DEFINITIONAL_REPRESENTATION('',(#14720),#14724);
#14720 = LINE('',#14721,#14722);
#14721 = CARTESIAN_POINT('',(0.,65.));
#14722 = VECTOR('',#14723,1.);
#14723 = DIRECTION('',(0.,-1.));
#14724 = ( GEOMETRIC_REPRESENTATION_CONTEXT(2) 
PARAMETRIC_REPRESENTATION_CONTEXT() REPRESENTATION_CONTEXT('2D SPACE',''
  ) );
#14725 = ORIENTED_EDGE('',*,*,#14726,.T.);
#14726 = EDGE_CURVE('',#7141,#6968,#14727,.T.);
#14727 = SURFACE_CURVE('',#14728,(#14732,#14739),.PCURVE_S1.);
#14728 = LINE('',#14729,#14730);
#14729 = CARTESIAN_POINT('',(230.,65.,60.));
#14730 = VECTOR('',#14731,1.);
#14731 = DIRECTION('',(0.,0.780868809443,0.624695047554));
#14732 = PCURVE('',#14600,#14733);
#14733 = DEFINITIONAL_REPRESENTATION('',(#14734),#14738);
#14734 = LINE('',#14735,#14736);
#14735 = CARTESIAN_POINT('',(0.,65.));
#14736 = VECTOR('',#14737,1.);
#14737 = DIRECTION('',(-0.624695047554,-0.780868809443));
#14738 = ( GEOMETRIC_REPRESENTATION_CONTEXT(2) 
PARAMETRIC_REPRESENTATION_CONTEXT() REPRESENTATION_CONTEXT('2D SPACE',''
  ) );
#14739 = PCURVE('',#7161,#14740);
#14740 = DEFINITIONAL_REPRESENTATION('',(#14741),#14745);
#14741 = LINE('',#14742,#14743);
#14742 = CARTESIAN_POINT('',(0.,0.));
#14743 = VECTOR('',#14744,1.);
#14744 = DIRECTION('',(-0.624695047554,-0.780868809443));
#14745 = ( GEOMETRIC_REPRESENTATION_CONTEXT(2) 
PARAMETRIC_REPRESENTATION_CONTEXT() REPRESENTATION_CONTEXT('2D SPACE',''
  ) );
#14746 = ORIENTED_EDGE('',*,*,#14586,.F.);
#14747 = ADVANCED_FACE('',(#14748),#1750,.T.);
#14748 = FACE_BOUND('',#14749,.T.);
#14749 = EDGE_LOOP('',(#14750,#14771,#14772));
#14750 = ORIENTED_EDGE('',*,*,#14751,.T.);
#14751 = EDGE_CURVE('',#7141,#1674,#14752,.T.);
#14752 = SURFACE_CURVE('',#14753,(#14757,#14764),.PCURVE_S1.);
#14753 = LINE('',#14754,#14755);
#14754 = CARTESIAN_POINT('',(230.,65.,60.));
#14755 = VECTOR('',#14756,1.);
#14756 = DIRECTION('',(0.,-1.,0.));
#14757 = PCURVE('',#1750,#14758);
#14758 = DEFINITIONAL_REPRESENTATION('',(#14759),#14763);
#14759 = LINE('',#14760,#14761);
#14760 = CARTESIAN_POINT('',(0.,0.));
#14761 = VECTOR('',#14762,1.);
#14762 = DIRECTION('',(0.,1.));
#14763 = ( GEOMETRIC_REPRESENTATION_CONTEXT(2) 
PARAMETRIC_REPRESENTATION_CONTEXT() REPRESENTATION_CONTEXT('2D SPACE',''
  ) );
#14764 = PCURVE('',#7436,#14765);
#14765 = DEFINITIONAL_REPRESENTATION('',(#14766),#14770);
#14766 = LINE('',#14767,#14768);
#14767 = CARTESIAN_POINT('',(0.,65.));
#14768 = VECTOR('',#14769,1.);
#14769 = DIRECTION('',(0.,-1.));
#14770 = ( GEOMETRIC_REPRESENTATION_CONTEXT(2) 
PARAMETRIC_REPRESENTATION_CONTEXT() REPRESENTATION_CONTEXT('2D SPACE',''
  ) );
#14771 = ORIENTED_EDGE('',*,*,#1736,.F.);
#14772 = ORIENTED_EDGE('',*,*,#7173,.F.);
#14773 = ADVANCED_FACE('',(#14774),#7161,.T.);
#14774 = FACE_BOUND('',#14775,.T.);
#14775 = EDGE_LOOP('',(#14776,#14777,#14778));
#14776 = ORIENTED_EDGE('',*,*,#7138,.F.);
#14777 = ORIENTED_EDGE('',*,*,#14617,.F.);
#14778 = ORIENTED_EDGE('',*,*,#14726,.F.);
#14779 = ADVANCED_FACE('',(#14780),#10406,.T.);
#14780 = FACE_BOUND('',#14781,.T.);
#14781 = EDGE_LOOP('',(#14782,#14803,#14824));
#14782 = ORIENTED_EDGE('',*,*,#14783,.T.);
#14783 = EDGE_CURVE('',#1674,#7226,#14784,.T.);
#14784 = SURFACE_CURVE('',#14785,(#14789,#14796),.PCURVE_S1.);
#14785 = LINE('',#14786,#14787);
#14786 = CARTESIAN_POINT('',(230.,0.,60.));
#14787 = VECTOR('',#14788,1.);
#14788 = DIRECTION('',(0.,-1.,0.));
#14789 = PCURVE('',#10406,#14790);
#14790 = DEFINITIONAL_REPRESENTATION('',(#14791),#14795);
#14791 = LINE('',#14792,#14793);
#14792 = CARTESIAN_POINT('',(0.,-0.));
#14793 = VECTOR('',#14794,1.);
#14794 = DIRECTION('',(0.,1.));
#14795 = ( GEOMETRIC_REPRESENTATION_CONTEXT(2) 
PARAMETRIC_REPRESENTATION_CONTEXT() REPRESENTATION_CONTEXT('2D SPACE',''
  ) );
#14796 = PCURVE('',#7684,#14797);
#14797 = DEFINITIONAL_REPRESENTATION('',(#14798),#14802);
#14798 = LINE('',#14799,#14800);
#14799 = CARTESIAN_POINT('',(0.,65.));
#14800 = VECTOR('',#14801,1.);
#14801 = DIRECTION('',(0.,-1.));
#14802 = ( GEOMETRIC_REPRESENTATION_CONTEXT(2) 
PARAMETRIC_REPRESENTATION_CONTEXT() REPRESENTATION_CONTEXT('2D SPACE',''
  ) );
#14803 = ORIENTED_EDGE('',*,*,#14804,.T.);
#14804 = EDGE_CURVE('',#7226,#10293,#14805,.T.);
#14805 = SURFACE_CURVE('',#14806,(#14810,#14817),.PCURVE_S1.);
#14806 = LINE('',#14807,#14808);
#14807 = CARTESIAN_POINT('',(230.,-65.,60.));
#14808 = VECTOR('',#14809,1.);
#14809 = DIRECTION('',(0.,0.780868809443,0.624695047554));
#14810 = PCURVE('',#10406,#14811);
#14811 = DEFINITIONAL_REPRESENTATION('',(#14812),#14816);
#14812 = LINE('',#14813,#14814);
#14813 = CARTESIAN_POINT('',(0.,65.));
#14814 = VECTOR('',#14815,1.);
#14815 = DIRECTION('',(-0.624695047554,-0.780868809443));
#14816 = ( GEOMETRIC_REPRESENTATION_CONTEXT(2) 
PARAMETRIC_REPRESENTATION_CONTEXT() REPRESENTATION_CONTEXT('2D SPACE',''
  ) );
#14817 = PCURVE('',#7246,#14818);
#14818 = DEFINITIONAL_REPRESENTATION('',(#14819),#14823);
#14819 = LINE('',#14820,#14821);
#14820 = CARTESIAN_POINT('',(0.,0.));
#14821 = VECTOR('',#14822,1.);
#14822 = DIRECTION('',(-0.624695047554,-0.780868809443));
#14823 = ( GEOMETRIC_REPRESENTATION_CONTEXT(2) 
PARAMETRIC_REPRESENTATION_CONTEXT() REPRESENTATION_CONTEXT('2D SPACE',''
  ) );
#14824 = ORIENTED_EDGE('',*,*,#10392,.F.);
#14825 = ADVANCED_FACE('',(#14826),#7272,.T.);
#14826 = FACE_BOUND('',#14827,.T.);
#14827 = EDGE_LOOP('',(#14828,#14849,#14850));
#14828 = ORIENTED_EDGE('',*,*,#14829,.T.);
#14829 = EDGE_CURVE('',#7226,#11981,#14830,.T.);
#14830 = SURFACE_CURVE('',#14831,(#14835,#14842),.PCURVE_S1.);
#14831 = LINE('',#14832,#14833);
#14832 = CARTESIAN_POINT('',(230.,-65.,60.));
#14833 = VECTOR('',#14834,1.);
#14834 = DIRECTION('',(0.,-1.,0.));
#14835 = PCURVE('',#7272,#14836);
#14836 = DEFINITIONAL_REPRESENTATION('',(#14837),#14841);
#14837 = LINE('',#14838,#14839);
#14838 = CARTESIAN_POINT('',(0.,0.));
#14839 = VECTOR('',#14840,1.);
#14840 = DIRECTION('',(0.,1.));
#14841 = ( GEOMETRIC_REPRESENTATION_CONTEXT(2) 
PARAMETRIC_REPRESENTATION_CONTEXT() REPRESENTATION_CONTEXT('2D SPACE',''
  ) );
#14842 = PCURVE('',#7626,#14843);
#14843 = DEFINITIONAL_REPRESENTATION('',(#14844),#14848);
#14844 = LINE('',#14845,#14846);
#14845 = CARTESIAN_POINT('',(0.,65.));
#14846 = VECTOR('',#14847,1.);
#14847 = DIRECTION('',(0.,-1.));
#14848 = ( GEOMETRIC_REPRESENTATION_CONTEXT(2) 
PARAMETRIC_REPRESENTATION_CONTEXT() REPRESENTATION_CONTEXT('2D SPACE',''
  ) );
#14849 = ORIENTED_EDGE('',*,*,#12117,.F.);
#14850 = ORIENTED_EDGE('',*,*,#7258,.F.);
#14851 = ADVANCED_FACE('',(#14852),#7246,.T.);
#14852 = FACE_BOUND('',#14853,.T.);
#14853 = EDGE_LOOP('',(#14854,#14855,#14876));
#14854 = ORIENTED_EDGE('',*,*,#7223,.F.);
#14855 = ORIENTED_EDGE('',*,*,#14856,.T.);
#14856 = EDGE_CURVE('',#7224,#10293,#14857,.T.);
#14857 = SURFACE_CURVE('',#14858,(#14862,#14869),.PCURVE_S1.);
#14858 = LINE('',#14859,#14860);
#14859 = CARTESIAN_POINT('',(230.,-65.,112.));
#14860 = VECTOR('',#14861,1.);
#14861 = DIRECTION('',(0.,0.780868809443,-0.624695047554));
#14862 = PCURVE('',#7246,#14863);
#14863 = DEFINITIONAL_REPRESENTATION('',(#14864),#14868);
#14864 = LINE('',#14865,#14866);
#14865 = CARTESIAN_POINT('',(-52.,0.));
#14866 = VECTOR('',#14867,1.);
#14867 = DIRECTION('',(0.624695047554,-0.780868809443));
#14868 = ( GEOMETRIC_REPRESENTATION_CONTEXT(2) 
PARAMETRIC_REPRESENTATION_CONTEXT() REPRESENTATION_CONTEXT('2D SPACE',''
  ) );
#14869 = PCURVE('',#10308,#14870);
#14870 = DEFINITIONAL_REPRESENTATION('',(#14871),#14875);
#14871 = LINE('',#14872,#14873);
#14872 = CARTESIAN_POINT('',(26.,32.5));
#14873 = VECTOR('',#14874,1.);
#14874 = DIRECTION('',(0.624695047554,-0.780868809443));
#14875 = ( GEOMETRIC_REPRESENTATION_CONTEXT(2) 
PARAMETRIC_REPRESENTATION_CONTEXT() REPRESENTATION_CONTEXT('2D SPACE',''
  ) );
#14876 = ORIENTED_EDGE('',*,*,#14804,.F.);
#14877 = ADVANCED_FACE('',(#14878),#7208,.T.);
#14878 = FACE_BOUND('',#14879,.T.);
#14879 = EDGE_LOOP('',(#14880,#14881,#14882));
#14880 = ORIENTED_EDGE('',*,*,#10345,.F.);
#14881 = ORIENTED_EDGE('',*,*,#14649,.F.);
#14882 = ORIENTED_EDGE('',*,*,#7194,.F.);
#14883 = ADVANCED_FACE('',(#14884),#10308,.T.);
#14884 = FACE_BOUND('',#14885,.T.);
#14885 = EDGE_LOOP('',(#14886,#14887,#14888));
#14886 = ORIENTED_EDGE('',*,*,#10292,.F.);
#14887 = ORIENTED_EDGE('',*,*,#14856,.F.);
#14888 = ORIENTED_EDGE('',*,*,#12059,.F.);
#14889 = ADVANCED_FACE('',(#14890),#7327,.T.);
#14890 = FACE_BOUND('',#14891,.T.);
#14891 = EDGE_LOOP('',(#14892,#14893,#14894));
#14892 = ORIENTED_EDGE('',*,*,#7308,.F.);
#14893 = ORIENTED_EDGE('',*,*,#14675,.F.);
#14894 = ORIENTED_EDGE('',*,*,#10367,.F.);
#14895 = ADVANCED_FACE('',(#14896),#7626,.T.);
#14896 = FACE_BOUND('',#14897,.T.);
#14897 = EDGE_LOOP('',(#14898,#14899,#14900));
#14898 = ORIENTED_EDGE('',*,*,#14829,.F.);
#14899 = ORIENTED_EDGE('',*,*,#7612,.F.);
#14900 = ORIENTED_EDGE('',*,*,#12274,.F.);
#14901 = ADVANCED_FACE('',(#14902),#7684,.T.);
#14902 = FACE_BOUND('',#14903,.T.);
#14903 = EDGE_LOOP('',(#14904,#14905,#14906));
#14904 = ORIENTED_EDGE('',*,*,#14783,.F.);
#14905 = ORIENTED_EDGE('',*,*,#7670,.F.);
#14906 = ORIENTED_EDGE('',*,*,#14907,.T.);
#14907 = EDGE_CURVE('',#7643,#7226,#14908,.T.);
#14908 = SURFACE_CURVE('',#14909,(#14913,#14920),.PCURVE_S1.);
#14909 = LINE('',#14910,#14911);
#14910 = CARTESIAN_POINT('',(221.222928,-32.5,60.));
#14911 = VECTOR('',#14912,1.);
#14912 = DIRECTION('',(0.260723218621,-0.965413591821,0.));
#14913 = PCURVE('',#7684,#14914);
#14914 = DEFINITIONAL_REPRESENTATION('',(#14915),#14919);
#14915 = LINE('',#14916,#14917);
#14916 = CARTESIAN_POINT('',(-8.777072,32.5));
#14917 = VECTOR('',#14918,1.);
#14918 = DIRECTION('',(0.260723218621,-0.965413591821));
#14919 = ( GEOMETRIC_REPRESENTATION_CONTEXT(2) 
PARAMETRIC_REPRESENTATION_CONTEXT() REPRESENTATION_CONTEXT('2D SPACE',''
  ) );
#14920 = PCURVE('',#7572,#14921);
#14921 = DEFINITIONAL_REPRESENTATION('',(#14922),#14926);
#14922 = LINE('',#14923,#14924);
#14923 = CARTESIAN_POINT('',(4.794828,33.099759));
#14924 = VECTOR('',#14925,1.);
#14925 = DIRECTION('',(0.260723218621,-0.965413591821));
#14926 = ( GEOMETRIC_REPRESENTATION_CONTEXT(2) 
PARAMETRIC_REPRESENTATION_CONTEXT() REPRESENTATION_CONTEXT('2D SPACE',''
  ) );
#14927 = ADVANCED_FACE('',(#14928),#7436,.T.);
#14928 = FACE_BOUND('',#14929,.T.);
#14929 = EDGE_LOOP('',(#14930,#14931,#14932));
#14930 = ORIENTED_EDGE('',*,*,#14751,.F.);
#14931 = ORIENTED_EDGE('',*,*,#7529,.F.);
#14932 = ORIENTED_EDGE('',*,*,#7420,.F.);
#14933 = ADVANCED_FACE('',(#14934),#14714,.T.);
#14934 = FACE_BOUND('',#14935,.T.);
#14935 = EDGE_LOOP('',(#14936,#14937,#14960));
#14936 = ORIENTED_EDGE('',*,*,#14700,.F.);
#14937 = ORIENTED_EDGE('',*,*,#14938,.T.);
#14938 = EDGE_CURVE('',#5755,#14939,#14941,.T.);
#14939 = VERTEX_POINT('',#14940);
#14940 = CARTESIAN_POINT('',(221.600958,97.800856,60.));
#14941 = SURFACE_CURVE('',#14942,(#14946,#14953),.PCURVE_S1.);
#14942 = LINE('',#14943,#14944);
#14943 = CARTESIAN_POINT('',(230.,130.,60.));
#14944 = VECTOR('',#14945,1.);
#14945 = DIRECTION('',(-0.25240122538,-0.967622664796,0.));
#14946 = PCURVE('',#14714,#14947);
#14947 = DEFINITIONAL_REPRESENTATION('',(#14948),#14952);
#14948 = LINE('',#14949,#14950);
#14949 = CARTESIAN_POINT('',(0.,65.));
#14950 = VECTOR('',#14951,1.);
#14951 = DIRECTION('',(-0.25240122538,-0.967622664796));
#14952 = ( GEOMETRIC_REPRESENTATION_CONTEXT(2) 
PARAMETRIC_REPRESENTATION_CONTEXT() REPRESENTATION_CONTEXT('2D SPACE',''
  ) );
#14953 = PCURVE('',#11944,#14954);
#14954 = DEFINITIONAL_REPRESENTATION('',(#14955),#14959);
#14955 = LINE('',#14956,#14957);
#14956 = CARTESIAN_POINT('',(0.,0.));
#14957 = VECTOR('',#14958,1.);
#14958 = DIRECTION('',(0.25240122538,-0.967622664796));
#14959 = ( GEOMETRIC_REPRESENTATION_CONTEXT(2) 
PARAMETRIC_REPRESENTATION_CONTEXT() REPRESENTATION_CONTEXT('2D SPACE',''
  ) );
#14960 = ORIENTED_EDGE('',*,*,#14961,.T.);
#14961 = EDGE_CURVE('',#14939,#7141,#14962,.T.);
#14962 = SURFACE_CURVE('',#14963,(#14967,#14974),.PCURVE_S1.);
#14963 = LINE('',#14964,#14965);
#14964 = CARTESIAN_POINT('',(221.600958,97.800856,60.));
#14965 = VECTOR('',#14966,1.);
#14966 = DIRECTION('',(0.248058478879,-0.968745059887,0.));
#14967 = PCURVE('',#14714,#14968);
#14968 = DEFINITIONAL_REPRESENTATION('',(#14969),#14973);
#14969 = LINE('',#14970,#14971);
#14970 = CARTESIAN_POINT('',(-8.399042,32.800856));
#14971 = VECTOR('',#14972,1.);
#14972 = DIRECTION('',(0.248058478879,-0.968745059887));
#14973 = ( GEOMETRIC_REPRESENTATION_CONTEXT(2) 
PARAMETRIC_REPRESENTATION_CONTEXT() REPRESENTATION_CONTEXT('2D SPACE',''
  ) );
#14974 = PCURVE('',#7496,#14975);
#14975 = DEFINITIONAL_REPRESENTATION('',(#14976),#14980);
#14976 = LINE('',#14977,#14978);
#14977 = CARTESIAN_POINT('',(5.172858,32.201097));
#14978 = VECTOR('',#14979,1.);
#14979 = DIRECTION('',(0.248058478879,-0.968745059887));
#14980 = ( GEOMETRIC_REPRESENTATION_CONTEXT(2) 
PARAMETRIC_REPRESENTATION_CONTEXT() REPRESENTATION_CONTEXT('2D SPACE',''
  ) );
#14981 = ADVANCED_FACE('',(#14982),#11944,.T.);
#14982 = FACE_BOUND('',#14983,.T.);
#14983 = EDGE_LOOP('',(#14984,#14985,#15006));
#14984 = ORIENTED_EDGE('',*,*,#11930,.F.);
#14985 = ORIENTED_EDGE('',*,*,#14986,.T.);
#14986 = EDGE_CURVE('',#3011,#14939,#14987,.T.);
#14987 = SURFACE_CURVE('',#14988,(#14992,#14999),.PCURVE_S1.);
#14988 = LINE('',#14989,#14990);
#14989 = CARTESIAN_POINT('',(216.4281,65.599759,60.));
#14990 = VECTOR('',#14991,1.);
#14991 = DIRECTION('',(0.158608801569,0.987341505288,0.));
#14992 = PCURVE('',#11944,#14993);
#14993 = DEFINITIONAL_REPRESENTATION('',(#14994),#14998);
#14994 = LINE('',#14995,#14996);
#14995 = CARTESIAN_POINT('',(13.5719,-64.400241));
#14996 = VECTOR('',#14997,1.);
#14997 = DIRECTION('',(-0.158608801569,0.987341505288));
#14998 = ( GEOMETRIC_REPRESENTATION_CONTEXT(2) 
PARAMETRIC_REPRESENTATION_CONTEXT() REPRESENTATION_CONTEXT('2D SPACE',''
  ) );
#14999 = PCURVE('',#7496,#15000);
#15000 = DEFINITIONAL_REPRESENTATION('',(#15001),#15005);
#15001 = LINE('',#15002,#15003);
#15002 = CARTESIAN_POINT('',(0.,0.));
#15003 = VECTOR('',#15004,1.);
#15004 = DIRECTION('',(0.158608801569,0.987341505288));
#15005 = ( GEOMETRIC_REPRESENTATION_CONTEXT(2) 
PARAMETRIC_REPRESENTATION_CONTEXT() REPRESENTATION_CONTEXT('2D SPACE',''
  ) );
#15006 = ORIENTED_EDGE('',*,*,#14938,.F.);
#15007 = ADVANCED_FACE('',(#15008),#7462,.T.);
#15008 = FACE_BOUND('',#15009,.T.);
#15009 = EDGE_LOOP('',(#15010,#15011,#15012));
#15010 = ORIENTED_EDGE('',*,*,#11904,.F.);
#15011 = ORIENTED_EDGE('',*,*,#7448,.F.);
#15012 = ORIENTED_EDGE('',*,*,#7508,.F.);
#15013 = ADVANCED_FACE('',(#15014),#7496,.T.);
#15014 = FACE_BOUND('',#15015,.T.);
#15015 = EDGE_LOOP('',(#15016,#15017,#15018));
#15016 = ORIENTED_EDGE('',*,*,#7477,.F.);
#15017 = ORIENTED_EDGE('',*,*,#14961,.F.);
#15018 = ORIENTED_EDGE('',*,*,#14986,.F.);
#15019 = ADVANCED_FACE('',(#15020),#7658,.T.);
#15020 = FACE_BOUND('',#15021,.T.);
#15021 = EDGE_LOOP('',(#15022,#15023,#15044));
#15022 = ORIENTED_EDGE('',*,*,#11852,.F.);
#15023 = ORIENTED_EDGE('',*,*,#15024,.T.);
#15024 = EDGE_CURVE('',#2926,#7643,#15025,.T.);
#15025 = SURFACE_CURVE('',#15026,(#15030,#15037),.PCURVE_S1.);
#15026 = LINE('',#15027,#15028);
#15027 = CARTESIAN_POINT('',(216.4281,-65.599759,60.));
#15028 = VECTOR('',#15029,1.);
#15029 = DIRECTION('',(0.143363517959,0.989670097415,0.));
#15030 = PCURVE('',#7658,#15031);
#15031 = DEFINITIONAL_REPRESENTATION('',(#15032),#15036);
#15032 = LINE('',#15033,#15034);
#15033 = CARTESIAN_POINT('',(-0.788173,-65.599759));
#15034 = VECTOR('',#15035,1.);
#15035 = DIRECTION('',(0.143363517959,0.989670097415));
#15036 = ( GEOMETRIC_REPRESENTATION_CONTEXT(2) 
PARAMETRIC_REPRESENTATION_CONTEXT() REPRESENTATION_CONTEXT('2D SPACE',''
  ) );
#15037 = PCURVE('',#7572,#15038);
#15038 = DEFINITIONAL_REPRESENTATION('',(#15039),#15043);
#15039 = LINE('',#15040,#15041);
#15040 = CARTESIAN_POINT('',(0.,0.));
#15041 = VECTOR('',#15042,1.);
#15042 = DIRECTION('',(0.143363517959,0.989670097415));
#15043 = ( GEOMETRIC_REPRESENTATION_CONTEXT(2) 
PARAMETRIC_REPRESENTATION_CONTEXT() REPRESENTATION_CONTEXT('2D SPACE',''
  ) );
#15044 = ORIENTED_EDGE('',*,*,#7642,.F.);
#15045 = ADVANCED_FACE('',(#15046),#7600,.T.);
#15046 = FACE_BOUND('',#15047,.T.);
#15047 = EDGE_LOOP('',(#15048,#15049,#15050));
#15048 = ORIENTED_EDGE('',*,*,#11826,.F.);
#15049 = ORIENTED_EDGE('',*,*,#12252,.F.);
#15050 = ORIENTED_EDGE('',*,*,#7584,.F.);
#15051 = ADVANCED_FACE('',(#15052),#7572,.T.);
#15052 = FACE_BOUND('',#15053,.T.);
#15053 = EDGE_LOOP('',(#15054,#15055,#15056));
#15054 = ORIENTED_EDGE('',*,*,#7553,.F.);
#15055 = ORIENTED_EDGE('',*,*,#14907,.F.);
#15056 = ORIENTED_EDGE('',*,*,#15024,.F.);
#15057 = ( GEOMETRIC_REPRESENTATION_CONTEXT(3) 
GLOBAL_UNCERTAINTY_ASSIGNED_CONTEXT((#15061)) 
GLOBAL_UNIT_ASSIGNED_CONTEXT((#15058,#15059,#15060)) 
REPRESENTATION_CONTEXT('Context #1',
  '3D Context with UNIT and UNCERTAINTY') );
#15058 = ( LENGTH_UNIT() NAMED_UNIT(*) SI_UNIT(.MILLI.,.METRE.) );
#15059 = ( NAMED_UNIT(*) PLANE_ANGLE_UNIT() SI_UNIT($,.RADIAN.) );
#15060 = ( NAMED_UNIT(*) SI_UNIT($,.STERADIAN.) SOLID_ANGLE_UNIT() );
#15061 = UNCERTAINTY_MEASURE_WITH_UNIT(LENGTH_MEASURE(1.E-07),#15058,
  'distance_accuracy_value','confusion accuracy');
#15062 = PRODUCT_RELATED_PRODUCT_CATEGORY('part',$,(#7));
ENDSEC;
END-ISO-10303-21;
