<?xml version='1.0' encoding='utf8'?>
<X3D xmlns:xsi="http://www.w3.org/2001/XMLSchema-instance" profile="Immersive" version="3.3" xsi:noNamespaceSchemaLocation="http://www.web3d.org/specifications/x3d-3.3.xsd">
<head>
    <meta name="generator" content="pythonocc-7.7.0 X3D exporter (www.pythonocc.org)" />
    <meta name="creator" content="pythonocc-7.7.0 generator" />
    <meta name="identifier" content="http://www.pythonocc.org" />
    <meta name="description" content="pythonocc-7.7.0 x3dom based shape rendering" />
</head>
<Scene>
<Switch whichChoice="0" id="swBRP"><Transform scale="1 1 1"><Shape DEF="shape7" onclick="select(this);"><Appearance>
<Material id="color" diffuseColor="0.709804 0.698039 0.741176" shininess="0.9" specularColor="0.2 0.2 0.2" transparency="0">
</Material>
</Appearance>
<TriangleSet solid="false">
<Coordinate point="-230 70 120 -230 310 -120 -230 70 -120 -230 70 120 -230 310 120 -230 310 -120 -229.749 67.7748 120 -230 70 120 -230 70 -120 -229.749 67.7748 120 -230 70 -120 -229.749 67.7748 -120 -229.01 65.6612 120 -229.749 67.7748 -120 -229.01 65.6612 -120 -229.01 65.6612 120 -229.749 67.7748 120 -229.749 67.7748 -120 -227.818 63.7651 120 -229.01 65.6612 -120 -227.818 63.7651 -120 -227.818 63.7651 120 -229.01 65.6612 120 -229.01 65.6612 -120 -226.235 62.1817 120 -227.818 63.7651 -120 -226.235 62.1817 -120 -226.235 62.1817 120 -226.235 62.1817 -120 -224.339 60.9903 -120 -226.235 62.1817 120 -227.818 63.7651 120 -227.818 63.7651 -120 -224.339 60.9903 120 -226.235 62.1817 120 -224.339 60.9903 -120 -222.225 60.2507 120 -224.339 60.9903 -120 -222.225 60.2507 -120 -222.225 60.2507 120 -222.225 60.2507 -120 -220 60 -120 -222.225 60.2507 120 -224.339 60.9903 120 -224.339 60.9903 -120 -220 60 120 -222.225 60.2507 120 -220 60 -120 -229.749 310 -122.225 -229.749 70 -122.225 -230 70 -120 -229.749 310 -122.225 -230 70 -120 -230 310 -120 -229.01 310 -124.339 -229.01 70 -124.339 -229.749 70 -122.225 -229.01 310 -124.339 -229.749 70 -122.225 -229.749 310 -122.225 -227.818 310 -126.235 -227.818 70 -126.235 -229.01 70 -124.339 -227.818 310 -126.235 -229.01 70 -124.339 -229.01 310 -124.339 -226.235 310 -127.818 -224.339 70 -129.01 -226.235 70 -127.818 -226.235 310 -127.818 -226.235 70 -127.818 -227.818 70 -126.235 -226.235 310 -127.818 -227.818 70 -126.235 -227.818 310 -126.235 -224.339 310 -129.01 -224.339 70 -129.01 -226.235 310 -127.818 -222.225 310 -129.749 -220 70 -130 -222.225 70 -129.749 -222.225 310 -129.749 -222.225 70 -129.749 -224.339 70 -129.01 -222.225 310 -129.749 -224.339 70 -129.01 -224.339 310 -129.01 -220 310 -130 -220 70 -130 -222.225 310 -129.749 -229.749 310 122.225 -230 70 120 -229.749 70 122.225 -229.749 310 122.225 -230 310 120 -230 70 120 -229.01 310 124.339 -229.749 70 122.225 -229.01 70 124.339 -229.01 310 124.339 -229.749 310 122.225 -229.749 70 122.225 -227.818 310 126.235 -229.01 70 124.339 -227.818 70 126.235 -227.818 310 126.235 -229.01 310 124.339 -229.01 70 124.339 -226.235 310 127.818 -226.235 70 127.818 -224.339 70 129.01 -226.235 310 127.818 -227.818 70 126.235 -226.235 70 127.818 -226.235 310 127.818 -227.818 310 126.235 -227.818 70 126.235 -224.339 310 129.01 -226.235 310 127.818 -224.339 70 129.01 -222.225 310 129.749 -222.225 70 129.749 -220 70 130 -222.225 310 129.749 -224.339 70 129.01 -222.225 70 129.749 -222.225 310 129.749 -224.339 310 129.01 -224.339 70 129.01 -220 310 130 -222.225 310 129.749 -220 70 130 -229.749 312.225 120 -230 310 -120 -230 310 120 -229.749 312.225 120 -229.749 312.225 -120 -230 310 -120 -229.01 314.339 120 -229.01 314.339 -120 -229.749 312.225 -120 -229.01 314.339 120 -229.749 312.225 -120 -229.749 312.225 120 -227.818 316.235 120 -227.818 316.235 -120 -229.01 314.339 -120 -227.818 316.235 120 -229.01 314.339 -120 -229.01 314.339 120 -226.235 317.818 120 -226.235 317.818 -120 -227.818 316.235 -120 -226.235 317.818 120 -224.339 319.01 -120 -226.235 317.818 -120 -226.235 317.818 120 -227.818 316.235 -120 -227.818 316.235 120 -224.339 319.01 120 -224.339 319.01 -120 -226.235 317.818 120 -222.225 319.749 120 -222.225 319.749 -120 -224.339 319.01 -120 -222.225 319.749 120 -220 320 -120 -222.225 319.749 -120 -222.225 319.749 120 -224.339 319.01 -120 -224.339 319.01 120 -220 320 120 -220 320 -120 -222.225 319.749 120 -229.749 67.7748 -120 -230 70 -120 -229.749 70 -122.225 -220 60 -120 -222.225 60.2507 -120 -220 60.2507 -122.225 -223.052 69.5166 -129.511 -224.339 70 -129.01 -222.225 70 -129.749 -222.753 68.5971 -129.511 -222.225 70 -129.749 -220 70 -130 -222.753 68.5971 -129.511 -223.052 69.5166 -129.511 -222.225 70 -129.749 -222.185 67.8149 -129.511 -220 70 -130 -220 70 -130 -222.185 67.8149 -129.511 -222.753 68.5971 -129.511 -220 70 -130 -225.59 68.1836 -128.09 -226.235 70 -127.818 -224.339 70 -129.01 -225.59 68.1836 -128.09 -224.339 70 -129.01 -223.052 69.5166 -129.511 -225.59 68.1836 -128.09 -223.052 69.5166 -129.511 -222.753 68.5971 -129.511 -221.403 67.2466 -129.511 -220 70 -130 -220 67.7748 -129.749 -221.403 67.2466 -129.511 -222.185 67.8149 -129.511 -220 70 -130 -224.755 66.5451 -128.09 -222.753 68.5971 -129.511 -222.185 67.8149 -129.511 -224.755 66.5451 -128.09 -225.59 68.1836 -128.09 -222.753 68.5971 -129.511 -227.991 68.7344 -125.878 -227.818 70 -126.235 -226.235 70 -127.818 -227.991 68.7344 -125.878 -229.01 70 -124.339 -227.818 70 -126.235 -227.991 68.7344 -125.878 -226.235 70 -127.818 -225.59 68.1836 -128.09 -220.483 66.9479 -129.511 -220 67.7748 -129.749 -220 65.6612 -129.01 -220.483 66.9479 -129.511 -221.403 67.2466 -129.511 -220 67.7748 -129.749 -223.455 65.2447 -128.09 -224.755 66.5451 -128.09 -222.185 67.8149 -129.511 -223.455 65.2447 -128.09 -222.185 67.8149 -129.511 -221.403 67.2466 -129.511 -227.208 66.3271 -125.878 -227.991 68.7344 -125.878 -225.59 68.1836 -128.09 -227.208 66.3271 -125.878 -225.59 68.1836 -128.09 -224.755 66.5451 -128.09 -221.816 64.4098 -128.09 -220 65.6612 -129.01 -220 63.7651 -127.818 -221.816 64.4098 -128.09 -221.403 67.2466 -129.511 -220.483 66.9479 -129.511 -221.816 64.4098 -128.09 -220.483 66.9479 -129.511 -220 65.6612 -129.01 -221.816 64.4098 -128.09 -223.455 65.2447 -128.09 -221.403 67.2466 -129.511 -225.721 64.2794 -125.878 -224.755 66.5451 -128.09 -223.455 65.2447 -128.09 -225.721 64.2794 -125.878 -227.208 66.3271 -125.878 -224.755 66.5451 -128.09 -229.045 67.0611 -123.09 -229.749 70 -122.225 -229.01 70 -124.339 -229.045 67.0611 -123.09 -229.01 65.6612 -120 -229.749 67.7748 -120 -229.045 67.0611 -123.09 -229.01 70 -124.339 -227.991 68.7344 -125.878 -229.045 67.0611 -123.09 -227.991 68.7344 -125.878 -227.208 66.3271 -125.878 -229.045 67.0611 -123.09 -229.749 67.7748 -120 -229.749 70 -122.225 -223.673 62.7916 -125.878 -223.455 65.2447 -128.09 -221.816 64.4098 -128.09 -223.673 62.7916 -125.878 -225.721 64.2794 -125.878 -223.455 65.2447 -128.09 -227.694 64.4098 -123.09 -227.818 63.7651 -120 -229.01 65.6612 -120 -227.694 64.4098 -123.09 -226.235 62.1817 -120 -227.818 63.7651 -120 -227.694 64.4098 -123.09 -229.01 65.6612 -120 -229.045 67.0611 -123.09 -227.694 64.4098 -123.09 -227.208 66.3271 -125.878 -225.721 64.2794 -125.878 -227.694 64.4098 -123.09 -229.045 67.0611 -123.09 -227.208 66.3271 -125.878 -221.266 62.0094 -125.878 -220 63.7651 -127.818 -220 62.1817 -126.235 -221.266 62.0094 -125.878 -220 62.1817 -126.235 -220 60.9903 -124.339 -221.266 62.0094 -125.878 -221.816 64.4098 -128.09 -220 63.7651 -127.818 -221.266 62.0094 -125.878 -223.673 62.7916 -125.878 -221.816 64.4098 -128.09 -225.59 62.3058 -123.09 -224.339 60.9903 -120 -226.235 62.1817 -120 -225.59 62.3058 -123.09 -226.235 62.1817 -120 -227.694 64.4098 -123.09 -225.59 62.3058 -123.09 -225.721 64.2794 -125.878 -223.673 62.7916 -125.878 -225.59 62.3058 -123.09 -227.694 64.4098 -123.09 -225.721 64.2794 -125.878 -222.939 60.9549 -123.09 -220 60.9903 -124.339 -220 60.2507 -122.225 -222.939 60.9549 -123.09 -222.225 60.2507 -120 -224.339 60.9903 -120 -222.939 60.9549 -123.09 -224.339 60.9903 -120 -225.59 62.3058 -123.09 -222.939 60.9549 -123.09 -220 60.2507 -122.225 -222.225 60.2507 -120 -222.939 60.9549 -123.09 -221.266 62.0094 -125.878 -220 60.9903 -124.339 -222.939 60.9549 -123.09 -223.673 62.7916 -125.878 -221.266 62.0094 -125.878 -222.939 60.9549 -123.09 -225.59 62.3058 -123.09 -223.673 62.7916 -125.878 -229.749 67.7748 120 -229.749 70 122.225 -230 70 120 -220 60 120 -220 60.2507 122.225 -222.225 60.2507 120 -223.052 69.5166 129.511 -222.225 70 129.749 -224.339 70 129.01 -222.753 68.5971 129.511 -220 70 130 -222.225 70 129.749 -222.753 68.5971 129.511 -222.225 70 129.749 -223.052 69.5166 129.511 -222.185 67.8149 129.511 -220 70 130 -220 70 130 -222.185 67.8149 129.511 -220 70 130 -222.753 68.5971 129.511 -225.59 68.1836 128.09 -224.339 70 129.01 -226.235 70 127.818 -225.59 68.1836 128.09 -223.052 69.5166 129.511 -224.339 70 129.01 -225.59 68.1836 128.09 -222.753 68.5971 129.511 -223.052 69.5166 129.511 -221.403 67.2466 129.511 -220 67.7748 129.749 -220 70 130 -221.403 67.2466 129.511 -220 70 130 -222.185 67.8149 129.511 -224.755 66.5451 128.09 -222.185 67.8149 129.511 -222.753 68.5971 129.511 -224.755 66.5451 128.09 -222.753 68.5971 129.511 -225.59 68.1836 128.09 -227.991 68.7344 125.878 -226.235 70 127.818 -227.818 70 126.235 -227.991 68.7344 125.878 -227.818 70 126.235 -229.01 70 124.339 -227.991 68.7344 125.878 -225.59 68.1836 128.09 -226.235 70 127.818 -220.483 66.9479 129.511 -220 65.6612 129.01 -220 67.7748 129.749 -220.483 66.9479 129.511 -220 67.7748 129.749 -221.403 67.2466 129.511 -223.455 65.2447 128.09 -222.185 67.8149 129.511 -224.755 66.5451 128.09 -223.455 65.2447 128.09 -221.403 67.2466 129.511 -222.185 67.8149 129.511 -227.208 66.3271 125.878 -225.59 68.1836 128.09 -227.991 68.7344 125.878 -227.208 66.3271 125.878 -224.755 66.5451 128.09 -225.59 68.1836 128.09 -221.816 64.4098 128.09 -220 63.7651 127.818 -220 65.6612 129.01 -221.816 64.4098 128.09 -220.483 66.9479 129.511 -221.403 67.2466 129.511 -221.816 64.4098 128.09 -220 65.6612 129.01 -220.483 66.9479 129.511 -221.816 64.4098 128.09 -221.403 67.2466 129.511 -223.455 65.2447 128.09 -225.721 64.2794 125.878 -223.455 65.2447 128.09 -224.755 66.5451 128.09 -225.721 64.2794 125.878 -224.755 66.5451 128.09 -227.208 66.3271 125.878 -229.045 67.0611 123.09 -229.01 70 124.339 -229.749 70 122.225 -229.045 67.0611 123.09 -229.749 67.7748 120 -229.01 65.6612 120 -229.045 67.0611 123.09 -227.991 68.7344 125.878 -229.01 70 124.339 -229.045 67.0611 123.09 -227.208 66.3271 125.878 -227.991 68.7344 125.878 -229.045 67.0611 123.09 -229.749 70 122.225 -229.749 67.7748 120 -223.673 62.7916 125.878 -221.816 64.4098 128.09 -223.455 65.2447 128.09 -223.673 62.7916 125.878 -223.455 65.2447 128.09 -225.721 64.2794 125.878 -227.694 64.4098 123.09 -229.01 65.6612 120 -227.818 63.7651 120 -227.694 64.4098 123.09 -227.818 63.7651 120 -226.235 62.1817 120 -227.694 64.4098 123.09 -229.045 67.0611 123.09 -229.01 65.6612 120 -227.694 64.4098 123.09 -225.721 64.2794 125.878 -227.208 66.3271 125.878 -227.694 64.4098 123.09 -227.208 66.3271 125.878 -229.045 67.0611 123.09 -221.266 62.0094 125.878 -220 62.1817 126.235 -220 63.7651 127.818 -221.266 62.0094 125.878 -220 60.9903 124.339 -220 62.1817 126.235 -221.266 62.0094 125.878 -220 63.7651 127.818 -221.816 64.4098 128.09 -221.266 62.0094 125.878 -221.816 64.4098 128.09 -223.673 62.7916 125.878 -225.59 62.3058 123.09 -226.235 62.1817 120 -224.339 60.9903 120 -225.59 62.3058 123.09 -227.694 64.4098 123.09 -226.235 62.1817 120 -225.59 62.3058 123.09 -223.673 62.7916 125.878 -225.721 64.2794 125.878 -225.59 62.3058 123.09 -225.721 64.2794 125.878 -227.694 64.4098 123.09 -222.939 60.9549 123.09 -220 60.2507 122.225 -220 60.9903 124.339 -222.939 60.9549 123.09 -224.339 60.9903 120 -222.225 60.2507 120 -222.939 60.9549 123.09 -225.59 62.3058 123.09 -224.339 60.9903 120 -222.939 60.9549 123.09 -222.225 60.2507 120 -220 60.2507 122.225 -222.939 60.9549 123.09 -220 60.9903 124.339 -221.266 62.0094 125.878 -222.939 60.9549 123.09 -221.266 62.0094 125.878 -223.673 62.7916 125.878 -222.939 60.9549 123.09 -223.673 62.7916 125.878 -225.59 62.3058 123.09 -40 60 120 -220 60 120 -220 60 -120 -40 60 120 -220 60 -120 -40 60 -120 -40 310 -130 -220 70 -130 -220 310 -130 -40 310 -130 -40 70 -130 -220 70 -130 -229.749 312.225 -120 -229.749 310 -122.225 -230 310 -120 -220 320 -120 -220 319.749 -122.225 -222.225 319.749 -120 -223.052 310.483 -129.511 -222.225 310 -129.749 -224.339 310 -129.01 -222.753 311.403 -129.511 -220 310 -130 -222.225 310 -129.749 -222.753 311.403 -129.511 -222.225 310 -129.749 -223.052 310.483 -129.511 -222.185 312.185 -129.511 -220 310 -130 -220 310 -130 -222.185 312.185 -129.511 -220 310 -130 -222.753 311.403 -129.511 -225.59 311.816 -128.09 -224.339 310 -129.01 -226.235 310 -127.818 -225.59 311.816 -128.09 -223.052 310.483 -129.511 -224.339 310 -129.01 -225.59 311.816 -128.09 -222.753 311.403 -129.511 -223.052 310.483 -129.511 -221.403 312.753 -129.511 -220 312.225 -129.749 -220 310 -130 -221.403 312.753 -129.511 -220 310 -130 -222.185 312.185 -129.511 -224.755 313.455 -128.09 -222.185 312.185 -129.511 -222.753 311.403 -129.511 -224.755 313.455 -128.09 -222.753 311.403 -129.511 -225.59 311.816 -128.09 -227.991 311.266 -125.878 -226.235 310 -127.818 -227.818 310 -126.235 -227.991 311.266 -125.878 -227.818 310 -126.235 -229.01 310 -124.339 -227.991 311.266 -125.878 -225.59 311.816 -128.09 -226.235 310 -127.818 -220.483 313.052 -129.511 -220 314.339 -129.01 -220 312.225 -129.749 -220.483 313.052 -129.511 -220 312.225 -129.749 -221.403 312.753 -129.511 -223.455 314.755 -128.09 -222.185 312.185 -129.511 -224.755 313.455 -128.09 -223.455 314.755 -128.09 -221.403 312.753 -129.511 -222.185 312.185 -129.511 -227.208 313.673 -125.878 -225.59 311.816 -128.09 -227.991 311.266 -125.878 -227.208 313.673 -125.878 -224.755 313.455 -128.09 -225.59 311.816 -128.09 -221.816 315.59 -128.09 -220 316.235 -127.818 -220 314.339 -129.01 -221.816 315.59 -128.09 -220.483 313.052 -129.511 -221.403 312.753 -129.511 -221.816 315.59 -128.09 -221.403 312.753 -129.511 -223.455 314.755 -128.09 -221.816 315.59 -128.09 -220 314.339 -129.01 -220.483 313.052 -129.511 -225.721 315.721 -125.878 -223.455 314.755 -128.09 -224.755 313.455 -128.09 -225.721 315.721 -125.878 -224.755 313.455 -128.09 -227.208 313.673 -125.878 -229.045 312.939 -123.09 -229.01 310 -124.339 -229.749 310 -122.225 -229.045 312.939 -123.09 -229.749 312.225 -120 -229.01 314.339 -120 -229.045 312.939 -123.09 -227.991 311.266 -125.878 -229.01 310 -124.339 -229.045 312.939 -123.09 -227.208 313.673 -125.878 -227.991 311.266 -125.878 -229.045 312.939 -123.09 -229.749 310 -122.225 -229.749 312.225 -120 -223.673 317.208 -125.878 -221.816 315.59 -128.09 -223.455 314.755 -128.09 -223.673 317.208 -125.878 -223.455 314.755 -128.09 -225.721 315.721 -125.878 -227.694 315.59 -123.09 -229.01 314.339 -120 -227.818 316.235 -120 -227.694 315.59 -123.09 -227.818 316.235 -120 -226.235 317.818 -120 -227.694 315.59 -123.09 -229.045 312.939 -123.09 -229.01 314.339 -120 -227.694 315.59 -123.09 -225.721 315.721 -125.878 -227.208 313.673 -125.878 -227.694 315.59 -123.09 -227.208 313.673 -125.878 -229.045 312.939 -123.09 -221.266 317.991 -125.878 -220 317.818 -126.235 -220 316.235 -127.818 -221.266 317.991 -125.878 -220 319.01 -124.339 -220 317.818 -126.235 -221.266 317.991 -125.878 -220 316.235 -127.818 -221.816 315.59 -128.09 -221.266 317.991 -125.878 -221.816 315.59 -128.09 -223.673 317.208 -125.878 -225.59 317.694 -123.09 -226.235 317.818 -120 -224.339 319.01 -120 -225.59 317.694 -123.09 -227.694 315.59 -123.09 -226.235 317.818 -120 -225.59 317.694 -123.09 -223.673 317.208 -125.878 -225.721 315.721 -125.878 -225.59 317.694 -123.09 -225.721 315.721 -125.878 -227.694 315.59 -123.09 -222.939 319.045 -123.09 -220 319.749 -122.225 -220 319.01 -124.339 -222.939 319.045 -123.09 -224.339 319.01 -120 -222.225 319.749 -120 -222.939 319.045 -123.09 -225.59 317.694 -123.09 -224.339 319.01 -120 -222.939 319.045 -123.09 -222.225 319.749 -120 -220 319.749 -122.225 -222.939 319.045 -123.09 -220 319.01 -124.339 -221.266 317.991 -125.878 -222.939 319.045 -123.09 -221.266 317.991 -125.878 -223.673 317.208 -125.878 -222.939 319.045 -123.09 -223.673 317.208 -125.878 -225.59 317.694 -123.09 -40 310 130 -220 310 130 -220 70 130 -40 310 130 -220 70 130 -40 70 130 -229.749 310 122.225 -229.749 312.225 120 -230 310 120 -220 310 130 -220 312.225 129.749 -222.225 310 129.749 -223.052 319.511 120.483 -222.225 319.749 120 -224.339 319.01 120 -222.753 319.511 121.403 -220 320 120 -222.225 319.749 120 -222.753 319.511 121.403 -222.225 319.749 120 -223.052 319.511 120.483 -222.185 319.511 122.185 -220 320 120 -220 320 120 -222.185 319.511 122.185 -220 320 120 -222.753 319.511 121.403 -225.59 318.09 121.816 -224.339 319.01 120 -226.235 317.818 120 -225.59 318.09 121.816 -223.052 319.511 120.483 -224.339 319.01 120 -225.59 318.09 121.816 -222.753 319.511 121.403 -223.052 319.511 120.483 -221.403 319.511 122.753 -220 319.749 122.225 -220 320 120 -221.403 319.511 122.753 -220 320 120 -222.185 319.511 122.185 -224.755 318.09 123.455 -222.185 319.511 122.185 -222.753 319.511 121.403 -224.755 318.09 123.455 -222.753 319.511 121.403 -225.59 318.09 121.816 -227.991 315.878 121.266 -226.235 317.818 120 -227.818 316.235 120 -227.991 315.878 121.266 -227.818 316.235 120 -229.01 314.339 120 -227.991 315.878 121.266 -225.59 318.09 121.816 -226.235 317.818 120 -220.483 319.511 123.052 -220 319.01 124.339 -220 319.749 122.225 -220.483 319.511 123.052 -220 319.749 122.225 -221.403 319.511 122.753 -223.455 318.09 124.755 -222.185 319.511 122.185 -224.755 318.09 123.455 -223.455 318.09 124.755 -221.403 319.511 122.753 -222.185 319.511 122.185 -227.208 315.878 123.673 -225.59 318.09 121.816 -227.991 315.878 121.266 -227.208 315.878 123.673 -224.755 318.09 123.455 -225.59 318.09 121.816 -221.816 318.09 125.59 -220 317.818 126.235 -220 319.01 124.339 -221.816 318.09 125.59 -220.483 319.511 123.052 -221.403 319.511 122.753 -221.816 318.09 125.59 -220 319.01 124.339 -220.483 319.511 123.052 -221.816 318.09 125.59 -221.403 319.511 122.753 -223.455 318.09 124.755 -225.721 315.878 125.721 -223.455 318.09 124.755 -224.755 318.09 123.455 -225.721 315.878 125.721 -224.755 318.09 123.455 -227.208 315.878 123.673 -229.045 313.09 122.939 -229.01 314.339 120 -229.749 312.225 120 -229.045 313.09 122.939 -229.749 310 122.225 -229.01 310 124.339 -229.045 313.09 122.939 -227.991 315.878 121.266 -229.01 314.339 120 -229.045 313.09 122.939 -227.208 315.878 123.673 -227.991 315.878 121.266 -229.045 313.09 122.939 -229.749 312.225 120 -229.749 310 122.225 -223.673 315.878 127.208 -221.816 318.09 125.59 -223.455 318.09 124.755 -223.673 315.878 127.208 -223.455 318.09 124.755 -225.721 315.878 125.721 -227.694 313.09 125.59 -229.01 310 124.339 -227.818 310 126.235 -227.694 313.09 125.59 -229.045 313.09 122.939 -229.01 310 124.339 -227.694 313.09 125.59 -225.721 315.878 125.721 -227.208 315.878 123.673 -227.694 313.09 125.59 -227.208 315.878 123.673 -229.045 313.09 122.939 -221.266 315.878 127.991 -220 316.235 127.818 -220 317.818 126.235 -221.266 315.878 127.991 -220 314.339 129.01 -220 316.235 127.818 -221.266 315.878 127.991 -220 317.818 126.235 -221.816 318.09 125.59 -221.266 315.878 127.991 -221.816 318.09 125.59 -223.673 315.878 127.208 -225.59 313.09 127.694 -227.818 310 126.235 -226.235 310 127.818 -225.59 313.09 127.694 -226.235 310 127.818 -224.339 310 129.01 -225.59 313.09 127.694 -227.694 313.09 125.59 -227.818 310 126.235 -225.59 313.09 127.694 -223.673 315.878 127.208 -225.721 315.878 125.721 -225.59 313.09 127.694 -225.721 315.878 125.721 -227.694 313.09 125.59 -222.939 313.09 129.045 -220 312.225 129.749 -220 314.339 129.01 -222.939 313.09 129.045 -224.339 310 129.01 -222.225 310 129.749 -222.939 313.09 129.045 -222.225 310 129.749 -220 312.225 129.749 -222.939 313.09 129.045 -225.59 313.09 127.694 -224.339 310 129.01 -222.939 313.09 129.045 -220 314.339 129.01 -221.266 315.878 127.991 -222.939 313.09 129.045 -221.266 315.878 127.991 -223.673 315.878 127.208 -222.939 313.09 129.045 -223.673 315.878 127.208 -225.59 313.09 127.694 -40 320 120 -220 320 -120 -220 320 120 -40 320 120 -40 320 -120 -220 320 -120 -40 60.2507 -122.225 -220 60 -120 -220 60.2507 -122.225 -40 60.2507 -122.225 -40 60 -120 -220 60 -120 -40 60.9903 -124.339 -220 60.2507 -122.225 -220 60.9903 -124.339 -40 60.9903 -124.339 -40 60.2507 -122.225 -220 60.2507 -122.225 -40 62.1817 -126.235 -220 60.9903 -124.339 -220 62.1817 -126.235 -40 62.1817 -126.235 -40 60.9903 -124.339 -220 60.9903 -124.339 -40 63.7651 -127.818 -220 62.1817 -126.235 -220 63.7651 -127.818 -40 63.7651 -127.818 -40 62.1817 -126.235 -220 62.1817 -126.235 -40 65.6612 -129.01 -220 65.6612 -129.01 -220 67.7748 -129.749 -40 65.6612 -129.01 -220 63.7651 -127.818 -220 65.6612 -129.01 -40 65.6612 -129.01 -40 63.7651 -127.818 -220 63.7651 -127.818 -40 67.7748 -129.749 -40 65.6612 -129.01 -220 67.7748 -129.749 -40 70 -130 -220 67.7748 -129.749 -220 70 -130 -40 70 -130 -40 67.7748 -129.749 -220 67.7748 -129.749 -40 60.2507 122.225 -220 60.2507 122.225 -220 60 120 -40 60.2507 122.225 -220 60 120 -40 60 120 -40 60.9903 124.339 -220 60.9903 124.339 -220 60.2507 122.225 -40 60.9903 124.339 -220 60.2507 122.225 -40 60.2507 122.225 -40 62.1817 126.235 -220 62.1817 126.235 -220 60.9903 124.339 -40 62.1817 126.235 -220 60.9903 124.339 -40 60.9903 124.339 -40 63.7651 127.818 -220 63.7651 127.818 -220 62.1817 126.235 -40 63.7651 127.818 -220 62.1817 126.235 -40 62.1817 126.235 -40 65.6612 129.01 -220 67.7748 129.749 -220 65.6612 129.01 -40 65.6612 129.01 -220 65.6612 129.01 -220 63.7651 127.818 -40 65.6612 129.01 -220 63.7651 127.818 -40 63.7651 127.818 -40 67.7748 129.749 -220 67.7748 129.749 -40 65.6612 129.01 -40 70 130 -220 70 130 -220 67.7748 129.749 -40 70 130 -220 67.7748 129.749 -40 67.7748 129.749 -30.2507 67.7748 120 -30 70 -120 -30 70 120 -30.2507 67.7748 120 -30.2507 67.7748 -120 -30 70 -120 -30.9903 65.6612 120 -30.9903 65.6612 -120 -30.2507 67.7748 -120 -30.9903 65.6612 120 -30.2507 67.7748 -120 -30.2507 67.7748 120 -32.1817 63.7651 120 -32.1817 63.7651 -120 -30.9903 65.6612 -120 -32.1817 63.7651 120 -30.9903 65.6612 -120 -30.9903 65.6612 120 -33.7651 62.1817 120 -33.7651 62.1817 -120 -32.1817 63.7651 -120 -33.7651 62.1817 120 -35.6612 60.9903 -120 -33.7651 62.1817 -120 -33.7651 62.1817 120 -32.1817 63.7651 -120 -32.1817 63.7651 120 -35.6612 60.9903 120 -35.6612 60.9903 -120 -33.7651 62.1817 120 -37.7748 60.2507 120 -37.7748 60.2507 -120 -35.6612 60.9903 -120 -37.7748 60.2507 120 -40 60 -120 -37.7748 60.2507 -120 -37.7748 60.2507 120 -35.6612 60.9903 -120 -35.6612 60.9903 120 -40 60 120 -40 60 -120 -37.7748 60.2507 120 -40 319.749 -122.225 -220 319.749 -122.225 -220 320 -120 -40 319.749 -122.225 -220 320 -120 -40 320 -120 -40 319.01 -124.339 -220 319.01 -124.339 -220 319.749 -122.225 -40 319.01 -124.339 -220 319.749 -122.225 -40 319.749 -122.225 -40 317.818 -126.235 -220 317.818 -126.235 -220 319.01 -124.339 -40 317.818 -126.235 -220 319.01 -124.339 -40 319.01 -124.339 -40 316.235 -127.818 -220 316.235 -127.818 -220 317.818 -126.235 -40 316.235 -127.818 -220 317.818 -126.235 -40 317.818 -126.235 -40 314.339 -129.01 -220 312.225 -129.749 -220 314.339 -129.01 -40 314.339 -129.01 -220 314.339 -129.01 -220 316.235 -127.818 -40 314.339 -129.01 -220 316.235 -127.818 -40 316.235 -127.818 -40 312.225 -129.749 -220 312.225 -129.749 -40 314.339 -129.01 -40 310 -130 -220 310 -130 -220 312.225 -129.749 -40 310 -130 -220 312.225 -129.749 -40 312.225 -129.749 -30.2507 310 -122.225 -30 70 -120 -30.2507 70 -122.225 -30.2507 310 -122.225 -30 310 -120 -30 70 -120 -30.9903 310 -124.339 -30.2507 70 -122.225 -30.9903 70 -124.339 -30.9903 310 -124.339 -30.2507 310 -122.225 -30.2507 70 -122.225 -32.1817 310 -126.235 -30.9903 70 -124.339 -32.1817 70 -126.235 -32.1817 310 -126.235 -30.9903 310 -124.339 -30.9903 70 -124.339 -33.7651 310 -127.818 -33.7651 70 -127.818 -35.6612 70 -129.01 -33.7651 310 -127.818 -32.1817 70 -126.235 -33.7651 70 -127.818 -33.7651 310 -127.818 -32.1817 310 -126.235 -32.1817 70 -126.235 -35.6612 310 -129.01 -33.7651 310 -127.818 -35.6612 70 -129.01 -37.7748 310 -129.749 -37.7748 70 -129.749 -40 70 -130 -37.7748 310 -129.749 -35.6612 70 -129.01 -37.7748 70 -129.749 -37.7748 310 -129.749 -35.6612 310 -129.01 -35.6612 70 -129.01 -40 310 -130 -37.7748 310 -129.749 -40 70 -130 -40 319.749 122.225 -220 320 120 -220 319.749 122.225 -40 319.749 122.225 -40 320 120 -220 320 120 -40 319.01 124.339 -220 319.749 122.225 -220 319.01 124.339 -40 319.01 124.339 -40 319.749 122.225 -220 319.749 122.225 -40 317.818 126.235 -220 319.01 124.339 -220 317.818 126.235 -40 317.818 126.235 -40 319.01 124.339 -220 319.01 124.339 -40 316.235 127.818 -220 317.818 126.235 -220 316.235 127.818 -40 316.235 127.818 -40 317.818 126.235 -220 317.818 126.235 -40 314.339 129.01 -220 316.235 127.818 -220 314.339 129.01 -40 314.339 129.01 -220 314.339 129.01 -220 312.225 129.749 -40 314.339 129.01 -40 316.235 127.818 -220 316.235 127.818 -40 312.225 129.749 -40 314.339 129.01 -220 312.225 129.749 -40 310 130 -220 312.225 129.749 -220 310 130 -40 310 130 -40 312.225 129.749 -220 312.225 129.749 -30.2507 310 122.225 -30.2507 70 122.225 -30 70 120 -30.2507 310 122.225 -30 70 120 -30 310 120 -30.9903 310 124.339 -30.9903 70 124.339 -30.2507 70 122.225 -30.9903 310 124.339 -30.2507 70 122.225 -30.2507 310 122.225 -32.1817 310 126.235 -32.1817 70 126.235 -30.9903 70 124.339 -32.1817 310 126.235 -30.9903 70 124.339 -30.9903 310 124.339 -33.7651 310 127.818 -35.6612 70 129.01 -33.7651 70 127.818 -33.7651 310 127.818 -33.7651 70 127.818 -32.1817 70 126.235 -33.7651 310 127.818 -32.1817 70 126.235 -32.1817 310 126.235 -35.6612 310 129.01 -35.6612 70 129.01 -33.7651 310 127.818 -37.7748 310 129.749 -40 70 130 -37.7748 70 129.749 -37.7748 310 129.749 -37.7748 70 129.749 -35.6612 70 129.01 -37.7748 310 129.749 -35.6612 70 129.01 -35.6612 310 129.01 -40 310 130 -40 70 130 -37.7748 310 129.749 -30.2507 312.225 120 -30 310 120 -30 310 -120 -30.2507 312.225 120 -30 310 -120 -30.2507 312.225 -120 -30.9903 314.339 120 -30.2507 312.225 -120 -30.9903 314.339 -120 -30.9903 314.339 120 -30.2507 312.225 120 -30.2507 312.225 -120 -32.1817 316.235 120 -30.9903 314.339 -120 -32.1817 316.235 -120 -32.1817 316.235 120 -30.9903 314.339 120 -30.9903 314.339 -120 -33.7651 317.818 120 -32.1817 316.235 -120 -33.7651 317.818 -120 -33.7651 317.818 120 -33.7651 317.818 -120 -35.6612 319.01 -120 -33.7651 317.818 120 -32.1817 316.235 120 -32.1817 316.235 -120 -35.6612 319.01 120 -33.7651 317.818 120 -35.6612 319.01 -120 -37.7748 319.749 120 -35.6612 319.01 -120 -37.7748 319.749 -120 -37.7748 319.749 120 -37.7748 319.749 -120 -40 320 -120 -37.7748 319.749 120 -35.6612 319.01 120 -35.6612 319.01 -120 -40 320 120 -37.7748 319.749 120 -40 320 -120 -30.2507 67.7748 -120 -30.2507 70 -122.225 -30 70 -120 -40 60 -120 -40 60.2507 -122.225 -37.7748 60.2507 -120 -36.9479 69.5166 -129.511 -37.7748 70 -129.749 -35.6612 70 -129.01 -37.2466 68.5971 -129.511 -40 70 -130 -37.7748 70 -129.749 -37.2466 68.5971 -129.511 -37.7748 70 -129.749 -36.9479 69.5166 -129.511 -37.8149 67.8149 -129.511 -40 70 -130 -40 70 -130 -37.8149 67.8149 -129.511 -40 70 -130 -37.2466 68.5971 -129.511 -34.4098 68.1836 -128.09 -35.6612 70 -129.01 -33.7651 70 -127.818 -34.4098 68.1836 -128.09 -36.9479 69.5166 -129.511 -35.6612 70 -129.01 -34.4098 68.1836 -128.09 -37.2466 68.5971 -129.511 -36.9479 69.5166 -129.511 -38.5971 67.2466 -129.511 -40 67.7748 -129.749 -40 70 -130 -38.5971 67.2466 -129.511 -40 70 -130 -37.8149 67.8149 -129.511 -35.2447 66.5451 -128.09 -37.8149 67.8149 -129.511 -37.2466 68.5971 -129.511 -35.2447 66.5451 -128.09 -37.2466 68.5971 -129.511 -34.4098 68.1836 -128.09 -32.0094 68.7344 -125.878 -33.7651 70 -127.818 -32.1817 70 -126.235 -32.0094 68.7344 -125.878 -32.1817 70 -126.235 -30.9903 70 -124.339 -32.0094 68.7344 -125.878 -34.4098 68.1836 -128.09 -33.7651 70 -127.818 -39.5166 66.9479 -129.511 -40 65.6612 -129.01 -40 67.7748 -129.749 -39.5166 66.9479 -129.511 -40 67.7748 -129.749 -38.5971 67.2466 -129.511 -36.5451 65.2447 -128.09 -37.8149 67.8149 -129.511 -35.2447 66.5451 -128.09 -36.5451 65.2447 -128.09 -38.5971 67.2466 -129.511 -37.8149 67.8149 -129.511 -32.7916 66.3271 -125.878 -34.4098 68.1836 -128.09 -32.0094 68.7344 -125.878 -32.7916 66.3271 -125.878 -35.2447 66.5451 -128.09 -34.4098 68.1836 -128.09 -38.1836 64.4098 -128.09 -40 63.7651 -127.818 -40 65.6612 -129.01 -38.1836 64.4098 -128.09 -39.5166 66.9479 -129.511 -38.5971 67.2466 -129.511 -38.1836 64.4098 -128.09 -40 65.6612 -129.01 -39.5166 66.9479 -129.511 -38.1836 64.4098 -128.09 -38.5971 67.2466 -129.511 -36.5451 65.2447 -128.09 -34.2794 64.2794 -125.878 -36.5451 65.2447 -128.09 -35.2447 66.5451 -128.09 -34.2794 64.2794 -125.878 -35.2447 66.5451 -128.09 -32.7916 66.3271 -125.878 -30.9549 67.0611 -123.09 -30.9903 70 -124.339 -30.2507 70 -122.225 -30.9549 67.0611 -123.09 -30.2507 67.7748 -120 -30.9903 65.6612 -120 -30.9549 67.0611 -123.09 -32.0094 68.7344 -125.878 -30.9903 70 -124.339 -30.9549 67.0611 -123.09 -32.7916 66.3271 -125.878 -32.0094 68.7344 -125.878 -30.9549 67.0611 -123.09 -30.2507 70 -122.225 -30.2507 67.7748 -120 -36.3271 62.7916 -125.878 -38.1836 64.4098 -128.09 -36.5451 65.2447 -128.09 -36.3271 62.7916 -125.878 -36.5451 65.2447 -128.09 -34.2794 64.2794 -125.878 -32.3058 64.4098 -123.09 -30.9903 65.6612 -120 -32.1817 63.7651 -120 -32.3058 64.4098 -123.09 -30.9549 67.0611 -123.09 -30.9903 65.6612 -120 -32.3058 64.4098 -123.09 -34.2794 64.2794 -125.878 -32.7916 66.3271 -125.878 -32.3058 64.4098 -123.09 -32.7916 66.3271 -125.878 -30.9549 67.0611 -123.09 -38.7344 62.0094 -125.878 -40 62.1817 -126.235 -40 63.7651 -127.818 -38.7344 62.0094 -125.878 -40 60.9903 -124.339 -40 62.1817 -126.235 -38.7344 62.0094 -125.878 -40 63.7651 -127.818 -38.1836 64.4098 -128.09 -38.7344 62.0094 -125.878 -38.1836 64.4098 -128.09 -36.3271 62.7916 -125.878 -34.4098 62.3058 -123.09 -32.1817 63.7651 -120 -33.7651 62.1817 -120 -34.4098 62.3058 -123.09 -33.7651 62.1817 -120 -35.6612 60.9903 -120 -34.4098 62.3058 -123.09 -32.3058 64.4098 -123.09 -32.1817 63.7651 -120 -34.4098 62.3058 -123.09 -36.3271 62.7916 -125.878 -34.2794 64.2794 -125.878 -34.4098 62.3058 -123.09 -34.2794 64.2794 -125.878 -32.3058 64.4098 -123.09 -37.0611 60.9549 -123.09 -40 60.2507 -122.225 -40 60.9903 -124.339 -37.0611 60.9549 -123.09 -35.6612 60.9903 -120 -37.7748 60.2507 -120 -37.0611 60.9549 -123.09 -37.7748 60.2507 -120 -40 60.2507 -122.225 -37.0611 60.9549 -123.09 -34.4098 62.3058 -123.09 -35.6612 60.9903 -120 -37.0611 60.9549 -123.09 -40 60.9903 -124.339 -38.7344 62.0094 -125.878 -37.0611 60.9549 -123.09 -38.7344 62.0094 -125.878 -36.3271 62.7916 -125.878 -37.0611 60.9549 -123.09 -36.3271 62.7916 -125.878 -34.4098 62.3058 -123.09 -30.2507 67.7748 120 -30 70 120 -30.2507 70 122.225 -40 60 120 -37.7748 60.2507 120 -40 60.2507 122.225 -36.9479 69.5166 129.511 -35.6612 70 129.01 -37.7748 70 129.749 -37.2466 68.5971 129.511 -37.7748 70 129.749 -40 70 130 -37.2466 68.5971 129.511 -36.9479 69.5166 129.511 -37.7748 70 129.749 -37.8149 67.8149 129.511 -40 70 130 -40 70 130 -37.8149 67.8149 129.511 -37.2466 68.5971 129.511 -40 70 130 -34.4098 68.1836 128.09 -33.7651 70 127.818 -35.6612 70 129.01 -34.4098 68.1836 128.09 -35.6612 70 129.01 -36.9479 69.5166 129.511 -34.4098 68.1836 128.09 -36.9479 69.5166 129.511 -37.2466 68.5971 129.511 -38.5971 67.2466 129.511 -40 70 130 -40 67.7748 129.749 -38.5971 67.2466 129.511 -37.8149 67.8149 129.511 -40 70 130 -35.2447 66.5451 128.09 -37.2466 68.5971 129.511 -37.8149 67.8149 129.511 -35.2447 66.5451 128.09 -34.4098 68.1836 128.09 -37.2466 68.5971 129.511 -32.0094 68.7344 125.878 -32.1817 70 126.235 -33.7651 70 127.818 -32.0094 68.7344 125.878 -30.9903 70 124.339 -32.1817 70 126.235 -32.0094 68.7344 125.878 -33.7651 70 127.818 -34.4098 68.1836 128.09 -39.5166 66.9479 129.511 -40 67.7748 129.749 -40 65.6612 129.01 -39.5166 66.9479 129.511 -38.5971 67.2466 129.511 -40 67.7748 129.749 -36.5451 65.2447 128.09 -35.2447 66.5451 128.09 -37.8149 67.8149 129.511 -36.5451 65.2447 128.09 -37.8149 67.8149 129.511 -38.5971 67.2466 129.511 -32.7916 66.3271 125.878 -32.0094 68.7344 125.878 -34.4098 68.1836 128.09 -32.7916 66.3271 125.878 -34.4098 68.1836 128.09 -35.2447 66.5451 128.09 -38.1836 64.4098 128.09 -40 65.6612 129.01 -40 63.7651 127.818 -38.1836 64.4098 128.09 -38.5971 67.2466 129.511 -39.5166 66.9479 129.511 -38.1836 64.4098 128.09 -39.5166 66.9479 129.511 -40 65.6612 129.01 -38.1836 64.4098 128.09 -36.5451 65.2447 128.09 -38.5971 67.2466 129.511 -34.2794 64.2794 125.878 -35.2447 66.5451 128.09 -36.5451 65.2447 128.09 -34.2794 64.2794 125.878 -32.7916 66.3271 125.878 -35.2447 66.5451 128.09 -30.9549 67.0611 123.09 -30.2507 70 122.225 -30.9903 70 124.339 -30.9549 67.0611 123.09 -30.9903 65.6612 120 -30.2507 67.7748 120 -30.9549 67.0611 123.09 -30.9903 70 124.339 -32.0094 68.7344 125.878 -30.9549 67.0611 123.09 -32.0094 68.7344 125.878 -32.7916 66.3271 125.878 -30.9549 67.0611 123.09 -30.2507 67.7748 120 -30.2507 70 122.225 -36.3271 62.7916 125.878 -36.5451 65.2447 128.09 -38.1836 64.4098 128.09 -36.3271 62.7916 125.878 -34.2794 64.2794 125.878 -36.5451 65.2447 128.09 -32.3058 64.4098 123.09 -32.1817 63.7651 120 -30.9903 65.6612 120 -32.3058 64.4098 123.09 -30.9903 65.6612 120 -30.9549 67.0611 123.09 -32.3058 64.4098 123.09 -32.7916 66.3271 125.878 -34.2794 64.2794 125.878 -32.3058 64.4098 123.09 -30.9549 67.0611 123.09 -32.7916 66.3271 125.878 -38.7344 62.0094 125.878 -40 63.7651 127.818 -40 62.1817 126.235 -38.7344 62.0094 125.878 -40 62.1817 126.235 -40 60.9903 124.339 -38.7344 62.0094 125.878 -38.1836 64.4098 128.09 -40 63.7651 127.818 -38.7344 62.0094 125.878 -36.3271 62.7916 125.878 -38.1836 64.4098 128.09 -34.4098 62.3058 123.09 -33.7651 62.1817 120 -32.1817 63.7651 120 -34.4098 62.3058 123.09 -35.6612 60.9903 120 -33.7651 62.1817 120 -34.4098 62.3058 123.09 -32.1817 63.7651 120 -32.3058 64.4098 123.09 -34.4098 62.3058 123.09 -34.2794 64.2794 125.878 -36.3271 62.7916 125.878 -34.4098 62.3058 123.09 -32.3058 64.4098 123.09 -34.2794 64.2794 125.878 -37.0611 60.9549 123.09 -40 60.9903 124.339 -40 60.2507 122.225 -37.0611 60.9549 123.09 -37.7748 60.2507 120 -35.6612 60.9903 120 -37.0611 60.9549 123.09 -40 60.2507 122.225 -37.7748 60.2507 120 -37.0611 60.9549 123.09 -35.6612 60.9903 120 -34.4098 62.3058 123.09 -37.0611 60.9549 123.09 -38.7344 62.0094 125.878 -40 60.9903 124.339 -37.0611 60.9549 123.09 -36.3271 62.7916 125.878 -38.7344 62.0094 125.878 -37.0611 60.9549 123.09 -34.4098 62.3058 123.09 -36.3271 62.7916 125.878 -30 290 100 -30 310 -120 -30 310 120 -30 290 100 -30 290 -100 -30 310 -120 -30 90 -100 -30 70 -120 -30 310 -120 -30 90 -100 -30 310 -120 -30 290 -100 -30 90 100 -30 290 100 -30 310 120 -30 70 120 -30 90 100 -30 310 120 -30 70 120 -30 70 -120 -30 90 -100 -30 70 120 -30 90 -100 -30 90 100 -30.2507 312.225 -120 -30 310 -120 -30.2507 310 -122.225 -40 320 -120 -37.7748 319.749 -120 -40 319.749 -122.225 -36.9479 310.483 -129.511 -35.6612 310 -129.01 -37.7748 310 -129.749 -37.2466 311.403 -129.511 -37.7748 310 -129.749 -40 310 -130 -37.2466 311.403 -129.511 -36.9479 310.483 -129.511 -37.7748 310 -129.749 -37.8149 312.185 -129.511 -40 310 -130 -40 310 -130 -37.8149 312.185 -129.511 -37.2466 311.403 -129.511 -40 310 -130 -34.4098 311.816 -128.09 -33.7651 310 -127.818 -35.6612 310 -129.01 -34.4098 311.816 -128.09 -35.6612 310 -129.01 -36.9479 310.483 -129.511 -34.4098 311.816 -128.09 -36.9479 310.483 -129.511 -37.2466 311.403 -129.511 -38.5971 312.753 -129.511 -40 310 -130 -40 312.225 -129.749 -38.5971 312.753 -129.511 -37.8149 312.185 -129.511 -40 310 -130 -35.2447 313.455 -128.09 -37.2466 311.403 -129.511 -37.8149 312.185 -129.511 -35.2447 313.455 -128.09 -34.4098 311.816 -128.09 -37.2466 311.403 -129.511 -32.0094 311.266 -125.878 -32.1817 310 -126.235 -33.7651 310 -127.818 -32.0094 311.266 -125.878 -30.9903 310 -124.339 -32.1817 310 -126.235 -32.0094 311.266 -125.878 -33.7651 310 -127.818 -34.4098 311.816 -128.09 -39.5166 313.052 -129.511 -40 312.225 -129.749 -40 314.339 -129.01 -39.5166 313.052 -129.511 -38.5971 312.753 -129.511 -40 312.225 -129.749 -36.5451 314.755 -128.09 -35.2447 313.455 -128.09 -37.8149 312.185 -129.511 -36.5451 314.755 -128.09 -37.8149 312.185 -129.511 -38.5971 312.753 -129.511 -32.7916 313.673 -125.878 -34.4098 311.816 -128.09 -35.2447 313.455 -128.09 -32.7916 313.673 -125.878 -32.0094 311.266 -125.878 -34.4098 311.816 -128.09 -38.1836 315.59 -128.09 -40 314.339 -129.01 -40 316.235 -127.818 -38.1836 315.59 -128.09 -38.5971 312.753 -129.511 -39.5166 313.052 -129.511 -38.1836 315.59 -128.09 -39.5166 313.052 -129.511 -40 314.339 -129.01 -38.1836 315.59 -128.09 -36.5451 314.755 -128.09 -38.5971 312.753 -129.511 -34.2794 315.721 -125.878 -35.2447 313.455 -128.09 -36.5451 314.755 -128.09 -34.2794 315.721 -125.878 -32.7916 313.673 -125.878 -35.2447 313.455 -128.09 -30.9549 312.939 -123.09 -30.2507 310 -122.225 -30.9903 310 -124.339 -30.9549 312.939 -123.09 -30.9903 314.339 -120 -30.2507 312.225 -120 -30.9549 312.939 -123.09 -30.9903 310 -124.339 -32.0094 311.266 -125.878 -30.9549 312.939 -123.09 -32.0094 311.266 -125.878 -32.7916 313.673 -125.878 -30.9549 312.939 -123.09 -30.2507 312.225 -120 -30.2507 310 -122.225 -36.3271 317.208 -125.878 -36.5451 314.755 -128.09 -38.1836 315.59 -128.09 -36.3271 317.208 -125.878 -34.2794 315.721 -125.878 -36.5451 314.755 -128.09 -32.3058 315.59 -123.09 -32.1817 316.235 -120 -30.9903 314.339 -120 -32.3058 315.59 -123.09 -30.9903 314.339 -120 -30.9549 312.939 -123.09 -32.3058 315.59 -123.09 -32.7916 313.673 -125.878 -34.2794 315.721 -125.878 -32.3058 315.59 -123.09 -30.9549 312.939 -123.09 -32.7916 313.673 -125.878 -38.7344 317.991 -125.878 -40 316.235 -127.818 -40 317.818 -126.235 -38.7344 317.991 -125.878 -40 317.818 -126.235 -40 319.01 -124.339 -38.7344 317.991 -125.878 -38.1836 315.59 -128.09 -40 316.235 -127.818 -38.7344 317.991 -125.878 -36.3271 317.208 -125.878 -38.1836 315.59 -128.09 -34.4098 317.694 -123.09 -33.7651 317.818 -120 -32.1817 316.235 -120 -34.4098 317.694 -123.09 -35.6612 319.01 -120 -33.7651 317.818 -120 -34.4098 317.694 -123.09 -32.1817 316.235 -120 -32.3058 315.59 -123.09 -34.4098 317.694 -123.09 -34.2794 315.721 -125.878 -36.3271 317.208 -125.878 -34.4098 317.694 -123.09 -32.3058 315.59 -123.09 -34.2794 315.721 -125.878 -37.0611 319.045 -123.09 -40 319.01 -124.339 -40 319.749 -122.225 -37.0611 319.045 -123.09 -37.7748 319.749 -120 -35.6612 319.01 -120 -37.0611 319.045 -123.09 -40 319.749 -122.225 -37.7748 319.749 -120 -37.0611 319.045 -123.09 -35.6612 319.01 -120 -34.4098 317.694 -123.09 -37.0611 319.045 -123.09 -38.7344 317.991 -125.878 -40 319.01 -124.339 -37.0611 319.045 -123.09 -36.3271 317.208 -125.878 -38.7344 317.991 -125.878 -37.0611 319.045 -123.09 -34.4098 317.694 -123.09 -36.3271 317.208 -125.878 -30.2507 310 122.225 -30 310 120 -30.2507 312.225 120 -40 310 130 -37.7748 310 129.749 -40 312.225 129.749 -36.9479 319.511 120.483 -35.6612 319.01 120 -37.7748 319.749 120 -37.2466 319.511 121.403 -37.7748 319.749 120 -40 320 120 -37.2466 319.511 121.403 -36.9479 319.511 120.483 -37.7748 319.749 120 -37.8149 319.511 122.185 -40 320 120 -40 320 120 -37.8149 319.511 122.185 -37.2466 319.511 121.403 -40 320 120 -34.4098 318.09 121.816 -33.7651 317.818 120 -35.6612 319.01 120 -34.4098 318.09 121.816 -35.6612 319.01 120 -36.9479 319.511 120.483 -34.4098 318.09 121.816 -36.9479 319.511 120.483 -37.2466 319.511 121.403 -38.5971 319.511 122.753 -40 320 120 -40 319.749 122.225 -38.5971 319.511 122.753 -37.8149 319.511 122.185 -40 320 120 -35.2447 318.09 123.455 -37.2466 319.511 121.403 -37.8149 319.511 122.185 -35.2447 318.09 123.455 -34.4098 318.09 121.816 -37.2466 319.511 121.403 -32.0094 315.878 121.266 -32.1817 316.235 120 -33.7651 317.818 120 -32.0094 315.878 121.266 -30.9903 314.339 120 -32.1817 316.235 120 -32.0094 315.878 121.266 -33.7651 317.818 120 -34.4098 318.09 121.816 -39.5166 319.511 123.052 -40 319.749 122.225 -40 319.01 124.339 -39.5166 319.511 123.052 -38.5971 319.511 122.753 -40 319.749 122.225 -36.5451 318.09 124.755 -35.2447 318.09 123.455 -37.8149 319.511 122.185 -36.5451 318.09 124.755 -37.8149 319.511 122.185 -38.5971 319.511 122.753 -32.7916 315.878 123.673 -32.0094 315.878 121.266 -34.4098 318.09 121.816 -32.7916 315.878 123.673 -34.4098 318.09 121.816 -35.2447 318.09 123.455 -38.1836 318.09 125.59 -40 319.01 124.339 -40 317.818 126.235 -38.1836 318.09 125.59 -38.5971 319.511 122.753 -39.5166 319.511 123.052 -38.1836 318.09 125.59 -39.5166 319.511 123.052 -40 319.01 124.339 -38.1836 318.09 125.59 -36.5451 318.09 124.755 -38.5971 319.511 122.753 -34.2794 315.878 125.721 -35.2447 318.09 123.455 -36.5451 318.09 124.755 -34.2794 315.878 125.721 -32.7916 315.878 123.673 -35.2447 318.09 123.455 -30.9549 313.09 122.939 -30.2507 312.225 120 -30.9903 314.339 120 -30.9549 313.09 122.939 -30.9903 310 124.339 -30.2507 310 122.225 -30.9549 313.09 122.939 -30.9903 314.339 120 -32.0094 315.878 121.266 -30.9549 313.09 122.939 -32.0094 315.878 121.266 -32.7916 315.878 123.673 -30.9549 313.09 122.939 -30.2507 310 122.225 -30.2507 312.225 120 -36.3271 315.878 127.208 -36.5451 318.09 124.755 -38.1836 318.09 125.59 -36.3271 315.878 127.208 -34.2794 315.878 125.721 -36.5451 318.09 124.755 -32.3058 313.09 125.59 -32.1817 310 126.235 -30.9903 310 124.339 -32.3058 313.09 125.59 -30.9903 310 124.339 -30.9549 313.09 122.939 -32.3058 313.09 125.59 -32.7916 315.878 123.673 -34.2794 315.878 125.721 -32.3058 313.09 125.59 -30.9549 313.09 122.939 -32.7916 315.878 123.673 -38.7344 315.878 127.991 -40 317.818 126.235 -40 316.235 127.818 -38.7344 315.878 127.991 -40 316.235 127.818 -40 314.339 129.01 -38.7344 315.878 127.991 -38.1836 318.09 125.59 -40 317.818 126.235 -38.7344 315.878 127.991 -36.3271 315.878 127.208 -38.1836 318.09 125.59 -34.4098 313.09 127.694 -33.7651 310 127.818 -32.1817 310 126.235 -34.4098 313.09 127.694 -35.6612 310 129.01 -33.7651 310 127.818 -34.4098 313.09 127.694 -32.1817 310 126.235 -32.3058 313.09 125.59 -34.4098 313.09 127.694 -34.2794 315.878 125.721 -36.3271 315.878 127.208 -34.4098 313.09 127.694 -32.3058 313.09 125.59 -34.2794 315.878 125.721 -37.0611 313.09 129.045 -40 314.339 129.01 -40 312.225 129.749 -37.0611 313.09 129.045 -37.7748 310 129.749 -35.6612 310 129.01 -37.0611 313.09 129.045 -40 312.225 129.749 -37.7748 310 129.749 -37.0611 313.09 129.045 -35.6612 310 129.01 -34.4098 313.09 127.694 -37.0611 313.09 129.045 -38.7344 315.878 127.991 -40 314.339 129.01 -37.0611 313.09 129.045 -36.3271 315.878 127.208 -38.7344 315.878 127.991 -37.0611 313.09 129.045 -34.4098 313.09 127.694 -36.3271 315.878 127.208 -30 290 -100 -60 290 -100 -60 90 -100 -30 290 -100 -60 90 -100 -30 90 -100 -30 290 100 -60 290 -100 -30 290 -100 -30 290 100 -60 290 100 -60 290 -100 -30 290 100 -60 90 100 -60 290 100 -30 290 100 -30 90 100 -60 90 100 -30 90 100 -30 90 -100 -60 90 -100 -30 90 100 -60 90 -100 -60 90 100 -60 290 100 -60 310 -120 -60 290 -100 -60 90 -100 -60 310 -120 -60 70 -120 -60 90 -100 -60 290 -100 -60 310 -120 -60 310 120 -60 310 -120 -60 290 100 -60 90 100 -60 310 120 -60 290 100 -60 70 120 -60 310 120 -60 90 100 -60 70 120 -60 90 -100 -60 70 -120 -60 70 120 -60 90 100 -60 90 -100 -60 70 120 -60 70 -120 -220 70 -120 -60 70 120 -220 70 -120 -220 70 120 -60 310 120 -220 70 120 -220 310 120 -60 310 120 -60 70 120 -220 70 120 -60 310 -120 -220 310 -120 -220 70 -120 -60 310 -120 -220 70 -120 -60 70 -120 -60 310 120 -220 310 -120 -60 310 -120 -60 310 120 -220 310 120 -220 310 -120 -220 70 120 -220 70 -120 -220 310 -120 -220 70 120 -220 310 -120 -220 310 120 " />
<Normal vector="-1 0 0 -1 0 0 -1 0 0 -1 0 0 -1 0 0 -1 0 0 -0.974928 -0.222521 0 -1 0 0 -1 0 0 -0.974928 -0.222521 0 -1 0 0 -0.974928 -0.222521 0 -0.900969 -0.433884 0 -0.974928 -0.222521 0 -0.900969 -0.433884 0 -0.900969 -0.433884 0 -0.974928 -0.222521 0 -0.974928 -0.222521 0 -0.781832 -0.62349 0 -0.900969 -0.433884 0 -0.781832 -0.62349 0 -0.781832 -0.62349 0 -0.900969 -0.433884 0 -0.900969 -0.433884 0 -0.62349 -0.781832 0 -0.781832 -0.62349 0 -0.62349 -0.781832 0 -0.62349 -0.781832 0 -0.62349 -0.781832 0 -0.433884 -0.900969 0 -0.62349 -0.781832 0 -0.781832 -0.62349 0 -0.781832 -0.62349 0 -0.433884 -0.900969 0 -0.62349 -0.781832 0 -0.433884 -0.900969 0 -0.222521 -0.974928 0 -0.433884 -0.900969 0 -0.222521 -0.974928 0 -0.222521 -0.974928 0 -0.222521 -0.974928 0 0 -1 0 -0.222521 -0.974928 0 -0.433884 -0.900969 0 -0.433884 -0.900969 0 0 -1 0 -0.222521 -0.974928 0 0 -1 0 -0.974928 0 -0.222521 -0.974928 0 -0.222521 -1 0 0 -0.974928 0 -0.222521 -1 0 0 -1 0 0 -0.900969 0 -0.433884 -0.900969 0 -0.433884 -0.974928 0 -0.222521 -0.900969 0 -0.433884 -0.974928 0 -0.222521 -0.974928 0 -0.222521 -0.781832 0 -0.62349 -0.781832 0 -0.62349 -0.900969 0 -0.433884 -0.781832 0 -0.62349 -0.900969 0 -0.433884 -0.900969 0 -0.433884 -0.62349 0 -0.781832 -0.433884 0 -0.900969 -0.62349 0 -0.781832 -0.62349 0 -0.781832 -0.62349 0 -0.781832 -0.781832 0 -0.62349 -0.62349 0 -0.781832 -0.781832 0 -0.62349 -0.781832 0 -0.62349 -0.433884 0 -0.900969 -0.433884 0 -0.900969 -0.62349 0 -0.781832 -0.222521 0 -0.974928 0 0 -1 -0.222521 0 -0.974928 -0.222521 0 -0.974928 -0.222521 0 -0.974928 -0.433884 0 -0.900969 -0.222521 0 -0.974928 -0.433884 0 -0.900969 -0.433884 0 -0.900969 0 0 -1 0 0 -1 -0.222521 0 -0.974928 -0.974928 0 0.222521 -1 0 0 -0.974928 0 0.222521 -0.974928 0 0.222521 -1 0 0 -1 0 0 -0.900969 0 0.433884 -0.974928 0 0.222521 -0.900969 0 0.433884 -0.900969 0 0.433884 -0.974928 0 0.222521 -0.974928 0 0.222521 -0.781832 0 0.62349 -0.900969 0 0.433884 -0.781832 0 0.62349 -0.781832 0 0.62349 -0.900969 0 0.433884 -0.900969 0 0.433884 -0.62349 0 0.781832 -0.62349 0 0.781832 -0.433884 0 0.900969 -0.62349 0 0.781832 -0.781832 0 0.62349 -0.62349 0 0.781832 -0.62349 0 0.781832 -0.781832 0 0.62349 -0.781832 0 0.62349 -0.433884 0 0.900969 -0.62349 0 0.781832 -0.433884 0 0.900969 -0.222521 0 0.974928 -0.222521 0 0.974928 0 0 1 -0.222521 0 0.974928 -0.433884 0 0.900969 -0.222521 0 0.974928 -0.222521 0 0.974928 -0.433884 0 0.900969 -0.433884 0 0.900969 0 0 1 -0.222521 0 0.974928 0 0 1 -0.974928 0.222521 0 -1 0 0 -1 0 0 -0.974928 0.222521 0 -0.974928 0.222521 0 -1 0 0 -0.900969 0.433884 0 -0.900969 0.433884 0 -0.974928 0.222521 0 -0.900969 0.433884 0 -0.974928 0.222521 0 -0.974928 0.222521 0 -0.781832 0.62349 0 -0.781832 0.62349 0 -0.900969 0.433884 0 -0.781832 0.62349 0 -0.900969 0.433884 0 -0.900969 0.433884 0 -0.62349 0.781832 0 -0.62349 0.781832 0 -0.781832 0.62349 0 -0.62349 0.781832 0 -0.433884 0.900969 0 -0.62349 0.781832 0 -0.62349 0.781832 0 -0.781832 0.62349 0 -0.781832 0.62349 0 -0.433884 0.900969 0 -0.433884 0.900969 0 -0.62349 0.781832 0 -0.222521 0.974928 0 -0.222521 0.974928 0 -0.433884 0.900969 0 -0.222521 0.974928 0 0 1 0 -0.222521 0.974928 0 -0.222521 0.974928 0 -0.433884 0.900969 0 -0.433884 0.900969 0 0 1 0 0 1 0 -0.222521 0.974928 0 -0.974928 -0.222521 0 -1 0 0 -0.974928 0 -0.222521 0 -1 0 -0.222521 -0.974928 0 0 -0.974928 -0.222521 -0.305212 -0.0483409 -0.951057 -0.433884 0 -0.900969 -0.222521 0 -0.974928 -0.275336 -0.140291 -0.951057 -0.222521 0 -0.974928 0 0 -1 -0.275336 -0.140291 -0.951057 -0.305212 -0.0483409 -0.951057 -0.222521 0 -0.974928 -0.218508 -0.218508 -0.951057 0 0 -1 0 0 -1 -0.218508 -0.218508 -0.951057 -0.275336 -0.140291 -0.951057 0 0 -1 -0.559017 -0.181636 -0.809017 -0.62349 0 -0.781832 -0.433884 0 -0.900969 -0.559017 -0.181636 -0.809017 -0.433884 0 -0.900969 -0.305212 -0.0483409 -0.951057 -0.559017 -0.181636 -0.809017 -0.305212 -0.0483409 -0.951057 -0.275336 -0.140291 -0.951057 -0.140291 -0.275336 -0.951057 0 0 -1 0 -0.222521 -0.974928 -0.140291 -0.275336 -0.951057 -0.218508 -0.218508 -0.951057 0 0 -1 -0.475528 -0.345491 -0.809017 -0.275336 -0.140291 -0.951057 -0.218508 -0.218508 -0.951057 -0.475528 -0.345491 -0.809017 -0.559017 -0.181636 -0.809017 -0.275336 -0.140291 -0.951057 -0.799057 -0.126558 -0.587785 -0.781832 0 -0.62349 -0.62349 0 -0.781832 -0.799057 -0.126558 -0.587785 -0.900969 0 -0.433884 -0.781832 0 -0.62349 -0.799057 -0.126558 -0.587785 -0.62349 0 -0.781832 -0.559017 -0.181636 -0.809017 -0.0483409 -0.305212 -0.951057 0 -0.222521 -0.974928 0 -0.433884 -0.900969 -0.0483409 -0.305212 -0.951057 -0.140291 -0.275336 -0.951057 0 -0.222521 -0.974928 -0.345491 -0.475528 -0.809017 -0.475528 -0.345491 -0.809017 -0.218508 -0.218508 -0.951057 -0.345491 -0.475528 -0.809017 -0.218508 -0.218508 -0.951057 -0.140291 -0.275336 -0.951057 -0.720839 -0.367286 -0.587785 -0.799057 -0.126558 -0.587785 -0.559017 -0.181636 -0.809017 -0.720839 -0.367286 -0.587785 -0.559017 -0.181636 -0.809017 -0.475528 -0.345491 -0.809017 -0.181636 -0.559017 -0.809017 0 -0.433884 -0.900969 0 -0.62349 -0.781832 -0.181636 -0.559017 -0.809017 -0.140291 -0.275336 -0.951057 -0.0483409 -0.305212 -0.951057 -0.181636 -0.559017 -0.809017 -0.0483409 -0.305212 -0.951057 0 -0.433884 -0.900969 -0.181636 -0.559017 -0.809017 -0.345491 -0.475528 -0.809017 -0.140291 -0.275336 -0.951057 -0.572061 -0.572061 -0.587785 -0.475528 -0.345491 -0.809017 -0.345491 -0.475528 -0.809017 -0.572061 -0.572061 -0.587785 -0.720839 -0.367286 -0.587785 -0.475528 -0.345491 -0.809017 -0.904508 -0.293893 -0.309017 -0.974928 0 -0.222521 -0.900969 0 -0.433884 -0.904508 -0.293893 -0.309017 -0.900969 -0.433884 0 -0.974928 -0.222521 0 -0.904508 -0.293893 -0.309017 -0.900969 0 -0.433884 -0.799057 -0.126558 -0.587785 -0.904508 -0.293893 -0.309017 -0.799057 -0.126558 -0.587785 -0.720839 -0.367286 -0.587785 -0.904508 -0.293893 -0.309017 -0.974928 -0.222521 0 -0.974928 0 -0.222521 -0.367286 -0.720839 -0.587785 -0.345491 -0.475528 -0.809017 -0.181636 -0.559017 -0.809017 -0.367286 -0.720839 -0.587785 -0.572061 -0.572061 -0.587785 -0.345491 -0.475528 -0.809017 -0.769421 -0.559017 -0.309017 -0.781832 -0.62349 0 -0.900969 -0.433884 0 -0.769421 -0.559017 -0.309017 -0.62349 -0.781832 0 -0.781832 -0.62349 0 -0.769421 -0.559017 -0.309017 -0.900969 -0.433884 0 -0.904508 -0.293893 -0.309017 -0.769421 -0.559017 -0.309017 -0.720839 -0.367286 -0.587785 -0.572061 -0.572061 -0.587785 -0.769421 -0.559017 -0.309017 -0.904508 -0.293893 -0.309017 -0.720839 -0.367286 -0.587785 -0.126558 -0.799057 -0.587785 0 -0.62349 -0.781832 0 -0.781832 -0.62349 -0.126558 -0.799057 -0.587785 0 -0.781832 -0.62349 0 -0.900969 -0.433884 -0.126558 -0.799057 -0.587785 -0.181636 -0.559017 -0.809017 0 -0.62349 -0.781832 -0.126558 -0.799057 -0.587785 -0.367286 -0.720839 -0.587785 -0.181636 -0.559017 -0.809017 -0.559017 -0.769421 -0.309017 -0.433884 -0.900969 0 -0.62349 -0.781832 0 -0.559017 -0.769421 -0.309017 -0.62349 -0.781832 0 -0.769421 -0.559017 -0.309017 -0.559017 -0.769421 -0.309017 -0.572061 -0.572061 -0.587785 -0.367286 -0.720839 -0.587785 -0.559017 -0.769421 -0.309017 -0.769421 -0.559017 -0.309017 -0.572061 -0.572061 -0.587785 -0.293893 -0.904508 -0.309017 0 -0.900969 -0.433884 0 -0.974928 -0.222521 -0.293893 -0.904508 -0.309017 -0.222521 -0.974928 0 -0.433884 -0.900969 0 -0.293893 -0.904508 -0.309017 -0.433884 -0.900969 0 -0.559017 -0.769421 -0.309017 -0.293893 -0.904508 -0.309017 0 -0.974928 -0.222521 -0.222521 -0.974928 0 -0.293893 -0.904508 -0.309017 -0.126558 -0.799057 -0.587785 0 -0.900969 -0.433884 -0.293893 -0.904508 -0.309017 -0.367286 -0.720839 -0.587785 -0.126558 -0.799057 -0.587785 -0.293893 -0.904508 -0.309017 -0.559017 -0.769421 -0.309017 -0.367286 -0.720839 -0.587785 -0.974928 -0.222521 0 -0.974928 0 0.222521 -1 0 0 0 -1 0 0 -0.974928 0.222521 -0.222521 -0.974928 0 -0.305212 -0.0483409 0.951057 -0.222521 0 0.974928 -0.433884 0 0.900969 -0.275336 -0.140291 0.951057 0 0 1 -0.222521 0 0.974928 -0.275336 -0.140291 0.951057 -0.222521 0 0.974928 -0.305212 -0.0483409 0.951057 -0.218508 -0.218508 0.951057 0 0 1 0 0 1 -0.218508 -0.218508 0.951057 0 0 1 -0.275336 -0.140291 0.951057 -0.559017 -0.181636 0.809017 -0.433884 0 0.900969 -0.62349 0 0.781832 -0.559017 -0.181636 0.809017 -0.305212 -0.0483409 0.951057 -0.433884 0 0.900969 -0.559017 -0.181636 0.809017 -0.275336 -0.140291 0.951057 -0.305212 -0.0483409 0.951057 -0.140291 -0.275336 0.951057 0 -0.222521 0.974928 0 0 1 -0.140291 -0.275336 0.951057 0 0 1 -0.218508 -0.218508 0.951057 -0.475528 -0.345491 0.809017 -0.218508 -0.218508 0.951057 -0.275336 -0.140291 0.951057 -0.475528 -0.345491 0.809017 -0.275336 -0.140291 0.951057 -0.559017 -0.181636 0.809017 -0.799057 -0.126558 0.587785 -0.62349 0 0.781832 -0.781832 0 0.62349 -0.799057 -0.126558 0.587785 -0.781832 0 0.62349 -0.900969 0 0.433884 -0.799057 -0.126558 0.587785 -0.559017 -0.181636 0.809017 -0.62349 0 0.781832 -0.0483409 -0.305212 0.951057 0 -0.433884 0.900969 0 -0.222521 0.974928 -0.0483409 -0.305212 0.951057 0 -0.222521 0.974928 -0.140291 -0.275336 0.951057 -0.345491 -0.475528 0.809017 -0.218508 -0.218508 0.951057 -0.475528 -0.345491 0.809017 -0.345491 -0.475528 0.809017 -0.140291 -0.275336 0.951057 -0.218508 -0.218508 0.951057 -0.720839 -0.367286 0.587785 -0.559017 -0.181636 0.809017 -0.799057 -0.126558 0.587785 -0.720839 -0.367286 0.587785 -0.475528 -0.345491 0.809017 -0.559017 -0.181636 0.809017 -0.181636 -0.559017 0.809017 0 -0.62349 0.781832 0 -0.433884 0.900969 -0.181636 -0.559017 0.809017 -0.0483409 -0.305212 0.951057 -0.140291 -0.275336 0.951057 -0.181636 -0.559017 0.809017 0 -0.433884 0.900969 -0.0483409 -0.305212 0.951057 -0.181636 -0.559017 0.809017 -0.140291 -0.275336 0.951057 -0.345491 -0.475528 0.809017 -0.572061 -0.572061 0.587785 -0.345491 -0.475528 0.809017 -0.475528 -0.345491 0.809017 -0.572061 -0.572061 0.587785 -0.475528 -0.345491 0.809017 -0.720839 -0.367286 0.587785 -0.904508 -0.293893 0.309017 -0.900969 0 0.433884 -0.974928 0 0.222521 -0.904508 -0.293893 0.309017 -0.974928 -0.222521 0 -0.900969 -0.433884 0 -0.904508 -0.293893 0.309017 -0.799057 -0.126558 0.587785 -0.900969 0 0.433884 -0.904508 -0.293893 0.309017 -0.720839 -0.367286 0.587785 -0.799057 -0.126558 0.587785 -0.904508 -0.293893 0.309017 -0.974928 0 0.222521 -0.974928 -0.222521 0 -0.367286 -0.720839 0.587785 -0.181636 -0.559017 0.809017 -0.345491 -0.475528 0.809017 -0.367286 -0.720839 0.587785 -0.345491 -0.475528 0.809017 -0.572061 -0.572061 0.587785 -0.769421 -0.559017 0.309017 -0.900969 -0.433884 0 -0.781832 -0.62349 0 -0.769421 -0.559017 0.309017 -0.781832 -0.62349 0 -0.62349 -0.781832 0 -0.769421 -0.559017 0.309017 -0.904508 -0.293893 0.309017 -0.900969 -0.433884 0 -0.769421 -0.559017 0.309017 -0.572061 -0.572061 0.587785 -0.720839 -0.367286 0.587785 -0.769421 -0.559017 0.309017 -0.720839 -0.367286 0.587785 -0.904508 -0.293893 0.309017 -0.126558 -0.799057 0.587785 0 -0.781832 0.62349 0 -0.62349 0.781832 -0.126558 -0.799057 0.587785 0 -0.900969 0.433884 0 -0.781832 0.62349 -0.126558 -0.799057 0.587785 0 -0.62349 0.781832 -0.181636 -0.559017 0.809017 -0.126558 -0.799057 0.587785 -0.181636 -0.559017 0.809017 -0.367286 -0.720839 0.587785 -0.559017 -0.769421 0.309017 -0.62349 -0.781832 0 -0.433884 -0.900969 0 -0.559017 -0.769421 0.309017 -0.769421 -0.559017 0.309017 -0.62349 -0.781832 0 -0.559017 -0.769421 0.309017 -0.367286 -0.720839 0.587785 -0.572061 -0.572061 0.587785 -0.559017 -0.769421 0.309017 -0.572061 -0.572061 0.587785 -0.769421 -0.559017 0.309017 -0.293893 -0.904508 0.309017 0 -0.974928 0.222521 0 -0.900969 0.433884 -0.293893 -0.904508 0.309017 -0.433884 -0.900969 0 -0.222521 -0.974928 0 -0.293893 -0.904508 0.309017 -0.559017 -0.769421 0.309017 -0.433884 -0.900969 0 -0.293893 -0.904508 0.309017 -0.222521 -0.974928 0 0 -0.974928 0.222521 -0.293893 -0.904508 0.309017 0 -0.900969 0.433884 -0.126558 -0.799057 0.587785 -0.293893 -0.904508 0.309017 -0.126558 -0.799057 0.587785 -0.367286 -0.720839 0.587785 -0.293893 -0.904508 0.309017 -0.367286 -0.720839 0.587785 -0.559017 -0.769421 0.309017 0 -1 0 0 -1 0 0 -1 0 0 -1 0 0 -1 0 0 -1 0 0 0 -1 0 0 -1 0 0 -1 0 0 -1 0 0 -1 0 0 -1 -0.974928 0.222521 0 -0.974928 0 -0.222521 -1 0 0 0 1 0 0 0.974928 -0.222521 -0.222521 0.974928 0 -0.305212 0.0483409 -0.951057 -0.222521 0 -0.974928 -0.433884 0 -0.900969 -0.275336 0.140291 -0.951057 0 0 -1 -0.222521 0 -0.974928 -0.275336 0.140291 -0.951057 -0.222521 0 -0.974928 -0.305212 0.0483409 -0.951057 -0.218508 0.218508 -0.951057 0 0 -1 0 0 -1 -0.218508 0.218508 -0.951057 0 0 -1 -0.275336 0.140291 -0.951057 -0.559017 0.181636 -0.809017 -0.433884 0 -0.900969 -0.62349 0 -0.781832 -0.559017 0.181636 -0.809017 -0.305212 0.0483409 -0.951057 -0.433884 0 -0.900969 -0.559017 0.181636 -0.809017 -0.275336 0.140291 -0.951057 -0.305212 0.0483409 -0.951057 -0.140291 0.275336 -0.951057 0 0.222521 -0.974928 0 0 -1 -0.140291 0.275336 -0.951057 0 0 -1 -0.218508 0.218508 -0.951057 -0.475528 0.345491 -0.809017 -0.218508 0.218508 -0.951057 -0.275336 0.140291 -0.951057 -0.475528 0.345491 -0.809017 -0.275336 0.140291 -0.951057 -0.559017 0.181636 -0.809017 -0.799057 0.126558 -0.587785 -0.62349 0 -0.781832 -0.781832 0 -0.62349 -0.799057 0.126558 -0.587785 -0.781832 0 -0.62349 -0.900969 0 -0.433884 -0.799057 0.126558 -0.587785 -0.559017 0.181636 -0.809017 -0.62349 0 -0.781832 -0.0483409 0.305212 -0.951057 0 0.433884 -0.900969 0 0.222521 -0.974928 -0.0483409 0.305212 -0.951057 0 0.222521 -0.974928 -0.140291 0.275336 -0.951057 -0.345491 0.475528 -0.809017 -0.218508 0.218508 -0.951057 -0.475528 0.345491 -0.809017 -0.345491 0.475528 -0.809017 -0.140291 0.275336 -0.951057 -0.218508 0.218508 -0.951057 -0.720839 0.367286 -0.587785 -0.559017 0.181636 -0.809017 -0.799057 0.126558 -0.587785 -0.720839 0.367286 -0.587785 -0.475528 0.345491 -0.809017 -0.559017 0.181636 -0.809017 -0.181636 0.559017 -0.809017 0 0.62349 -0.781832 0 0.433884 -0.900969 -0.181636 0.559017 -0.809017 -0.0483409 0.305212 -0.951057 -0.140291 0.275336 -0.951057 -0.181636 0.559017 -0.809017 -0.140291 0.275336 -0.951057 -0.345491 0.475528 -0.809017 -0.181636 0.559017 -0.809017 0 0.433884 -0.900969 -0.0483409 0.305212 -0.951057 -0.572061 0.572061 -0.587785 -0.345491 0.475528 -0.809017 -0.475528 0.345491 -0.809017 -0.572061 0.572061 -0.587785 -0.475528 0.345491 -0.809017 -0.720839 0.367286 -0.587785 -0.904508 0.293893 -0.309017 -0.900969 0 -0.433884 -0.974928 0 -0.222521 -0.904508 0.293893 -0.309017 -0.974928 0.222521 0 -0.900969 0.433884 0 -0.904508 0.293893 -0.309017 -0.799057 0.126558 -0.587785 -0.900969 0 -0.433884 -0.904508 0.293893 -0.309017 -0.720839 0.367286 -0.587785 -0.799057 0.126558 -0.587785 -0.904508 0.293893 -0.309017 -0.974928 0 -0.222521 -0.974928 0.222521 0 -0.367286 0.720839 -0.587785 -0.181636 0.559017 -0.809017 -0.345491 0.475528 -0.809017 -0.367286 0.720839 -0.587785 -0.345491 0.475528 -0.809017 -0.572061 0.572061 -0.587785 -0.769421 0.559017 -0.309017 -0.900969 0.433884 0 -0.781832 0.62349 0 -0.769421 0.559017 -0.309017 -0.781832 0.62349 0 -0.62349 0.781832 0 -0.769421 0.559017 -0.309017 -0.904508 0.293893 -0.309017 -0.900969 0.433884 0 -0.769421 0.559017 -0.309017 -0.572061 0.572061 -0.587785 -0.720839 0.367286 -0.587785 -0.769421 0.559017 -0.309017 -0.720839 0.367286 -0.587785 -0.904508 0.293893 -0.309017 -0.126558 0.799057 -0.587785 0 0.781832 -0.62349 0 0.62349 -0.781832 -0.126558 0.799057 -0.587785 0 0.900969 -0.433884 0 0.781832 -0.62349 -0.126558 0.799057 -0.587785 0 0.62349 -0.781832 -0.181636 0.559017 -0.809017 -0.126558 0.799057 -0.587785 -0.181636 0.559017 -0.809017 -0.367286 0.720839 -0.587785 -0.559017 0.769421 -0.309017 -0.62349 0.781832 0 -0.433884 0.900969 0 -0.559017 0.769421 -0.309017 -0.769421 0.559017 -0.309017 -0.62349 0.781832 0 -0.559017 0.769421 -0.309017 -0.367286 0.720839 -0.587785 -0.572061 0.572061 -0.587785 -0.559017 0.769421 -0.309017 -0.572061 0.572061 -0.587785 -0.769421 0.559017 -0.309017 -0.293893 0.904508 -0.309017 0 0.974928 -0.222521 0 0.900969 -0.433884 -0.293893 0.904508 -0.309017 -0.433884 0.900969 0 -0.222521 0.974928 0 -0.293893 0.904508 -0.309017 -0.559017 0.769421 -0.309017 -0.433884 0.900969 0 -0.293893 0.904508 -0.309017 -0.222521 0.974928 0 0 0.974928 -0.222521 -0.293893 0.904508 -0.309017 0 0.900969 -0.433884 -0.126558 0.799057 -0.587785 -0.293893 0.904508 -0.309017 -0.126558 0.799057 -0.587785 -0.367286 0.720839 -0.587785 -0.293893 0.904508 -0.309017 -0.367286 0.720839 -0.587785 -0.559017 0.769421 -0.309017 0 0 1 0 0 1 0 0 1 0 0 1 0 0 1 0 0 1 -0.974928 0 0.222521 -0.974928 0.222521 0 -1 0 0 0 0 1 0 0.222521 0.974928 -0.222521 0 0.974928 -0.305212 0.951057 0.0483409 -0.222521 0.974928 0 -0.433884 0.900969 0 -0.275336 0.951057 0.140291 0 1 0 -0.222521 0.974928 0 -0.275336 0.951057 0.140291 -0.222521 0.974928 0 -0.305212 0.951057 0.0483409 -0.218508 0.951057 0.218508 0 1 0 0 1 0 -0.218508 0.951057 0.218508 0 1 0 -0.275336 0.951057 0.140291 -0.559017 0.809017 0.181636 -0.433884 0.900969 0 -0.62349 0.781832 0 -0.559017 0.809017 0.181636 -0.305212 0.951057 0.0483409 -0.433884 0.900969 0 -0.559017 0.809017 0.181636 -0.275336 0.951057 0.140291 -0.305212 0.951057 0.0483409 -0.140291 0.951057 0.275336 0 0.974928 0.222521 0 1 0 -0.140291 0.951057 0.275336 0 1 0 -0.218508 0.951057 0.218508 -0.475528 0.809017 0.345491 -0.218508 0.951057 0.218508 -0.275336 0.951057 0.140291 -0.475528 0.809017 0.345491 -0.275336 0.951057 0.140291 -0.559017 0.809017 0.181636 -0.799057 0.587785 0.126558 -0.62349 0.781832 0 -0.781832 0.62349 0 -0.799057 0.587785 0.126558 -0.781832 0.62349 0 -0.900969 0.433884 0 -0.799057 0.587785 0.126558 -0.559017 0.809017 0.181636 -0.62349 0.781832 0 -0.0483409 0.951057 0.305212 0 0.900969 0.433884 0 0.974928 0.222521 -0.0483409 0.951057 0.305212 0 0.974928 0.222521 -0.140291 0.951057 0.275336 -0.345491 0.809017 0.475528 -0.218508 0.951057 0.218508 -0.475528 0.809017 0.345491 -0.345491 0.809017 0.475528 -0.140291 0.951057 0.275336 -0.218508 0.951057 0.218508 -0.720839 0.587785 0.367286 -0.559017 0.809017 0.181636 -0.799057 0.587785 0.126558 -0.720839 0.587785 0.367286 -0.475528 0.809017 0.345491 -0.559017 0.809017 0.181636 -0.181636 0.809017 0.559017 0 0.781832 0.62349 0 0.900969 0.433884 -0.181636 0.809017 0.559017 -0.0483409 0.951057 0.305212 -0.140291 0.951057 0.275336 -0.181636 0.809017 0.559017 0 0.900969 0.433884 -0.0483409 0.951057 0.305212 -0.181636 0.809017 0.559017 -0.140291 0.951057 0.275336 -0.345491 0.809017 0.475528 -0.572061 0.587785 0.572061 -0.345491 0.809017 0.475528 -0.475528 0.809017 0.345491 -0.572061 0.587785 0.572061 -0.475528 0.809017 0.345491 -0.720839 0.587785 0.367286 -0.904508 0.309017 0.293893 -0.900969 0.433884 0 -0.974928 0.222521 0 -0.904508 0.309017 0.293893 -0.974928 0 0.222521 -0.900969 0 0.433884 -0.904508 0.309017 0.293893 -0.799057 0.587785 0.126558 -0.900969 0.433884 0 -0.904508 0.309017 0.293893 -0.720839 0.587785 0.367286 -0.799057 0.587785 0.126558 -0.904508 0.309017 0.293893 -0.974928 0.222521 0 -0.974928 0 0.222521 -0.367286 0.587785 0.720839 -0.181636 0.809017 0.559017 -0.345491 0.809017 0.475528 -0.367286 0.587785 0.720839 -0.345491 0.809017 0.475528 -0.572061 0.587785 0.572061 -0.769421 0.309017 0.559017 -0.900969 0 0.433884 -0.781832 0 0.62349 -0.769421 0.309017 0.559017 -0.904508 0.309017 0.293893 -0.900969 0 0.433884 -0.769421 0.309017 0.559017 -0.572061 0.587785 0.572061 -0.720839 0.587785 0.367286 -0.769421 0.309017 0.559017 -0.720839 0.587785 0.367286 -0.904508 0.309017 0.293893 -0.126558 0.587785 0.799057 0 0.62349 0.781832 0 0.781832 0.62349 -0.126558 0.587785 0.799057 0 0.433884 0.900969 0 0.62349 0.781832 -0.126558 0.587785 0.799057 0 0.781832 0.62349 -0.181636 0.809017 0.559017 -0.126558 0.587785 0.799057 -0.181636 0.809017 0.559017 -0.367286 0.587785 0.720839 -0.559017 0.309017 0.769421 -0.781832 0 0.62349 -0.62349 0 0.781832 -0.559017 0.309017 0.769421 -0.62349 0 0.781832 -0.433884 0 0.900969 -0.559017 0.309017 0.769421 -0.769421 0.309017 0.559017 -0.781832 0 0.62349 -0.559017 0.309017 0.769421 -0.367286 0.587785 0.720839 -0.572061 0.587785 0.572061 -0.559017 0.309017 0.769421 -0.572061 0.587785 0.572061 -0.769421 0.309017 0.559017 -0.293893 0.309017 0.904508 0 0.222521 0.974928 0 0.433884 0.900969 -0.293893 0.309017 0.904508 -0.433884 0 0.900969 -0.222521 0 0.974928 -0.293893 0.309017 0.904508 -0.222521 0 0.974928 0 0.222521 0.974928 -0.293893 0.309017 0.904508 -0.559017 0.309017 0.769421 -0.433884 0 0.900969 -0.293893 0.309017 0.904508 0 0.433884 0.900969 -0.126558 0.587785 0.799057 -0.293893 0.309017 0.904508 -0.126558 0.587785 0.799057 -0.367286 0.587785 0.720839 -0.293893 0.309017 0.904508 -0.367286 0.587785 0.720839 -0.559017 0.309017 0.769421 0 1 0 0 1 0 0 1 0 0 1 0 0 1 0 0 1 0 0 -0.974928 -0.222521 0 -1 0 0 -0.974928 -0.222521 0 -0.974928 -0.222521 0 -1 0 0 -1 0 0 -0.900969 -0.433884 0 -0.974928 -0.222521 0 -0.900969 -0.433884 0 -0.900969 -0.433884 0 -0.974928 -0.222521 0 -0.974928 -0.222521 0 -0.781832 -0.62349 0 -0.900969 -0.433884 0 -0.781832 -0.62349 0 -0.781832 -0.62349 0 -0.900969 -0.433884 0 -0.900969 -0.433884 0 -0.62349 -0.781832 0 -0.781832 -0.62349 0 -0.62349 -0.781832 0 -0.62349 -0.781832 0 -0.781832 -0.62349 0 -0.781832 -0.62349 0 -0.433884 -0.900969 0 -0.433884 -0.900969 0 -0.222521 -0.974928 0 -0.433884 -0.900969 0 -0.62349 -0.781832 0 -0.433884 -0.900969 0 -0.433884 -0.900969 0 -0.62349 -0.781832 0 -0.62349 -0.781832 0 -0.222521 -0.974928 0 -0.433884 -0.900969 0 -0.222521 -0.974928 0 0 -1 0 -0.222521 -0.974928 0 0 -1 0 0 -1 0 -0.222521 -0.974928 0 -0.222521 -0.974928 0 -0.974928 0.222521 0 -0.974928 0.222521 0 -1 0 0 -0.974928 0.222521 0 -1 0 0 -1 0 0 -0.900969 0.433884 0 -0.900969 0.433884 0 -0.974928 0.222521 0 -0.900969 0.433884 0 -0.974928 0.222521 0 -0.974928 0.222521 0 -0.781832 0.62349 0 -0.781832 0.62349 0 -0.900969 0.433884 0 -0.781832 0.62349 0 -0.900969 0.433884 0 -0.900969 0.433884 0 -0.62349 0.781832 0 -0.62349 0.781832 0 -0.781832 0.62349 0 -0.62349 0.781832 0 -0.781832 0.62349 0 -0.781832 0.62349 0 -0.433884 0.900969 0 -0.222521 0.974928 0 -0.433884 0.900969 0 -0.433884 0.900969 0 -0.433884 0.900969 0 -0.62349 0.781832 0 -0.433884 0.900969 0 -0.62349 0.781832 0 -0.62349 0.781832 0 -0.222521 0.974928 0 -0.222521 0.974928 0 -0.433884 0.900969 0 0 1 0 0 1 0 -0.222521 0.974928 0 0 1 0 -0.222521 0.974928 0 -0.222521 0.974928 0.974928 -0.222521 0 1 0 0 1 0 0 0.974928 -0.222521 0 0.974928 -0.222521 0 1 0 0 0.900969 -0.433884 0 0.900969 -0.433884 0 0.974928 -0.222521 0 0.900969 -0.433884 0 0.974928 -0.222521 0 0.974928 -0.222521 0 0.781832 -0.62349 0 0.781832 -0.62349 0 0.900969 -0.433884 0 0.781832 -0.62349 0 0.900969 -0.433884 0 0.900969 -0.433884 0 0.62349 -0.781832 0 0.62349 -0.781832 0 0.781832 -0.62349 0 0.62349 -0.781832 0 0.433884 -0.900969 0 0.62349 -0.781832 0 0.62349 -0.781832 0 0.781832 -0.62349 0 0.781832 -0.62349 0 0.433884 -0.900969 0 0.433884 -0.900969 0 0.62349 -0.781832 0 0.222521 -0.974928 0 0.222521 -0.974928 0 0.433884 -0.900969 0 0.222521 -0.974928 0 0 -1 0 0.222521 -0.974928 0 0.222521 -0.974928 0 0.433884 -0.900969 0 0.433884 -0.900969 0 0 -1 0 0 -1 0 0.222521 -0.974928 0 0 0.974928 -0.222521 0 0.974928 -0.222521 0 1 0 0 0.974928 -0.222521 0 1 0 0 1 0 0 0.900969 -0.433884 0 0.900969 -0.433884 0 0.974928 -0.222521 0 0.900969 -0.433884 0 0.974928 -0.222521 0 0.974928 -0.222521 0 0.781832 -0.62349 0 0.781832 -0.62349 0 0.900969 -0.433884 0 0.781832 -0.62349 0 0.900969 -0.433884 0 0.900969 -0.433884 0 0.62349 -0.781832 0 0.62349 -0.781832 0 0.781832 -0.62349 0 0.62349 -0.781832 0 0.781832 -0.62349 0 0.781832 -0.62349 0 0.433884 -0.900969 0 0.222521 -0.974928 0 0.433884 -0.900969 0 0.433884 -0.900969 0 0.433884 -0.900969 0 0.62349 -0.781832 0 0.433884 -0.900969 0 0.62349 -0.781832 0 0.62349 -0.781832 0 0.222521 -0.974928 0 0.222521 -0.974928 0 0.433884 -0.900969 0 0 -1 0 0 -1 0 0.222521 -0.974928 0 0 -1 0 0.222521 -0.974928 0 0.222521 -0.974928 0.974928 0 -0.222521 1 0 0 0.974928 0 -0.222521 0.974928 0 -0.222521 1 0 0 1 0 0 0.900969 0 -0.433884 0.974928 0 -0.222521 0.900969 0 -0.433884 0.900969 0 -0.433884 0.974928 0 -0.222521 0.974928 0 -0.222521 0.781832 0 -0.62349 0.900969 0 -0.433884 0.781832 0 -0.62349 0.781832 0 -0.62349 0.900969 0 -0.433884 0.900969 0 -0.433884 0.62349 0 -0.781832 0.62349 0 -0.781832 0.433884 0 -0.900969 0.62349 0 -0.781832 0.781832 0 -0.62349 0.62349 0 -0.781832 0.62349 0 -0.781832 0.781832 0 -0.62349 0.781832 0 -0.62349 0.433884 0 -0.900969 0.62349 0 -0.781832 0.433884 0 -0.900969 0.222521 0 -0.974928 0.222521 0 -0.974928 0 0 -1 0.222521 0 -0.974928 0.433884 0 -0.900969 0.222521 0 -0.974928 0.222521 0 -0.974928 0.433884 0 -0.900969 0.433884 0 -0.900969 0 0 -1 0.222521 0 -0.974928 0 0 -1 0 0.974928 0.222521 0 1 0 0 0.974928 0.222521 0 0.974928 0.222521 0 1 0 0 1 0 0 0.900969 0.433884 0 0.974928 0.222521 0 0.900969 0.433884 0 0.900969 0.433884 0 0.974928 0.222521 0 0.974928 0.222521 0 0.781832 0.62349 0 0.900969 0.433884 0 0.781832 0.62349 0 0.781832 0.62349 0 0.900969 0.433884 0 0.900969 0.433884 0 0.62349 0.781832 0 0.781832 0.62349 0 0.62349 0.781832 0 0.62349 0.781832 0 0.781832 0.62349 0 0.781832 0.62349 0 0.433884 0.900969 0 0.62349 0.781832 0 0.433884 0.900969 0 0.433884 0.900969 0 0.433884 0.900969 0 0.222521 0.974928 0 0.433884 0.900969 0 0.62349 0.781832 0 0.62349 0.781832 0 0.222521 0.974928 0 0.433884 0.900969 0 0.222521 0.974928 0 0 1 0 0.222521 0.974928 0 0 1 0 0 1 0 0.222521 0.974928 0 0.222521 0.974928 0.974928 0 0.222521 0.974928 0 0.222521 1 0 0 0.974928 0 0.222521 1 0 0 1 0 0 0.900969 0 0.433884 0.900969 0 0.433884 0.974928 0 0.222521 0.900969 0 0.433884 0.974928 0 0.222521 0.974928 0 0.222521 0.781832 0 0.62349 0.781832 0 0.62349 0.900969 0 0.433884 0.781832 0 0.62349 0.900969 0 0.433884 0.900969 0 0.433884 0.62349 0 0.781832 0.433884 0 0.900969 0.62349 0 0.781832 0.62349 0 0.781832 0.62349 0 0.781832 0.781832 0 0.62349 0.62349 0 0.781832 0.781832 0 0.62349 0.781832 0 0.62349 0.433884 0 0.900969 0.433884 0 0.900969 0.62349 0 0.781832 0.222521 0 0.974928 0 0 1 0.222521 0 0.974928 0.222521 0 0.974928 0.222521 0 0.974928 0.433884 0 0.900969 0.222521 0 0.974928 0.433884 0 0.900969 0.433884 0 0.900969 0 0 1 0 0 1 0.222521 0 0.974928 0.974928 0.222521 0 1 0 0 1 0 0 0.974928 0.222521 0 1 0 0 0.974928 0.222521 0 0.900969 0.433884 0 0.974928 0.222521 0 0.900969 0.433884 0 0.900969 0.433884 0 0.974928 0.222521 0 0.974928 0.222521 0 0.781832 0.62349 0 0.900969 0.433884 0 0.781832 0.62349 0 0.781832 0.62349 0 0.900969 0.433884 0 0.900969 0.433884 0 0.62349 0.781832 0 0.781832 0.62349 0 0.62349 0.781832 0 0.62349 0.781832 0 0.62349 0.781832 0 0.433884 0.900969 0 0.62349 0.781832 0 0.781832 0.62349 0 0.781832 0.62349 0 0.433884 0.900969 0 0.62349 0.781832 0 0.433884 0.900969 0 0.222521 0.974928 0 0.433884 0.900969 0 0.222521 0.974928 0 0.222521 0.974928 0 0.222521 0.974928 0 0 1 0 0.222521 0.974928 0 0.433884 0.900969 0 0.433884 0.900969 0 0 1 0 0.222521 0.974928 0 0 1 0 0.974928 -0.222521 0 0.974928 0 -0.222521 1 0 0 0 -1 0 0 -0.974928 -0.222521 0.222521 -0.974928 0 0.305212 -0.0483409 -0.951057 0.222521 0 -0.974928 0.433884 0 -0.900969 0.275336 -0.140291 -0.951057 0 0 -1 0.222521 0 -0.974928 0.275336 -0.140291 -0.951057 0.222521 0 -0.974928 0.305212 -0.0483409 -0.951057 0.218508 -0.218508 -0.951057 0 0 -1 0 0 -1 0.218508 -0.218508 -0.951057 0 0 -1 0.275336 -0.140291 -0.951057 0.559017 -0.181636 -0.809017 0.433884 0 -0.900969 0.62349 0 -0.781832 0.559017 -0.181636 -0.809017 0.305212 -0.0483409 -0.951057 0.433884 0 -0.900969 0.559017 -0.181636 -0.809017 0.275336 -0.140291 -0.951057 0.305212 -0.0483409 -0.951057 0.140291 -0.275336 -0.951057 0 -0.222521 -0.974928 0 0 -1 0.140291 -0.275336 -0.951057 0 0 -1 0.218508 -0.218508 -0.951057 0.475528 -0.345491 -0.809017 0.218508 -0.218508 -0.951057 0.275336 -0.140291 -0.951057 0.475528 -0.345491 -0.809017 0.275336 -0.140291 -0.951057 0.559017 -0.181636 -0.809017 0.799057 -0.126558 -0.587785 0.62349 0 -0.781832 0.781832 0 -0.62349 0.799057 -0.126558 -0.587785 0.781832 0 -0.62349 0.900969 0 -0.433884 0.799057 -0.126558 -0.587785 0.559017 -0.181636 -0.809017 0.62349 0 -0.781832 0.0483409 -0.305212 -0.951057 0 -0.433884 -0.900969 0 -0.222521 -0.974928 0.0483409 -0.305212 -0.951057 0 -0.222521 -0.974928 0.140291 -0.275336 -0.951057 0.345491 -0.475528 -0.809017 0.218508 -0.218508 -0.951057 0.475528 -0.345491 -0.809017 0.345491 -0.475528 -0.809017 0.140291 -0.275336 -0.951057 0.218508 -0.218508 -0.951057 0.720839 -0.367286 -0.587785 0.559017 -0.181636 -0.809017 0.799057 -0.126558 -0.587785 0.720839 -0.367286 -0.587785 0.475528 -0.345491 -0.809017 0.559017 -0.181636 -0.809017 0.181636 -0.559017 -0.809017 0 -0.62349 -0.781832 0 -0.433884 -0.900969 0.181636 -0.559017 -0.809017 0.0483409 -0.305212 -0.951057 0.140291 -0.275336 -0.951057 0.181636 -0.559017 -0.809017 0 -0.433884 -0.900969 0.0483409 -0.305212 -0.951057 0.181636 -0.559017 -0.809017 0.140291 -0.275336 -0.951057 0.345491 -0.475528 -0.809017 0.572061 -0.572061 -0.587785 0.345491 -0.475528 -0.809017 0.475528 -0.345491 -0.809017 0.572061 -0.572061 -0.587785 0.475528 -0.345491 -0.809017 0.720839 -0.367286 -0.587785 0.904508 -0.293893 -0.309017 0.900969 0 -0.433884 0.974928 0 -0.222521 0.904508 -0.293893 -0.309017 0.974928 -0.222521 0 0.900969 -0.433884 0 0.904508 -0.293893 -0.309017 0.799057 -0.126558 -0.587785 0.900969 0 -0.433884 0.904508 -0.293893 -0.309017 0.720839 -0.367286 -0.587785 0.799057 -0.126558 -0.587785 0.904508 -0.293893 -0.309017 0.974928 0 -0.222521 0.974928 -0.222521 0 0.367286 -0.720839 -0.587785 0.181636 -0.559017 -0.809017 0.345491 -0.475528 -0.809017 0.367286 -0.720839 -0.587785 0.345491 -0.475528 -0.809017 0.572061 -0.572061 -0.587785 0.769421 -0.559017 -0.309017 0.900969 -0.433884 0 0.781832 -0.62349 0 0.769421 -0.559017 -0.309017 0.904508 -0.293893 -0.309017 0.900969 -0.433884 0 0.769421 -0.559017 -0.309017 0.572061 -0.572061 -0.587785 0.720839 -0.367286 -0.587785 0.769421 -0.559017 -0.309017 0.720839 -0.367286 -0.587785 0.904508 -0.293893 -0.309017 0.126558 -0.799057 -0.587785 0 -0.781832 -0.62349 0 -0.62349 -0.781832 0.126558 -0.799057 -0.587785 0 -0.900969 -0.433884 0 -0.781832 -0.62349 0.126558 -0.799057 -0.587785 0 -0.62349 -0.781832 0.181636 -0.559017 -0.809017 0.126558 -0.799057 -0.587785 0.181636 -0.559017 -0.809017 0.367286 -0.720839 -0.587785 0.559017 -0.769421 -0.309017 0.781832 -0.62349 0 0.62349 -0.781832 0 0.559017 -0.769421 -0.309017 0.62349 -0.781832 0 0.433884 -0.900969 0 0.559017 -0.769421 -0.309017 0.769421 -0.559017 -0.309017 0.781832 -0.62349 0 0.559017 -0.769421 -0.309017 0.367286 -0.720839 -0.587785 0.572061 -0.572061 -0.587785 0.559017 -0.769421 -0.309017 0.572061 -0.572061 -0.587785 0.769421 -0.559017 -0.309017 0.293893 -0.904508 -0.309017 0 -0.974928 -0.222521 0 -0.900969 -0.433884 0.293893 -0.904508 -0.309017 0.433884 -0.900969 0 0.222521 -0.974928 0 0.293893 -0.904508 -0.309017 0.222521 -0.974928 0 0 -0.974928 -0.222521 0.293893 -0.904508 -0.309017 0.559017 -0.769421 -0.309017 0.433884 -0.900969 0 0.293893 -0.904508 -0.309017 0 -0.900969 -0.433884 0.126558 -0.799057 -0.587785 0.293893 -0.904508 -0.309017 0.126558 -0.799057 -0.587785 0.367286 -0.720839 -0.587785 0.293893 -0.904508 -0.309017 0.367286 -0.720839 -0.587785 0.559017 -0.769421 -0.309017 0.974928 -0.222521 0 1 0 0 0.974928 0 0.222521 0 -1 0 0.222521 -0.974928 0 0 -0.974928 0.222521 0.305212 -0.0483409 0.951057 0.433884 0 0.900969 0.222521 0 0.974928 0.275336 -0.140291 0.951057 0.222521 0 0.974928 0 0 1 0.275336 -0.140291 0.951057 0.305212 -0.0483409 0.951057 0.222521 0 0.974928 0.218508 -0.218508 0.951057 0 0 1 0 0 1 0.218508 -0.218508 0.951057 0.275336 -0.140291 0.951057 0 0 1 0.559017 -0.181636 0.809017 0.62349 0 0.781832 0.433884 0 0.900969 0.559017 -0.181636 0.809017 0.433884 0 0.900969 0.305212 -0.0483409 0.951057 0.559017 -0.181636 0.809017 0.305212 -0.0483409 0.951057 0.275336 -0.140291 0.951057 0.140291 -0.275336 0.951057 0 0 1 0 -0.222521 0.974928 0.140291 -0.275336 0.951057 0.218508 -0.218508 0.951057 0 0 1 0.475528 -0.345491 0.809017 0.275336 -0.140291 0.951057 0.218508 -0.218508 0.951057 0.475528 -0.345491 0.809017 0.559017 -0.181636 0.809017 0.275336 -0.140291 0.951057 0.799057 -0.126558 0.587785 0.781832 0 0.62349 0.62349 0 0.781832 0.799057 -0.126558 0.587785 0.900969 0 0.433884 0.781832 0 0.62349 0.799057 -0.126558 0.587785 0.62349 0 0.781832 0.559017 -0.181636 0.809017 0.0483409 -0.305212 0.951057 0 -0.222521 0.974928 0 -0.433884 0.900969 0.0483409 -0.305212 0.951057 0.140291 -0.275336 0.951057 0 -0.222521 0.974928 0.345491 -0.475528 0.809017 0.475528 -0.345491 0.809017 0.218508 -0.218508 0.951057 0.345491 -0.475528 0.809017 0.218508 -0.218508 0.951057 0.140291 -0.275336 0.951057 0.720839 -0.367286 0.587785 0.799057 -0.126558 0.587785 0.559017 -0.181636 0.809017 0.720839 -0.367286 0.587785 0.559017 -0.181636 0.809017 0.475528 -0.345491 0.809017 0.181636 -0.559017 0.809017 0 -0.433884 0.900969 0 -0.62349 0.781832 0.181636 -0.559017 0.809017 0.140291 -0.275336 0.951057 0.0483409 -0.305212 0.951057 0.181636 -0.559017 0.809017 0.0483409 -0.305212 0.951057 0 -0.433884 0.900969 0.181636 -0.559017 0.809017 0.345491 -0.475528 0.809017 0.140291 -0.275336 0.951057 0.572061 -0.572061 0.587785 0.475528 -0.345491 0.809017 0.345491 -0.475528 0.809017 0.572061 -0.572061 0.587785 0.720839 -0.367286 0.587785 0.475528 -0.345491 0.809017 0.904508 -0.293893 0.309017 0.974928 0 0.222521 0.900969 0 0.433884 0.904508 -0.293893 0.309017 0.900969 -0.433884 0 0.974928 -0.222521 0 0.904508 -0.293893 0.309017 0.900969 0 0.433884 0.799057 -0.126558 0.587785 0.904508 -0.293893 0.309017 0.799057 -0.126558 0.587785 0.720839 -0.367286 0.587785 0.904508 -0.293893 0.309017 0.974928 -0.222521 0 0.974928 0 0.222521 0.367286 -0.720839 0.587785 0.345491 -0.475528 0.809017 0.181636 -0.559017 0.809017 0.367286 -0.720839 0.587785 0.572061 -0.572061 0.587785 0.345491 -0.475528 0.809017 0.769421 -0.559017 0.309017 0.781832 -0.62349 0 0.900969 -0.433884 0 0.769421 -0.559017 0.309017 0.900969 -0.433884 0 0.904508 -0.293893 0.309017 0.769421 -0.559017 0.309017 0.720839 -0.367286 0.587785 0.572061 -0.572061 0.587785 0.769421 -0.559017 0.309017 0.904508 -0.293893 0.309017 0.720839 -0.367286 0.587785 0.126558 -0.799057 0.587785 0 -0.62349 0.781832 0 -0.781832 0.62349 0.126558 -0.799057 0.587785 0 -0.781832 0.62349 0 -0.900969 0.433884 0.126558 -0.799057 0.587785 0.181636 -0.559017 0.809017 0 -0.62349 0.781832 0.126558 -0.799057 0.587785 0.367286 -0.720839 0.587785 0.181636 -0.559017 0.809017 0.559017 -0.769421 0.309017 0.62349 -0.781832 0 0.781832 -0.62349 0 0.559017 -0.769421 0.309017 0.433884 -0.900969 0 0.62349 -0.781832 0 0.559017 -0.769421 0.309017 0.781832 -0.62349 0 0.769421 -0.559017 0.309017 0.559017 -0.769421 0.309017 0.572061 -0.572061 0.587785 0.367286 -0.720839 0.587785 0.559017 -0.769421 0.309017 0.769421 -0.559017 0.309017 0.572061 -0.572061 0.587785 0.293893 -0.904508 0.309017 0 -0.900969 0.433884 0 -0.974928 0.222521 0.293893 -0.904508 0.309017 0.222521 -0.974928 0 0.433884 -0.900969 0 0.293893 -0.904508 0.309017 0 -0.974928 0.222521 0.222521 -0.974928 0 0.293893 -0.904508 0.309017 0.433884 -0.900969 0 0.559017 -0.769421 0.309017 0.293893 -0.904508 0.309017 0.126558 -0.799057 0.587785 0 -0.900969 0.433884 0.293893 -0.904508 0.309017 0.367286 -0.720839 0.587785 0.126558 -0.799057 0.587785 0.293893 -0.904508 0.309017 0.559017 -0.769421 0.309017 0.367286 -0.720839 0.587785 1 0 0 1 0 0 1 0 0 1 0 0 1 0 0 1 0 0 1 0 0 1 0 0 1 0 0 1 0 0 1 0 0 1 0 0 1 0 0 1 0 0 1 0 0 1 0 0 1 0 0 1 0 0 1 0 0 1 0 0 1 0 0 1 0 0 1 0 0 1 0 0 0.974928 0.222521 0 1 0 0 0.974928 0 -0.222521 0 1 0 0.222521 0.974928 0 0 0.974928 -0.222521 0.305212 0.0483409 -0.951057 0.433884 0 -0.900969 0.222521 0 -0.974928 0.275336 0.140291 -0.951057 0.222521 0 -0.974928 0 0 -1 0.275336 0.140291 -0.951057 0.305212 0.0483409 -0.951057 0.222521 0 -0.974928 0.218508 0.218508 -0.951057 0 0 -1 0 0 -1 0.218508 0.218508 -0.951057 0.275336 0.140291 -0.951057 0 0 -1 0.559017 0.181636 -0.809017 0.62349 0 -0.781832 0.433884 0 -0.900969 0.559017 0.181636 -0.809017 0.433884 0 -0.900969 0.305212 0.0483409 -0.951057 0.559017 0.181636 -0.809017 0.305212 0.0483409 -0.951057 0.275336 0.140291 -0.951057 0.140291 0.275336 -0.951057 0 0 -1 0 0.222521 -0.974928 0.140291 0.275336 -0.951057 0.218508 0.218508 -0.951057 0 0 -1 0.475528 0.345491 -0.809017 0.275336 0.140291 -0.951057 0.218508 0.218508 -0.951057 0.475528 0.345491 -0.809017 0.559017 0.181636 -0.809017 0.275336 0.140291 -0.951057 0.799057 0.126558 -0.587785 0.781832 0 -0.62349 0.62349 0 -0.781832 0.799057 0.126558 -0.587785 0.900969 0 -0.433884 0.781832 0 -0.62349 0.799057 0.126558 -0.587785 0.62349 0 -0.781832 0.559017 0.181636 -0.809017 0.0483409 0.305212 -0.951057 0 0.222521 -0.974928 0 0.433884 -0.900969 0.0483409 0.305212 -0.951057 0.140291 0.275336 -0.951057 0 0.222521 -0.974928 0.345491 0.475528 -0.809017 0.475528 0.345491 -0.809017 0.218508 0.218508 -0.951057 0.345491 0.475528 -0.809017 0.218508 0.218508 -0.951057 0.140291 0.275336 -0.951057 0.720839 0.367286 -0.587785 0.559017 0.181636 -0.809017 0.475528 0.345491 -0.809017 0.720839 0.367286 -0.587785 0.799057 0.126558 -0.587785 0.559017 0.181636 -0.809017 0.181636 0.559017 -0.809017 0 0.433884 -0.900969 0 0.62349 -0.781832 0.181636 0.559017 -0.809017 0.140291 0.275336 -0.951057 0.0483409 0.305212 -0.951057 0.181636 0.559017 -0.809017 0.0483409 0.305212 -0.951057 0 0.433884 -0.900969 0.181636 0.559017 -0.809017 0.345491 0.475528 -0.809017 0.140291 0.275336 -0.951057 0.572061 0.572061 -0.587785 0.475528 0.345491 -0.809017 0.345491 0.475528 -0.809017 0.572061 0.572061 -0.587785 0.720839 0.367286 -0.587785 0.475528 0.345491 -0.809017 0.904508 0.293893 -0.309017 0.974928 0 -0.222521 0.900969 0 -0.433884 0.904508 0.293893 -0.309017 0.900969 0.433884 0 0.974928 0.222521 0 0.904508 0.293893 -0.309017 0.900969 0 -0.433884 0.799057 0.126558 -0.587785 0.904508 0.293893 -0.309017 0.799057 0.126558 -0.587785 0.720839 0.367286 -0.587785 0.904508 0.293893 -0.309017 0.974928 0.222521 0 0.974928 0 -0.222521 0.367286 0.720839 -0.587785 0.345491 0.475528 -0.809017 0.181636 0.559017 -0.809017 0.367286 0.720839 -0.587785 0.572061 0.572061 -0.587785 0.345491 0.475528 -0.809017 0.769421 0.559017 -0.309017 0.781832 0.62349 0 0.900969 0.433884 0 0.769421 0.559017 -0.309017 0.900969 0.433884 0 0.904508 0.293893 -0.309017 0.769421 0.559017 -0.309017 0.720839 0.367286 -0.587785 0.572061 0.572061 -0.587785 0.769421 0.559017 -0.309017 0.904508 0.293893 -0.309017 0.720839 0.367286 -0.587785 0.126558 0.799057 -0.587785 0 0.62349 -0.781832 0 0.781832 -0.62349 0.126558 0.799057 -0.587785 0 0.781832 -0.62349 0 0.900969 -0.433884 0.126558 0.799057 -0.587785 0.181636 0.559017 -0.809017 0 0.62349 -0.781832 0.126558 0.799057 -0.587785 0.367286 0.720839 -0.587785 0.181636 0.559017 -0.809017 0.559017 0.769421 -0.309017 0.62349 0.781832 0 0.781832 0.62349 0 0.559017 0.769421 -0.309017 0.433884 0.900969 0 0.62349 0.781832 0 0.559017 0.769421 -0.309017 0.781832 0.62349 0 0.769421 0.559017 -0.309017 0.559017 0.769421 -0.309017 0.572061 0.572061 -0.587785 0.367286 0.720839 -0.587785 0.559017 0.769421 -0.309017 0.769421 0.559017 -0.309017 0.572061 0.572061 -0.587785 0.293893 0.904508 -0.309017 0 0.900969 -0.433884 0 0.974928 -0.222521 0.293893 0.904508 -0.309017 0.222521 0.974928 0 0.433884 0.900969 0 0.293893 0.904508 -0.309017 0 0.974928 -0.222521 0.222521 0.974928 0 0.293893 0.904508 -0.309017 0.433884 0.900969 0 0.559017 0.769421 -0.309017 0.293893 0.904508 -0.309017 0.126558 0.799057 -0.587785 0 0.900969 -0.433884 0.293893 0.904508 -0.309017 0.367286 0.720839 -0.587785 0.126558 0.799057 -0.587785 0.293893 0.904508 -0.309017 0.559017 0.769421 -0.309017 0.367286 0.720839 -0.587785 0.974928 0 0.222521 1 0 0 0.974928 0.222521 0 0 0 1 0.222521 0 0.974928 0 0.222521 0.974928 0.305212 0.951057 0.0483409 0.433884 0.900969 0 0.222521 0.974928 0 0.275336 0.951057 0.140291 0.222521 0.974928 0 0 1 0 0.275336 0.951057 0.140291 0.305212 0.951057 0.0483409 0.222521 0.974928 0 0.218508 0.951057 0.218508 0 1 0 0 1 0 0.218508 0.951057 0.218508 0.275336 0.951057 0.140291 0 1 0 0.559017 0.809017 0.181636 0.62349 0.781832 0 0.433884 0.900969 0 0.559017 0.809017 0.181636 0.433884 0.900969 0 0.305212 0.951057 0.0483409 0.559017 0.809017 0.181636 0.305212 0.951057 0.0483409 0.275336 0.951057 0.140291 0.140291 0.951057 0.275336 0 1 0 0 0.974928 0.222521 0.140291 0.951057 0.275336 0.218508 0.951057 0.218508 0 1 0 0.475528 0.809017 0.345491 0.275336 0.951057 0.140291 0.218508 0.951057 0.218508 0.475528 0.809017 0.345491 0.559017 0.809017 0.181636 0.275336 0.951057 0.140291 0.799057 0.587785 0.126558 0.781832 0.62349 0 0.62349 0.781832 0 0.799057 0.587785 0.126558 0.900969 0.433884 0 0.781832 0.62349 0 0.799057 0.587785 0.126558 0.62349 0.781832 0 0.559017 0.809017 0.181636 0.0483409 0.951057 0.305212 0 0.974928 0.222521 0 0.900969 0.433884 0.0483409 0.951057 0.305212 0.140291 0.951057 0.275336 0 0.974928 0.222521 0.345491 0.809017 0.475528 0.475528 0.809017 0.345491 0.218508 0.951057 0.218508 0.345491 0.809017 0.475528 0.218508 0.951057 0.218508 0.140291 0.951057 0.275336 0.720839 0.587785 0.367286 0.799057 0.587785 0.126558 0.559017 0.809017 0.181636 0.720839 0.587785 0.367286 0.559017 0.809017 0.181636 0.475528 0.809017 0.345491 0.181636 0.809017 0.559017 0 0.900969 0.433884 0 0.781832 0.62349 0.181636 0.809017 0.559017 0.140291 0.951057 0.275336 0.0483409 0.951057 0.305212 0.181636 0.809017 0.559017 0.0483409 0.951057 0.305212 0 0.900969 0.433884 0.181636 0.809017 0.559017 0.345491 0.809017 0.475528 0.140291 0.951057 0.275336 0.572061 0.587785 0.572061 0.475528 0.809017 0.345491 0.345491 0.809017 0.475528 0.572061 0.587785 0.572061 0.720839 0.587785 0.367286 0.475528 0.809017 0.345491 0.904508 0.309017 0.293893 0.974928 0.222521 0 0.900969 0.433884 0 0.904508 0.309017 0.293893 0.900969 0 0.433884 0.974928 0 0.222521 0.904508 0.309017 0.293893 0.900969 0.433884 0 0.799057 0.587785 0.126558 0.904508 0.309017 0.293893 0.799057 0.587785 0.126558 0.720839 0.587785 0.367286 0.904508 0.309017 0.293893 0.974928 0 0.222521 0.974928 0.222521 0 0.367286 0.587785 0.720839 0.345491 0.809017 0.475528 0.181636 0.809017 0.559017 0.367286 0.587785 0.720839 0.572061 0.587785 0.572061 0.345491 0.809017 0.475528 0.769421 0.309017 0.559017 0.781832 0 0.62349 0.900969 0 0.433884 0.769421 0.309017 0.559017 0.900969 0 0.433884 0.904508 0.309017 0.293893 0.769421 0.309017 0.559017 0.720839 0.587785 0.367286 0.572061 0.587785 0.572061 0.769421 0.309017 0.559017 0.904508 0.309017 0.293893 0.720839 0.587785 0.367286 0.126558 0.587785 0.799057 0 0.781832 0.62349 0 0.62349 0.781832 0.126558 0.587785 0.799057 0 0.62349 0.781832 0 0.433884 0.900969 0.126558 0.587785 0.799057 0.181636 0.809017 0.559017 0 0.781832 0.62349 0.126558 0.587785 0.799057 0.367286 0.587785 0.720839 0.181636 0.809017 0.559017 0.559017 0.309017 0.769421 0.62349 0 0.781832 0.781832 0 0.62349 0.559017 0.309017 0.769421 0.433884 0 0.900969 0.62349 0 0.781832 0.559017 0.309017 0.769421 0.781832 0 0.62349 0.769421 0.309017 0.559017 0.559017 0.309017 0.769421 0.572061 0.587785 0.572061 0.367286 0.587785 0.720839 0.559017 0.309017 0.769421 0.769421 0.309017 0.559017 0.572061 0.587785 0.572061 0.293893 0.309017 0.904508 0 0.433884 0.900969 0 0.222521 0.974928 0.293893 0.309017 0.904508 0.222521 0 0.974928 0.433884 0 0.900969 0.293893 0.309017 0.904508 0 0.222521 0.974928 0.222521 0 0.974928 0.293893 0.309017 0.904508 0.433884 0 0.900969 0.559017 0.309017 0.769421 0.293893 0.309017 0.904508 0.126558 0.587785 0.799057 0 0.433884 0.900969 0.293893 0.309017 0.904508 0.367286 0.587785 0.720839 0.126558 0.587785 0.799057 0.293893 0.309017 0.904508 0.559017 0.309017 0.769421 0.367286 0.587785 0.720839 0 0 1 0 0 1 0 0 1 0 0 1 0 0 1 0 0 1 0 -1 0 0 -1 0 0 -1 0 0 -1 0 0 -1 0 0 -1 0 0 0 -1 0 0 -1 0 0 -1 0 0 -1 0 0 -1 0 0 -1 0 1 0 0 1 0 0 1 0 0 1 0 0 1 0 0 1 0 -1 0 0 -1 0 0 -1 0 0 -1 0 0 -1 0 0 -1 0 0 -1 0 0 -1 0 0 -1 0 0 -1 0 0 -1 0 0 -1 0 0 -1 0 0 -1 0 0 -1 0 0 -1 0 0 -1 0 0 -1 0 0 -1 0 0 -1 0 0 -1 0 0 -1 0 0 -1 0 0 -1 0 0 0 1 0 0 1 0 0 1 0 0 1 0 0 1 0 0 1 0 0 0 -1 0 0 -1 0 0 -1 0 0 -1 0 0 -1 0 0 -1 0 0 1 0 0 1 0 0 1 0 0 1 0 0 1 0 0 1 0 -1 0 0 -1 0 0 -1 0 0 -1 0 0 -1 0 0 -1 0 1 0 0 1 0 0 1 0 0 1 0 0 1 0 0 1 0 0 " />
</TriangleSet>
</Shape></Transform></Switch>
<Switch whichChoice="0" id="swBRP">
	<Group>
		<Transform scale="1 1 1"><Shape DEF="edg0">
			<Appearance><Material emissiveColor="0 0 0" /></Appearance>
			<LineSet vertexCount="2"><Coordinate point="-230 70 -120 -230 70 120 " /></LineSet>
		</Shape></Transform>
		<Transform scale="1 1 1"><Shape DEF="edg1">
			<Appearance><Material emissiveColor="0 0 0" /></Appearance>
			<LineSet vertexCount="2"><Coordinate point="-230 70 -120 -230 310 -120 " /></LineSet>
		</Shape></Transform>
		<Transform scale="1 1 1"><Shape DEF="edg2">
			<Appearance><Material emissiveColor="0 0 0" /></Appearance>
			<LineSet vertexCount="2"><Coordinate point="-230 70 120 -230 310 120 " /></LineSet>
		</Shape></Transform>
		<Transform scale="1 1 1"><Shape DEF="edg3">
			<Appearance><Material emissiveColor="0 0 0" /></Appearance>
			<LineSet vertexCount="2"><Coordinate point="-230 310 -120 -230 310 120 " /></LineSet>
		</Shape></Transform>
		<Transform scale="1 1 1"><Shape DEF="edg4">
			<Appearance><Material emissiveColor="0 0 0" /></Appearance>
			<LineSet vertexCount="8"><Coordinate point="-230 70 -120 -229.749 67.7748 -120 -229.01 65.6612 -120 -227.818 63.7651 -120 -226.235 62.1817 -120 -224.339 60.9903 -120 -222.225 60.2507 -120 -220 60 -120 " /></LineSet>
		</Shape></Transform>
		<Transform scale="1 1 1"><Shape DEF="edg5">
			<Appearance><Material emissiveColor="0 0 0" /></Appearance>
			<LineSet vertexCount="8"><Coordinate point="-230 70 120 -229.749 67.7748 120 -229.01 65.6612 120 -227.818 63.7651 120 -226.235 62.1817 120 -224.339 60.9903 120 -222.225 60.2507 120 -220 60 120 " /></LineSet>
		</Shape></Transform>
		<Transform scale="1 1 1"><Shape DEF="edg6">
			<Appearance><Material emissiveColor="0 0 0" /></Appearance>
			<LineSet vertexCount="2"><Coordinate point="-220 60 -120 -220 60 120 " /></LineSet>
		</Shape></Transform>
		<Transform scale="1 1 1"><Shape DEF="edg7">
			<Appearance><Material emissiveColor="0 0 0" /></Appearance>
			<LineSet vertexCount="8"><Coordinate point="-220 70 -130 -222.225 70 -129.749 -224.339 70 -129.01 -226.235 70 -127.818 -227.818 70 -126.235 -229.01 70 -124.339 -229.749 70 -122.225 -230 70 -120 " /></LineSet>
		</Shape></Transform>
		<Transform scale="1 1 1"><Shape DEF="edg8">
			<Appearance><Material emissiveColor="0 0 0" /></Appearance>
			<LineSet vertexCount="2"><Coordinate point="-220 70 -130 -220 310 -130 " /></LineSet>
		</Shape></Transform>
		<Transform scale="1 1 1"><Shape DEF="edg9">
			<Appearance><Material emissiveColor="0 0 0" /></Appearance>
			<LineSet vertexCount="8"><Coordinate point="-220 310 -130 -222.225 310 -129.749 -224.339 310 -129.01 -226.235 310 -127.818 -227.818 310 -126.235 -229.01 310 -124.339 -229.749 310 -122.225 -230 310 -120 " /></LineSet>
		</Shape></Transform>
		<Transform scale="1 1 1"><Shape DEF="edg10">
			<Appearance><Material emissiveColor="0 0 0" /></Appearance>
			<LineSet vertexCount="8"><Coordinate point="-220 70 130 -222.225 70 129.749 -224.339 70 129.01 -226.235 70 127.818 -227.818 70 126.235 -229.01 70 124.339 -229.749 70 122.225 -230 70 120 " /></LineSet>
		</Shape></Transform>
		<Transform scale="1 1 1"><Shape DEF="edg11">
			<Appearance><Material emissiveColor="0 0 0" /></Appearance>
			<LineSet vertexCount="2"><Coordinate point="-220 70 130 -220 310 130 " /></LineSet>
		</Shape></Transform>
		<Transform scale="1 1 1"><Shape DEF="edg12">
			<Appearance><Material emissiveColor="0 0 0" /></Appearance>
			<LineSet vertexCount="8"><Coordinate point="-230 310 120 -229.749 310 122.225 -229.01 310 124.339 -227.818 310 126.235 -226.235 310 127.818 -224.339 310 129.01 -222.225 310 129.749 -220 310 130 " /></LineSet>
		</Shape></Transform>
		<Transform scale="1 1 1"><Shape DEF="edg13">
			<Appearance><Material emissiveColor="0 0 0" /></Appearance>
			<LineSet vertexCount="8"><Coordinate point="-230 310 -120 -229.749 312.225 -120 -229.01 314.339 -120 -227.818 316.235 -120 -226.235 317.818 -120 -224.339 319.01 -120 -222.225 319.749 -120 -220 320 -120 " /></LineSet>
		</Shape></Transform>
		<Transform scale="1 1 1"><Shape DEF="edg14">
			<Appearance><Material emissiveColor="0 0 0" /></Appearance>
			<LineSet vertexCount="8"><Coordinate point="-220 320 120 -222.225 319.749 120 -224.339 319.01 120 -226.235 317.818 120 -227.818 316.235 120 -229.01 314.339 120 -229.749 312.225 120 -230 310 120 " /></LineSet>
		</Shape></Transform>
		<Transform scale="1 1 1"><Shape DEF="edg15">
			<Appearance><Material emissiveColor="0 0 0" /></Appearance>
			<LineSet vertexCount="2"><Coordinate point="-220 320 -120 -220 320 120 " /></LineSet>
		</Shape></Transform>
		<Transform scale="1 1 1"><Shape DEF="edg16">
			<Appearance><Material emissiveColor="0 0 0" /></Appearance>
			<LineSet vertexCount="2"><Coordinate point="-220 70 -130 -220 70 -130 " /></LineSet>
		</Shape></Transform>
		<Transform scale="1 1 1"><Shape DEF="edg17">
			<Appearance><Material emissiveColor="0 0 0" /></Appearance>
			<LineSet vertexCount="8"><Coordinate point="-220 70 -130 -220 67.7748 -129.749 -220 65.6612 -129.01 -220 63.7651 -127.818 -220 62.1817 -126.235 -220 60.9903 -124.339 -220 60.2507 -122.225 -220 60 -120 " /></LineSet>
		</Shape></Transform>
		<Transform scale="1 1 1"><Shape DEF="edg18">
			<Appearance><Material emissiveColor="0 0 0" /></Appearance>
			<LineSet vertexCount="2"><Coordinate point="-220 70 130 -220 70 130 " /></LineSet>
		</Shape></Transform>
		<Transform scale="1 1 1"><Shape DEF="edg19">
			<Appearance><Material emissiveColor="0 0 0" /></Appearance>
			<LineSet vertexCount="8"><Coordinate point="-220 70 130 -220 67.7748 129.749 -220 65.6612 129.01 -220 63.7651 127.818 -220 62.1817 126.235 -220 60.9903 124.339 -220 60.2507 122.225 -220 60 120 " /></LineSet>
		</Shape></Transform>
		<Transform scale="1 1 1"><Shape DEF="edg20">
			<Appearance><Material emissiveColor="0 0 0" /></Appearance>
			<LineSet vertexCount="2"><Coordinate point="-220 60 -120 -40 60 -120 " /></LineSet>
		</Shape></Transform>
		<Transform scale="1 1 1"><Shape DEF="edg21">
			<Appearance><Material emissiveColor="0 0 0" /></Appearance>
			<LineSet vertexCount="2"><Coordinate point="-220 60 120 -40 60 120 " /></LineSet>
		</Shape></Transform>
		<Transform scale="1 1 1"><Shape DEF="edg22">
			<Appearance><Material emissiveColor="0 0 0" /></Appearance>
			<LineSet vertexCount="2"><Coordinate point="-40 60 -120 -40 60 120 " /></LineSet>
		</Shape></Transform>
		<Transform scale="1 1 1"><Shape DEF="edg23">
			<Appearance><Material emissiveColor="0 0 0" /></Appearance>
			<LineSet vertexCount="2"><Coordinate point="-220 70 -130 -40 70 -130 " /></LineSet>
		</Shape></Transform>
		<Transform scale="1 1 1"><Shape DEF="edg24">
			<Appearance><Material emissiveColor="0 0 0" /></Appearance>
			<LineSet vertexCount="2"><Coordinate point="-220 310 -130 -40 310 -130 " /></LineSet>
		</Shape></Transform>
		<Transform scale="1 1 1"><Shape DEF="edg25">
			<Appearance><Material emissiveColor="0 0 0" /></Appearance>
			<LineSet vertexCount="2"><Coordinate point="-40 70 -130 -40 310 -130 " /></LineSet>
		</Shape></Transform>
		<Transform scale="1 1 1"><Shape DEF="edg26">
			<Appearance><Material emissiveColor="0 0 0" /></Appearance>
			<LineSet vertexCount="2"><Coordinate point="-220 310 -130 -220 310 -130 " /></LineSet>
		</Shape></Transform>
		<Transform scale="1 1 1"><Shape DEF="edg27">
			<Appearance><Material emissiveColor="0 0 0" /></Appearance>
			<LineSet vertexCount="8"><Coordinate point="-220 310 -130 -220 312.225 -129.749 -220 314.339 -129.01 -220 316.235 -127.818 -220 317.818 -126.235 -220 319.01 -124.339 -220 319.749 -122.225 -220 320 -120 " /></LineSet>
		</Shape></Transform>
		<Transform scale="1 1 1"><Shape DEF="edg28">
			<Appearance><Material emissiveColor="0 0 0" /></Appearance>
			<LineSet vertexCount="2"><Coordinate point="-220 70 130 -40 70 130 " /></LineSet>
		</Shape></Transform>
		<Transform scale="1 1 1"><Shape DEF="edg29">
			<Appearance><Material emissiveColor="0 0 0" /></Appearance>
			<LineSet vertexCount="2"><Coordinate point="-220 310 130 -40 310 130 " /></LineSet>
		</Shape></Transform>
		<Transform scale="1 1 1"><Shape DEF="edg30">
			<Appearance><Material emissiveColor="0 0 0" /></Appearance>
			<LineSet vertexCount="2"><Coordinate point="-40 70 130 -40 310 130 " /></LineSet>
		</Shape></Transform>
		<Transform scale="1 1 1"><Shape DEF="edg31">
			<Appearance><Material emissiveColor="0 0 0" /></Appearance>
			<LineSet vertexCount="2"><Coordinate point="-220 320 120 -220 320 120 " /></LineSet>
		</Shape></Transform>
		<Transform scale="1 1 1"><Shape DEF="edg32">
			<Appearance><Material emissiveColor="0 0 0" /></Appearance>
			<LineSet vertexCount="8"><Coordinate point="-220 320 120 -220 319.749 122.225 -220 319.01 124.339 -220 317.818 126.235 -220 316.235 127.818 -220 314.339 129.01 -220 312.225 129.749 -220 310 130 " /></LineSet>
		</Shape></Transform>
		<Transform scale="1 1 1"><Shape DEF="edg33">
			<Appearance><Material emissiveColor="0 0 0" /></Appearance>
			<LineSet vertexCount="2"><Coordinate point="-220 320 -120 -40 320 -120 " /></LineSet>
		</Shape></Transform>
		<Transform scale="1 1 1"><Shape DEF="edg34">
			<Appearance><Material emissiveColor="0 0 0" /></Appearance>
			<LineSet vertexCount="2"><Coordinate point="-220 320 120 -40 320 120 " /></LineSet>
		</Shape></Transform>
		<Transform scale="1 1 1"><Shape DEF="edg35">
			<Appearance><Material emissiveColor="0 0 0" /></Appearance>
			<LineSet vertexCount="2"><Coordinate point="-40 320 -120 -40 320 120 " /></LineSet>
		</Shape></Transform>
		<Transform scale="1 1 1"><Shape DEF="edg36">
			<Appearance><Material emissiveColor="0 0 0" /></Appearance>
			<LineSet vertexCount="8"><Coordinate point="-40 70 -130 -40 67.7748 -129.749 -40 65.6612 -129.01 -40 63.7651 -127.818 -40 62.1817 -126.235 -40 60.9903 -124.339 -40 60.2507 -122.225 -40 60 -120 " /></LineSet>
		</Shape></Transform>
		<Transform scale="1 1 1"><Shape DEF="edg37">
			<Appearance><Material emissiveColor="0 0 0" /></Appearance>
			<LineSet vertexCount="8"><Coordinate point="-40 70 130 -40 67.7748 129.749 -40 65.6612 129.01 -40 63.7651 127.818 -40 62.1817 126.235 -40 60.9903 124.339 -40 60.2507 122.225 -40 60 120 " /></LineSet>
		</Shape></Transform>
		<Transform scale="1 1 1"><Shape DEF="edg38">
			<Appearance><Material emissiveColor="0 0 0" /></Appearance>
			<LineSet vertexCount="2"><Coordinate point="-30 70 -120 -30 70 120 " /></LineSet>
		</Shape></Transform>
		<Transform scale="1 1 1"><Shape DEF="edg39">
			<Appearance><Material emissiveColor="0 0 0" /></Appearance>
			<LineSet vertexCount="8"><Coordinate point="-30 70 -120 -30.2507 67.7748 -120 -30.9903 65.6612 -120 -32.1817 63.7651 -120 -33.7651 62.1817 -120 -35.6612 60.9903 -120 -37.7748 60.2507 -120 -40 60 -120 " /></LineSet>
		</Shape></Transform>
		<Transform scale="1 1 1"><Shape DEF="edg40">
			<Appearance><Material emissiveColor="0 0 0" /></Appearance>
			<LineSet vertexCount="8"><Coordinate point="-30 70 120 -30.2507 67.7748 120 -30.9903 65.6612 120 -32.1817 63.7651 120 -33.7651 62.1817 120 -35.6612 60.9903 120 -37.7748 60.2507 120 -40 60 120 " /></LineSet>
		</Shape></Transform>
		<Transform scale="1 1 1"><Shape DEF="edg41">
			<Appearance><Material emissiveColor="0 0 0" /></Appearance>
			<LineSet vertexCount="8"><Coordinate point="-40 310 -130 -40 312.225 -129.749 -40 314.339 -129.01 -40 316.235 -127.818 -40 317.818 -126.235 -40 319.01 -124.339 -40 319.749 -122.225 -40 320 -120 " /></LineSet>
		</Shape></Transform>
		<Transform scale="1 1 1"><Shape DEF="edg42">
			<Appearance><Material emissiveColor="0 0 0" /></Appearance>
			<LineSet vertexCount="8"><Coordinate point="-40 70 -130 -37.7748 70 -129.749 -35.6612 70 -129.01 -33.7651 70 -127.818 -32.1817 70 -126.235 -30.9903 70 -124.339 -30.2507 70 -122.225 -30 70 -120 " /></LineSet>
		</Shape></Transform>
		<Transform scale="1 1 1"><Shape DEF="edg43">
			<Appearance><Material emissiveColor="0 0 0" /></Appearance>
			<LineSet vertexCount="2"><Coordinate point="-30 70 -120 -30 310 -120 " /></LineSet>
		</Shape></Transform>
		<Transform scale="1 1 1"><Shape DEF="edg44">
			<Appearance><Material emissiveColor="0 0 0" /></Appearance>
			<LineSet vertexCount="8"><Coordinate point="-40 310 -130 -37.7748 310 -129.749 -35.6612 310 -129.01 -33.7651 310 -127.818 -32.1817 310 -126.235 -30.9903 310 -124.339 -30.2507 310 -122.225 -30 310 -120 " /></LineSet>
		</Shape></Transform>
		<Transform scale="1 1 1"><Shape DEF="edg45">
			<Appearance><Material emissiveColor="0 0 0" /></Appearance>
			<LineSet vertexCount="8"><Coordinate point="-40 320 120 -40 319.749 122.225 -40 319.01 124.339 -40 317.818 126.235 -40 316.235 127.818 -40 314.339 129.01 -40 312.225 129.749 -40 310 130 " /></LineSet>
		</Shape></Transform>
		<Transform scale="1 1 1"><Shape DEF="edg46">
			<Appearance><Material emissiveColor="0 0 0" /></Appearance>
			<LineSet vertexCount="8"><Coordinate point="-40 70 130 -37.7748 70 129.749 -35.6612 70 129.01 -33.7651 70 127.818 -32.1817 70 126.235 -30.9903 70 124.339 -30.2507 70 122.225 -30 70 120 " /></LineSet>
		</Shape></Transform>
		<Transform scale="1 1 1"><Shape DEF="edg47">
			<Appearance><Material emissiveColor="0 0 0" /></Appearance>
			<LineSet vertexCount="2"><Coordinate point="-30 70 120 -30 310 120 " /></LineSet>
		</Shape></Transform>
		<Transform scale="1 1 1"><Shape DEF="edg48">
			<Appearance><Material emissiveColor="0 0 0" /></Appearance>
			<LineSet vertexCount="8"><Coordinate point="-30 310 120 -30.2507 310 122.225 -30.9903 310 124.339 -32.1817 310 126.235 -33.7651 310 127.818 -35.6612 310 129.01 -37.7748 310 129.749 -40 310 130 " /></LineSet>
		</Shape></Transform>
		<Transform scale="1 1 1"><Shape DEF="edg49">
			<Appearance><Material emissiveColor="0 0 0" /></Appearance>
			<LineSet vertexCount="2"><Coordinate point="-30 310 -120 -30 310 120 " /></LineSet>
		</Shape></Transform>
		<Transform scale="1 1 1"><Shape DEF="edg50">
			<Appearance><Material emissiveColor="0 0 0" /></Appearance>
			<LineSet vertexCount="8"><Coordinate point="-30 310 -120 -30.2507 312.225 -120 -30.9903 314.339 -120 -32.1817 316.235 -120 -33.7651 317.818 -120 -35.6612 319.01 -120 -37.7748 319.749 -120 -40 320 -120 " /></LineSet>
		</Shape></Transform>
		<Transform scale="1 1 1"><Shape DEF="edg51">
			<Appearance><Material emissiveColor="0 0 0" /></Appearance>
			<LineSet vertexCount="8"><Coordinate point="-40 320 120 -37.7748 319.749 120 -35.6612 319.01 120 -33.7651 317.818 120 -32.1817 316.235 120 -30.9903 314.339 120 -30.2507 312.225 120 -30 310 120 " /></LineSet>
		</Shape></Transform>
		<Transform scale="1 1 1"><Shape DEF="edg52">
			<Appearance><Material emissiveColor="0 0 0" /></Appearance>
			<LineSet vertexCount="2"><Coordinate point="-40 70 -130 -40 70 -130 " /></LineSet>
		</Shape></Transform>
		<Transform scale="1 1 1"><Shape DEF="edg53">
			<Appearance><Material emissiveColor="0 0 0" /></Appearance>
			<LineSet vertexCount="2"><Coordinate point="-40 70 130 -40 70 130 " /></LineSet>
		</Shape></Transform>
		<Transform scale="1 1 1"><Shape DEF="edg54">
			<Appearance><Material emissiveColor="0 0 0" /></Appearance>
			<LineSet vertexCount="2"><Coordinate point="-30 290 -100 -30 90 -100 " /></LineSet>
		</Shape></Transform>
		<Transform scale="1 1 1"><Shape DEF="edg55">
			<Appearance><Material emissiveColor="0 0 0" /></Appearance>
			<LineSet vertexCount="2"><Coordinate point="-30 290 -100 -30 290 100 " /></LineSet>
		</Shape></Transform>
		<Transform scale="1 1 1"><Shape DEF="edg56">
			<Appearance><Material emissiveColor="0 0 0" /></Appearance>
			<LineSet vertexCount="2"><Coordinate point="-30 290 100 -30 90 100 " /></LineSet>
		</Shape></Transform>
		<Transform scale="1 1 1"><Shape DEF="edg57">
			<Appearance><Material emissiveColor="0 0 0" /></Appearance>
			<LineSet vertexCount="2"><Coordinate point="-30 90 -100 -30 90 100 " /></LineSet>
		</Shape></Transform>
		<Transform scale="1 1 1"><Shape DEF="edg58">
			<Appearance><Material emissiveColor="0 0 0" /></Appearance>
			<LineSet vertexCount="2"><Coordinate point="-40 310 -130 -40 310 -130 " /></LineSet>
		</Shape></Transform>
		<Transform scale="1 1 1"><Shape DEF="edg59">
			<Appearance><Material emissiveColor="0 0 0" /></Appearance>
			<LineSet vertexCount="2"><Coordinate point="-40 320 120 -40 320 120 " /></LineSet>
		</Shape></Transform>
		<Transform scale="1 1 1"><Shape DEF="edg60">
			<Appearance><Material emissiveColor="0 0 0" /></Appearance>
			<LineSet vertexCount="2"><Coordinate point="-60 290 -100 -30 290 -100 " /></LineSet>
		</Shape></Transform>
		<Transform scale="1 1 1"><Shape DEF="edg61">
			<Appearance><Material emissiveColor="0 0 0" /></Appearance>
			<LineSet vertexCount="2"><Coordinate point="-60 90 -100 -30 90 -100 " /></LineSet>
		</Shape></Transform>
		<Transform scale="1 1 1"><Shape DEF="edg62">
			<Appearance><Material emissiveColor="0 0 0" /></Appearance>
			<LineSet vertexCount="2"><Coordinate point="-60 90 -100 -60 290 -100 " /></LineSet>
		</Shape></Transform>
		<Transform scale="1 1 1"><Shape DEF="edg63">
			<Appearance><Material emissiveColor="0 0 0" /></Appearance>
			<LineSet vertexCount="2"><Coordinate point="-60 290 100 -30 290 100 " /></LineSet>
		</Shape></Transform>
		<Transform scale="1 1 1"><Shape DEF="edg64">
			<Appearance><Material emissiveColor="0 0 0" /></Appearance>
			<LineSet vertexCount="2"><Coordinate point="-60 290 100 -60 290 -100 " /></LineSet>
		</Shape></Transform>
		<Transform scale="1 1 1"><Shape DEF="edg65">
			<Appearance><Material emissiveColor="0 0 0" /></Appearance>
			<LineSet vertexCount="2"><Coordinate point="-60 90 100 -30 90 100 " /></LineSet>
		</Shape></Transform>
		<Transform scale="1 1 1"><Shape DEF="edg66">
			<Appearance><Material emissiveColor="0 0 0" /></Appearance>
			<LineSet vertexCount="2"><Coordinate point="-60 90 100 -60 290 100 " /></LineSet>
		</Shape></Transform>
		<Transform scale="1 1 1"><Shape DEF="edg67">
			<Appearance><Material emissiveColor="0 0 0" /></Appearance>
			<LineSet vertexCount="2"><Coordinate point="-60 90 100 -60 90 -100 " /></LineSet>
		</Shape></Transform>
		<Transform scale="1 1 1"><Shape DEF="edg68">
			<Appearance><Material emissiveColor="0 0 0" /></Appearance>
			<LineSet vertexCount="2"><Coordinate point="-60 70 -120 -60 70 120 " /></LineSet>
		</Shape></Transform>
		<Transform scale="1 1 1"><Shape DEF="edg69">
			<Appearance><Material emissiveColor="0 0 0" /></Appearance>
			<LineSet vertexCount="2"><Coordinate point="-60 70 120 -60 310 120 " /></LineSet>
		</Shape></Transform>
		<Transform scale="1 1 1"><Shape DEF="edg70">
			<Appearance><Material emissiveColor="0 0 0" /></Appearance>
			<LineSet vertexCount="2"><Coordinate point="-60 70 -120 -60 310 -120 " /></LineSet>
		</Shape></Transform>
		<Transform scale="1 1 1"><Shape DEF="edg71">
			<Appearance><Material emissiveColor="0 0 0" /></Appearance>
			<LineSet vertexCount="2"><Coordinate point="-60 310 -120 -60 310 120 " /></LineSet>
		</Shape></Transform>
		<Transform scale="1 1 1"><Shape DEF="edg72">
			<Appearance><Material emissiveColor="0 0 0" /></Appearance>
			<LineSet vertexCount="2"><Coordinate point="-220 70 -120 -60 70 -120 " /></LineSet>
		</Shape></Transform>
		<Transform scale="1 1 1"><Shape DEF="edg73">
			<Appearance><Material emissiveColor="0 0 0" /></Appearance>
			<LineSet vertexCount="2"><Coordinate point="-220 70 120 -60 70 120 " /></LineSet>
		</Shape></Transform>
		<Transform scale="1 1 1"><Shape DEF="edg74">
			<Appearance><Material emissiveColor="0 0 0" /></Appearance>
			<LineSet vertexCount="2"><Coordinate point="-220 70 -120 -220 70 120 " /></LineSet>
		</Shape></Transform>
		<Transform scale="1 1 1"><Shape DEF="edg75">
			<Appearance><Material emissiveColor="0 0 0" /></Appearance>
			<LineSet vertexCount="2"><Coordinate point="-220 70 120 -220 310 120 " /></LineSet>
		</Shape></Transform>
		<Transform scale="1 1 1"><Shape DEF="edg76">
			<Appearance><Material emissiveColor="0 0 0" /></Appearance>
			<LineSet vertexCount="2"><Coordinate point="-220 310 120 -60 310 120 " /></LineSet>
		</Shape></Transform>
		<Transform scale="1 1 1"><Shape DEF="edg77">
			<Appearance><Material emissiveColor="0 0 0" /></Appearance>
			<LineSet vertexCount="2"><Coordinate point="-220 70 -120 -220 310 -120 " /></LineSet>
		</Shape></Transform>
		<Transform scale="1 1 1"><Shape DEF="edg78">
			<Appearance><Material emissiveColor="0 0 0" /></Appearance>
			<LineSet vertexCount="2"><Coordinate point="-220 310 -120 -60 310 -120 " /></LineSet>
		</Shape></Transform>
		<Transform scale="1 1 1"><Shape DEF="edg79">
			<Appearance><Material emissiveColor="0 0 0" /></Appearance>
			<LineSet vertexCount="2"><Coordinate point="-220 310 -120 -220 310 120 " /></LineSet>
		</Shape></Transform>
	</Group>
</Switch>
</Scene>
</X3D>