<?xml version='1.0' encoding='utf8'?>
<X3D xmlns:xsi="http://www.w3.org/2001/XMLSchema-instance" profile="Immersive" version="3.3" xsi:noNamespaceSchemaLocation="http://www.web3d.org/specifications/x3d-3.3.xsd">
<head>
    <meta name="generator" content="pythonocc-7.7.0 X3D exporter (www.pythonocc.org)" />
    <meta name="creator" content="pythonocc-7.7.0 generator" />
    <meta name="identifier" content="http://www.pythonocc.org" />
    <meta name="description" content="pythonocc-7.7.0 x3dom based shape rendering" />
</head>
<Scene>
<Switch whichChoice="0" id="swBRP"><Transform scale="1 1 1"><Shape DEF="shape8" onclick="select(this);"><Appearance>
<Material id="color" diffuseColor="0.709804 0.698039 0.741176" shininess="0.9" specularColor="0.2 0.2 0.2" transparency="0">
</Material>
</Appearance>
<TriangleSet solid="false">
<Coordinate point="-170 300 100 -170 330 130 -170 330 -130 -170 300 100 -170 330 -130 -170 300 -100 -170 100 -100 -170 330 -130 -170 70 -130 -170 100 -100 -170 300 -100 -170 330 -130 -170 70 130 -170 300 100 -170 100 100 -170 70 130 -170 330 130 -170 300 100 -170 70 130 -170 100 -100 -170 70 -130 -170 70 130 -170 100 100 -170 100 -100 -170 70 130 -170 70 -130 -169.749 67.7748 -130 -169.749 67.7748 130 -170 70 130 -169.749 67.7748 -130 -169.01 65.6612 130 -169.749 67.7748 -130 -169.01 65.6612 -130 -169.01 65.6612 130 -169.749 67.7748 130 -169.749 67.7748 -130 -167.818 63.7651 130 -169.01 65.6612 -130 -167.818 63.7651 -130 -167.818 63.7651 130 -167.818 63.7651 -130 -166.235 62.1817 -130 -167.818 63.7651 130 -169.01 65.6612 130 -169.01 65.6612 -130 -166.235 62.1817 130 -167.818 63.7651 130 -166.235 62.1817 -130 -164.339 60.9903 130 -166.235 62.1817 -130 -164.339 60.9903 -130 -164.339 60.9903 130 -166.235 62.1817 130 -166.235 62.1817 -130 -162.225 60.2507 130 -164.339 60.9903 -130 -162.225 60.2507 -130 -162.225 60.2507 130 -164.339 60.9903 130 -164.339 60.9903 -130 -160 60 130 -162.225 60.2507 -130 -160 60 -130 -160 60 130 -162.225 60.2507 130 -162.225 60.2507 -130 -170 330 -130 -169.749 70 -132.225 -170 70 -130 -169.749 330 -132.225 -169.749 70 -132.225 -170 330 -130 -169.01 330 -134.339 -169.01 70 -134.339 -169.749 70 -132.225 -169.01 330 -134.339 -169.749 70 -132.225 -169.749 330 -132.225 -167.818 330 -136.235 -166.235 70 -137.818 -167.818 70 -136.235 -167.818 330 -136.235 -167.818 70 -136.235 -169.01 70 -134.339 -167.818 330 -136.235 -169.01 70 -134.339 -169.01 330 -134.339 -166.235 330 -137.818 -166.235 70 -137.818 -167.818 330 -136.235 -164.339 330 -139.01 -164.339 70 -139.01 -166.235 70 -137.818 -164.339 330 -139.01 -166.235 70 -137.818 -166.235 330 -137.818 -162.225 330 -139.749 -162.225 70 -139.749 -164.339 70 -139.01 -162.225 330 -139.749 -164.339 70 -139.01 -164.339 330 -139.01 -160 330 -140 -160 70 -140 -162.225 70 -139.749 -160 330 -140 -162.225 70 -139.749 -162.225 330 -139.749 -170 330 130 -170 70 130 -169.749 70 132.225 -169.749 330 132.225 -170 330 130 -169.749 70 132.225 -169.01 330 134.339 -169.749 70 132.225 -169.01 70 134.339 -169.01 330 134.339 -169.749 330 132.225 -169.749 70 132.225 -167.818 330 136.235 -167.818 70 136.235 -166.235 70 137.818 -167.818 330 136.235 -169.01 70 134.339 -167.818 70 136.235 -167.818 330 136.235 -169.01 330 134.339 -169.01 70 134.339 -166.235 330 137.818 -167.818 330 136.235 -166.235 70 137.818 -164.339 330 139.01 -166.235 70 137.818 -164.339 70 139.01 -164.339 330 139.01 -166.235 330 137.818 -166.235 70 137.818 -162.225 330 139.749 -164.339 70 139.01 -162.225 70 139.749 -162.225 330 139.749 -164.339 330 139.01 -164.339 70 139.01 -160 330 140 -162.225 70 139.749 -160 70 140 -160 330 140 -162.225 330 139.749 -162.225 70 139.749 -170 330 130 -169.749 332.225 -130 -170 330 -130 -169.749 332.225 130 -169.749 332.225 -130 -170 330 130 -169.01 334.339 130 -169.01 334.339 -130 -169.749 332.225 -130 -169.01 334.339 130 -169.749 332.225 -130 -169.749 332.225 130 -167.818 336.235 130 -167.818 336.235 -130 -169.01 334.339 -130 -167.818 336.235 130 -166.235 337.818 -130 -167.818 336.235 -130 -167.818 336.235 130 -169.01 334.339 -130 -169.01 334.339 130 -166.235 337.818 130 -166.235 337.818 -130 -167.818 336.235 130 -164.339 339.01 130 -164.339 339.01 -130 -166.235 337.818 -130 -164.339 339.01 130 -166.235 337.818 -130 -166.235 337.818 130 -162.225 339.749 130 -162.225 339.749 -130 -164.339 339.01 -130 -162.225 339.749 130 -164.339 339.01 -130 -164.339 339.01 130 -160 340 130 -160 340 -130 -162.225 339.749 -130 -160 340 130 -162.225 339.749 -130 -162.225 339.749 130 -140 300 -100 -170 300 -100 -170 100 -100 -140 300 -100 -170 100 -100 -140 100 -100 -140 300 100 -170 300 -100 -140 300 -100 -140 300 100 -170 300 100 -170 300 -100 -140 300 100 -170 100 100 -170 300 100 -140 300 100 -140 100 100 -170 100 100 -140 100 100 -140 100 -100 -170 100 -100 -140 100 100 -170 100 -100 -170 100 100 -169.749 67.7748 -130 -170 70 -130 -169.749 70 -132.225 -160 60 -130 -162.225 60.2507 -130 -160 60.2507 -132.225 -163.052 69.5166 -139.511 -164.339 70 -139.01 -162.225 70 -139.749 -162.753 68.5971 -139.511 -162.225 70 -139.749 -160 70 -140 -162.753 68.5971 -139.511 -163.052 69.5166 -139.511 -162.225 70 -139.749 -162.185 67.8149 -139.511 -160 70 -140 -160 70 -140 -162.185 67.8149 -139.511 -162.753 68.5971 -139.511 -160 70 -140 -165.59 68.1836 -138.09 -166.235 70 -137.818 -164.339 70 -139.01 -165.59 68.1836 -138.09 -164.339 70 -139.01 -163.052 69.5166 -139.511 -165.59 68.1836 -138.09 -163.052 69.5166 -139.511 -162.753 68.5971 -139.511 -161.403 67.2466 -139.511 -160 70 -140 -160 67.7748 -139.749 -161.403 67.2466 -139.511 -162.185 67.8149 -139.511 -160 70 -140 -164.755 66.5451 -138.09 -162.753 68.5971 -139.511 -162.185 67.8149 -139.511 -164.755 66.5451 -138.09 -165.59 68.1836 -138.09 -162.753 68.5971 -139.511 -167.991 68.7344 -135.878 -167.818 70 -136.235 -166.235 70 -137.818 -167.991 68.7344 -135.878 -169.01 70 -134.339 -167.818 70 -136.235 -167.991 68.7344 -135.878 -166.235 70 -137.818 -165.59 68.1836 -138.09 -160.483 66.9479 -139.511 -160 67.7748 -139.749 -160 65.6612 -139.01 -160.483 66.9479 -139.511 -161.403 67.2466 -139.511 -160 67.7748 -139.749 -163.455 65.2447 -138.09 -164.755 66.5451 -138.09 -162.185 67.8149 -139.511 -163.455 65.2447 -138.09 -162.185 67.8149 -139.511 -161.403 67.2466 -139.511 -167.208 66.3271 -135.878 -167.991 68.7344 -135.878 -165.59 68.1836 -138.09 -167.208 66.3271 -135.878 -165.59 68.1836 -138.09 -164.755 66.5451 -138.09 -161.816 64.4098 -138.09 -160 65.6612 -139.01 -160 63.7651 -137.818 -161.816 64.4098 -138.09 -161.403 67.2466 -139.511 -160.483 66.9479 -139.511 -161.816 64.4098 -138.09 -160.483 66.9479 -139.511 -160 65.6612 -139.01 -161.816 64.4098 -138.09 -163.455 65.2447 -138.09 -161.403 67.2466 -139.511 -165.721 64.2794 -135.878 -164.755 66.5451 -138.09 -163.455 65.2447 -138.09 -165.721 64.2794 -135.878 -167.208 66.3271 -135.878 -164.755 66.5451 -138.09 -169.045 67.0611 -133.09 -169.749 70 -132.225 -169.01 70 -134.339 -169.045 67.0611 -133.09 -169.01 65.6612 -130 -169.749 67.7748 -130 -169.045 67.0611 -133.09 -169.01 70 -134.339 -167.991 68.7344 -135.878 -169.045 67.0611 -133.09 -167.991 68.7344 -135.878 -167.208 66.3271 -135.878 -169.045 67.0611 -133.09 -169.749 67.7748 -130 -169.749 70 -132.225 -163.673 62.7916 -135.878 -163.455 65.2447 -138.09 -161.816 64.4098 -138.09 -163.673 62.7916 -135.878 -165.721 64.2794 -135.878 -163.455 65.2447 -138.09 -167.694 64.4098 -133.09 -167.818 63.7651 -130 -169.01 65.6612 -130 -167.694 64.4098 -133.09 -169.01 65.6612 -130 -169.045 67.0611 -133.09 -167.694 64.4098 -133.09 -167.208 66.3271 -135.878 -165.721 64.2794 -135.878 -167.694 64.4098 -133.09 -169.045 67.0611 -133.09 -167.208 66.3271 -135.878 -161.266 62.0094 -135.878 -160 63.7651 -137.818 -160 62.1817 -136.235 -161.266 62.0094 -135.878 -160 62.1817 -136.235 -160 60.9903 -134.339 -161.266 62.0094 -135.878 -161.816 64.4098 -138.09 -160 63.7651 -137.818 -161.266 62.0094 -135.878 -163.673 62.7916 -135.878 -161.816 64.4098 -138.09 -165.59 62.3058 -133.09 -166.235 62.1817 -130 -167.818 63.7651 -130 -165.59 62.3058 -133.09 -164.339 60.9903 -130 -166.235 62.1817 -130 -165.59 62.3058 -133.09 -167.818 63.7651 -130 -167.694 64.4098 -133.09 -165.59 62.3058 -133.09 -165.721 64.2794 -135.878 -163.673 62.7916 -135.878 -165.59 62.3058 -133.09 -167.694 64.4098 -133.09 -165.721 64.2794 -135.878 -162.939 60.9549 -133.09 -160 60.9903 -134.339 -160 60.2507 -132.225 -162.939 60.9549 -133.09 -162.225 60.2507 -130 -164.339 60.9903 -130 -162.939 60.9549 -133.09 -160 60.2507 -132.225 -162.225 60.2507 -130 -162.939 60.9549 -133.09 -164.339 60.9903 -130 -165.59 62.3058 -133.09 -162.939 60.9549 -133.09 -161.266 62.0094 -135.878 -160 60.9903 -134.339 -162.939 60.9549 -133.09 -163.673 62.7916 -135.878 -161.266 62.0094 -135.878 -162.939 60.9549 -133.09 -165.59 62.3058 -133.09 -163.673 62.7916 -135.878 -169.749 67.7748 130 -169.749 70 132.225 -170 70 130 -160 60 130 -160 60.2507 132.225 -162.225 60.2507 130 -163.052 69.5166 139.511 -162.225 70 139.749 -164.339 70 139.01 -162.753 68.5971 139.511 -160 70 140 -162.225 70 139.749 -162.753 68.5971 139.511 -162.225 70 139.749 -163.052 69.5166 139.511 -162.185 67.8149 139.511 -160 70 140 -160 70 140 -162.185 67.8149 139.511 -160 70 140 -162.753 68.5971 139.511 -165.59 68.1836 138.09 -164.339 70 139.01 -166.235 70 137.818 -165.59 68.1836 138.09 -163.052 69.5166 139.511 -164.339 70 139.01 -165.59 68.1836 138.09 -162.753 68.5971 139.511 -163.052 69.5166 139.511 -161.403 67.2466 139.511 -160 67.7748 139.749 -160 70 140 -161.403 67.2466 139.511 -160 70 140 -162.185 67.8149 139.511 -164.755 66.5451 138.09 -162.185 67.8149 139.511 -162.753 68.5971 139.511 -164.755 66.5451 138.09 -162.753 68.5971 139.511 -165.59 68.1836 138.09 -167.991 68.7344 135.878 -166.235 70 137.818 -167.818 70 136.235 -167.991 68.7344 135.878 -167.818 70 136.235 -169.01 70 134.339 -167.991 68.7344 135.878 -165.59 68.1836 138.09 -166.235 70 137.818 -160.483 66.9479 139.511 -160 65.6612 139.01 -160 67.7748 139.749 -160.483 66.9479 139.511 -160 67.7748 139.749 -161.403 67.2466 139.511 -163.455 65.2447 138.09 -162.185 67.8149 139.511 -164.755 66.5451 138.09 -163.455 65.2447 138.09 -161.403 67.2466 139.511 -162.185 67.8149 139.511 -167.208 66.3271 135.878 -165.59 68.1836 138.09 -167.991 68.7344 135.878 -167.208 66.3271 135.878 -164.755 66.5451 138.09 -165.59 68.1836 138.09 -161.816 64.4098 138.09 -160 63.7651 137.818 -160 65.6612 139.01 -161.816 64.4098 138.09 -160.483 66.9479 139.511 -161.403 67.2466 139.511 -161.816 64.4098 138.09 -160 65.6612 139.01 -160.483 66.9479 139.511 -161.816 64.4098 138.09 -161.403 67.2466 139.511 -163.455 65.2447 138.09 -165.721 64.2794 135.878 -163.455 65.2447 138.09 -164.755 66.5451 138.09 -165.721 64.2794 135.878 -164.755 66.5451 138.09 -167.208 66.3271 135.878 -169.045 67.0611 133.09 -169.01 70 134.339 -169.749 70 132.225 -169.045 67.0611 133.09 -169.749 67.7748 130 -169.01 65.6612 130 -169.045 67.0611 133.09 -167.991 68.7344 135.878 -169.01 70 134.339 -169.045 67.0611 133.09 -167.208 66.3271 135.878 -167.991 68.7344 135.878 -169.045 67.0611 133.09 -169.749 70 132.225 -169.749 67.7748 130 -163.673 62.7916 135.878 -161.816 64.4098 138.09 -163.455 65.2447 138.09 -163.673 62.7916 135.878 -163.455 65.2447 138.09 -165.721 64.2794 135.878 -167.694 64.4098 133.09 -169.01 65.6612 130 -167.818 63.7651 130 -167.694 64.4098 133.09 -169.045 67.0611 133.09 -169.01 65.6612 130 -167.694 64.4098 133.09 -165.721 64.2794 135.878 -167.208 66.3271 135.878 -167.694 64.4098 133.09 -167.208 66.3271 135.878 -169.045 67.0611 133.09 -161.266 62.0094 135.878 -160 62.1817 136.235 -160 63.7651 137.818 -161.266 62.0094 135.878 -160 60.9903 134.339 -160 62.1817 136.235 -161.266 62.0094 135.878 -160 63.7651 137.818 -161.816 64.4098 138.09 -161.266 62.0094 135.878 -161.816 64.4098 138.09 -163.673 62.7916 135.878 -165.59 62.3058 133.09 -167.818 63.7651 130 -166.235 62.1817 130 -165.59 62.3058 133.09 -166.235 62.1817 130 -164.339 60.9903 130 -165.59 62.3058 133.09 -167.694 64.4098 133.09 -167.818 63.7651 130 -165.59 62.3058 133.09 -163.673 62.7916 135.878 -165.721 64.2794 135.878 -165.59 62.3058 133.09 -165.721 64.2794 135.878 -167.694 64.4098 133.09 -162.939 60.9549 133.09 -160 60.2507 132.225 -160 60.9903 134.339 -162.939 60.9549 133.09 -164.339 60.9903 130 -162.225 60.2507 130 -162.939 60.9549 133.09 -162.225 60.2507 130 -160 60.2507 132.225 -162.939 60.9549 133.09 -165.59 62.3058 133.09 -164.339 60.9903 130 -162.939 60.9549 133.09 -160 60.9903 134.339 -161.266 62.0094 135.878 -162.939 60.9549 133.09 -161.266 62.0094 135.878 -163.673 62.7916 135.878 -162.939 60.9549 133.09 -163.673 62.7916 135.878 -165.59 62.3058 133.09 230 60 130 -160 60 130 -160 60 -130 230 60 130 -160 60 -130 230 60 -130 230 330 -140 -160 70 -140 -160 330 -140 230 330 -140 230 70 -140 -160 70 -140 -169.749 332.225 -130 -169.749 330 -132.225 -170 330 -130 -160 340 -130 -160 339.749 -132.225 -162.225 339.749 -130 -163.052 330.483 -139.511 -162.225 330 -139.749 -164.339 330 -139.01 -162.753 331.403 -139.511 -160 330 -140 -162.225 330 -139.749 -162.753 331.403 -139.511 -162.225 330 -139.749 -163.052 330.483 -139.511 -162.185 332.185 -139.511 -160 330 -140 -160 330 -140 -162.185 332.185 -139.511 -160 330 -140 -162.753 331.403 -139.511 -165.59 331.816 -138.09 -164.339 330 -139.01 -166.235 330 -137.818 -165.59 331.816 -138.09 -163.052 330.483 -139.511 -164.339 330 -139.01 -165.59 331.816 -138.09 -162.753 331.403 -139.511 -163.052 330.483 -139.511 -161.403 332.753 -139.511 -160 332.225 -139.749 -160 330 -140 -161.403 332.753 -139.511 -160 330 -140 -162.185 332.185 -139.511 -164.755 333.455 -138.09 -162.185 332.185 -139.511 -162.753 331.403 -139.511 -164.755 333.455 -138.09 -162.753 331.403 -139.511 -165.59 331.816 -138.09 -167.991 331.266 -135.878 -166.235 330 -137.818 -167.818 330 -136.235 -167.991 331.266 -135.878 -167.818 330 -136.235 -169.01 330 -134.339 -167.991 331.266 -135.878 -165.59 331.816 -138.09 -166.235 330 -137.818 -160.483 333.052 -139.511 -160 334.339 -139.01 -160 332.225 -139.749 -160.483 333.052 -139.511 -160 332.225 -139.749 -161.403 332.753 -139.511 -163.455 334.755 -138.09 -162.185 332.185 -139.511 -164.755 333.455 -138.09 -163.455 334.755 -138.09 -161.403 332.753 -139.511 -162.185 332.185 -139.511 -167.208 333.673 -135.878 -165.59 331.816 -138.09 -167.991 331.266 -135.878 -167.208 333.673 -135.878 -164.755 333.455 -138.09 -165.59 331.816 -138.09 -161.816 335.59 -138.09 -160 336.235 -137.818 -160 334.339 -139.01 -161.816 335.59 -138.09 -160.483 333.052 -139.511 -161.403 332.753 -139.511 -161.816 335.59 -138.09 -161.403 332.753 -139.511 -163.455 334.755 -138.09 -161.816 335.59 -138.09 -160 334.339 -139.01 -160.483 333.052 -139.511 -165.721 335.721 -135.878 -163.455 334.755 -138.09 -164.755 333.455 -138.09 -165.721 335.721 -135.878 -164.755 333.455 -138.09 -167.208 333.673 -135.878 -169.045 332.939 -133.09 -169.01 330 -134.339 -169.749 330 -132.225 -169.045 332.939 -133.09 -169.749 332.225 -130 -169.01 334.339 -130 -169.045 332.939 -133.09 -167.991 331.266 -135.878 -169.01 330 -134.339 -169.045 332.939 -133.09 -167.208 333.673 -135.878 -167.991 331.266 -135.878 -169.045 332.939 -133.09 -169.749 330 -132.225 -169.749 332.225 -130 -163.673 337.208 -135.878 -161.816 335.59 -138.09 -163.455 334.755 -138.09 -163.673 337.208 -135.878 -163.455 334.755 -138.09 -165.721 335.721 -135.878 -167.694 335.59 -133.09 -169.01 334.339 -130 -167.818 336.235 -130 -167.694 335.59 -133.09 -167.818 336.235 -130 -166.235 337.818 -130 -167.694 335.59 -133.09 -169.045 332.939 -133.09 -169.01 334.339 -130 -167.694 335.59 -133.09 -165.721 335.721 -135.878 -167.208 333.673 -135.878 -167.694 335.59 -133.09 -167.208 333.673 -135.878 -169.045 332.939 -133.09 -161.266 337.991 -135.878 -160 337.818 -136.235 -160 336.235 -137.818 -161.266 337.991 -135.878 -160 339.01 -134.339 -160 337.818 -136.235 -161.266 337.991 -135.878 -160 336.235 -137.818 -161.816 335.59 -138.09 -161.266 337.991 -135.878 -161.816 335.59 -138.09 -163.673 337.208 -135.878 -165.59 337.694 -133.09 -166.235 337.818 -130 -164.339 339.01 -130 -165.59 337.694 -133.09 -167.694 335.59 -133.09 -166.235 337.818 -130 -165.59 337.694 -133.09 -163.673 337.208 -135.878 -165.721 335.721 -135.878 -165.59 337.694 -133.09 -165.721 335.721 -135.878 -167.694 335.59 -133.09 -162.939 339.045 -133.09 -160 339.749 -132.225 -160 339.01 -134.339 -162.939 339.045 -133.09 -164.339 339.01 -130 -162.225 339.749 -130 -162.939 339.045 -133.09 -165.59 337.694 -133.09 -164.339 339.01 -130 -162.939 339.045 -133.09 -162.225 339.749 -130 -160 339.749 -132.225 -162.939 339.045 -133.09 -160 339.01 -134.339 -161.266 337.991 -135.878 -162.939 339.045 -133.09 -161.266 337.991 -135.878 -163.673 337.208 -135.878 -162.939 339.045 -133.09 -163.673 337.208 -135.878 -165.59 337.694 -133.09 230 330 140 -160 330 140 -160 70 140 230 330 140 -160 70 140 230 70 140 -169.749 330 132.225 -169.749 332.225 130 -170 330 130 -160 330 140 -160 332.225 139.749 -162.225 330 139.749 -163.052 339.511 130.483 -162.225 339.749 130 -164.339 339.01 130 -162.753 339.511 131.403 -160 340 130 -162.225 339.749 130 -162.753 339.511 131.403 -162.225 339.749 130 -163.052 339.511 130.483 -162.185 339.511 132.185 -160 340 130 -160 340 130 -162.185 339.511 132.185 -160 340 130 -162.753 339.511 131.403 -165.59 338.09 131.816 -164.339 339.01 130 -166.235 337.818 130 -165.59 338.09 131.816 -163.052 339.511 130.483 -164.339 339.01 130 -165.59 338.09 131.816 -162.753 339.511 131.403 -163.052 339.511 130.483 -161.403 339.511 132.753 -160 339.749 132.225 -160 340 130 -161.403 339.511 132.753 -160 340 130 -162.185 339.511 132.185 -164.755 338.09 133.455 -162.185 339.511 132.185 -162.753 339.511 131.403 -164.755 338.09 133.455 -162.753 339.511 131.403 -165.59 338.09 131.816 -167.991 335.878 131.266 -166.235 337.818 130 -167.818 336.235 130 -167.991 335.878 131.266 -167.818 336.235 130 -169.01 334.339 130 -167.991 335.878 131.266 -165.59 338.09 131.816 -166.235 337.818 130 -160.483 339.511 133.052 -160 339.01 134.339 -160 339.749 132.225 -160.483 339.511 133.052 -160 339.749 132.225 -161.403 339.511 132.753 -163.455 338.09 134.755 -162.185 339.511 132.185 -164.755 338.09 133.455 -163.455 338.09 134.755 -161.403 339.511 132.753 -162.185 339.511 132.185 -167.208 335.878 133.673 -164.755 338.09 133.455 -165.59 338.09 131.816 -167.208 335.878 133.673 -165.59 338.09 131.816 -167.991 335.878 131.266 -161.816 338.09 135.59 -160 337.818 136.235 -160 339.01 134.339 -161.816 338.09 135.59 -160.483 339.511 133.052 -161.403 339.511 132.753 -161.816 338.09 135.59 -160 339.01 134.339 -160.483 339.511 133.052 -161.816 338.09 135.59 -161.403 339.511 132.753 -163.455 338.09 134.755 -165.721 335.878 135.721 -163.455 338.09 134.755 -164.755 338.09 133.455 -165.721 335.878 135.721 -164.755 338.09 133.455 -167.208 335.878 133.673 -169.045 333.09 132.939 -169.01 334.339 130 -169.749 332.225 130 -169.045 333.09 132.939 -169.749 330 132.225 -169.01 330 134.339 -169.045 333.09 132.939 -167.991 335.878 131.266 -169.01 334.339 130 -169.045 333.09 132.939 -167.208 335.878 133.673 -167.991 335.878 131.266 -169.045 333.09 132.939 -169.749 332.225 130 -169.749 330 132.225 -163.673 335.878 137.208 -161.816 338.09 135.59 -163.455 338.09 134.755 -163.673 335.878 137.208 -163.455 338.09 134.755 -165.721 335.878 135.721 -167.694 333.09 135.59 -169.01 330 134.339 -167.818 330 136.235 -167.694 333.09 135.59 -169.045 333.09 132.939 -169.01 330 134.339 -167.694 333.09 135.59 -165.721 335.878 135.721 -167.208 335.878 133.673 -167.694 333.09 135.59 -167.208 335.878 133.673 -169.045 333.09 132.939 -161.266 335.878 137.991 -160 336.235 137.818 -160 337.818 136.235 -161.266 335.878 137.991 -160 334.339 139.01 -160 336.235 137.818 -161.266 335.878 137.991 -160 337.818 136.235 -161.816 338.09 135.59 -161.266 335.878 137.991 -161.816 338.09 135.59 -163.673 335.878 137.208 -165.59 333.09 137.694 -167.818 330 136.235 -166.235 330 137.818 -165.59 333.09 137.694 -166.235 330 137.818 -164.339 330 139.01 -165.59 333.09 137.694 -167.694 333.09 135.59 -167.818 330 136.235 -165.59 333.09 137.694 -163.673 335.878 137.208 -165.721 335.878 135.721 -165.59 333.09 137.694 -165.721 335.878 135.721 -167.694 333.09 135.59 -162.939 333.09 139.045 -160 332.225 139.749 -160 334.339 139.01 -162.939 333.09 139.045 -164.339 330 139.01 -162.225 330 139.749 -162.939 333.09 139.045 -162.225 330 139.749 -160 332.225 139.749 -162.939 333.09 139.045 -165.59 333.09 137.694 -164.339 330 139.01 -162.939 333.09 139.045 -160 334.339 139.01 -161.266 335.878 137.991 -162.939 333.09 139.045 -161.266 335.878 137.991 -163.673 335.878 137.208 -162.939 333.09 139.045 -163.673 335.878 137.208 -165.59 333.09 137.694 230 340 130 -160 340 -130 -160 340 130 230 340 130 230 340 -130 -160 340 -130 -140 300 100 -140 300 -100 -140 320 -120 -140 100 -100 -140 80 -120 -140 320 -120 -140 100 -100 -140 320 -120 -140 300 -100 -140 320 120 -140 300 100 -140 320 -120 -140 100 100 -140 300 100 -140 320 120 -140 80 120 -140 100 100 -140 320 120 -140 80 120 -140 80 -120 -140 100 -100 -140 80 120 -140 100 -100 -140 100 100 230 60.2507 -132.225 -160 60 -130 -160 60.2507 -132.225 230 60.2507 -132.225 230 60 -130 -160 60 -130 230 60.9903 -134.339 -160 60.9903 -134.339 -160 62.1817 -136.235 230 60.9903 -134.339 -160 60.2507 -132.225 -160 60.9903 -134.339 230 60.9903 -134.339 230 60.2507 -132.225 -160 60.2507 -132.225 230 62.1817 -136.235 230 60.9903 -134.339 -160 62.1817 -136.235 230 63.7651 -137.818 -160 62.1817 -136.235 -160 63.7651 -137.818 230 63.7651 -137.818 230 62.1817 -136.235 -160 62.1817 -136.235 230 65.6612 -139.01 -160 65.6612 -139.01 -160 67.7748 -139.749 230 65.6612 -139.01 -160 63.7651 -137.818 -160 65.6612 -139.01 230 65.6612 -139.01 230 63.7651 -137.818 -160 63.7651 -137.818 230 67.7748 -139.749 230 65.6612 -139.01 -160 67.7748 -139.749 230 70 -140 -160 67.7748 -139.749 -160 70 -140 230 70 -140 230 67.7748 -139.749 -160 67.7748 -139.749 230 60.2507 132.225 -160 60.2507 132.225 -160 60 130 230 60.2507 132.225 -160 60 130 230 60 130 230 60.9903 134.339 -160 62.1817 136.235 -160 60.9903 134.339 230 60.9903 134.339 -160 60.9903 134.339 -160 60.2507 132.225 230 60.9903 134.339 -160 60.2507 132.225 230 60.2507 132.225 230 62.1817 136.235 -160 62.1817 136.235 230 60.9903 134.339 230 63.7651 137.818 -160 63.7651 137.818 -160 62.1817 136.235 230 63.7651 137.818 -160 62.1817 136.235 230 62.1817 136.235 230 65.6612 139.01 -160 67.7748 139.749 -160 65.6612 139.01 230 65.6612 139.01 -160 65.6612 139.01 -160 63.7651 137.818 230 65.6612 139.01 -160 63.7651 137.818 230 63.7651 137.818 230 67.7748 139.749 -160 67.7748 139.749 230 65.6612 139.01 230 70 140 -160 70 140 -160 67.7748 139.749 230 70 140 -160 67.7748 139.749 230 67.7748 139.749 240 70 130 239.749 67.7748 -130 240 70 -130 239.749 67.7748 130 239.749 67.7748 -130 240 70 130 239.01 65.6612 130 239.01 65.6612 -130 239.749 67.7748 -130 239.01 65.6612 130 239.749 67.7748 -130 239.749 67.7748 130 237.818 63.7651 130 237.818 63.7651 -130 239.01 65.6612 -130 237.818 63.7651 130 236.235 62.1817 -130 237.818 63.7651 -130 237.818 63.7651 130 239.01 65.6612 -130 239.01 65.6612 130 236.235 62.1817 130 236.235 62.1817 -130 237.818 63.7651 130 234.339 60.9903 130 234.339 60.9903 -130 236.235 62.1817 -130 234.339 60.9903 130 236.235 62.1817 -130 236.235 62.1817 130 232.225 60.2507 130 232.225 60.2507 -130 234.339 60.9903 -130 232.225 60.2507 130 234.339 60.9903 -130 234.339 60.9903 130 230 60 130 230 60 -130 232.225 60.2507 -130 230 60 130 232.225 60.2507 -130 232.225 60.2507 130 230 339.749 -132.225 -160 339.749 -132.225 -160 340 -130 230 339.749 -132.225 -160 340 -130 230 340 -130 230 339.01 -134.339 -160 337.818 -136.235 -160 339.01 -134.339 230 339.01 -134.339 -160 339.01 -134.339 -160 339.749 -132.225 230 339.01 -134.339 -160 339.749 -132.225 230 339.749 -132.225 230 337.818 -136.235 -160 337.818 -136.235 230 339.01 -134.339 230 336.235 -137.818 -160 336.235 -137.818 -160 337.818 -136.235 230 336.235 -137.818 -160 337.818 -136.235 230 337.818 -136.235 230 334.339 -139.01 -160 332.225 -139.749 -160 334.339 -139.01 230 334.339 -139.01 -160 334.339 -139.01 -160 336.235 -137.818 230 334.339 -139.01 -160 336.235 -137.818 230 336.235 -137.818 230 332.225 -139.749 -160 332.225 -139.749 230 334.339 -139.01 230 330 -140 -160 330 -140 -160 332.225 -139.749 230 330 -140 -160 332.225 -139.749 230 332.225 -139.749 240 330 -130 240 70 -130 239.749 70 -132.225 239.749 330 -132.225 240 330 -130 239.749 70 -132.225 239.01 330 -134.339 239.749 70 -132.225 239.01 70 -134.339 239.01 330 -134.339 239.749 330 -132.225 239.749 70 -132.225 237.818 330 -136.235 237.818 70 -136.235 236.235 70 -137.818 237.818 330 -136.235 239.01 70 -134.339 237.818 70 -136.235 237.818 330 -136.235 239.01 330 -134.339 239.01 70 -134.339 236.235 330 -137.818 237.818 330 -136.235 236.235 70 -137.818 234.339 330 -139.01 236.235 70 -137.818 234.339 70 -139.01 234.339 330 -139.01 236.235 330 -137.818 236.235 70 -137.818 232.225 330 -139.749 234.339 70 -139.01 232.225 70 -139.749 232.225 330 -139.749 234.339 330 -139.01 234.339 70 -139.01 230 330 -140 232.225 70 -139.749 230 70 -140 230 330 -140 232.225 330 -139.749 232.225 70 -139.749 230 339.749 132.225 -160 340 130 -160 339.749 132.225 230 339.749 132.225 230 340 130 -160 340 130 230 339.01 134.339 -160 339.749 132.225 -160 339.01 134.339 230 339.01 134.339 -160 339.01 134.339 -160 337.818 136.235 230 339.01 134.339 230 339.749 132.225 -160 339.749 132.225 230 337.818 136.235 230 339.01 134.339 -160 337.818 136.235 230 336.235 137.818 -160 337.818 136.235 -160 336.235 137.818 230 336.235 137.818 230 337.818 136.235 -160 337.818 136.235 230 334.339 139.01 -160 336.235 137.818 -160 334.339 139.01 230 334.339 139.01 -160 334.339 139.01 -160 332.225 139.749 230 334.339 139.01 230 336.235 137.818 -160 336.235 137.818 230 332.225 139.749 230 334.339 139.01 -160 332.225 139.749 230 330 140 -160 332.225 139.749 -160 330 140 230 330 140 230 332.225 139.749 -160 332.225 139.749 240 330 130 239.749 70 132.225 240 70 130 239.749 330 132.225 239.749 70 132.225 240 330 130 239.01 330 134.339 239.01 70 134.339 239.749 70 132.225 239.01 330 134.339 239.749 70 132.225 239.749 330 132.225 237.818 330 136.235 236.235 70 137.818 237.818 70 136.235 237.818 330 136.235 237.818 70 136.235 239.01 70 134.339 237.818 330 136.235 239.01 70 134.339 239.01 330 134.339 236.235 330 137.818 236.235 70 137.818 237.818 330 136.235 234.339 330 139.01 234.339 70 139.01 236.235 70 137.818 234.339 330 139.01 236.235 70 137.818 236.235 330 137.818 232.225 330 139.749 232.225 70 139.749 234.339 70 139.01 232.225 330 139.749 234.339 70 139.01 234.339 330 139.01 230 330 140 230 70 140 232.225 70 139.749 230 330 140 232.225 70 139.749 232.225 330 139.749 240 330 130 240 330 -130 239.749 332.225 -130 239.749 332.225 130 240 330 130 239.749 332.225 -130 239.01 334.339 130 239.749 332.225 -130 239.01 334.339 -130 239.01 334.339 130 239.749 332.225 130 239.749 332.225 -130 237.818 336.235 130 239.01 334.339 -130 237.818 336.235 -130 237.818 336.235 130 237.818 336.235 -130 236.235 337.818 -130 237.818 336.235 130 239.01 334.339 130 239.01 334.339 -130 236.235 337.818 130 237.818 336.235 130 236.235 337.818 -130 234.339 339.01 130 236.235 337.818 -130 234.339 339.01 -130 234.339 339.01 130 236.235 337.818 130 236.235 337.818 -130 232.225 339.749 130 234.339 339.01 -130 232.225 339.749 -130 232.225 339.749 130 234.339 339.01 130 234.339 339.01 -130 230 340 130 232.225 339.749 -130 230 340 -130 230 340 130 232.225 339.749 130 232.225 339.749 -130 220 80 120 220 80 -120 -140 80 -120 220 80 120 -140 80 -120 -140 80 120 220 320 120 -140 80 120 -140 320 120 220 320 120 220 80 120 -140 80 120 220 320 -120 -140 320 -120 -140 80 -120 220 320 -120 -140 80 -120 220 80 -120 220 320 120 -140 320 -120 220 320 -120 220 320 120 -140 320 120 -140 320 -120 239.749 67.7748 -130 239.749 70 -132.225 240 70 -130 230 60 -130 230 60.2507 -132.225 232.225 60.2507 -130 233.052 69.5166 -139.511 232.225 70 -139.749 234.339 70 -139.01 232.753 68.5971 -139.511 230 70 -140 232.225 70 -139.749 232.753 68.5971 -139.511 232.225 70 -139.749 233.052 69.5166 -139.511 232.185 67.8149 -139.511 230 70 -140 230 70 -140 232.185 67.8149 -139.511 230 70 -140 232.753 68.5971 -139.511 235.59 68.1836 -138.09 234.339 70 -139.01 236.235 70 -137.818 235.59 68.1836 -138.09 233.052 69.5166 -139.511 234.339 70 -139.01 235.59 68.1836 -138.09 232.753 68.5971 -139.511 233.052 69.5166 -139.511 231.403 67.2466 -139.511 230 67.7748 -139.749 230 70 -140 231.403 67.2466 -139.511 230 70 -140 232.185 67.8149 -139.511 234.755 66.5451 -138.09 232.185 67.8149 -139.511 232.753 68.5971 -139.511 234.755 66.5451 -138.09 232.753 68.5971 -139.511 235.59 68.1836 -138.09 237.991 68.7344 -135.878 236.235 70 -137.818 237.818 70 -136.235 237.991 68.7344 -135.878 237.818 70 -136.235 239.01 70 -134.339 237.991 68.7344 -135.878 235.59 68.1836 -138.09 236.235 70 -137.818 230.483 66.9479 -139.511 230 65.6612 -139.01 230 67.7748 -139.749 230.483 66.9479 -139.511 230 67.7748 -139.749 231.403 67.2466 -139.511 233.455 65.2447 -138.09 232.185 67.8149 -139.511 234.755 66.5451 -138.09 233.455 65.2447 -138.09 231.403 67.2466 -139.511 232.185 67.8149 -139.511 237.208 66.3271 -135.878 235.59 68.1836 -138.09 237.991 68.7344 -135.878 237.208 66.3271 -135.878 234.755 66.5451 -138.09 235.59 68.1836 -138.09 231.816 64.4098 -138.09 230 63.7651 -137.818 230 65.6612 -139.01 231.816 64.4098 -138.09 230.483 66.9479 -139.511 231.403 67.2466 -139.511 231.816 64.4098 -138.09 230 65.6612 -139.01 230.483 66.9479 -139.511 231.816 64.4098 -138.09 231.403 67.2466 -139.511 233.455 65.2447 -138.09 235.721 64.2794 -135.878 233.455 65.2447 -138.09 234.755 66.5451 -138.09 235.721 64.2794 -135.878 234.755 66.5451 -138.09 237.208 66.3271 -135.878 239.045 67.0611 -133.09 239.01 70 -134.339 239.749 70 -132.225 239.045 67.0611 -133.09 239.749 67.7748 -130 239.01 65.6612 -130 239.045 67.0611 -133.09 237.991 68.7344 -135.878 239.01 70 -134.339 239.045 67.0611 -133.09 237.208 66.3271 -135.878 237.991 68.7344 -135.878 239.045 67.0611 -133.09 239.749 70 -132.225 239.749 67.7748 -130 233.673 62.7916 -135.878 231.816 64.4098 -138.09 233.455 65.2447 -138.09 233.673 62.7916 -135.878 233.455 65.2447 -138.09 235.721 64.2794 -135.878 237.694 64.4098 -133.09 239.01 65.6612 -130 237.818 63.7651 -130 237.694 64.4098 -133.09 239.045 67.0611 -133.09 239.01 65.6612 -130 237.694 64.4098 -133.09 235.721 64.2794 -135.878 237.208 66.3271 -135.878 237.694 64.4098 -133.09 237.208 66.3271 -135.878 239.045 67.0611 -133.09 231.266 62.0094 -135.878 230 62.1817 -136.235 230 63.7651 -137.818 231.266 62.0094 -135.878 230 60.9903 -134.339 230 62.1817 -136.235 231.266 62.0094 -135.878 230 63.7651 -137.818 231.816 64.4098 -138.09 231.266 62.0094 -135.878 231.816 64.4098 -138.09 233.673 62.7916 -135.878 235.59 62.3058 -133.09 237.818 63.7651 -130 236.235 62.1817 -130 235.59 62.3058 -133.09 236.235 62.1817 -130 234.339 60.9903 -130 235.59 62.3058 -133.09 237.694 64.4098 -133.09 237.818 63.7651 -130 235.59 62.3058 -133.09 233.673 62.7916 -135.878 235.721 64.2794 -135.878 235.59 62.3058 -133.09 235.721 64.2794 -135.878 237.694 64.4098 -133.09 232.939 60.9549 -133.09 230 60.2507 -132.225 230 60.9903 -134.339 232.939 60.9549 -133.09 234.339 60.9903 -130 232.225 60.2507 -130 232.939 60.9549 -133.09 232.225 60.2507 -130 230 60.2507 -132.225 232.939 60.9549 -133.09 235.59 62.3058 -133.09 234.339 60.9903 -130 232.939 60.9549 -133.09 230 60.9903 -134.339 231.266 62.0094 -135.878 232.939 60.9549 -133.09 231.266 62.0094 -135.878 233.673 62.7916 -135.878 232.939 60.9549 -133.09 233.673 62.7916 -135.878 235.59 62.3058 -133.09 239.749 67.7748 130 240 70 130 239.749 70 132.225 230 60 130 232.225 60.2507 130 230 60.2507 132.225 233.052 69.5166 139.511 234.339 70 139.01 232.225 70 139.749 232.753 68.5971 139.511 232.225 70 139.749 230 70 140 232.753 68.5971 139.511 233.052 69.5166 139.511 232.225 70 139.749 232.185 67.8149 139.511 230 70 140 230 70 140 232.185 67.8149 139.511 232.753 68.5971 139.511 230 70 140 235.59 68.1836 138.09 236.235 70 137.818 234.339 70 139.01 235.59 68.1836 138.09 234.339 70 139.01 233.052 69.5166 139.511 235.59 68.1836 138.09 233.052 69.5166 139.511 232.753 68.5971 139.511 231.403 67.2466 139.511 230 70 140 230 67.7748 139.749 231.403 67.2466 139.511 232.185 67.8149 139.511 230 70 140 234.755 66.5451 138.09 232.753 68.5971 139.511 232.185 67.8149 139.511 234.755 66.5451 138.09 235.59 68.1836 138.09 232.753 68.5971 139.511 237.991 68.7344 135.878 237.818 70 136.235 236.235 70 137.818 237.991 68.7344 135.878 239.01 70 134.339 237.818 70 136.235 237.991 68.7344 135.878 236.235 70 137.818 235.59 68.1836 138.09 230.483 66.9479 139.511 230 67.7748 139.749 230 65.6612 139.01 230.483 66.9479 139.511 231.403 67.2466 139.511 230 67.7748 139.749 233.455 65.2447 138.09 234.755 66.5451 138.09 232.185 67.8149 139.511 233.455 65.2447 138.09 232.185 67.8149 139.511 231.403 67.2466 139.511 237.208 66.3271 135.878 237.991 68.7344 135.878 235.59 68.1836 138.09 237.208 66.3271 135.878 235.59 68.1836 138.09 234.755 66.5451 138.09 231.816 64.4098 138.09 230 65.6612 139.01 230 63.7651 137.818 231.816 64.4098 138.09 231.403 67.2466 139.511 230.483 66.9479 139.511 231.816 64.4098 138.09 230.483 66.9479 139.511 230 65.6612 139.01 231.816 64.4098 138.09 233.455 65.2447 138.09 231.403 67.2466 139.511 235.721 64.2794 135.878 234.755 66.5451 138.09 233.455 65.2447 138.09 235.721 64.2794 135.878 237.208 66.3271 135.878 234.755 66.5451 138.09 239.045 67.0611 133.09 239.749 70 132.225 239.01 70 134.339 239.045 67.0611 133.09 239.01 65.6612 130 239.749 67.7748 130 239.045 67.0611 133.09 239.01 70 134.339 237.991 68.7344 135.878 239.045 67.0611 133.09 237.991 68.7344 135.878 237.208 66.3271 135.878 239.045 67.0611 133.09 239.749 67.7748 130 239.749 70 132.225 233.673 62.7916 135.878 233.455 65.2447 138.09 231.816 64.4098 138.09 233.673 62.7916 135.878 235.721 64.2794 135.878 233.455 65.2447 138.09 237.694 64.4098 133.09 237.818 63.7651 130 239.01 65.6612 130 237.694 64.4098 133.09 239.01 65.6612 130 239.045 67.0611 133.09 237.694 64.4098 133.09 237.208 66.3271 135.878 235.721 64.2794 135.878 237.694 64.4098 133.09 239.045 67.0611 133.09 237.208 66.3271 135.878 231.266 62.0094 135.878 230 63.7651 137.818 230 62.1817 136.235 231.266 62.0094 135.878 230 62.1817 136.235 230 60.9903 134.339 231.266 62.0094 135.878 231.816 64.4098 138.09 230 63.7651 137.818 231.266 62.0094 135.878 233.673 62.7916 135.878 231.816 64.4098 138.09 235.59 62.3058 133.09 236.235 62.1817 130 237.818 63.7651 130 235.59 62.3058 133.09 234.339 60.9903 130 236.235 62.1817 130 235.59 62.3058 133.09 237.818 63.7651 130 237.694 64.4098 133.09 235.59 62.3058 133.09 235.721 64.2794 135.878 233.673 62.7916 135.878 235.59 62.3058 133.09 237.694 64.4098 133.09 235.721 64.2794 135.878 232.939 60.9549 133.09 230 60.9903 134.339 230 60.2507 132.225 232.939 60.9549 133.09 232.225 60.2507 130 234.339 60.9903 130 232.939 60.9549 133.09 230 60.2507 132.225 232.225 60.2507 130 232.939 60.9549 133.09 234.339 60.9903 130 235.59 62.3058 133.09 232.939 60.9549 133.09 231.266 62.0094 135.878 230 60.9903 134.339 232.939 60.9549 133.09 233.673 62.7916 135.878 231.266 62.0094 135.878 232.939 60.9549 133.09 235.59 62.3058 133.09 233.673 62.7916 135.878 240 70 130 240 70 -130 240 330 -130 240 70 130 240 330 -130 240 330 130 239.749 332.225 -130 240 330 -130 239.749 330 -132.225 230 340 -130 232.225 339.749 -130 230 339.749 -132.225 233.052 330.483 -139.511 234.339 330 -139.01 232.225 330 -139.749 232.753 331.403 -139.511 232.225 330 -139.749 230 330 -140 232.753 331.403 -139.511 233.052 330.483 -139.511 232.225 330 -139.749 232.185 332.185 -139.511 230 330 -140 230 330 -140 232.185 332.185 -139.511 232.753 331.403 -139.511 230 330 -140 235.59 331.816 -138.09 236.235 330 -137.818 234.339 330 -139.01 235.59 331.816 -138.09 234.339 330 -139.01 233.052 330.483 -139.511 235.59 331.816 -138.09 233.052 330.483 -139.511 232.753 331.403 -139.511 231.403 332.753 -139.511 230 330 -140 230 332.225 -139.749 231.403 332.753 -139.511 232.185 332.185 -139.511 230 330 -140 234.755 333.455 -138.09 232.753 331.403 -139.511 232.185 332.185 -139.511 234.755 333.455 -138.09 235.59 331.816 -138.09 232.753 331.403 -139.511 237.991 331.266 -135.878 237.818 330 -136.235 236.235 330 -137.818 237.991 331.266 -135.878 239.01 330 -134.339 237.818 330 -136.235 237.991 331.266 -135.878 236.235 330 -137.818 235.59 331.816 -138.09 230.483 333.052 -139.511 230 332.225 -139.749 230 334.339 -139.01 230.483 333.052 -139.511 231.403 332.753 -139.511 230 332.225 -139.749 233.455 334.755 -138.09 234.755 333.455 -138.09 232.185 332.185 -139.511 233.455 334.755 -138.09 232.185 332.185 -139.511 231.403 332.753 -139.511 237.208 333.673 -135.878 237.991 331.266 -135.878 235.59 331.816 -138.09 237.208 333.673 -135.878 235.59 331.816 -138.09 234.755 333.455 -138.09 231.816 335.59 -138.09 230 334.339 -139.01 230 336.235 -137.818 231.816 335.59 -138.09 231.403 332.753 -139.511 230.483 333.052 -139.511 231.816 335.59 -138.09 233.455 334.755 -138.09 231.403 332.753 -139.511 231.816 335.59 -138.09 230.483 333.052 -139.511 230 334.339 -139.01 235.721 335.721 -135.878 234.755 333.455 -138.09 233.455 334.755 -138.09 235.721 335.721 -135.878 237.208 333.673 -135.878 234.755 333.455 -138.09 239.045 332.939 -133.09 239.749 330 -132.225 239.01 330 -134.339 239.045 332.939 -133.09 239.01 334.339 -130 239.749 332.225 -130 239.045 332.939 -133.09 239.01 330 -134.339 237.991 331.266 -135.878 239.045 332.939 -133.09 237.991 331.266 -135.878 237.208 333.673 -135.878 239.045 332.939 -133.09 239.749 332.225 -130 239.749 330 -132.225 233.673 337.208 -135.878 233.455 334.755 -138.09 231.816 335.59 -138.09 233.673 337.208 -135.878 235.721 335.721 -135.878 233.455 334.755 -138.09 237.694 335.59 -133.09 237.818 336.235 -130 239.01 334.339 -130 237.694 335.59 -133.09 236.235 337.818 -130 237.818 336.235 -130 237.694 335.59 -133.09 239.01 334.339 -130 239.045 332.939 -133.09 237.694 335.59 -133.09 237.208 333.673 -135.878 235.721 335.721 -135.878 237.694 335.59 -133.09 239.045 332.939 -133.09 237.208 333.673 -135.878 231.266 337.991 -135.878 230 336.235 -137.818 230 337.818 -136.235 231.266 337.991 -135.878 230 337.818 -136.235 230 339.01 -134.339 231.266 337.991 -135.878 231.816 335.59 -138.09 230 336.235 -137.818 231.266 337.991 -135.878 233.673 337.208 -135.878 231.816 335.59 -138.09 235.59 337.694 -133.09 234.339 339.01 -130 236.235 337.818 -130 235.59 337.694 -133.09 236.235 337.818 -130 237.694 335.59 -133.09 235.59 337.694 -133.09 235.721 335.721 -135.878 233.673 337.208 -135.878 235.59 337.694 -133.09 237.694 335.59 -133.09 235.721 335.721 -135.878 232.939 339.045 -133.09 230 339.01 -134.339 230 339.749 -132.225 232.939 339.045 -133.09 232.225 339.749 -130 234.339 339.01 -130 232.939 339.045 -133.09 234.339 339.01 -130 235.59 337.694 -133.09 232.939 339.045 -133.09 230 339.749 -132.225 232.225 339.749 -130 232.939 339.045 -133.09 231.266 337.991 -135.878 230 339.01 -134.339 232.939 339.045 -133.09 233.673 337.208 -135.878 231.266 337.991 -135.878 232.939 339.045 -133.09 235.59 337.694 -133.09 233.673 337.208 -135.878 239.749 330 132.225 240 330 130 239.749 332.225 130 230 330 140 232.225 330 139.749 230 332.225 139.749 233.052 339.511 130.483 234.339 339.01 130 232.225 339.749 130 232.753 339.511 131.403 232.225 339.749 130 230 340 130 232.753 339.511 131.403 233.052 339.511 130.483 232.225 339.749 130 232.185 339.511 132.185 230 340 130 230 340 130 232.185 339.511 132.185 232.753 339.511 131.403 230 340 130 235.59 338.09 131.816 236.235 337.818 130 234.339 339.01 130 235.59 338.09 131.816 234.339 339.01 130 233.052 339.511 130.483 235.59 338.09 131.816 233.052 339.511 130.483 232.753 339.511 131.403 231.403 339.511 132.753 230 340 130 230 339.749 132.225 231.403 339.511 132.753 232.185 339.511 132.185 230 340 130 234.755 338.09 133.455 232.753 339.511 131.403 232.185 339.511 132.185 234.755 338.09 133.455 235.59 338.09 131.816 232.753 339.511 131.403 237.991 335.878 131.266 237.818 336.235 130 236.235 337.818 130 237.991 335.878 131.266 239.01 334.339 130 237.818 336.235 130 237.991 335.878 131.266 236.235 337.818 130 235.59 338.09 131.816 230.483 339.511 133.052 230 339.749 132.225 230 339.01 134.339 230.483 339.511 133.052 231.403 339.511 132.753 230 339.749 132.225 233.455 338.09 134.755 234.755 338.09 133.455 232.185 339.511 132.185 233.455 338.09 134.755 232.185 339.511 132.185 231.403 339.511 132.753 237.208 335.878 133.673 235.59 338.09 131.816 234.755 338.09 133.455 237.208 335.878 133.673 237.991 335.878 131.266 235.59 338.09 131.816 231.816 338.09 135.59 230 339.01 134.339 230 337.818 136.235 231.816 338.09 135.59 231.403 339.511 132.753 230.483 339.511 133.052 231.816 338.09 135.59 230.483 339.511 133.052 230 339.01 134.339 231.816 338.09 135.59 233.455 338.09 134.755 231.403 339.511 132.753 235.721 335.878 135.721 234.755 338.09 133.455 233.455 338.09 134.755 235.721 335.878 135.721 237.208 335.878 133.673 234.755 338.09 133.455 239.045 333.09 132.939 239.749 332.225 130 239.01 334.339 130 239.045 333.09 132.939 239.01 330 134.339 239.749 330 132.225 239.045 333.09 132.939 239.01 334.339 130 237.991 335.878 131.266 239.045 333.09 132.939 237.991 335.878 131.266 237.208 335.878 133.673 239.045 333.09 132.939 239.749 330 132.225 239.749 332.225 130 233.673 335.878 137.208 233.455 338.09 134.755 231.816 338.09 135.59 233.673 335.878 137.208 235.721 335.878 135.721 233.455 338.09 134.755 237.694 333.09 135.59 237.818 330 136.235 239.01 330 134.339 237.694 333.09 135.59 239.01 330 134.339 239.045 333.09 132.939 237.694 333.09 135.59 237.208 335.878 133.673 235.721 335.878 135.721 237.694 333.09 135.59 239.045 333.09 132.939 237.208 335.878 133.673 231.266 335.878 137.991 230 337.818 136.235 230 336.235 137.818 231.266 335.878 137.991 230 336.235 137.818 230 334.339 139.01 231.266 335.878 137.991 231.816 338.09 135.59 230 337.818 136.235 231.266 335.878 137.991 233.673 335.878 137.208 231.816 338.09 135.59 235.59 333.09 137.694 236.235 330 137.818 237.818 330 136.235 235.59 333.09 137.694 234.339 330 139.01 236.235 330 137.818 235.59 333.09 137.694 237.818 330 136.235 237.694 333.09 135.59 235.59 333.09 137.694 235.721 335.878 135.721 233.673 335.878 137.208 235.59 333.09 137.694 237.694 333.09 135.59 235.721 335.878 135.721 232.939 333.09 139.045 230 334.339 139.01 230 332.225 139.749 232.939 333.09 139.045 232.225 330 139.749 234.339 330 139.01 232.939 333.09 139.045 230 332.225 139.749 232.225 330 139.749 232.939 333.09 139.045 234.339 330 139.01 235.59 333.09 137.694 232.939 333.09 139.045 231.266 335.878 137.991 230 334.339 139.01 232.939 333.09 139.045 233.673 335.878 137.208 231.266 335.878 137.991 232.939 333.09 139.045 235.59 333.09 137.694 233.673 335.878 137.208 220 80 120 220 320 -120 220 80 -120 220 80 120 220 320 120 220 320 -120 " />
<Normal vector="-1 0 0 -1 0 0 -1 0 0 -1 0 0 -1 0 0 -1 0 0 -1 0 0 -1 0 0 -1 0 0 -1 0 0 -1 0 0 -1 0 0 -1 0 0 -1 0 0 -1 0 0 -1 0 0 -1 0 0 -1 0 0 -1 0 0 -1 0 0 -1 0 0 -1 0 0 -1 0 0 -1 0 0 -1 0 0 -1 0 0 -0.974928 -0.222521 0 -0.974928 -0.222521 0 -1 0 0 -0.974928 -0.222521 0 -0.900969 -0.433884 0 -0.974928 -0.222521 0 -0.900969 -0.433884 0 -0.900969 -0.433884 0 -0.974928 -0.222521 0 -0.974928 -0.222521 0 -0.781832 -0.62349 0 -0.900969 -0.433884 0 -0.781832 -0.62349 0 -0.781832 -0.62349 0 -0.781832 -0.62349 0 -0.62349 -0.781832 0 -0.781832 -0.62349 0 -0.900969 -0.433884 0 -0.900969 -0.433884 0 -0.62349 -0.781832 0 -0.781832 -0.62349 0 -0.62349 -0.781832 0 -0.433884 -0.900969 0 -0.62349 -0.781832 0 -0.433884 -0.900969 0 -0.433884 -0.900969 0 -0.62349 -0.781832 0 -0.62349 -0.781832 0 -0.222521 -0.974928 0 -0.433884 -0.900969 0 -0.222521 -0.974928 0 -0.222521 -0.974928 0 -0.433884 -0.900969 0 -0.433884 -0.900969 0 0 -1 0 -0.222521 -0.974928 0 0 -1 0 0 -1 0 -0.222521 -0.974928 0 -0.222521 -0.974928 0 -1 0 0 -0.974928 0 -0.222521 -1 0 0 -0.974928 0 -0.222521 -0.974928 0 -0.222521 -1 0 0 -0.900969 0 -0.433884 -0.900969 0 -0.433884 -0.974928 0 -0.222521 -0.900969 0 -0.433884 -0.974928 0 -0.222521 -0.974928 0 -0.222521 -0.781832 0 -0.62349 -0.62349 0 -0.781832 -0.781832 0 -0.62349 -0.781832 0 -0.62349 -0.781832 0 -0.62349 -0.900969 0 -0.433884 -0.781832 0 -0.62349 -0.900969 0 -0.433884 -0.900969 0 -0.433884 -0.62349 0 -0.781832 -0.62349 0 -0.781832 -0.781832 0 -0.62349 -0.433884 0 -0.900969 -0.433884 0 -0.900969 -0.62349 0 -0.781832 -0.433884 0 -0.900969 -0.62349 0 -0.781832 -0.62349 0 -0.781832 -0.222521 0 -0.974928 -0.222521 0 -0.974928 -0.433884 0 -0.900969 -0.222521 0 -0.974928 -0.433884 0 -0.900969 -0.433884 0 -0.900969 0 0 -1 0 0 -1 -0.222521 0 -0.974928 0 0 -1 -0.222521 0 -0.974928 -0.222521 0 -0.974928 -1 0 0 -1 0 0 -0.974928 0 0.222521 -0.974928 0 0.222521 -1 0 0 -0.974928 0 0.222521 -0.900969 0 0.433884 -0.974928 0 0.222521 -0.900969 0 0.433884 -0.900969 0 0.433884 -0.974928 0 0.222521 -0.974928 0 0.222521 -0.781832 0 0.62349 -0.781832 0 0.62349 -0.62349 0 0.781832 -0.781832 0 0.62349 -0.900969 0 0.433884 -0.781832 0 0.62349 -0.781832 0 0.62349 -0.900969 0 0.433884 -0.900969 0 0.433884 -0.62349 0 0.781832 -0.781832 0 0.62349 -0.62349 0 0.781832 -0.433884 0 0.900969 -0.62349 0 0.781832 -0.433884 0 0.900969 -0.433884 0 0.900969 -0.62349 0 0.781832 -0.62349 0 0.781832 -0.222521 0 0.974928 -0.433884 0 0.900969 -0.222521 0 0.974928 -0.222521 0 0.974928 -0.433884 0 0.900969 -0.433884 0 0.900969 0 0 1 -0.222521 0 0.974928 0 0 1 0 0 1 -0.222521 0 0.974928 -0.222521 0 0.974928 -1 0 0 -0.974928 0.222521 0 -1 0 0 -0.974928 0.222521 0 -0.974928 0.222521 0 -1 0 0 -0.900969 0.433884 0 -0.900969 0.433884 0 -0.974928 0.222521 0 -0.900969 0.433884 0 -0.974928 0.222521 0 -0.974928 0.222521 0 -0.781832 0.62349 0 -0.781832 0.62349 0 -0.900969 0.433884 0 -0.781832 0.62349 0 -0.62349 0.781832 0 -0.781832 0.62349 0 -0.781832 0.62349 0 -0.900969 0.433884 0 -0.900969 0.433884 0 -0.62349 0.781832 0 -0.62349 0.781832 0 -0.781832 0.62349 0 -0.433884 0.900969 0 -0.433884 0.900969 0 -0.62349 0.781832 0 -0.433884 0.900969 0 -0.62349 0.781832 0 -0.62349 0.781832 0 -0.222521 0.974928 0 -0.222521 0.974928 0 -0.433884 0.900969 0 -0.222521 0.974928 0 -0.433884 0.900969 0 -0.433884 0.900969 0 0 1 0 0 1 0 -0.222521 0.974928 0 0 1 0 -0.222521 0.974928 0 -0.222521 0.974928 0 0 0 1 0 0 1 0 0 1 0 0 1 0 0 1 0 0 1 0 -1 0 0 -1 0 0 -1 0 0 -1 0 0 -1 0 0 -1 0 0 0 -1 0 0 -1 0 0 -1 0 0 -1 0 0 -1 0 0 -1 0 1 0 0 1 0 0 1 0 0 1 0 0 1 0 0 1 0 -0.974928 -0.222521 0 -1 0 0 -0.974928 0 -0.222521 0 -1 0 -0.222521 -0.974928 0 0 -0.974928 -0.222521 -0.305212 -0.0483409 -0.951057 -0.433884 0 -0.900969 -0.222521 0 -0.974928 -0.275336 -0.140291 -0.951057 -0.222521 0 -0.974928 0 0 -1 -0.275336 -0.140291 -0.951057 -0.305212 -0.0483409 -0.951057 -0.222521 0 -0.974928 -0.218508 -0.218508 -0.951057 0 0 -1 0 0 -1 -0.218508 -0.218508 -0.951057 -0.275336 -0.140291 -0.951057 0 0 -1 -0.559017 -0.181636 -0.809017 -0.62349 0 -0.781832 -0.433884 0 -0.900969 -0.559017 -0.181636 -0.809017 -0.433884 0 -0.900969 -0.305212 -0.0483409 -0.951057 -0.559017 -0.181636 -0.809017 -0.305212 -0.0483409 -0.951057 -0.275336 -0.140291 -0.951057 -0.140291 -0.275336 -0.951057 0 0 -1 0 -0.222521 -0.974928 -0.140291 -0.275336 -0.951057 -0.218508 -0.218508 -0.951057 0 0 -1 -0.475528 -0.345491 -0.809017 -0.275336 -0.140291 -0.951057 -0.218508 -0.218508 -0.951057 -0.475528 -0.345491 -0.809017 -0.559017 -0.181636 -0.809017 -0.275336 -0.140291 -0.951057 -0.799057 -0.126558 -0.587785 -0.781832 0 -0.62349 -0.62349 0 -0.781832 -0.799057 -0.126558 -0.587785 -0.900969 0 -0.433884 -0.781832 0 -0.62349 -0.799057 -0.126558 -0.587785 -0.62349 0 -0.781832 -0.559017 -0.181636 -0.809017 -0.0483409 -0.305212 -0.951057 0 -0.222521 -0.974928 0 -0.433884 -0.900969 -0.0483409 -0.305212 -0.951057 -0.140291 -0.275336 -0.951057 0 -0.222521 -0.974928 -0.345491 -0.475528 -0.809017 -0.475528 -0.345491 -0.809017 -0.218508 -0.218508 -0.951057 -0.345491 -0.475528 -0.809017 -0.218508 -0.218508 -0.951057 -0.140291 -0.275336 -0.951057 -0.720839 -0.367286 -0.587785 -0.799057 -0.126558 -0.587785 -0.559017 -0.181636 -0.809017 -0.720839 -0.367286 -0.587785 -0.559017 -0.181636 -0.809017 -0.475528 -0.345491 -0.809017 -0.181636 -0.559017 -0.809017 0 -0.433884 -0.900969 0 -0.62349 -0.781832 -0.181636 -0.559017 -0.809017 -0.140291 -0.275336 -0.951057 -0.0483409 -0.305212 -0.951057 -0.181636 -0.559017 -0.809017 -0.0483409 -0.305212 -0.951057 0 -0.433884 -0.900969 -0.181636 -0.559017 -0.809017 -0.345491 -0.475528 -0.809017 -0.140291 -0.275336 -0.951057 -0.572061 -0.572061 -0.587785 -0.475528 -0.345491 -0.809017 -0.345491 -0.475528 -0.809017 -0.572061 -0.572061 -0.587785 -0.720839 -0.367286 -0.587785 -0.475528 -0.345491 -0.809017 -0.904508 -0.293893 -0.309017 -0.974928 0 -0.222521 -0.900969 0 -0.433884 -0.904508 -0.293893 -0.309017 -0.900969 -0.433884 0 -0.974928 -0.222521 0 -0.904508 -0.293893 -0.309017 -0.900969 0 -0.433884 -0.799057 -0.126558 -0.587785 -0.904508 -0.293893 -0.309017 -0.799057 -0.126558 -0.587785 -0.720839 -0.367286 -0.587785 -0.904508 -0.293893 -0.309017 -0.974928 -0.222521 0 -0.974928 0 -0.222521 -0.367286 -0.720839 -0.587785 -0.345491 -0.475528 -0.809017 -0.181636 -0.559017 -0.809017 -0.367286 -0.720839 -0.587785 -0.572061 -0.572061 -0.587785 -0.345491 -0.475528 -0.809017 -0.769421 -0.559017 -0.309017 -0.781832 -0.62349 0 -0.900969 -0.433884 0 -0.769421 -0.559017 -0.309017 -0.900969 -0.433884 0 -0.904508 -0.293893 -0.309017 -0.769421 -0.559017 -0.309017 -0.720839 -0.367286 -0.587785 -0.572061 -0.572061 -0.587785 -0.769421 -0.559017 -0.309017 -0.904508 -0.293893 -0.309017 -0.720839 -0.367286 -0.587785 -0.126558 -0.799057 -0.587785 0 -0.62349 -0.781832 0 -0.781832 -0.62349 -0.126558 -0.799057 -0.587785 0 -0.781832 -0.62349 0 -0.900969 -0.433884 -0.126558 -0.799057 -0.587785 -0.181636 -0.559017 -0.809017 0 -0.62349 -0.781832 -0.126558 -0.799057 -0.587785 -0.367286 -0.720839 -0.587785 -0.181636 -0.559017 -0.809017 -0.559017 -0.769421 -0.309017 -0.62349 -0.781832 0 -0.781832 -0.62349 0 -0.559017 -0.769421 -0.309017 -0.433884 -0.900969 0 -0.62349 -0.781832 0 -0.559017 -0.769421 -0.309017 -0.781832 -0.62349 0 -0.769421 -0.559017 -0.309017 -0.559017 -0.769421 -0.309017 -0.572061 -0.572061 -0.587785 -0.367286 -0.720839 -0.587785 -0.559017 -0.769421 -0.309017 -0.769421 -0.559017 -0.309017 -0.572061 -0.572061 -0.587785 -0.293893 -0.904508 -0.309017 0 -0.900969 -0.433884 0 -0.974928 -0.222521 -0.293893 -0.904508 -0.309017 -0.222521 -0.974928 0 -0.433884 -0.900969 0 -0.293893 -0.904508 -0.309017 0 -0.974928 -0.222521 -0.222521 -0.974928 0 -0.293893 -0.904508 -0.309017 -0.433884 -0.900969 0 -0.559017 -0.769421 -0.309017 -0.293893 -0.904508 -0.309017 -0.126558 -0.799057 -0.587785 0 -0.900969 -0.433884 -0.293893 -0.904508 -0.309017 -0.367286 -0.720839 -0.587785 -0.126558 -0.799057 -0.587785 -0.293893 -0.904508 -0.309017 -0.559017 -0.769421 -0.309017 -0.367286 -0.720839 -0.587785 -0.974928 -0.222521 0 -0.974928 0 0.222521 -1 0 0 0 -1 0 0 -0.974928 0.222521 -0.222521 -0.974928 0 -0.305212 -0.0483409 0.951057 -0.222521 0 0.974928 -0.433884 0 0.900969 -0.275336 -0.140291 0.951057 0 0 1 -0.222521 0 0.974928 -0.275336 -0.140291 0.951057 -0.222521 0 0.974928 -0.305212 -0.0483409 0.951057 -0.218508 -0.218508 0.951057 0 0 1 0 0 1 -0.218508 -0.218508 0.951057 0 0 1 -0.275336 -0.140291 0.951057 -0.559017 -0.181636 0.809017 -0.433884 0 0.900969 -0.62349 0 0.781832 -0.559017 -0.181636 0.809017 -0.305212 -0.0483409 0.951057 -0.433884 0 0.900969 -0.559017 -0.181636 0.809017 -0.275336 -0.140291 0.951057 -0.305212 -0.0483409 0.951057 -0.140291 -0.275336 0.951057 0 -0.222521 0.974928 0 0 1 -0.140291 -0.275336 0.951057 0 0 1 -0.218508 -0.218508 0.951057 -0.475528 -0.345491 0.809017 -0.218508 -0.218508 0.951057 -0.275336 -0.140291 0.951057 -0.475528 -0.345491 0.809017 -0.275336 -0.140291 0.951057 -0.559017 -0.181636 0.809017 -0.799057 -0.126558 0.587785 -0.62349 0 0.781832 -0.781832 0 0.62349 -0.799057 -0.126558 0.587785 -0.781832 0 0.62349 -0.900969 0 0.433884 -0.799057 -0.126558 0.587785 -0.559017 -0.181636 0.809017 -0.62349 0 0.781832 -0.0483409 -0.305212 0.951057 0 -0.433884 0.900969 0 -0.222521 0.974928 -0.0483409 -0.305212 0.951057 0 -0.222521 0.974928 -0.140291 -0.275336 0.951057 -0.345491 -0.475528 0.809017 -0.218508 -0.218508 0.951057 -0.475528 -0.345491 0.809017 -0.345491 -0.475528 0.809017 -0.140291 -0.275336 0.951057 -0.218508 -0.218508 0.951057 -0.720839 -0.367286 0.587785 -0.559017 -0.181636 0.809017 -0.799057 -0.126558 0.587785 -0.720839 -0.367286 0.587785 -0.475528 -0.345491 0.809017 -0.559017 -0.181636 0.809017 -0.181636 -0.559017 0.809017 0 -0.62349 0.781832 0 -0.433884 0.900969 -0.181636 -0.559017 0.809017 -0.0483409 -0.305212 0.951057 -0.140291 -0.275336 0.951057 -0.181636 -0.559017 0.809017 0 -0.433884 0.900969 -0.0483409 -0.305212 0.951057 -0.181636 -0.559017 0.809017 -0.140291 -0.275336 0.951057 -0.345491 -0.475528 0.809017 -0.572061 -0.572061 0.587785 -0.345491 -0.475528 0.809017 -0.475528 -0.345491 0.809017 -0.572061 -0.572061 0.587785 -0.475528 -0.345491 0.809017 -0.720839 -0.367286 0.587785 -0.904508 -0.293893 0.309017 -0.900969 0 0.433884 -0.974928 0 0.222521 -0.904508 -0.293893 0.309017 -0.974928 -0.222521 0 -0.900969 -0.433884 0 -0.904508 -0.293893 0.309017 -0.799057 -0.126558 0.587785 -0.900969 0 0.433884 -0.904508 -0.293893 0.309017 -0.720839 -0.367286 0.587785 -0.799057 -0.126558 0.587785 -0.904508 -0.293893 0.309017 -0.974928 0 0.222521 -0.974928 -0.222521 0 -0.367286 -0.720839 0.587785 -0.181636 -0.559017 0.809017 -0.345491 -0.475528 0.809017 -0.367286 -0.720839 0.587785 -0.345491 -0.475528 0.809017 -0.572061 -0.572061 0.587785 -0.769421 -0.559017 0.309017 -0.900969 -0.433884 0 -0.781832 -0.62349 0 -0.769421 -0.559017 0.309017 -0.904508 -0.293893 0.309017 -0.900969 -0.433884 0 -0.769421 -0.559017 0.309017 -0.572061 -0.572061 0.587785 -0.720839 -0.367286 0.587785 -0.769421 -0.559017 0.309017 -0.720839 -0.367286 0.587785 -0.904508 -0.293893 0.309017 -0.126558 -0.799057 0.587785 0 -0.781832 0.62349 0 -0.62349 0.781832 -0.126558 -0.799057 0.587785 0 -0.900969 0.433884 0 -0.781832 0.62349 -0.126558 -0.799057 0.587785 0 -0.62349 0.781832 -0.181636 -0.559017 0.809017 -0.126558 -0.799057 0.587785 -0.181636 -0.559017 0.809017 -0.367286 -0.720839 0.587785 -0.559017 -0.769421 0.309017 -0.781832 -0.62349 0 -0.62349 -0.781832 0 -0.559017 -0.769421 0.309017 -0.62349 -0.781832 0 -0.433884 -0.900969 0 -0.559017 -0.769421 0.309017 -0.769421 -0.559017 0.309017 -0.781832 -0.62349 0 -0.559017 -0.769421 0.309017 -0.367286 -0.720839 0.587785 -0.572061 -0.572061 0.587785 -0.559017 -0.769421 0.309017 -0.572061 -0.572061 0.587785 -0.769421 -0.559017 0.309017 -0.293893 -0.904508 0.309017 0 -0.974928 0.222521 0 -0.900969 0.433884 -0.293893 -0.904508 0.309017 -0.433884 -0.900969 0 -0.222521 -0.974928 0 -0.293893 -0.904508 0.309017 -0.222521 -0.974928 0 0 -0.974928 0.222521 -0.293893 -0.904508 0.309017 -0.559017 -0.769421 0.309017 -0.433884 -0.900969 0 -0.293893 -0.904508 0.309017 0 -0.900969 0.433884 -0.126558 -0.799057 0.587785 -0.293893 -0.904508 0.309017 -0.126558 -0.799057 0.587785 -0.367286 -0.720839 0.587785 -0.293893 -0.904508 0.309017 -0.367286 -0.720839 0.587785 -0.559017 -0.769421 0.309017 0 -1 0 0 -1 0 0 -1 0 0 -1 0 0 -1 0 0 -1 0 0 0 -1 0 0 -1 0 0 -1 0 0 -1 0 0 -1 0 0 -1 -0.974928 0.222521 0 -0.974928 0 -0.222521 -1 0 0 0 1 0 0 0.974928 -0.222521 -0.222521 0.974928 0 -0.305212 0.0483409 -0.951057 -0.222521 0 -0.974928 -0.433884 0 -0.900969 -0.275336 0.140291 -0.951057 0 0 -1 -0.222521 0 -0.974928 -0.275336 0.140291 -0.951057 -0.222521 0 -0.974928 -0.305212 0.0483409 -0.951057 -0.218508 0.218508 -0.951057 0 0 -1 0 0 -1 -0.218508 0.218508 -0.951057 0 0 -1 -0.275336 0.140291 -0.951057 -0.559017 0.181636 -0.809017 -0.433884 0 -0.900969 -0.62349 0 -0.781832 -0.559017 0.181636 -0.809017 -0.305212 0.0483409 -0.951057 -0.433884 0 -0.900969 -0.559017 0.181636 -0.809017 -0.275336 0.140291 -0.951057 -0.305212 0.0483409 -0.951057 -0.140291 0.275336 -0.951057 0 0.222521 -0.974928 0 0 -1 -0.140291 0.275336 -0.951057 0 0 -1 -0.218508 0.218508 -0.951057 -0.475528 0.345491 -0.809017 -0.218508 0.218508 -0.951057 -0.275336 0.140291 -0.951057 -0.475528 0.345491 -0.809017 -0.275336 0.140291 -0.951057 -0.559017 0.181636 -0.809017 -0.799057 0.126558 -0.587785 -0.62349 0 -0.781832 -0.781832 0 -0.62349 -0.799057 0.126558 -0.587785 -0.781832 0 -0.62349 -0.900969 0 -0.433884 -0.799057 0.126558 -0.587785 -0.559017 0.181636 -0.809017 -0.62349 0 -0.781832 -0.0483409 0.305212 -0.951057 0 0.433884 -0.900969 0 0.222521 -0.974928 -0.0483409 0.305212 -0.951057 0 0.222521 -0.974928 -0.140291 0.275336 -0.951057 -0.345491 0.475528 -0.809017 -0.218508 0.218508 -0.951057 -0.475528 0.345491 -0.809017 -0.345491 0.475528 -0.809017 -0.140291 0.275336 -0.951057 -0.218508 0.218508 -0.951057 -0.720839 0.367286 -0.587785 -0.559017 0.181636 -0.809017 -0.799057 0.126558 -0.587785 -0.720839 0.367286 -0.587785 -0.475528 0.345491 -0.809017 -0.559017 0.181636 -0.809017 -0.181636 0.559017 -0.809017 0 0.62349 -0.781832 0 0.433884 -0.900969 -0.181636 0.559017 -0.809017 -0.0483409 0.305212 -0.951057 -0.140291 0.275336 -0.951057 -0.181636 0.559017 -0.809017 -0.140291 0.275336 -0.951057 -0.345491 0.475528 -0.809017 -0.181636 0.559017 -0.809017 0 0.433884 -0.900969 -0.0483409 0.305212 -0.951057 -0.572061 0.572061 -0.587785 -0.345491 0.475528 -0.809017 -0.475528 0.345491 -0.809017 -0.572061 0.572061 -0.587785 -0.475528 0.345491 -0.809017 -0.720839 0.367286 -0.587785 -0.904508 0.293893 -0.309017 -0.900969 0 -0.433884 -0.974928 0 -0.222521 -0.904508 0.293893 -0.309017 -0.974928 0.222521 0 -0.900969 0.433884 0 -0.904508 0.293893 -0.309017 -0.799057 0.126558 -0.587785 -0.900969 0 -0.433884 -0.904508 0.293893 -0.309017 -0.720839 0.367286 -0.587785 -0.799057 0.126558 -0.587785 -0.904508 0.293893 -0.309017 -0.974928 0 -0.222521 -0.974928 0.222521 0 -0.367286 0.720839 -0.587785 -0.181636 0.559017 -0.809017 -0.345491 0.475528 -0.809017 -0.367286 0.720839 -0.587785 -0.345491 0.475528 -0.809017 -0.572061 0.572061 -0.587785 -0.769421 0.559017 -0.309017 -0.900969 0.433884 0 -0.781832 0.62349 0 -0.769421 0.559017 -0.309017 -0.781832 0.62349 0 -0.62349 0.781832 0 -0.769421 0.559017 -0.309017 -0.904508 0.293893 -0.309017 -0.900969 0.433884 0 -0.769421 0.559017 -0.309017 -0.572061 0.572061 -0.587785 -0.720839 0.367286 -0.587785 -0.769421 0.559017 -0.309017 -0.720839 0.367286 -0.587785 -0.904508 0.293893 -0.309017 -0.126558 0.799057 -0.587785 0 0.781832 -0.62349 0 0.62349 -0.781832 -0.126558 0.799057 -0.587785 0 0.900969 -0.433884 0 0.781832 -0.62349 -0.126558 0.799057 -0.587785 0 0.62349 -0.781832 -0.181636 0.559017 -0.809017 -0.126558 0.799057 -0.587785 -0.181636 0.559017 -0.809017 -0.367286 0.720839 -0.587785 -0.559017 0.769421 -0.309017 -0.62349 0.781832 0 -0.433884 0.900969 0 -0.559017 0.769421 -0.309017 -0.769421 0.559017 -0.309017 -0.62349 0.781832 0 -0.559017 0.769421 -0.309017 -0.367286 0.720839 -0.587785 -0.572061 0.572061 -0.587785 -0.559017 0.769421 -0.309017 -0.572061 0.572061 -0.587785 -0.769421 0.559017 -0.309017 -0.293893 0.904508 -0.309017 0 0.974928 -0.222521 0 0.900969 -0.433884 -0.293893 0.904508 -0.309017 -0.433884 0.900969 0 -0.222521 0.974928 0 -0.293893 0.904508 -0.309017 -0.559017 0.769421 -0.309017 -0.433884 0.900969 0 -0.293893 0.904508 -0.309017 -0.222521 0.974928 0 0 0.974928 -0.222521 -0.293893 0.904508 -0.309017 0 0.900969 -0.433884 -0.126558 0.799057 -0.587785 -0.293893 0.904508 -0.309017 -0.126558 0.799057 -0.587785 -0.367286 0.720839 -0.587785 -0.293893 0.904508 -0.309017 -0.367286 0.720839 -0.587785 -0.559017 0.769421 -0.309017 0 0 1 0 0 1 0 0 1 0 0 1 0 0 1 0 0 1 -0.974928 0 0.222521 -0.974928 0.222521 0 -1 0 0 0 0 1 0 0.222521 0.974928 -0.222521 0 0.974928 -0.305212 0.951057 0.0483409 -0.222521 0.974928 0 -0.433884 0.900969 0 -0.275336 0.951057 0.140291 0 1 0 -0.222521 0.974928 0 -0.275336 0.951057 0.140291 -0.222521 0.974928 0 -0.305212 0.951057 0.0483409 -0.218508 0.951057 0.218508 0 1 0 0 1 0 -0.218508 0.951057 0.218508 0 1 0 -0.275336 0.951057 0.140291 -0.559017 0.809017 0.181636 -0.433884 0.900969 0 -0.62349 0.781832 0 -0.559017 0.809017 0.181636 -0.305212 0.951057 0.0483409 -0.433884 0.900969 0 -0.559017 0.809017 0.181636 -0.275336 0.951057 0.140291 -0.305212 0.951057 0.0483409 -0.140291 0.951057 0.275336 0 0.974928 0.222521 0 1 0 -0.140291 0.951057 0.275336 0 1 0 -0.218508 0.951057 0.218508 -0.475528 0.809017 0.345491 -0.218508 0.951057 0.218508 -0.275336 0.951057 0.140291 -0.475528 0.809017 0.345491 -0.275336 0.951057 0.140291 -0.559017 0.809017 0.181636 -0.799057 0.587785 0.126558 -0.62349 0.781832 0 -0.781832 0.62349 0 -0.799057 0.587785 0.126558 -0.781832 0.62349 0 -0.900969 0.433884 0 -0.799057 0.587785 0.126558 -0.559017 0.809017 0.181636 -0.62349 0.781832 0 -0.0483409 0.951057 0.305212 0 0.900969 0.433884 0 0.974928 0.222521 -0.0483409 0.951057 0.305212 0 0.974928 0.222521 -0.140291 0.951057 0.275336 -0.345491 0.809017 0.475528 -0.218508 0.951057 0.218508 -0.475528 0.809017 0.345491 -0.345491 0.809017 0.475528 -0.140291 0.951057 0.275336 -0.218508 0.951057 0.218508 -0.720839 0.587785 0.367286 -0.475528 0.809017 0.345491 -0.559017 0.809017 0.181636 -0.720839 0.587785 0.367286 -0.559017 0.809017 0.181636 -0.799057 0.587785 0.126558 -0.181636 0.809017 0.559017 0 0.781832 0.62349 0 0.900969 0.433884 -0.181636 0.809017 0.559017 -0.0483409 0.951057 0.305212 -0.140291 0.951057 0.275336 -0.181636 0.809017 0.559017 0 0.900969 0.433884 -0.0483409 0.951057 0.305212 -0.181636 0.809017 0.559017 -0.140291 0.951057 0.275336 -0.345491 0.809017 0.475528 -0.572061 0.587785 0.572061 -0.345491 0.809017 0.475528 -0.475528 0.809017 0.345491 -0.572061 0.587785 0.572061 -0.475528 0.809017 0.345491 -0.720839 0.587785 0.367286 -0.904508 0.309017 0.293893 -0.900969 0.433884 0 -0.974928 0.222521 0 -0.904508 0.309017 0.293893 -0.974928 0 0.222521 -0.900969 0 0.433884 -0.904508 0.309017 0.293893 -0.799057 0.587785 0.126558 -0.900969 0.433884 0 -0.904508 0.309017 0.293893 -0.720839 0.587785 0.367286 -0.799057 0.587785 0.126558 -0.904508 0.309017 0.293893 -0.974928 0.222521 0 -0.974928 0 0.222521 -0.367286 0.587785 0.720839 -0.181636 0.809017 0.559017 -0.345491 0.809017 0.475528 -0.367286 0.587785 0.720839 -0.345491 0.809017 0.475528 -0.572061 0.587785 0.572061 -0.769421 0.309017 0.559017 -0.900969 0 0.433884 -0.781832 0 0.62349 -0.769421 0.309017 0.559017 -0.904508 0.309017 0.293893 -0.900969 0 0.433884 -0.769421 0.309017 0.559017 -0.572061 0.587785 0.572061 -0.720839 0.587785 0.367286 -0.769421 0.309017 0.559017 -0.720839 0.587785 0.367286 -0.904508 0.309017 0.293893 -0.126558 0.587785 0.799057 0 0.62349 0.781832 0 0.781832 0.62349 -0.126558 0.587785 0.799057 0 0.433884 0.900969 0 0.62349 0.781832 -0.126558 0.587785 0.799057 0 0.781832 0.62349 -0.181636 0.809017 0.559017 -0.126558 0.587785 0.799057 -0.181636 0.809017 0.559017 -0.367286 0.587785 0.720839 -0.559017 0.309017 0.769421 -0.781832 0 0.62349 -0.62349 0 0.781832 -0.559017 0.309017 0.769421 -0.62349 0 0.781832 -0.433884 0 0.900969 -0.559017 0.309017 0.769421 -0.769421 0.309017 0.559017 -0.781832 0 0.62349 -0.559017 0.309017 0.769421 -0.367286 0.587785 0.720839 -0.572061 0.587785 0.572061 -0.559017 0.309017 0.769421 -0.572061 0.587785 0.572061 -0.769421 0.309017 0.559017 -0.293893 0.309017 0.904508 0 0.222521 0.974928 0 0.433884 0.900969 -0.293893 0.309017 0.904508 -0.433884 0 0.900969 -0.222521 0 0.974928 -0.293893 0.309017 0.904508 -0.222521 0 0.974928 0 0.222521 0.974928 -0.293893 0.309017 0.904508 -0.559017 0.309017 0.769421 -0.433884 0 0.900969 -0.293893 0.309017 0.904508 0 0.433884 0.900969 -0.126558 0.587785 0.799057 -0.293893 0.309017 0.904508 -0.126558 0.587785 0.799057 -0.367286 0.587785 0.720839 -0.293893 0.309017 0.904508 -0.367286 0.587785 0.720839 -0.559017 0.309017 0.769421 0 1 0 0 1 0 0 1 0 0 1 0 0 1 0 0 1 0 1 0 0 1 0 0 1 0 0 1 0 0 1 0 0 1 0 0 1 0 0 1 0 0 1 0 0 1 0 0 1 0 0 1 0 0 1 0 0 1 0 0 1 0 0 1 0 0 1 0 0 1 0 0 1 0 0 1 0 0 1 0 0 1 0 0 1 0 0 1 0 0 0 -0.974928 -0.222521 0 -1 0 0 -0.974928 -0.222521 0 -0.974928 -0.222521 0 -1 0 0 -1 0 0 -0.900969 -0.433884 0 -0.900969 -0.433884 0 -0.781832 -0.62349 0 -0.900969 -0.433884 0 -0.974928 -0.222521 0 -0.900969 -0.433884 0 -0.900969 -0.433884 0 -0.974928 -0.222521 0 -0.974928 -0.222521 0 -0.781832 -0.62349 0 -0.900969 -0.433884 0 -0.781832 -0.62349 0 -0.62349 -0.781832 0 -0.781832 -0.62349 0 -0.62349 -0.781832 0 -0.62349 -0.781832 0 -0.781832 -0.62349 0 -0.781832 -0.62349 0 -0.433884 -0.900969 0 -0.433884 -0.900969 0 -0.222521 -0.974928 0 -0.433884 -0.900969 0 -0.62349 -0.781832 0 -0.433884 -0.900969 0 -0.433884 -0.900969 0 -0.62349 -0.781832 0 -0.62349 -0.781832 0 -0.222521 -0.974928 0 -0.433884 -0.900969 0 -0.222521 -0.974928 0 0 -1 0 -0.222521 -0.974928 0 0 -1 0 0 -1 0 -0.222521 -0.974928 0 -0.222521 -0.974928 0 -0.974928 0.222521 0 -0.974928 0.222521 0 -1 0 0 -0.974928 0.222521 0 -1 0 0 -1 0 0 -0.900969 0.433884 0 -0.781832 0.62349 0 -0.900969 0.433884 0 -0.900969 0.433884 0 -0.900969 0.433884 0 -0.974928 0.222521 0 -0.900969 0.433884 0 -0.974928 0.222521 0 -0.974928 0.222521 0 -0.781832 0.62349 0 -0.781832 0.62349 0 -0.900969 0.433884 0 -0.62349 0.781832 0 -0.62349 0.781832 0 -0.781832 0.62349 0 -0.62349 0.781832 0 -0.781832 0.62349 0 -0.781832 0.62349 0 -0.433884 0.900969 0 -0.222521 0.974928 0 -0.433884 0.900969 0 -0.433884 0.900969 0 -0.433884 0.900969 0 -0.62349 0.781832 0 -0.433884 0.900969 0 -0.62349 0.781832 0 -0.62349 0.781832 0 -0.222521 0.974928 0 -0.222521 0.974928 0 -0.433884 0.900969 0 0 1 0 0 1 0 -0.222521 0.974928 0 0 1 0 -0.222521 0.974928 0 -0.222521 0.974928 1 0 0 0.974928 -0.222521 0 1 0 0 0.974928 -0.222521 0 0.974928 -0.222521 0 1 0 0 0.900969 -0.433884 0 0.900969 -0.433884 0 0.974928 -0.222521 0 0.900969 -0.433884 0 0.974928 -0.222521 0 0.974928 -0.222521 0 0.781832 -0.62349 0 0.781832 -0.62349 0 0.900969 -0.433884 0 0.781832 -0.62349 0 0.62349 -0.781832 0 0.781832 -0.62349 0 0.781832 -0.62349 0 0.900969 -0.433884 0 0.900969 -0.433884 0 0.62349 -0.781832 0 0.62349 -0.781832 0 0.781832 -0.62349 0 0.433884 -0.900969 0 0.433884 -0.900969 0 0.62349 -0.781832 0 0.433884 -0.900969 0 0.62349 -0.781832 0 0.62349 -0.781832 0 0.222521 -0.974928 0 0.222521 -0.974928 0 0.433884 -0.900969 0 0.222521 -0.974928 0 0.433884 -0.900969 0 0.433884 -0.900969 0 0 -1 0 0 -1 0 0.222521 -0.974928 0 0 -1 0 0.222521 -0.974928 0 0.222521 -0.974928 0 0 0.974928 -0.222521 0 0.974928 -0.222521 0 1 0 0 0.974928 -0.222521 0 1 0 0 1 0 0 0.900969 -0.433884 0 0.781832 -0.62349 0 0.900969 -0.433884 0 0.900969 -0.433884 0 0.900969 -0.433884 0 0.974928 -0.222521 0 0.900969 -0.433884 0 0.974928 -0.222521 0 0.974928 -0.222521 0 0.781832 -0.62349 0 0.781832 -0.62349 0 0.900969 -0.433884 0 0.62349 -0.781832 0 0.62349 -0.781832 0 0.781832 -0.62349 0 0.62349 -0.781832 0 0.781832 -0.62349 0 0.781832 -0.62349 0 0.433884 -0.900969 0 0.222521 -0.974928 0 0.433884 -0.900969 0 0.433884 -0.900969 0 0.433884 -0.900969 0 0.62349 -0.781832 0 0.433884 -0.900969 0 0.62349 -0.781832 0 0.62349 -0.781832 0 0.222521 -0.974928 0 0.222521 -0.974928 0 0.433884 -0.900969 0 0 -1 0 0 -1 0 0.222521 -0.974928 0 0 -1 0 0.222521 -0.974928 0 0.222521 -0.974928 1 0 0 1 0 0 0.974928 0 -0.222521 0.974928 0 -0.222521 1 0 0 0.974928 0 -0.222521 0.900969 0 -0.433884 0.974928 0 -0.222521 0.900969 0 -0.433884 0.900969 0 -0.433884 0.974928 0 -0.222521 0.974928 0 -0.222521 0.781832 0 -0.62349 0.781832 0 -0.62349 0.62349 0 -0.781832 0.781832 0 -0.62349 0.900969 0 -0.433884 0.781832 0 -0.62349 0.781832 0 -0.62349 0.900969 0 -0.433884 0.900969 0 -0.433884 0.62349 0 -0.781832 0.781832 0 -0.62349 0.62349 0 -0.781832 0.433884 0 -0.900969 0.62349 0 -0.781832 0.433884 0 -0.900969 0.433884 0 -0.900969 0.62349 0 -0.781832 0.62349 0 -0.781832 0.222521 0 -0.974928 0.433884 0 -0.900969 0.222521 0 -0.974928 0.222521 0 -0.974928 0.433884 0 -0.900969 0.433884 0 -0.900969 0 0 -1 0.222521 0 -0.974928 0 0 -1 0 0 -1 0.222521 0 -0.974928 0.222521 0 -0.974928 0 0.974928 0.222521 0 1 0 0 0.974928 0.222521 0 0.974928 0.222521 0 1 0 0 1 0 0 0.900969 0.433884 0 0.974928 0.222521 0 0.900969 0.433884 0 0.900969 0.433884 0 0.900969 0.433884 0 0.781832 0.62349 0 0.900969 0.433884 0 0.974928 0.222521 0 0.974928 0.222521 0 0.781832 0.62349 0 0.900969 0.433884 0 0.781832 0.62349 0 0.62349 0.781832 0 0.781832 0.62349 0 0.62349 0.781832 0 0.62349 0.781832 0 0.781832 0.62349 0 0.781832 0.62349 0 0.433884 0.900969 0 0.62349 0.781832 0 0.433884 0.900969 0 0.433884 0.900969 0 0.433884 0.900969 0 0.222521 0.974928 0 0.433884 0.900969 0 0.62349 0.781832 0 0.62349 0.781832 0 0.222521 0.974928 0 0.433884 0.900969 0 0.222521 0.974928 0 0 1 0 0.222521 0.974928 0 0 1 0 0 1 0 0.222521 0.974928 0 0.222521 0.974928 1 0 0 0.974928 0 0.222521 1 0 0 0.974928 0 0.222521 0.974928 0 0.222521 1 0 0 0.900969 0 0.433884 0.900969 0 0.433884 0.974928 0 0.222521 0.900969 0 0.433884 0.974928 0 0.222521 0.974928 0 0.222521 0.781832 0 0.62349 0.62349 0 0.781832 0.781832 0 0.62349 0.781832 0 0.62349 0.781832 0 0.62349 0.900969 0 0.433884 0.781832 0 0.62349 0.900969 0 0.433884 0.900969 0 0.433884 0.62349 0 0.781832 0.62349 0 0.781832 0.781832 0 0.62349 0.433884 0 0.900969 0.433884 0 0.900969 0.62349 0 0.781832 0.433884 0 0.900969 0.62349 0 0.781832 0.62349 0 0.781832 0.222521 0 0.974928 0.222521 0 0.974928 0.433884 0 0.900969 0.222521 0 0.974928 0.433884 0 0.900969 0.433884 0 0.900969 0 0 1 0 0 1 0.222521 0 0.974928 0 0 1 0.222521 0 0.974928 0.222521 0 0.974928 1 0 0 1 0 0 0.974928 0.222521 0 0.974928 0.222521 0 1 0 0 0.974928 0.222521 0 0.900969 0.433884 0 0.974928 0.222521 0 0.900969 0.433884 0 0.900969 0.433884 0 0.974928 0.222521 0 0.974928 0.222521 0 0.781832 0.62349 0 0.900969 0.433884 0 0.781832 0.62349 0 0.781832 0.62349 0 0.781832 0.62349 0 0.62349 0.781832 0 0.781832 0.62349 0 0.900969 0.433884 0 0.900969 0.433884 0 0.62349 0.781832 0 0.781832 0.62349 0 0.62349 0.781832 0 0.433884 0.900969 0 0.62349 0.781832 0 0.433884 0.900969 0 0.433884 0.900969 0 0.62349 0.781832 0 0.62349 0.781832 0 0.222521 0.974928 0 0.433884 0.900969 0 0.222521 0.974928 0 0.222521 0.974928 0 0.433884 0.900969 0 0.433884 0.900969 0 0 1 0 0.222521 0.974928 0 0 1 0 0 1 0 0.222521 0.974928 0 0.222521 0.974928 0 0 1 0 0 1 0 0 1 0 0 1 0 0 1 0 0 1 0 0 0 -1 0 0 -1 0 0 -1 0 0 -1 0 0 -1 0 0 -1 0 0 1 0 0 1 0 0 1 0 0 1 0 0 1 0 0 1 0 -1 0 0 -1 0 0 -1 0 0 -1 0 0 -1 0 0 -1 0 0.974928 -0.222521 0 0.974928 0 -0.222521 1 0 0 0 -1 0 0 -0.974928 -0.222521 0.222521 -0.974928 0 0.305212 -0.0483409 -0.951057 0.222521 0 -0.974928 0.433884 0 -0.900969 0.275336 -0.140291 -0.951057 0 0 -1 0.222521 0 -0.974928 0.275336 -0.140291 -0.951057 0.222521 0 -0.974928 0.305212 -0.0483409 -0.951057 0.218508 -0.218508 -0.951057 0 0 -1 0 0 -1 0.218508 -0.218508 -0.951057 0 0 -1 0.275336 -0.140291 -0.951057 0.559017 -0.181636 -0.809017 0.433884 0 -0.900969 0.62349 0 -0.781832 0.559017 -0.181636 -0.809017 0.305212 -0.0483409 -0.951057 0.433884 0 -0.900969 0.559017 -0.181636 -0.809017 0.275336 -0.140291 -0.951057 0.305212 -0.0483409 -0.951057 0.140291 -0.275336 -0.951057 0 -0.222521 -0.974928 0 0 -1 0.140291 -0.275336 -0.951057 0 0 -1 0.218508 -0.218508 -0.951057 0.475528 -0.345491 -0.809017 0.218508 -0.218508 -0.951057 0.275336 -0.140291 -0.951057 0.475528 -0.345491 -0.809017 0.275336 -0.140291 -0.951057 0.559017 -0.181636 -0.809017 0.799057 -0.126558 -0.587785 0.62349 0 -0.781832 0.781832 0 -0.62349 0.799057 -0.126558 -0.587785 0.781832 0 -0.62349 0.900969 0 -0.433884 0.799057 -0.126558 -0.587785 0.559017 -0.181636 -0.809017 0.62349 0 -0.781832 0.0483409 -0.305212 -0.951057 0 -0.433884 -0.900969 0 -0.222521 -0.974928 0.0483409 -0.305212 -0.951057 0 -0.222521 -0.974928 0.140291 -0.275336 -0.951057 0.345491 -0.475528 -0.809017 0.218508 -0.218508 -0.951057 0.475528 -0.345491 -0.809017 0.345491 -0.475528 -0.809017 0.140291 -0.275336 -0.951057 0.218508 -0.218508 -0.951057 0.720839 -0.367286 -0.587785 0.559017 -0.181636 -0.809017 0.799057 -0.126558 -0.587785 0.720839 -0.367286 -0.587785 0.475528 -0.345491 -0.809017 0.559017 -0.181636 -0.809017 0.181636 -0.559017 -0.809017 0 -0.62349 -0.781832 0 -0.433884 -0.900969 0.181636 -0.559017 -0.809017 0.0483409 -0.305212 -0.951057 0.140291 -0.275336 -0.951057 0.181636 -0.559017 -0.809017 0 -0.433884 -0.900969 0.0483409 -0.305212 -0.951057 0.181636 -0.559017 -0.809017 0.140291 -0.275336 -0.951057 0.345491 -0.475528 -0.809017 0.572061 -0.572061 -0.587785 0.345491 -0.475528 -0.809017 0.475528 -0.345491 -0.809017 0.572061 -0.572061 -0.587785 0.475528 -0.345491 -0.809017 0.720839 -0.367286 -0.587785 0.904508 -0.293893 -0.309017 0.900969 0 -0.433884 0.974928 0 -0.222521 0.904508 -0.293893 -0.309017 0.974928 -0.222521 0 0.900969 -0.433884 0 0.904508 -0.293893 -0.309017 0.799057 -0.126558 -0.587785 0.900969 0 -0.433884 0.904508 -0.293893 -0.309017 0.720839 -0.367286 -0.587785 0.799057 -0.126558 -0.587785 0.904508 -0.293893 -0.309017 0.974928 0 -0.222521 0.974928 -0.222521 0 0.367286 -0.720839 -0.587785 0.181636 -0.559017 -0.809017 0.345491 -0.475528 -0.809017 0.367286 -0.720839 -0.587785 0.345491 -0.475528 -0.809017 0.572061 -0.572061 -0.587785 0.769421 -0.559017 -0.309017 0.900969 -0.433884 0 0.781832 -0.62349 0 0.769421 -0.559017 -0.309017 0.904508 -0.293893 -0.309017 0.900969 -0.433884 0 0.769421 -0.559017 -0.309017 0.572061 -0.572061 -0.587785 0.720839 -0.367286 -0.587785 0.769421 -0.559017 -0.309017 0.720839 -0.367286 -0.587785 0.904508 -0.293893 -0.309017 0.126558 -0.799057 -0.587785 0 -0.781832 -0.62349 0 -0.62349 -0.781832 0.126558 -0.799057 -0.587785 0 -0.900969 -0.433884 0 -0.781832 -0.62349 0.126558 -0.799057 -0.587785 0 -0.62349 -0.781832 0.181636 -0.559017 -0.809017 0.126558 -0.799057 -0.587785 0.181636 -0.559017 -0.809017 0.367286 -0.720839 -0.587785 0.559017 -0.769421 -0.309017 0.781832 -0.62349 0 0.62349 -0.781832 0 0.559017 -0.769421 -0.309017 0.62349 -0.781832 0 0.433884 -0.900969 0 0.559017 -0.769421 -0.309017 0.769421 -0.559017 -0.309017 0.781832 -0.62349 0 0.559017 -0.769421 -0.309017 0.367286 -0.720839 -0.587785 0.572061 -0.572061 -0.587785 0.559017 -0.769421 -0.309017 0.572061 -0.572061 -0.587785 0.769421 -0.559017 -0.309017 0.293893 -0.904508 -0.309017 0 -0.974928 -0.222521 0 -0.900969 -0.433884 0.293893 -0.904508 -0.309017 0.433884 -0.900969 0 0.222521 -0.974928 0 0.293893 -0.904508 -0.309017 0.222521 -0.974928 0 0 -0.974928 -0.222521 0.293893 -0.904508 -0.309017 0.559017 -0.769421 -0.309017 0.433884 -0.900969 0 0.293893 -0.904508 -0.309017 0 -0.900969 -0.433884 0.126558 -0.799057 -0.587785 0.293893 -0.904508 -0.309017 0.126558 -0.799057 -0.587785 0.367286 -0.720839 -0.587785 0.293893 -0.904508 -0.309017 0.367286 -0.720839 -0.587785 0.559017 -0.769421 -0.309017 0.974928 -0.222521 0 1 0 0 0.974928 0 0.222521 0 -1 0 0.222521 -0.974928 0 0 -0.974928 0.222521 0.305212 -0.0483409 0.951057 0.433884 0 0.900969 0.222521 0 0.974928 0.275336 -0.140291 0.951057 0.222521 0 0.974928 0 0 1 0.275336 -0.140291 0.951057 0.305212 -0.0483409 0.951057 0.222521 0 0.974928 0.218508 -0.218508 0.951057 0 0 1 0 0 1 0.218508 -0.218508 0.951057 0.275336 -0.140291 0.951057 0 0 1 0.559017 -0.181636 0.809017 0.62349 0 0.781832 0.433884 0 0.900969 0.559017 -0.181636 0.809017 0.433884 0 0.900969 0.305212 -0.0483409 0.951057 0.559017 -0.181636 0.809017 0.305212 -0.0483409 0.951057 0.275336 -0.140291 0.951057 0.140291 -0.275336 0.951057 0 0 1 0 -0.222521 0.974928 0.140291 -0.275336 0.951057 0.218508 -0.218508 0.951057 0 0 1 0.475528 -0.345491 0.809017 0.275336 -0.140291 0.951057 0.218508 -0.218508 0.951057 0.475528 -0.345491 0.809017 0.559017 -0.181636 0.809017 0.275336 -0.140291 0.951057 0.799057 -0.126558 0.587785 0.781832 0 0.62349 0.62349 0 0.781832 0.799057 -0.126558 0.587785 0.900969 0 0.433884 0.781832 0 0.62349 0.799057 -0.126558 0.587785 0.62349 0 0.781832 0.559017 -0.181636 0.809017 0.0483409 -0.305212 0.951057 0 -0.222521 0.974928 0 -0.433884 0.900969 0.0483409 -0.305212 0.951057 0.140291 -0.275336 0.951057 0 -0.222521 0.974928 0.345491 -0.475528 0.809017 0.475528 -0.345491 0.809017 0.218508 -0.218508 0.951057 0.345491 -0.475528 0.809017 0.218508 -0.218508 0.951057 0.140291 -0.275336 0.951057 0.720839 -0.367286 0.587785 0.799057 -0.126558 0.587785 0.559017 -0.181636 0.809017 0.720839 -0.367286 0.587785 0.559017 -0.181636 0.809017 0.475528 -0.345491 0.809017 0.181636 -0.559017 0.809017 0 -0.433884 0.900969 0 -0.62349 0.781832 0.181636 -0.559017 0.809017 0.140291 -0.275336 0.951057 0.0483409 -0.305212 0.951057 0.181636 -0.559017 0.809017 0.0483409 -0.305212 0.951057 0 -0.433884 0.900969 0.181636 -0.559017 0.809017 0.345491 -0.475528 0.809017 0.140291 -0.275336 0.951057 0.572061 -0.572061 0.587785 0.475528 -0.345491 0.809017 0.345491 -0.475528 0.809017 0.572061 -0.572061 0.587785 0.720839 -0.367286 0.587785 0.475528 -0.345491 0.809017 0.904508 -0.293893 0.309017 0.974928 0 0.222521 0.900969 0 0.433884 0.904508 -0.293893 0.309017 0.900969 -0.433884 0 0.974928 -0.222521 0 0.904508 -0.293893 0.309017 0.900969 0 0.433884 0.799057 -0.126558 0.587785 0.904508 -0.293893 0.309017 0.799057 -0.126558 0.587785 0.720839 -0.367286 0.587785 0.904508 -0.293893 0.309017 0.974928 -0.222521 0 0.974928 0 0.222521 0.367286 -0.720839 0.587785 0.345491 -0.475528 0.809017 0.181636 -0.559017 0.809017 0.367286 -0.720839 0.587785 0.572061 -0.572061 0.587785 0.345491 -0.475528 0.809017 0.769421 -0.559017 0.309017 0.781832 -0.62349 0 0.900969 -0.433884 0 0.769421 -0.559017 0.309017 0.900969 -0.433884 0 0.904508 -0.293893 0.309017 0.769421 -0.559017 0.309017 0.720839 -0.367286 0.587785 0.572061 -0.572061 0.587785 0.769421 -0.559017 0.309017 0.904508 -0.293893 0.309017 0.720839 -0.367286 0.587785 0.126558 -0.799057 0.587785 0 -0.62349 0.781832 0 -0.781832 0.62349 0.126558 -0.799057 0.587785 0 -0.781832 0.62349 0 -0.900969 0.433884 0.126558 -0.799057 0.587785 0.181636 -0.559017 0.809017 0 -0.62349 0.781832 0.126558 -0.799057 0.587785 0.367286 -0.720839 0.587785 0.181636 -0.559017 0.809017 0.559017 -0.769421 0.309017 0.62349 -0.781832 0 0.781832 -0.62349 0 0.559017 -0.769421 0.309017 0.433884 -0.900969 0 0.62349 -0.781832 0 0.559017 -0.769421 0.309017 0.781832 -0.62349 0 0.769421 -0.559017 0.309017 0.559017 -0.769421 0.309017 0.572061 -0.572061 0.587785 0.367286 -0.720839 0.587785 0.559017 -0.769421 0.309017 0.769421 -0.559017 0.309017 0.572061 -0.572061 0.587785 0.293893 -0.904508 0.309017 0 -0.900969 0.433884 0 -0.974928 0.222521 0.293893 -0.904508 0.309017 0.222521 -0.974928 0 0.433884 -0.900969 0 0.293893 -0.904508 0.309017 0 -0.974928 0.222521 0.222521 -0.974928 0 0.293893 -0.904508 0.309017 0.433884 -0.900969 0 0.559017 -0.769421 0.309017 0.293893 -0.904508 0.309017 0.126558 -0.799057 0.587785 0 -0.900969 0.433884 0.293893 -0.904508 0.309017 0.367286 -0.720839 0.587785 0.126558 -0.799057 0.587785 0.293893 -0.904508 0.309017 0.559017 -0.769421 0.309017 0.367286 -0.720839 0.587785 1 0 0 1 0 0 1 0 0 1 0 0 1 0 0 1 0 0 0.974928 0.222521 0 1 0 0 0.974928 0 -0.222521 0 1 0 0.222521 0.974928 0 0 0.974928 -0.222521 0.305212 0.0483409 -0.951057 0.433884 0 -0.900969 0.222521 0 -0.974928 0.275336 0.140291 -0.951057 0.222521 0 -0.974928 0 0 -1 0.275336 0.140291 -0.951057 0.305212 0.0483409 -0.951057 0.222521 0 -0.974928 0.218508 0.218508 -0.951057 0 0 -1 0 0 -1 0.218508 0.218508 -0.951057 0.275336 0.140291 -0.951057 0 0 -1 0.559017 0.181636 -0.809017 0.62349 0 -0.781832 0.433884 0 -0.900969 0.559017 0.181636 -0.809017 0.433884 0 -0.900969 0.305212 0.0483409 -0.951057 0.559017 0.181636 -0.809017 0.305212 0.0483409 -0.951057 0.275336 0.140291 -0.951057 0.140291 0.275336 -0.951057 0 0 -1 0 0.222521 -0.974928 0.140291 0.275336 -0.951057 0.218508 0.218508 -0.951057 0 0 -1 0.475528 0.345491 -0.809017 0.275336 0.140291 -0.951057 0.218508 0.218508 -0.951057 0.475528 0.345491 -0.809017 0.559017 0.181636 -0.809017 0.275336 0.140291 -0.951057 0.799057 0.126558 -0.587785 0.781832 0 -0.62349 0.62349 0 -0.781832 0.799057 0.126558 -0.587785 0.900969 0 -0.433884 0.781832 0 -0.62349 0.799057 0.126558 -0.587785 0.62349 0 -0.781832 0.559017 0.181636 -0.809017 0.0483409 0.305212 -0.951057 0 0.222521 -0.974928 0 0.433884 -0.900969 0.0483409 0.305212 -0.951057 0.140291 0.275336 -0.951057 0 0.222521 -0.974928 0.345491 0.475528 -0.809017 0.475528 0.345491 -0.809017 0.218508 0.218508 -0.951057 0.345491 0.475528 -0.809017 0.218508 0.218508 -0.951057 0.140291 0.275336 -0.951057 0.720839 0.367286 -0.587785 0.799057 0.126558 -0.587785 0.559017 0.181636 -0.809017 0.720839 0.367286 -0.587785 0.559017 0.181636 -0.809017 0.475528 0.345491 -0.809017 0.181636 0.559017 -0.809017 0 0.433884 -0.900969 0 0.62349 -0.781832 0.181636 0.559017 -0.809017 0.140291 0.275336 -0.951057 0.0483409 0.305212 -0.951057 0.181636 0.559017 -0.809017 0.345491 0.475528 -0.809017 0.140291 0.275336 -0.951057 0.181636 0.559017 -0.809017 0.0483409 0.305212 -0.951057 0 0.433884 -0.900969 0.572061 0.572061 -0.587785 0.475528 0.345491 -0.809017 0.345491 0.475528 -0.809017 0.572061 0.572061 -0.587785 0.720839 0.367286 -0.587785 0.475528 0.345491 -0.809017 0.904508 0.293893 -0.309017 0.974928 0 -0.222521 0.900969 0 -0.433884 0.904508 0.293893 -0.309017 0.900969 0.433884 0 0.974928 0.222521 0 0.904508 0.293893 -0.309017 0.900969 0 -0.433884 0.799057 0.126558 -0.587785 0.904508 0.293893 -0.309017 0.799057 0.126558 -0.587785 0.720839 0.367286 -0.587785 0.904508 0.293893 -0.309017 0.974928 0.222521 0 0.974928 0 -0.222521 0.367286 0.720839 -0.587785 0.345491 0.475528 -0.809017 0.181636 0.559017 -0.809017 0.367286 0.720839 -0.587785 0.572061 0.572061 -0.587785 0.345491 0.475528 -0.809017 0.769421 0.559017 -0.309017 0.781832 0.62349 0 0.900969 0.433884 0 0.769421 0.559017 -0.309017 0.62349 0.781832 0 0.781832 0.62349 0 0.769421 0.559017 -0.309017 0.900969 0.433884 0 0.904508 0.293893 -0.309017 0.769421 0.559017 -0.309017 0.720839 0.367286 -0.587785 0.572061 0.572061 -0.587785 0.769421 0.559017 -0.309017 0.904508 0.293893 -0.309017 0.720839 0.367286 -0.587785 0.126558 0.799057 -0.587785 0 0.62349 -0.781832 0 0.781832 -0.62349 0.126558 0.799057 -0.587785 0 0.781832 -0.62349 0 0.900969 -0.433884 0.126558 0.799057 -0.587785 0.181636 0.559017 -0.809017 0 0.62349 -0.781832 0.126558 0.799057 -0.587785 0.367286 0.720839 -0.587785 0.181636 0.559017 -0.809017 0.559017 0.769421 -0.309017 0.433884 0.900969 0 0.62349 0.781832 0 0.559017 0.769421 -0.309017 0.62349 0.781832 0 0.769421 0.559017 -0.309017 0.559017 0.769421 -0.309017 0.572061 0.572061 -0.587785 0.367286 0.720839 -0.587785 0.559017 0.769421 -0.309017 0.769421 0.559017 -0.309017 0.572061 0.572061 -0.587785 0.293893 0.904508 -0.309017 0 0.900969 -0.433884 0 0.974928 -0.222521 0.293893 0.904508 -0.309017 0.222521 0.974928 0 0.433884 0.900969 0 0.293893 0.904508 -0.309017 0.433884 0.900969 0 0.559017 0.769421 -0.309017 0.293893 0.904508 -0.309017 0 0.974928 -0.222521 0.222521 0.974928 0 0.293893 0.904508 -0.309017 0.126558 0.799057 -0.587785 0 0.900969 -0.433884 0.293893 0.904508 -0.309017 0.367286 0.720839 -0.587785 0.126558 0.799057 -0.587785 0.293893 0.904508 -0.309017 0.559017 0.769421 -0.309017 0.367286 0.720839 -0.587785 0.974928 0 0.222521 1 0 0 0.974928 0.222521 0 0 0 1 0.222521 0 0.974928 0 0.222521 0.974928 0.305212 0.951057 0.0483409 0.433884 0.900969 0 0.222521 0.974928 0 0.275336 0.951057 0.140291 0.222521 0.974928 0 0 1 0 0.275336 0.951057 0.140291 0.305212 0.951057 0.0483409 0.222521 0.974928 0 0.218508 0.951057 0.218508 0 1 0 0 1 0 0.218508 0.951057 0.218508 0.275336 0.951057 0.140291 0 1 0 0.559017 0.809017 0.181636 0.62349 0.781832 0 0.433884 0.900969 0 0.559017 0.809017 0.181636 0.433884 0.900969 0 0.305212 0.951057 0.0483409 0.559017 0.809017 0.181636 0.305212 0.951057 0.0483409 0.275336 0.951057 0.140291 0.140291 0.951057 0.275336 0 1 0 0 0.974928 0.222521 0.140291 0.951057 0.275336 0.218508 0.951057 0.218508 0 1 0 0.475528 0.809017 0.345491 0.275336 0.951057 0.140291 0.218508 0.951057 0.218508 0.475528 0.809017 0.345491 0.559017 0.809017 0.181636 0.275336 0.951057 0.140291 0.799057 0.587785 0.126558 0.781832 0.62349 0 0.62349 0.781832 0 0.799057 0.587785 0.126558 0.900969 0.433884 0 0.781832 0.62349 0 0.799057 0.587785 0.126558 0.62349 0.781832 0 0.559017 0.809017 0.181636 0.0483409 0.951057 0.305212 0 0.974928 0.222521 0 0.900969 0.433884 0.0483409 0.951057 0.305212 0.140291 0.951057 0.275336 0 0.974928 0.222521 0.345491 0.809017 0.475528 0.475528 0.809017 0.345491 0.218508 0.951057 0.218508 0.345491 0.809017 0.475528 0.218508 0.951057 0.218508 0.140291 0.951057 0.275336 0.720839 0.587785 0.367286 0.559017 0.809017 0.181636 0.475528 0.809017 0.345491 0.720839 0.587785 0.367286 0.799057 0.587785 0.126558 0.559017 0.809017 0.181636 0.181636 0.809017 0.559017 0 0.900969 0.433884 0 0.781832 0.62349 0.181636 0.809017 0.559017 0.140291 0.951057 0.275336 0.0483409 0.951057 0.305212 0.181636 0.809017 0.559017 0.0483409 0.951057 0.305212 0 0.900969 0.433884 0.181636 0.809017 0.559017 0.345491 0.809017 0.475528 0.140291 0.951057 0.275336 0.572061 0.587785 0.572061 0.475528 0.809017 0.345491 0.345491 0.809017 0.475528 0.572061 0.587785 0.572061 0.720839 0.587785 0.367286 0.475528 0.809017 0.345491 0.904508 0.309017 0.293893 0.974928 0.222521 0 0.900969 0.433884 0 0.904508 0.309017 0.293893 0.900969 0 0.433884 0.974928 0 0.222521 0.904508 0.309017 0.293893 0.900969 0.433884 0 0.799057 0.587785 0.126558 0.904508 0.309017 0.293893 0.799057 0.587785 0.126558 0.720839 0.587785 0.367286 0.904508 0.309017 0.293893 0.974928 0 0.222521 0.974928 0.222521 0 0.367286 0.587785 0.720839 0.345491 0.809017 0.475528 0.181636 0.809017 0.559017 0.367286 0.587785 0.720839 0.572061 0.587785 0.572061 0.345491 0.809017 0.475528 0.769421 0.309017 0.559017 0.781832 0 0.62349 0.900969 0 0.433884 0.769421 0.309017 0.559017 0.900969 0 0.433884 0.904508 0.309017 0.293893 0.769421 0.309017 0.559017 0.720839 0.587785 0.367286 0.572061 0.587785 0.572061 0.769421 0.309017 0.559017 0.904508 0.309017 0.293893 0.720839 0.587785 0.367286 0.126558 0.587785 0.799057 0 0.781832 0.62349 0 0.62349 0.781832 0.126558 0.587785 0.799057 0 0.62349 0.781832 0 0.433884 0.900969 0.126558 0.587785 0.799057 0.181636 0.809017 0.559017 0 0.781832 0.62349 0.126558 0.587785 0.799057 0.367286 0.587785 0.720839 0.181636 0.809017 0.559017 0.559017 0.309017 0.769421 0.62349 0 0.781832 0.781832 0 0.62349 0.559017 0.309017 0.769421 0.433884 0 0.900969 0.62349 0 0.781832 0.559017 0.309017 0.769421 0.781832 0 0.62349 0.769421 0.309017 0.559017 0.559017 0.309017 0.769421 0.572061 0.587785 0.572061 0.367286 0.587785 0.720839 0.559017 0.309017 0.769421 0.769421 0.309017 0.559017 0.572061 0.587785 0.572061 0.293893 0.309017 0.904508 0 0.433884 0.900969 0 0.222521 0.974928 0.293893 0.309017 0.904508 0.222521 0 0.974928 0.433884 0 0.900969 0.293893 0.309017 0.904508 0 0.222521 0.974928 0.222521 0 0.974928 0.293893 0.309017 0.904508 0.433884 0 0.900969 0.559017 0.309017 0.769421 0.293893 0.309017 0.904508 0.126558 0.587785 0.799057 0 0.433884 0.900969 0.293893 0.309017 0.904508 0.367286 0.587785 0.720839 0.126558 0.587785 0.799057 0.293893 0.309017 0.904508 0.559017 0.309017 0.769421 0.367286 0.587785 0.720839 -1 0 0 -1 0 0 -1 0 0 -1 0 0 -1 0 0 -1 0 0 " />
</TriangleSet>
</Shape></Transform></Switch>
<Switch whichChoice="0" id="swBRP">
	<Group>
		<Transform scale="1 1 1"><Shape DEF="edg0">
			<Appearance><Material emissiveColor="0 0 0" /></Appearance>
			<LineSet vertexCount="2"><Coordinate point="-170 70 -130 -170 70 130 " /></LineSet>
		</Shape></Transform>
		<Transform scale="1 1 1"><Shape DEF="edg1">
			<Appearance><Material emissiveColor="0 0 0" /></Appearance>
			<LineSet vertexCount="2"><Coordinate point="-170 70 -130 -170 330 -130 " /></LineSet>
		</Shape></Transform>
		<Transform scale="1 1 1"><Shape DEF="edg2">
			<Appearance><Material emissiveColor="0 0 0" /></Appearance>
			<LineSet vertexCount="2"><Coordinate point="-170 70 130 -170 330 130 " /></LineSet>
		</Shape></Transform>
		<Transform scale="1 1 1"><Shape DEF="edg3">
			<Appearance><Material emissiveColor="0 0 0" /></Appearance>
			<LineSet vertexCount="2"><Coordinate point="-170 330 -130 -170 330 130 " /></LineSet>
		</Shape></Transform>
		<Transform scale="1 1 1"><Shape DEF="edg4">
			<Appearance><Material emissiveColor="0 0 0" /></Appearance>
			<LineSet vertexCount="2"><Coordinate point="-170 300 -100 -170 100 -100 " /></LineSet>
		</Shape></Transform>
		<Transform scale="1 1 1"><Shape DEF="edg5">
			<Appearance><Material emissiveColor="0 0 0" /></Appearance>
			<LineSet vertexCount="2"><Coordinate point="-170 300 -100 -170 300 100 " /></LineSet>
		</Shape></Transform>
		<Transform scale="1 1 1"><Shape DEF="edg6">
			<Appearance><Material emissiveColor="0 0 0" /></Appearance>
			<LineSet vertexCount="2"><Coordinate point="-170 300 100 -170 100 100 " /></LineSet>
		</Shape></Transform>
		<Transform scale="1 1 1"><Shape DEF="edg7">
			<Appearance><Material emissiveColor="0 0 0" /></Appearance>
			<LineSet vertexCount="2"><Coordinate point="-170 100 -100 -170 100 100 " /></LineSet>
		</Shape></Transform>
		<Transform scale="1 1 1"><Shape DEF="edg8">
			<Appearance><Material emissiveColor="0 0 0" /></Appearance>
			<LineSet vertexCount="8"><Coordinate point="-170 70 -130 -169.749 67.7748 -130 -169.01 65.6612 -130 -167.818 63.7651 -130 -166.235 62.1817 -130 -164.339 60.9903 -130 -162.225 60.2507 -130 -160 60 -130 " /></LineSet>
		</Shape></Transform>
		<Transform scale="1 1 1"><Shape DEF="edg9">
			<Appearance><Material emissiveColor="0 0 0" /></Appearance>
			<LineSet vertexCount="8"><Coordinate point="-170 70 130 -169.749 67.7748 130 -169.01 65.6612 130 -167.818 63.7651 130 -166.235 62.1817 130 -164.339 60.9903 130 -162.225 60.2507 130 -160 60 130 " /></LineSet>
		</Shape></Transform>
		<Transform scale="1 1 1"><Shape DEF="edg10">
			<Appearance><Material emissiveColor="0 0 0" /></Appearance>
			<LineSet vertexCount="2"><Coordinate point="-160 60 -130 -160 60 130 " /></LineSet>
		</Shape></Transform>
		<Transform scale="1 1 1"><Shape DEF="edg11">
			<Appearance><Material emissiveColor="0 0 0" /></Appearance>
			<LineSet vertexCount="8"><Coordinate point="-160 70 -140 -162.225 70 -139.749 -164.339 70 -139.01 -166.235 70 -137.818 -167.818 70 -136.235 -169.01 70 -134.339 -169.749 70 -132.225 -170 70 -130 " /></LineSet>
		</Shape></Transform>
		<Transform scale="1 1 1"><Shape DEF="edg12">
			<Appearance><Material emissiveColor="0 0 0" /></Appearance>
			<LineSet vertexCount="2"><Coordinate point="-160 70 -140 -160 330 -140 " /></LineSet>
		</Shape></Transform>
		<Transform scale="1 1 1"><Shape DEF="edg13">
			<Appearance><Material emissiveColor="0 0 0" /></Appearance>
			<LineSet vertexCount="8"><Coordinate point="-160 330 -140 -162.225 330 -139.749 -164.339 330 -139.01 -166.235 330 -137.818 -167.818 330 -136.235 -169.01 330 -134.339 -169.749 330 -132.225 -170 330 -130 " /></LineSet>
		</Shape></Transform>
		<Transform scale="1 1 1"><Shape DEF="edg14">
			<Appearance><Material emissiveColor="0 0 0" /></Appearance>
			<LineSet vertexCount="8"><Coordinate point="-160 70 140 -162.225 70 139.749 -164.339 70 139.01 -166.235 70 137.818 -167.818 70 136.235 -169.01 70 134.339 -169.749 70 132.225 -170 70 130 " /></LineSet>
		</Shape></Transform>
		<Transform scale="1 1 1"><Shape DEF="edg15">
			<Appearance><Material emissiveColor="0 0 0" /></Appearance>
			<LineSet vertexCount="2"><Coordinate point="-160 70 140 -160 330 140 " /></LineSet>
		</Shape></Transform>
		<Transform scale="1 1 1"><Shape DEF="edg16">
			<Appearance><Material emissiveColor="0 0 0" /></Appearance>
			<LineSet vertexCount="8"><Coordinate point="-170 330 130 -169.749 330 132.225 -169.01 330 134.339 -167.818 330 136.235 -166.235 330 137.818 -164.339 330 139.01 -162.225 330 139.749 -160 330 140 " /></LineSet>
		</Shape></Transform>
		<Transform scale="1 1 1"><Shape DEF="edg17">
			<Appearance><Material emissiveColor="0 0 0" /></Appearance>
			<LineSet vertexCount="8"><Coordinate point="-170 330 -130 -169.749 332.225 -130 -169.01 334.339 -130 -167.818 336.235 -130 -166.235 337.818 -130 -164.339 339.01 -130 -162.225 339.749 -130 -160 340 -130 " /></LineSet>
		</Shape></Transform>
		<Transform scale="1 1 1"><Shape DEF="edg18">
			<Appearance><Material emissiveColor="0 0 0" /></Appearance>
			<LineSet vertexCount="8"><Coordinate point="-160 340 130 -162.225 339.749 130 -164.339 339.01 130 -166.235 337.818 130 -167.818 336.235 130 -169.01 334.339 130 -169.749 332.225 130 -170 330 130 " /></LineSet>
		</Shape></Transform>
		<Transform scale="1 1 1"><Shape DEF="edg19">
			<Appearance><Material emissiveColor="0 0 0" /></Appearance>
			<LineSet vertexCount="2"><Coordinate point="-160 340 -130 -160 340 130 " /></LineSet>
		</Shape></Transform>
		<Transform scale="1 1 1"><Shape DEF="edg20">
			<Appearance><Material emissiveColor="0 0 0" /></Appearance>
			<LineSet vertexCount="2"><Coordinate point="-170 300 -100 -140 300 -100 " /></LineSet>
		</Shape></Transform>
		<Transform scale="1 1 1"><Shape DEF="edg21">
			<Appearance><Material emissiveColor="0 0 0" /></Appearance>
			<LineSet vertexCount="2"><Coordinate point="-140 100 -100 -140 300 -100 " /></LineSet>
		</Shape></Transform>
		<Transform scale="1 1 1"><Shape DEF="edg22">
			<Appearance><Material emissiveColor="0 0 0" /></Appearance>
			<LineSet vertexCount="2"><Coordinate point="-170 100 -100 -140 100 -100 " /></LineSet>
		</Shape></Transform>
		<Transform scale="1 1 1"><Shape DEF="edg23">
			<Appearance><Material emissiveColor="0 0 0" /></Appearance>
			<LineSet vertexCount="2"><Coordinate point="-140 300 100 -140 300 -100 " /></LineSet>
		</Shape></Transform>
		<Transform scale="1 1 1"><Shape DEF="edg24">
			<Appearance><Material emissiveColor="0 0 0" /></Appearance>
			<LineSet vertexCount="2"><Coordinate point="-170 300 100 -140 300 100 " /></LineSet>
		</Shape></Transform>
		<Transform scale="1 1 1"><Shape DEF="edg25">
			<Appearance><Material emissiveColor="0 0 0" /></Appearance>
			<LineSet vertexCount="2"><Coordinate point="-140 100 100 -140 300 100 " /></LineSet>
		</Shape></Transform>
		<Transform scale="1 1 1"><Shape DEF="edg26">
			<Appearance><Material emissiveColor="0 0 0" /></Appearance>
			<LineSet vertexCount="2"><Coordinate point="-170 100 100 -140 100 100 " /></LineSet>
		</Shape></Transform>
		<Transform scale="1 1 1"><Shape DEF="edg27">
			<Appearance><Material emissiveColor="0 0 0" /></Appearance>
			<LineSet vertexCount="2"><Coordinate point="-140 100 100 -140 100 -100 " /></LineSet>
		</Shape></Transform>
		<Transform scale="1 1 1"><Shape DEF="edg28">
			<Appearance><Material emissiveColor="0 0 0" /></Appearance>
			<LineSet vertexCount="2"><Coordinate point="-160 70 -140 -160 70 -140 " /></LineSet>
		</Shape></Transform>
		<Transform scale="1 1 1"><Shape DEF="edg29">
			<Appearance><Material emissiveColor="0 0 0" /></Appearance>
			<LineSet vertexCount="8"><Coordinate point="-160 70 -140 -160 67.7748 -139.749 -160 65.6612 -139.01 -160 63.7651 -137.818 -160 62.1817 -136.235 -160 60.9903 -134.339 -160 60.2507 -132.225 -160 60 -130 " /></LineSet>
		</Shape></Transform>
		<Transform scale="1 1 1"><Shape DEF="edg30">
			<Appearance><Material emissiveColor="0 0 0" /></Appearance>
			<LineSet vertexCount="2"><Coordinate point="-160 70 140 -160 70 140 " /></LineSet>
		</Shape></Transform>
		<Transform scale="1 1 1"><Shape DEF="edg31">
			<Appearance><Material emissiveColor="0 0 0" /></Appearance>
			<LineSet vertexCount="8"><Coordinate point="-160 70 140 -160 67.7748 139.749 -160 65.6612 139.01 -160 63.7651 137.818 -160 62.1817 136.235 -160 60.9903 134.339 -160 60.2507 132.225 -160 60 130 " /></LineSet>
		</Shape></Transform>
		<Transform scale="1 1 1"><Shape DEF="edg32">
			<Appearance><Material emissiveColor="0 0 0" /></Appearance>
			<LineSet vertexCount="2"><Coordinate point="-160 60 -130 230 60 -130 " /></LineSet>
		</Shape></Transform>
		<Transform scale="1 1 1"><Shape DEF="edg33">
			<Appearance><Material emissiveColor="0 0 0" /></Appearance>
			<LineSet vertexCount="2"><Coordinate point="-160 60 130 230 60 130 " /></LineSet>
		</Shape></Transform>
		<Transform scale="1 1 1"><Shape DEF="edg34">
			<Appearance><Material emissiveColor="0 0 0" /></Appearance>
			<LineSet vertexCount="2"><Coordinate point="230 60 -130 230 60 130 " /></LineSet>
		</Shape></Transform>
		<Transform scale="1 1 1"><Shape DEF="edg35">
			<Appearance><Material emissiveColor="0 0 0" /></Appearance>
			<LineSet vertexCount="2"><Coordinate point="-160 70 -140 230 70 -140 " /></LineSet>
		</Shape></Transform>
		<Transform scale="1 1 1"><Shape DEF="edg36">
			<Appearance><Material emissiveColor="0 0 0" /></Appearance>
			<LineSet vertexCount="2"><Coordinate point="-160 330 -140 230 330 -140 " /></LineSet>
		</Shape></Transform>
		<Transform scale="1 1 1"><Shape DEF="edg37">
			<Appearance><Material emissiveColor="0 0 0" /></Appearance>
			<LineSet vertexCount="2"><Coordinate point="230 70 -140 230 330 -140 " /></LineSet>
		</Shape></Transform>
		<Transform scale="1 1 1"><Shape DEF="edg38">
			<Appearance><Material emissiveColor="0 0 0" /></Appearance>
			<LineSet vertexCount="2"><Coordinate point="-160 330 -140 -160 330 -140 " /></LineSet>
		</Shape></Transform>
		<Transform scale="1 1 1"><Shape DEF="edg39">
			<Appearance><Material emissiveColor="0 0 0" /></Appearance>
			<LineSet vertexCount="8"><Coordinate point="-160 330 -140 -160 332.225 -139.749 -160 334.339 -139.01 -160 336.235 -137.818 -160 337.818 -136.235 -160 339.01 -134.339 -160 339.749 -132.225 -160 340 -130 " /></LineSet>
		</Shape></Transform>
		<Transform scale="1 1 1"><Shape DEF="edg40">
			<Appearance><Material emissiveColor="0 0 0" /></Appearance>
			<LineSet vertexCount="2"><Coordinate point="-160 70 140 230 70 140 " /></LineSet>
		</Shape></Transform>
		<Transform scale="1 1 1"><Shape DEF="edg41">
			<Appearance><Material emissiveColor="0 0 0" /></Appearance>
			<LineSet vertexCount="2"><Coordinate point="-160 330 140 230 330 140 " /></LineSet>
		</Shape></Transform>
		<Transform scale="1 1 1"><Shape DEF="edg42">
			<Appearance><Material emissiveColor="0 0 0" /></Appearance>
			<LineSet vertexCount="2"><Coordinate point="230 70 140 230 330 140 " /></LineSet>
		</Shape></Transform>
		<Transform scale="1 1 1"><Shape DEF="edg43">
			<Appearance><Material emissiveColor="0 0 0" /></Appearance>
			<LineSet vertexCount="2"><Coordinate point="-160 340 130 -160 340 130 " /></LineSet>
		</Shape></Transform>
		<Transform scale="1 1 1"><Shape DEF="edg44">
			<Appearance><Material emissiveColor="0 0 0" /></Appearance>
			<LineSet vertexCount="8"><Coordinate point="-160 340 130 -160 339.749 132.225 -160 339.01 134.339 -160 337.818 136.235 -160 336.235 137.818 -160 334.339 139.01 -160 332.225 139.749 -160 330 140 " /></LineSet>
		</Shape></Transform>
		<Transform scale="1 1 1"><Shape DEF="edg45">
			<Appearance><Material emissiveColor="0 0 0" /></Appearance>
			<LineSet vertexCount="2"><Coordinate point="-160 340 -130 230 340 -130 " /></LineSet>
		</Shape></Transform>
		<Transform scale="1 1 1"><Shape DEF="edg46">
			<Appearance><Material emissiveColor="0 0 0" /></Appearance>
			<LineSet vertexCount="2"><Coordinate point="-160 340 130 230 340 130 " /></LineSet>
		</Shape></Transform>
		<Transform scale="1 1 1"><Shape DEF="edg47">
			<Appearance><Material emissiveColor="0 0 0" /></Appearance>
			<LineSet vertexCount="2"><Coordinate point="230 340 -130 230 340 130 " /></LineSet>
		</Shape></Transform>
		<Transform scale="1 1 1"><Shape DEF="edg48">
			<Appearance><Material emissiveColor="0 0 0" /></Appearance>
			<LineSet vertexCount="2"><Coordinate point="-140 80 -120 -140 80 120 " /></LineSet>
		</Shape></Transform>
		<Transform scale="1 1 1"><Shape DEF="edg49">
			<Appearance><Material emissiveColor="0 0 0" /></Appearance>
			<LineSet vertexCount="2"><Coordinate point="-140 80 120 -140 320 120 " /></LineSet>
		</Shape></Transform>
		<Transform scale="1 1 1"><Shape DEF="edg50">
			<Appearance><Material emissiveColor="0 0 0" /></Appearance>
			<LineSet vertexCount="2"><Coordinate point="-140 80 -120 -140 320 -120 " /></LineSet>
		</Shape></Transform>
		<Transform scale="1 1 1"><Shape DEF="edg51">
			<Appearance><Material emissiveColor="0 0 0" /></Appearance>
			<LineSet vertexCount="2"><Coordinate point="-140 320 -120 -140 320 120 " /></LineSet>
		</Shape></Transform>
		<Transform scale="1 1 1"><Shape DEF="edg52">
			<Appearance><Material emissiveColor="0 0 0" /></Appearance>
			<LineSet vertexCount="8"><Coordinate point="230 70 -140 230 67.7748 -139.749 230 65.6612 -139.01 230 63.7651 -137.818 230 62.1817 -136.235 230 60.9903 -134.339 230 60.2507 -132.225 230 60 -130 " /></LineSet>
		</Shape></Transform>
		<Transform scale="1 1 1"><Shape DEF="edg53">
			<Appearance><Material emissiveColor="0 0 0" /></Appearance>
			<LineSet vertexCount="8"><Coordinate point="230 70 140 230 67.7748 139.749 230 65.6612 139.01 230 63.7651 137.818 230 62.1817 136.235 230 60.9903 134.339 230 60.2507 132.225 230 60 130 " /></LineSet>
		</Shape></Transform>
		<Transform scale="1 1 1"><Shape DEF="edg54">
			<Appearance><Material emissiveColor="0 0 0" /></Appearance>
			<LineSet vertexCount="2"><Coordinate point="240 70 -130 240 70 130 " /></LineSet>
		</Shape></Transform>
		<Transform scale="1 1 1"><Shape DEF="edg55">
			<Appearance><Material emissiveColor="0 0 0" /></Appearance>
			<LineSet vertexCount="8"><Coordinate point="240 70 -130 239.749 67.7748 -130 239.01 65.6612 -130 237.818 63.7651 -130 236.235 62.1817 -130 234.339 60.9903 -130 232.225 60.2507 -130 230 60 -130 " /></LineSet>
		</Shape></Transform>
		<Transform scale="1 1 1"><Shape DEF="edg56">
			<Appearance><Material emissiveColor="0 0 0" /></Appearance>
			<LineSet vertexCount="8"><Coordinate point="240 70 130 239.749 67.7748 130 239.01 65.6612 130 237.818 63.7651 130 236.235 62.1817 130 234.339 60.9903 130 232.225 60.2507 130 230 60 130 " /></LineSet>
		</Shape></Transform>
		<Transform scale="1 1 1"><Shape DEF="edg57">
			<Appearance><Material emissiveColor="0 0 0" /></Appearance>
			<LineSet vertexCount="8"><Coordinate point="230 330 -140 230 332.225 -139.749 230 334.339 -139.01 230 336.235 -137.818 230 337.818 -136.235 230 339.01 -134.339 230 339.749 -132.225 230 340 -130 " /></LineSet>
		</Shape></Transform>
		<Transform scale="1 1 1"><Shape DEF="edg58">
			<Appearance><Material emissiveColor="0 0 0" /></Appearance>
			<LineSet vertexCount="8"><Coordinate point="230 70 -140 232.225 70 -139.749 234.339 70 -139.01 236.235 70 -137.818 237.818 70 -136.235 239.01 70 -134.339 239.749 70 -132.225 240 70 -130 " /></LineSet>
		</Shape></Transform>
		<Transform scale="1 1 1"><Shape DEF="edg59">
			<Appearance><Material emissiveColor="0 0 0" /></Appearance>
			<LineSet vertexCount="2"><Coordinate point="240 70 -130 240 330 -130 " /></LineSet>
		</Shape></Transform>
		<Transform scale="1 1 1"><Shape DEF="edg60">
			<Appearance><Material emissiveColor="0 0 0" /></Appearance>
			<LineSet vertexCount="8"><Coordinate point="230 330 -140 232.225 330 -139.749 234.339 330 -139.01 236.235 330 -137.818 237.818 330 -136.235 239.01 330 -134.339 239.749 330 -132.225 240 330 -130 " /></LineSet>
		</Shape></Transform>
		<Transform scale="1 1 1"><Shape DEF="edg61">
			<Appearance><Material emissiveColor="0 0 0" /></Appearance>
			<LineSet vertexCount="8"><Coordinate point="230 340 130 230 339.749 132.225 230 339.01 134.339 230 337.818 136.235 230 336.235 137.818 230 334.339 139.01 230 332.225 139.749 230 330 140 " /></LineSet>
		</Shape></Transform>
		<Transform scale="1 1 1"><Shape DEF="edg62">
			<Appearance><Material emissiveColor="0 0 0" /></Appearance>
			<LineSet vertexCount="8"><Coordinate point="230 70 140 232.225 70 139.749 234.339 70 139.01 236.235 70 137.818 237.818 70 136.235 239.01 70 134.339 239.749 70 132.225 240 70 130 " /></LineSet>
		</Shape></Transform>
		<Transform scale="1 1 1"><Shape DEF="edg63">
			<Appearance><Material emissiveColor="0 0 0" /></Appearance>
			<LineSet vertexCount="2"><Coordinate point="240 70 130 240 330 130 " /></LineSet>
		</Shape></Transform>
		<Transform scale="1 1 1"><Shape DEF="edg64">
			<Appearance><Material emissiveColor="0 0 0" /></Appearance>
			<LineSet vertexCount="8"><Coordinate point="240 330 130 239.749 330 132.225 239.01 330 134.339 237.818 330 136.235 236.235 330 137.818 234.339 330 139.01 232.225 330 139.749 230 330 140 " /></LineSet>
		</Shape></Transform>
		<Transform scale="1 1 1"><Shape DEF="edg65">
			<Appearance><Material emissiveColor="0 0 0" /></Appearance>
			<LineSet vertexCount="2"><Coordinate point="240 330 -130 240 330 130 " /></LineSet>
		</Shape></Transform>
		<Transform scale="1 1 1"><Shape DEF="edg66">
			<Appearance><Material emissiveColor="0 0 0" /></Appearance>
			<LineSet vertexCount="8"><Coordinate point="240 330 -130 239.749 332.225 -130 239.01 334.339 -130 237.818 336.235 -130 236.235 337.818 -130 234.339 339.01 -130 232.225 339.749 -130 230 340 -130 " /></LineSet>
		</Shape></Transform>
		<Transform scale="1 1 1"><Shape DEF="edg67">
			<Appearance><Material emissiveColor="0 0 0" /></Appearance>
			<LineSet vertexCount="8"><Coordinate point="230 340 130 232.225 339.749 130 234.339 339.01 130 236.235 337.818 130 237.818 336.235 130 239.01 334.339 130 239.749 332.225 130 240 330 130 " /></LineSet>
		</Shape></Transform>
		<Transform scale="1 1 1"><Shape DEF="edg68">
			<Appearance><Material emissiveColor="0 0 0" /></Appearance>
			<LineSet vertexCount="2"><Coordinate point="-140 80 -120 220 80 -120 " /></LineSet>
		</Shape></Transform>
		<Transform scale="1 1 1"><Shape DEF="edg69">
			<Appearance><Material emissiveColor="0 0 0" /></Appearance>
			<LineSet vertexCount="2"><Coordinate point="220 80 -120 220 80 120 " /></LineSet>
		</Shape></Transform>
		<Transform scale="1 1 1"><Shape DEF="edg70">
			<Appearance><Material emissiveColor="0 0 0" /></Appearance>
			<LineSet vertexCount="2"><Coordinate point="-140 80 120 220 80 120 " /></LineSet>
		</Shape></Transform>
		<Transform scale="1 1 1"><Shape DEF="edg71">
			<Appearance><Material emissiveColor="0 0 0" /></Appearance>
			<LineSet vertexCount="2"><Coordinate point="-140 320 120 220 320 120 " /></LineSet>
		</Shape></Transform>
		<Transform scale="1 1 1"><Shape DEF="edg72">
			<Appearance><Material emissiveColor="0 0 0" /></Appearance>
			<LineSet vertexCount="2"><Coordinate point="220 80 120 220 320 120 " /></LineSet>
		</Shape></Transform>
		<Transform scale="1 1 1"><Shape DEF="edg73">
			<Appearance><Material emissiveColor="0 0 0" /></Appearance>
			<LineSet vertexCount="2"><Coordinate point="-140 320 -120 220 320 -120 " /></LineSet>
		</Shape></Transform>
		<Transform scale="1 1 1"><Shape DEF="edg74">
			<Appearance><Material emissiveColor="0 0 0" /></Appearance>
			<LineSet vertexCount="2"><Coordinate point="220 80 -120 220 320 -120 " /></LineSet>
		</Shape></Transform>
		<Transform scale="1 1 1"><Shape DEF="edg75">
			<Appearance><Material emissiveColor="0 0 0" /></Appearance>
			<LineSet vertexCount="2"><Coordinate point="220 320 -120 220 320 120 " /></LineSet>
		</Shape></Transform>
		<Transform scale="1 1 1"><Shape DEF="edg76">
			<Appearance><Material emissiveColor="0 0 0" /></Appearance>
			<LineSet vertexCount="2"><Coordinate point="230 70 -140 230 70 -140 " /></LineSet>
		</Shape></Transform>
		<Transform scale="1 1 1"><Shape DEF="edg77">
			<Appearance><Material emissiveColor="0 0 0" /></Appearance>
			<LineSet vertexCount="2"><Coordinate point="230 70 140 230 70 140 " /></LineSet>
		</Shape></Transform>
		<Transform scale="1 1 1"><Shape DEF="edg78">
			<Appearance><Material emissiveColor="0 0 0" /></Appearance>
			<LineSet vertexCount="2"><Coordinate point="230 330 -140 230 330 -140 " /></LineSet>
		</Shape></Transform>
		<Transform scale="1 1 1"><Shape DEF="edg79">
			<Appearance><Material emissiveColor="0 0 0" /></Appearance>
			<LineSet vertexCount="2"><Coordinate point="230 340 130 230 340 130 " /></LineSet>
		</Shape></Transform>
	</Group>
</Switch>
</Scene>
</X3D>