<?xml version='1.0' encoding='utf8'?>
<X3D xmlns:xsi="http://www.w3.org/2001/XMLSchema-instance" profile="Immersive" version="3.3" xsi:noNamespaceSchemaLocation="http://www.web3d.org/specifications/x3d-3.3.xsd">
<head>
    <meta name="generator" content="pythonocc-7.7.0 X3D exporter (www.pythonocc.org)" />
    <meta name="creator" content="pythonocc-7.7.0 generator" />
    <meta name="identifier" content="http://www.pythonocc.org" />
    <meta name="description" content="pythonocc-7.7.0 x3dom based shape rendering" />
</head>
<Scene>
<Switch whichChoice="0" id="swBRP"><Transform scale="1 1 1"><Shape DEF="shape7" onclick="select(this);"><Appearance>
<Material id="color" diffuseColor="0.709804 0.698039 0.741176" shininess="0.9" specularColor="0.2 0.2 0.2" transparency="0">
</Material>
</Appearance>
<TriangleSet solid="false">
<Coordinate point="-230 80 120 -230 320 -120 -230 80 -120 -230 80 120 -230 320 120 -230 320 -120 -229.749 77.7748 120 -230 80 120 -230 80 -120 -229.749 77.7748 120 -230 80 -120 -229.749 77.7748 -120 -229.01 75.6612 120 -229.749 77.7748 -120 -229.01 75.6612 -120 -229.01 75.6612 120 -229.749 77.7748 120 -229.749 77.7748 -120 -227.818 73.7651 120 -229.01 75.6612 -120 -227.818 73.7651 -120 -227.818 73.7651 120 -229.01 75.6612 120 -229.01 75.6612 -120 -226.235 72.1817 120 -227.818 73.7651 -120 -226.235 72.1817 -120 -226.235 72.1817 120 -226.235 72.1817 -120 -224.339 70.9903 -120 -226.235 72.1817 120 -227.818 73.7651 120 -227.818 73.7651 -120 -224.339 70.9903 120 -226.235 72.1817 120 -224.339 70.9903 -120 -222.225 70.2507 120 -224.339 70.9903 -120 -222.225 70.2507 -120 -222.225 70.2507 120 -222.225 70.2507 -120 -220 70 -120 -222.225 70.2507 120 -224.339 70.9903 120 -224.339 70.9903 -120 -220 70 120 -222.225 70.2507 120 -220 70 -120 -229.749 320 -122.225 -229.749 80 -122.225 -230 80 -120 -229.749 320 -122.225 -230 80 -120 -230 320 -120 -229.01 320 -124.339 -229.01 80 -124.339 -229.749 80 -122.225 -229.01 320 -124.339 -229.749 80 -122.225 -229.749 320 -122.225 -227.818 320 -126.235 -227.818 80 -126.235 -229.01 80 -124.339 -227.818 320 -126.235 -229.01 80 -124.339 -229.01 320 -124.339 -226.235 320 -127.818 -224.339 80 -129.01 -226.235 80 -127.818 -226.235 320 -127.818 -226.235 80 -127.818 -227.818 80 -126.235 -226.235 320 -127.818 -227.818 80 -126.235 -227.818 320 -126.235 -224.339 320 -129.01 -224.339 80 -129.01 -226.235 320 -127.818 -222.225 320 -129.749 -220 80 -130 -222.225 80 -129.749 -222.225 320 -129.749 -222.225 80 -129.749 -224.339 80 -129.01 -222.225 320 -129.749 -224.339 80 -129.01 -224.339 320 -129.01 -220 320 -130 -220 80 -130 -222.225 320 -129.749 -229.749 320 122.225 -230 80 120 -229.749 80 122.225 -229.749 320 122.225 -230 320 120 -230 80 120 -229.01 320 124.339 -229.749 80 122.225 -229.01 80 124.339 -229.01 320 124.339 -229.749 320 122.225 -229.749 80 122.225 -227.818 320 126.235 -229.01 80 124.339 -227.818 80 126.235 -227.818 320 126.235 -229.01 320 124.339 -229.01 80 124.339 -226.235 320 127.818 -226.235 80 127.818 -224.339 80 129.01 -226.235 320 127.818 -227.818 80 126.235 -226.235 80 127.818 -226.235 320 127.818 -227.818 320 126.235 -227.818 80 126.235 -224.339 320 129.01 -226.235 320 127.818 -224.339 80 129.01 -222.225 320 129.749 -222.225 80 129.749 -220 80 130 -222.225 320 129.749 -224.339 80 129.01 -222.225 80 129.749 -222.225 320 129.749 -224.339 320 129.01 -224.339 80 129.01 -220 320 130 -222.225 320 129.749 -220 80 130 -229.749 322.225 120 -230 320 -120 -230 320 120 -229.749 322.225 120 -229.749 322.225 -120 -230 320 -120 -229.01 324.339 120 -229.01 324.339 -120 -229.749 322.225 -120 -229.01 324.339 120 -229.749 322.225 -120 -229.749 322.225 120 -227.818 326.235 120 -227.818 326.235 -120 -229.01 324.339 -120 -227.818 326.235 120 -229.01 324.339 -120 -229.01 324.339 120 -226.235 327.818 120 -226.235 327.818 -120 -227.818 326.235 -120 -226.235 327.818 120 -224.339 329.01 -120 -226.235 327.818 -120 -226.235 327.818 120 -227.818 326.235 -120 -227.818 326.235 120 -224.339 329.01 120 -224.339 329.01 -120 -226.235 327.818 120 -222.225 329.749 120 -222.225 329.749 -120 -224.339 329.01 -120 -222.225 329.749 120 -220 330 -120 -222.225 329.749 -120 -222.225 329.749 120 -224.339 329.01 -120 -224.339 329.01 120 -220 330 120 -220 330 -120 -222.225 329.749 120 -229.749 77.7748 -120 -230 80 -120 -229.749 80 -122.225 -220 70 -120 -222.225 70.2507 -120 -220 70.2507 -122.225 -223.052 79.5166 -129.511 -224.339 80 -129.01 -222.225 80 -129.749 -222.753 78.5971 -129.511 -222.225 80 -129.749 -220 80 -130 -222.753 78.5971 -129.511 -223.052 79.5166 -129.511 -222.225 80 -129.749 -222.185 77.8149 -129.511 -220 80 -130 -220 80 -130 -222.185 77.8149 -129.511 -222.753 78.5971 -129.511 -220 80 -130 -225.59 78.1836 -128.09 -226.235 80 -127.818 -224.339 80 -129.01 -225.59 78.1836 -128.09 -224.339 80 -129.01 -223.052 79.5166 -129.511 -225.59 78.1836 -128.09 -223.052 79.5166 -129.511 -222.753 78.5971 -129.511 -221.403 77.2466 -129.511 -220 80 -130 -220 77.7748 -129.749 -221.403 77.2466 -129.511 -222.185 77.8149 -129.511 -220 80 -130 -224.755 76.5451 -128.09 -222.753 78.5971 -129.511 -222.185 77.8149 -129.511 -224.755 76.5451 -128.09 -225.59 78.1836 -128.09 -222.753 78.5971 -129.511 -227.991 78.7344 -125.878 -227.818 80 -126.235 -226.235 80 -127.818 -227.991 78.7344 -125.878 -229.01 80 -124.339 -227.818 80 -126.235 -227.991 78.7344 -125.878 -226.235 80 -127.818 -225.59 78.1836 -128.09 -220.483 76.9479 -129.511 -220 77.7748 -129.749 -220 75.6612 -129.01 -220.483 76.9479 -129.511 -221.403 77.2466 -129.511 -220 77.7748 -129.749 -223.455 75.2447 -128.09 -224.755 76.5451 -128.09 -222.185 77.8149 -129.511 -223.455 75.2447 -128.09 -222.185 77.8149 -129.511 -221.403 77.2466 -129.511 -227.208 76.3271 -125.878 -225.59 78.1836 -128.09 -224.755 76.5451 -128.09 -227.208 76.3271 -125.878 -227.991 78.7344 -125.878 -225.59 78.1836 -128.09 -221.816 74.4098 -128.09 -220 75.6612 -129.01 -220 73.7651 -127.818 -221.816 74.4098 -128.09 -221.403 77.2466 -129.511 -220.483 76.9479 -129.511 -221.816 74.4098 -128.09 -223.455 75.2447 -128.09 -221.403 77.2466 -129.511 -221.816 74.4098 -128.09 -220.483 76.9479 -129.511 -220 75.6612 -129.01 -225.721 74.2794 -125.878 -224.755 76.5451 -128.09 -223.455 75.2447 -128.09 -225.721 74.2794 -125.878 -227.208 76.3271 -125.878 -224.755 76.5451 -128.09 -229.045 77.0611 -123.09 -229.749 80 -122.225 -229.01 80 -124.339 -229.045 77.0611 -123.09 -229.01 75.6612 -120 -229.749 77.7748 -120 -229.045 77.0611 -123.09 -229.01 80 -124.339 -227.991 78.7344 -125.878 -229.045 77.0611 -123.09 -227.991 78.7344 -125.878 -227.208 76.3271 -125.878 -229.045 77.0611 -123.09 -229.749 77.7748 -120 -229.749 80 -122.225 -223.673 72.7916 -125.878 -223.455 75.2447 -128.09 -221.816 74.4098 -128.09 -223.673 72.7916 -125.878 -225.721 74.2794 -125.878 -223.455 75.2447 -128.09 -227.694 74.4098 -123.09 -227.818 73.7651 -120 -229.01 75.6612 -120 -227.694 74.4098 -123.09 -226.235 72.1817 -120 -227.818 73.7651 -120 -227.694 74.4098 -123.09 -229.01 75.6612 -120 -229.045 77.0611 -123.09 -227.694 74.4098 -123.09 -227.208 76.3271 -125.878 -225.721 74.2794 -125.878 -227.694 74.4098 -123.09 -229.045 77.0611 -123.09 -227.208 76.3271 -125.878 -221.266 72.0094 -125.878 -220 73.7651 -127.818 -220 72.1817 -126.235 -221.266 72.0094 -125.878 -220 72.1817 -126.235 -220 70.9903 -124.339 -221.266 72.0094 -125.878 -221.816 74.4098 -128.09 -220 73.7651 -127.818 -221.266 72.0094 -125.878 -223.673 72.7916 -125.878 -221.816 74.4098 -128.09 -225.59 72.3058 -123.09 -224.339 70.9903 -120 -226.235 72.1817 -120 -225.59 72.3058 -123.09 -226.235 72.1817 -120 -227.694 74.4098 -123.09 -225.59 72.3058 -123.09 -225.721 74.2794 -125.878 -223.673 72.7916 -125.878 -225.59 72.3058 -123.09 -227.694 74.4098 -123.09 -225.721 74.2794 -125.878 -222.939 70.9549 -123.09 -220 70.9903 -124.339 -220 70.2507 -122.225 -222.939 70.9549 -123.09 -222.225 70.2507 -120 -224.339 70.9903 -120 -222.939 70.9549 -123.09 -224.339 70.9903 -120 -225.59 72.3058 -123.09 -222.939 70.9549 -123.09 -220 70.2507 -122.225 -222.225 70.2507 -120 -222.939 70.9549 -123.09 -221.266 72.0094 -125.878 -220 70.9903 -124.339 -222.939 70.9549 -123.09 -223.673 72.7916 -125.878 -221.266 72.0094 -125.878 -222.939 70.9549 -123.09 -225.59 72.3058 -123.09 -223.673 72.7916 -125.878 -229.749 77.7748 120 -229.749 80 122.225 -230 80 120 -220 70 120 -220 70.2507 122.225 -222.225 70.2507 120 -223.052 79.5166 129.511 -222.225 80 129.749 -224.339 80 129.01 -222.753 78.5971 129.511 -220 80 130 -222.225 80 129.749 -222.753 78.5971 129.511 -222.225 80 129.749 -223.052 79.5166 129.511 -222.185 77.8149 129.511 -220 80 130 -220 80 130 -222.185 77.8149 129.511 -220 80 130 -222.753 78.5971 129.511 -225.59 78.1836 128.09 -224.339 80 129.01 -226.235 80 127.818 -225.59 78.1836 128.09 -223.052 79.5166 129.511 -224.339 80 129.01 -225.59 78.1836 128.09 -222.753 78.5971 129.511 -223.052 79.5166 129.511 -221.403 77.2466 129.511 -220 77.7748 129.749 -220 80 130 -221.403 77.2466 129.511 -220 80 130 -222.185 77.8149 129.511 -224.755 76.5451 128.09 -222.185 77.8149 129.511 -222.753 78.5971 129.511 -224.755 76.5451 128.09 -222.753 78.5971 129.511 -225.59 78.1836 128.09 -227.991 78.7344 125.878 -226.235 80 127.818 -227.818 80 126.235 -227.991 78.7344 125.878 -227.818 80 126.235 -229.01 80 124.339 -227.991 78.7344 125.878 -225.59 78.1836 128.09 -226.235 80 127.818 -220.483 76.9479 129.511 -220 75.6612 129.01 -220 77.7748 129.749 -220.483 76.9479 129.511 -220 77.7748 129.749 -221.403 77.2466 129.511 -223.455 75.2447 128.09 -222.185 77.8149 129.511 -224.755 76.5451 128.09 -223.455 75.2447 128.09 -221.403 77.2466 129.511 -222.185 77.8149 129.511 -227.208 76.3271 125.878 -224.755 76.5451 128.09 -225.59 78.1836 128.09 -227.208 76.3271 125.878 -225.59 78.1836 128.09 -227.991 78.7344 125.878 -221.816 74.4098 128.09 -220 73.7651 127.818 -220 75.6612 129.01 -221.816 74.4098 128.09 -220.483 76.9479 129.511 -221.403 77.2466 129.511 -221.816 74.4098 128.09 -221.403 77.2466 129.511 -223.455 75.2447 128.09 -221.816 74.4098 128.09 -220 75.6612 129.01 -220.483 76.9479 129.511 -225.721 74.2794 125.878 -223.455 75.2447 128.09 -224.755 76.5451 128.09 -225.721 74.2794 125.878 -224.755 76.5451 128.09 -227.208 76.3271 125.878 -229.045 77.0611 123.09 -229.01 80 124.339 -229.749 80 122.225 -229.045 77.0611 123.09 -229.749 77.7748 120 -229.01 75.6612 120 -229.045 77.0611 123.09 -227.991 78.7344 125.878 -229.01 80 124.339 -229.045 77.0611 123.09 -227.208 76.3271 125.878 -227.991 78.7344 125.878 -229.045 77.0611 123.09 -229.749 80 122.225 -229.749 77.7748 120 -223.673 72.7916 125.878 -221.816 74.4098 128.09 -223.455 75.2447 128.09 -223.673 72.7916 125.878 -223.455 75.2447 128.09 -225.721 74.2794 125.878 -227.694 74.4098 123.09 -229.01 75.6612 120 -227.818 73.7651 120 -227.694 74.4098 123.09 -227.818 73.7651 120 -226.235 72.1817 120 -227.694 74.4098 123.09 -229.045 77.0611 123.09 -229.01 75.6612 120 -227.694 74.4098 123.09 -225.721 74.2794 125.878 -227.208 76.3271 125.878 -227.694 74.4098 123.09 -227.208 76.3271 125.878 -229.045 77.0611 123.09 -221.266 72.0094 125.878 -220 72.1817 126.235 -220 73.7651 127.818 -221.266 72.0094 125.878 -220 70.9903 124.339 -220 72.1817 126.235 -221.266 72.0094 125.878 -220 73.7651 127.818 -221.816 74.4098 128.09 -221.266 72.0094 125.878 -221.816 74.4098 128.09 -223.673 72.7916 125.878 -225.59 72.3058 123.09 -226.235 72.1817 120 -224.339 70.9903 120 -225.59 72.3058 123.09 -227.694 74.4098 123.09 -226.235 72.1817 120 -225.59 72.3058 123.09 -223.673 72.7916 125.878 -225.721 74.2794 125.878 -225.59 72.3058 123.09 -225.721 74.2794 125.878 -227.694 74.4098 123.09 -222.939 70.9549 123.09 -220 70.2507 122.225 -220 70.9903 124.339 -222.939 70.9549 123.09 -224.339 70.9903 120 -222.225 70.2507 120 -222.939 70.9549 123.09 -225.59 72.3058 123.09 -224.339 70.9903 120 -222.939 70.9549 123.09 -222.225 70.2507 120 -220 70.2507 122.225 -222.939 70.9549 123.09 -220 70.9903 124.339 -221.266 72.0094 125.878 -222.939 70.9549 123.09 -221.266 72.0094 125.878 -223.673 72.7916 125.878 -222.939 70.9549 123.09 -223.673 72.7916 125.878 -225.59 72.3058 123.09 -40 70 120 -220 70 120 -220 70 -120 -40 70 120 -220 70 -120 -40 70 -120 -40 320 -130 -220 80 -130 -220 320 -130 -40 320 -130 -40 80 -130 -220 80 -130 -229.749 322.225 -120 -229.749 320 -122.225 -230 320 -120 -220 330 -120 -220 329.749 -122.225 -222.225 329.749 -120 -223.052 320.483 -129.511 -222.225 320 -129.749 -224.339 320 -129.01 -222.753 321.403 -129.511 -220 320 -130 -222.225 320 -129.749 -222.753 321.403 -129.511 -222.225 320 -129.749 -223.052 320.483 -129.511 -222.185 322.185 -129.511 -220 320 -130 -220 320 -130 -222.185 322.185 -129.511 -220 320 -130 -222.753 321.403 -129.511 -225.59 321.816 -128.09 -224.339 320 -129.01 -226.235 320 -127.818 -225.59 321.816 -128.09 -223.052 320.483 -129.511 -224.339 320 -129.01 -225.59 321.816 -128.09 -222.753 321.403 -129.511 -223.052 320.483 -129.511 -221.403 322.753 -129.511 -220 322.225 -129.749 -220 320 -130 -221.403 322.753 -129.511 -220 320 -130 -222.185 322.185 -129.511 -224.755 323.455 -128.09 -222.185 322.185 -129.511 -222.753 321.403 -129.511 -224.755 323.455 -128.09 -222.753 321.403 -129.511 -225.59 321.816 -128.09 -227.991 321.266 -125.878 -226.235 320 -127.818 -227.818 320 -126.235 -227.991 321.266 -125.878 -227.818 320 -126.235 -229.01 320 -124.339 -227.991 321.266 -125.878 -225.59 321.816 -128.09 -226.235 320 -127.818 -220.483 323.052 -129.511 -220 324.339 -129.01 -220 322.225 -129.749 -220.483 323.052 -129.511 -220 322.225 -129.749 -221.403 322.753 -129.511 -223.455 324.755 -128.09 -222.185 322.185 -129.511 -224.755 323.455 -128.09 -223.455 324.755 -128.09 -221.403 322.753 -129.511 -222.185 322.185 -129.511 -227.208 323.673 -125.878 -225.59 321.816 -128.09 -227.991 321.266 -125.878 -227.208 323.673 -125.878 -224.755 323.455 -128.09 -225.59 321.816 -128.09 -221.816 325.59 -128.09 -220 326.235 -127.818 -220 324.339 -129.01 -221.816 325.59 -128.09 -220.483 323.052 -129.511 -221.403 322.753 -129.511 -221.816 325.59 -128.09 -221.403 322.753 -129.511 -223.455 324.755 -128.09 -221.816 325.59 -128.09 -220 324.339 -129.01 -220.483 323.052 -129.511 -225.721 325.721 -125.878 -223.455 324.755 -128.09 -224.755 323.455 -128.09 -225.721 325.721 -125.878 -224.755 323.455 -128.09 -227.208 323.673 -125.878 -229.045 322.939 -123.09 -229.01 320 -124.339 -229.749 320 -122.225 -229.045 322.939 -123.09 -229.749 322.225 -120 -229.01 324.339 -120 -229.045 322.939 -123.09 -227.991 321.266 -125.878 -229.01 320 -124.339 -229.045 322.939 -123.09 -227.208 323.673 -125.878 -227.991 321.266 -125.878 -229.045 322.939 -123.09 -229.749 320 -122.225 -229.749 322.225 -120 -223.673 327.208 -125.878 -221.816 325.59 -128.09 -223.455 324.755 -128.09 -223.673 327.208 -125.878 -223.455 324.755 -128.09 -225.721 325.721 -125.878 -227.694 325.59 -123.09 -229.01 324.339 -120 -227.818 326.235 -120 -227.694 325.59 -123.09 -227.818 326.235 -120 -226.235 327.818 -120 -227.694 325.59 -123.09 -229.045 322.939 -123.09 -229.01 324.339 -120 -227.694 325.59 -123.09 -225.721 325.721 -125.878 -227.208 323.673 -125.878 -227.694 325.59 -123.09 -227.208 323.673 -125.878 -229.045 322.939 -123.09 -221.266 327.991 -125.878 -220 327.818 -126.235 -220 326.235 -127.818 -221.266 327.991 -125.878 -220 329.01 -124.339 -220 327.818 -126.235 -221.266 327.991 -125.878 -220 326.235 -127.818 -221.816 325.59 -128.09 -221.266 327.991 -125.878 -221.816 325.59 -128.09 -223.673 327.208 -125.878 -225.59 327.694 -123.09 -226.235 327.818 -120 -224.339 329.01 -120 -225.59 327.694 -123.09 -227.694 325.59 -123.09 -226.235 327.818 -120 -225.59 327.694 -123.09 -223.673 327.208 -125.878 -225.721 325.721 -125.878 -225.59 327.694 -123.09 -225.721 325.721 -125.878 -227.694 325.59 -123.09 -222.939 329.045 -123.09 -220 329.749 -122.225 -220 329.01 -124.339 -222.939 329.045 -123.09 -224.339 329.01 -120 -222.225 329.749 -120 -222.939 329.045 -123.09 -225.59 327.694 -123.09 -224.339 329.01 -120 -222.939 329.045 -123.09 -222.225 329.749 -120 -220 329.749 -122.225 -222.939 329.045 -123.09 -220 329.01 -124.339 -221.266 327.991 -125.878 -222.939 329.045 -123.09 -221.266 327.991 -125.878 -223.673 327.208 -125.878 -222.939 329.045 -123.09 -223.673 327.208 -125.878 -225.59 327.694 -123.09 -40 320 130 -220 320 130 -220 80 130 -40 320 130 -220 80 130 -40 80 130 -229.749 320 122.225 -229.749 322.225 120 -230 320 120 -220 320 130 -220 322.225 129.749 -222.225 320 129.749 -223.052 329.511 120.483 -222.225 329.749 120 -224.339 329.01 120 -222.753 329.511 121.403 -220 330 120 -222.225 329.749 120 -222.753 329.511 121.403 -222.225 329.749 120 -223.052 329.511 120.483 -222.185 329.511 122.185 -220 330 120 -220 330 120 -222.185 329.511 122.185 -220 330 120 -222.753 329.511 121.403 -225.59 328.09 121.816 -224.339 329.01 120 -226.235 327.818 120 -225.59 328.09 121.816 -223.052 329.511 120.483 -224.339 329.01 120 -225.59 328.09 121.816 -222.753 329.511 121.403 -223.052 329.511 120.483 -221.403 329.511 122.753 -220 329.749 122.225 -220 330 120 -221.403 329.511 122.753 -220 330 120 -222.185 329.511 122.185 -224.755 328.09 123.455 -222.185 329.511 122.185 -222.753 329.511 121.403 -224.755 328.09 123.455 -222.753 329.511 121.403 -225.59 328.09 121.816 -227.991 325.878 121.266 -226.235 327.818 120 -227.818 326.235 120 -227.991 325.878 121.266 -227.818 326.235 120 -229.01 324.339 120 -227.991 325.878 121.266 -225.59 328.09 121.816 -226.235 327.818 120 -220.483 329.511 123.052 -220 329.01 124.339 -220 329.749 122.225 -220.483 329.511 123.052 -220 329.749 122.225 -221.403 329.511 122.753 -223.455 328.09 124.755 -222.185 329.511 122.185 -224.755 328.09 123.455 -223.455 328.09 124.755 -221.403 329.511 122.753 -222.185 329.511 122.185 -227.208 325.878 123.673 -225.59 328.09 121.816 -227.991 325.878 121.266 -227.208 325.878 123.673 -224.755 328.09 123.455 -225.59 328.09 121.816 -221.816 328.09 125.59 -220 327.818 126.235 -220 329.01 124.339 -221.816 328.09 125.59 -220.483 329.511 123.052 -221.403 329.511 122.753 -221.816 328.09 125.59 -220 329.01 124.339 -220.483 329.511 123.052 -221.816 328.09 125.59 -221.403 329.511 122.753 -223.455 328.09 124.755 -225.721 325.878 125.721 -223.455 328.09 124.755 -224.755 328.09 123.455 -225.721 325.878 125.721 -224.755 328.09 123.455 -227.208 325.878 123.673 -229.045 323.09 122.939 -229.01 324.339 120 -229.749 322.225 120 -229.045 323.09 122.939 -229.749 320 122.225 -229.01 320 124.339 -229.045 323.09 122.939 -227.991 325.878 121.266 -229.01 324.339 120 -229.045 323.09 122.939 -227.208 325.878 123.673 -227.991 325.878 121.266 -229.045 323.09 122.939 -229.749 322.225 120 -229.749 320 122.225 -223.673 325.878 127.208 -221.816 328.09 125.59 -223.455 328.09 124.755 -223.673 325.878 127.208 -223.455 328.09 124.755 -225.721 325.878 125.721 -227.694 323.09 125.59 -229.01 320 124.339 -227.818 320 126.235 -227.694 323.09 125.59 -229.045 323.09 122.939 -229.01 320 124.339 -227.694 323.09 125.59 -225.721 325.878 125.721 -227.208 325.878 123.673 -227.694 323.09 125.59 -227.208 325.878 123.673 -229.045 323.09 122.939 -221.266 325.878 127.991 -220 326.235 127.818 -220 327.818 126.235 -221.266 325.878 127.991 -220 324.339 129.01 -220 326.235 127.818 -221.266 325.878 127.991 -220 327.818 126.235 -221.816 328.09 125.59 -221.266 325.878 127.991 -221.816 328.09 125.59 -223.673 325.878 127.208 -225.59 323.09 127.694 -227.818 320 126.235 -226.235 320 127.818 -225.59 323.09 127.694 -226.235 320 127.818 -224.339 320 129.01 -225.59 323.09 127.694 -227.694 323.09 125.59 -227.818 320 126.235 -225.59 323.09 127.694 -223.673 325.878 127.208 -225.721 325.878 125.721 -225.59 323.09 127.694 -225.721 325.878 125.721 -227.694 323.09 125.59 -222.939 323.09 129.045 -220 322.225 129.749 -220 324.339 129.01 -222.939 323.09 129.045 -224.339 320 129.01 -222.225 320 129.749 -222.939 323.09 129.045 -222.225 320 129.749 -220 322.225 129.749 -222.939 323.09 129.045 -225.59 323.09 127.694 -224.339 320 129.01 -222.939 323.09 129.045 -220 324.339 129.01 -221.266 325.878 127.991 -222.939 323.09 129.045 -221.266 325.878 127.991 -223.673 325.878 127.208 -222.939 323.09 129.045 -223.673 325.878 127.208 -225.59 323.09 127.694 -40 330 120 -220 330 -120 -220 330 120 -40 330 120 -40 330 -120 -220 330 -120 -40 70.2507 -122.225 -220 70 -120 -220 70.2507 -122.225 -40 70.2507 -122.225 -40 70 -120 -220 70 -120 -40 70.9903 -124.339 -220 70.2507 -122.225 -220 70.9903 -124.339 -40 70.9903 -124.339 -40 70.2507 -122.225 -220 70.2507 -122.225 -40 72.1817 -126.235 -220 70.9903 -124.339 -220 72.1817 -126.235 -40 72.1817 -126.235 -40 70.9903 -124.339 -220 70.9903 -124.339 -40 73.7651 -127.818 -220 72.1817 -126.235 -220 73.7651 -127.818 -40 73.7651 -127.818 -40 72.1817 -126.235 -220 72.1817 -126.235 -40 75.6612 -129.01 -220 75.6612 -129.01 -220 77.7748 -129.749 -40 75.6612 -129.01 -220 73.7651 -127.818 -220 75.6612 -129.01 -40 75.6612 -129.01 -40 73.7651 -127.818 -220 73.7651 -127.818 -40 77.7748 -129.749 -40 75.6612 -129.01 -220 77.7748 -129.749 -40 80 -130 -220 77.7748 -129.749 -220 80 -130 -40 80 -130 -40 77.7748 -129.749 -220 77.7748 -129.749 -40 70.2507 122.225 -220 70.2507 122.225 -220 70 120 -40 70.2507 122.225 -220 70 120 -40 70 120 -40 70.9903 124.339 -220 70.9903 124.339 -220 70.2507 122.225 -40 70.9903 124.339 -220 70.2507 122.225 -40 70.2507 122.225 -40 72.1817 126.235 -220 72.1817 126.235 -220 70.9903 124.339 -40 72.1817 126.235 -220 70.9903 124.339 -40 70.9903 124.339 -40 73.7651 127.818 -220 73.7651 127.818 -220 72.1817 126.235 -40 73.7651 127.818 -220 72.1817 126.235 -40 72.1817 126.235 -40 75.6612 129.01 -220 77.7748 129.749 -220 75.6612 129.01 -40 75.6612 129.01 -220 75.6612 129.01 -220 73.7651 127.818 -40 75.6612 129.01 -220 73.7651 127.818 -40 73.7651 127.818 -40 77.7748 129.749 -220 77.7748 129.749 -40 75.6612 129.01 -40 80 130 -220 80 130 -220 77.7748 129.749 -40 80 130 -220 77.7748 129.749 -40 77.7748 129.749 -30.2507 77.7748 120 -30 80 -120 -30 80 120 -30.2507 77.7748 120 -30.2507 77.7748 -120 -30 80 -120 -30.9903 75.6612 120 -30.9903 75.6612 -120 -30.2507 77.7748 -120 -30.9903 75.6612 120 -30.2507 77.7748 -120 -30.2507 77.7748 120 -32.1817 73.7651 120 -32.1817 73.7651 -120 -30.9903 75.6612 -120 -32.1817 73.7651 120 -30.9903 75.6612 -120 -30.9903 75.6612 120 -33.7651 72.1817 120 -33.7651 72.1817 -120 -32.1817 73.7651 -120 -33.7651 72.1817 120 -35.6612 70.9903 -120 -33.7651 72.1817 -120 -33.7651 72.1817 120 -32.1817 73.7651 -120 -32.1817 73.7651 120 -35.6612 70.9903 120 -35.6612 70.9903 -120 -33.7651 72.1817 120 -37.7748 70.2507 120 -37.7748 70.2507 -120 -35.6612 70.9903 -120 -37.7748 70.2507 120 -40 70 -120 -37.7748 70.2507 -120 -37.7748 70.2507 120 -35.6612 70.9903 -120 -35.6612 70.9903 120 -40 70 120 -40 70 -120 -37.7748 70.2507 120 -40 329.749 -122.225 -220 329.749 -122.225 -220 330 -120 -40 329.749 -122.225 -220 330 -120 -40 330 -120 -40 329.01 -124.339 -220 329.01 -124.339 -220 329.749 -122.225 -40 329.01 -124.339 -220 329.749 -122.225 -40 329.749 -122.225 -40 327.818 -126.235 -220 327.818 -126.235 -220 329.01 -124.339 -40 327.818 -126.235 -220 329.01 -124.339 -40 329.01 -124.339 -40 326.235 -127.818 -220 326.235 -127.818 -220 327.818 -126.235 -40 326.235 -127.818 -220 327.818 -126.235 -40 327.818 -126.235 -40 324.339 -129.01 -220 322.225 -129.749 -220 324.339 -129.01 -40 324.339 -129.01 -220 324.339 -129.01 -220 326.235 -127.818 -40 324.339 -129.01 -220 326.235 -127.818 -40 326.235 -127.818 -40 322.225 -129.749 -220 322.225 -129.749 -40 324.339 -129.01 -40 320 -130 -220 320 -130 -220 322.225 -129.749 -40 320 -130 -220 322.225 -129.749 -40 322.225 -129.749 -30.2507 320 -122.225 -30 80 -120 -30.2507 80 -122.225 -30.2507 320 -122.225 -30 320 -120 -30 80 -120 -30.9903 320 -124.339 -30.2507 80 -122.225 -30.9903 80 -124.339 -30.9903 320 -124.339 -30.2507 320 -122.225 -30.2507 80 -122.225 -32.1817 320 -126.235 -30.9903 80 -124.339 -32.1817 80 -126.235 -32.1817 320 -126.235 -30.9903 320 -124.339 -30.9903 80 -124.339 -33.7651 320 -127.818 -33.7651 80 -127.818 -35.6612 80 -129.01 -33.7651 320 -127.818 -32.1817 80 -126.235 -33.7651 80 -127.818 -33.7651 320 -127.818 -32.1817 320 -126.235 -32.1817 80 -126.235 -35.6612 320 -129.01 -33.7651 320 -127.818 -35.6612 80 -129.01 -37.7748 320 -129.749 -37.7748 80 -129.749 -40 80 -130 -37.7748 320 -129.749 -35.6612 80 -129.01 -37.7748 80 -129.749 -37.7748 320 -129.749 -35.6612 320 -129.01 -35.6612 80 -129.01 -40 320 -130 -37.7748 320 -129.749 -40 80 -130 -40 329.749 122.225 -220 330 120 -220 329.749 122.225 -40 329.749 122.225 -40 330 120 -220 330 120 -40 329.01 124.339 -220 329.749 122.225 -220 329.01 124.339 -40 329.01 124.339 -40 329.749 122.225 -220 329.749 122.225 -40 327.818 126.235 -220 329.01 124.339 -220 327.818 126.235 -40 327.818 126.235 -40 329.01 124.339 -220 329.01 124.339 -40 326.235 127.818 -220 327.818 126.235 -220 326.235 127.818 -40 326.235 127.818 -40 327.818 126.235 -220 327.818 126.235 -40 324.339 129.01 -220 326.235 127.818 -220 324.339 129.01 -40 324.339 129.01 -220 324.339 129.01 -220 322.225 129.749 -40 324.339 129.01 -40 326.235 127.818 -220 326.235 127.818 -40 322.225 129.749 -40 324.339 129.01 -220 322.225 129.749 -40 320 130 -220 322.225 129.749 -220 320 130 -40 320 130 -40 322.225 129.749 -220 322.225 129.749 -30.2507 320 122.225 -30.2507 80 122.225 -30 80 120 -30.2507 320 122.225 -30 80 120 -30 320 120 -30.9903 320 124.339 -30.9903 80 124.339 -30.2507 80 122.225 -30.9903 320 124.339 -30.2507 80 122.225 -30.2507 320 122.225 -32.1817 320 126.235 -32.1817 80 126.235 -30.9903 80 124.339 -32.1817 320 126.235 -30.9903 80 124.339 -30.9903 320 124.339 -33.7651 320 127.818 -35.6612 80 129.01 -33.7651 80 127.818 -33.7651 320 127.818 -33.7651 80 127.818 -32.1817 80 126.235 -33.7651 320 127.818 -32.1817 80 126.235 -32.1817 320 126.235 -35.6612 320 129.01 -35.6612 80 129.01 -33.7651 320 127.818 -37.7748 320 129.749 -40 80 130 -37.7748 80 129.749 -37.7748 320 129.749 -37.7748 80 129.749 -35.6612 80 129.01 -37.7748 320 129.749 -35.6612 80 129.01 -35.6612 320 129.01 -40 320 130 -40 80 130 -37.7748 320 129.749 -30.2507 322.225 120 -30 320 120 -30 320 -120 -30.2507 322.225 120 -30 320 -120 -30.2507 322.225 -120 -30.9903 324.339 120 -30.2507 322.225 -120 -30.9903 324.339 -120 -30.9903 324.339 120 -30.2507 322.225 120 -30.2507 322.225 -120 -32.1817 326.235 120 -30.9903 324.339 -120 -32.1817 326.235 -120 -32.1817 326.235 120 -30.9903 324.339 120 -30.9903 324.339 -120 -33.7651 327.818 120 -32.1817 326.235 -120 -33.7651 327.818 -120 -33.7651 327.818 120 -33.7651 327.818 -120 -35.6612 329.01 -120 -33.7651 327.818 120 -32.1817 326.235 120 -32.1817 326.235 -120 -35.6612 329.01 120 -33.7651 327.818 120 -35.6612 329.01 -120 -37.7748 329.749 120 -35.6612 329.01 -120 -37.7748 329.749 -120 -37.7748 329.749 120 -37.7748 329.749 -120 -40 330 -120 -37.7748 329.749 120 -35.6612 329.01 120 -35.6612 329.01 -120 -40 330 120 -37.7748 329.749 120 -40 330 -120 -30.2507 77.7748 -120 -30.2507 80 -122.225 -30 80 -120 -40 70 -120 -40 70.2507 -122.225 -37.7748 70.2507 -120 -36.9479 79.5166 -129.511 -37.7748 80 -129.749 -35.6612 80 -129.01 -37.2466 78.5971 -129.511 -40 80 -130 -37.7748 80 -129.749 -37.2466 78.5971 -129.511 -37.7748 80 -129.749 -36.9479 79.5166 -129.511 -37.8149 77.8149 -129.511 -40 80 -130 -40 80 -130 -37.8149 77.8149 -129.511 -40 80 -130 -37.2466 78.5971 -129.511 -34.4098 78.1836 -128.09 -35.6612 80 -129.01 -33.7651 80 -127.818 -34.4098 78.1836 -128.09 -36.9479 79.5166 -129.511 -35.6612 80 -129.01 -34.4098 78.1836 -128.09 -37.2466 78.5971 -129.511 -36.9479 79.5166 -129.511 -38.5971 77.2466 -129.511 -40 77.7748 -129.749 -40 80 -130 -38.5971 77.2466 -129.511 -40 80 -130 -37.8149 77.8149 -129.511 -35.2447 76.5451 -128.09 -37.8149 77.8149 -129.511 -37.2466 78.5971 -129.511 -35.2447 76.5451 -128.09 -37.2466 78.5971 -129.511 -34.4098 78.1836 -128.09 -32.0094 78.7344 -125.878 -33.7651 80 -127.818 -32.1817 80 -126.235 -32.0094 78.7344 -125.878 -32.1817 80 -126.235 -30.9903 80 -124.339 -32.0094 78.7344 -125.878 -34.4098 78.1836 -128.09 -33.7651 80 -127.818 -39.5166 76.9479 -129.511 -40 75.6612 -129.01 -40 77.7748 -129.749 -39.5166 76.9479 -129.511 -40 77.7748 -129.749 -38.5971 77.2466 -129.511 -36.5451 75.2447 -128.09 -37.8149 77.8149 -129.511 -35.2447 76.5451 -128.09 -36.5451 75.2447 -128.09 -38.5971 77.2466 -129.511 -37.8149 77.8149 -129.511 -32.7916 76.3271 -125.878 -35.2447 76.5451 -128.09 -34.4098 78.1836 -128.09 -32.7916 76.3271 -125.878 -34.4098 78.1836 -128.09 -32.0094 78.7344 -125.878 -38.1836 74.4098 -128.09 -40 73.7651 -127.818 -40 75.6612 -129.01 -38.1836 74.4098 -128.09 -39.5166 76.9479 -129.511 -38.5971 77.2466 -129.511 -38.1836 74.4098 -128.09 -40 75.6612 -129.01 -39.5166 76.9479 -129.511 -38.1836 74.4098 -128.09 -38.5971 77.2466 -129.511 -36.5451 75.2447 -128.09 -34.2794 74.2794 -125.878 -36.5451 75.2447 -128.09 -35.2447 76.5451 -128.09 -34.2794 74.2794 -125.878 -35.2447 76.5451 -128.09 -32.7916 76.3271 -125.878 -30.9549 77.0611 -123.09 -30.9903 80 -124.339 -30.2507 80 -122.225 -30.9549 77.0611 -123.09 -30.2507 77.7748 -120 -30.9903 75.6612 -120 -30.9549 77.0611 -123.09 -32.0094 78.7344 -125.878 -30.9903 80 -124.339 -30.9549 77.0611 -123.09 -32.7916 76.3271 -125.878 -32.0094 78.7344 -125.878 -30.9549 77.0611 -123.09 -30.2507 80 -122.225 -30.2507 77.7748 -120 -36.3271 72.7916 -125.878 -38.1836 74.4098 -128.09 -36.5451 75.2447 -128.09 -36.3271 72.7916 -125.878 -36.5451 75.2447 -128.09 -34.2794 74.2794 -125.878 -32.3058 74.4098 -123.09 -30.9903 75.6612 -120 -32.1817 73.7651 -120 -32.3058 74.4098 -123.09 -30.9549 77.0611 -123.09 -30.9903 75.6612 -120 -32.3058 74.4098 -123.09 -34.2794 74.2794 -125.878 -32.7916 76.3271 -125.878 -32.3058 74.4098 -123.09 -32.7916 76.3271 -125.878 -30.9549 77.0611 -123.09 -38.7344 72.0094 -125.878 -40 72.1817 -126.235 -40 73.7651 -127.818 -38.7344 72.0094 -125.878 -40 70.9903 -124.339 -40 72.1817 -126.235 -38.7344 72.0094 -125.878 -40 73.7651 -127.818 -38.1836 74.4098 -128.09 -38.7344 72.0094 -125.878 -38.1836 74.4098 -128.09 -36.3271 72.7916 -125.878 -34.4098 72.3058 -123.09 -32.1817 73.7651 -120 -33.7651 72.1817 -120 -34.4098 72.3058 -123.09 -33.7651 72.1817 -120 -35.6612 70.9903 -120 -34.4098 72.3058 -123.09 -32.3058 74.4098 -123.09 -32.1817 73.7651 -120 -34.4098 72.3058 -123.09 -36.3271 72.7916 -125.878 -34.2794 74.2794 -125.878 -34.4098 72.3058 -123.09 -34.2794 74.2794 -125.878 -32.3058 74.4098 -123.09 -37.0611 70.9549 -123.09 -40 70.2507 -122.225 -40 70.9903 -124.339 -37.0611 70.9549 -123.09 -35.6612 70.9903 -120 -37.7748 70.2507 -120 -37.0611 70.9549 -123.09 -37.7748 70.2507 -120 -40 70.2507 -122.225 -37.0611 70.9549 -123.09 -34.4098 72.3058 -123.09 -35.6612 70.9903 -120 -37.0611 70.9549 -123.09 -40 70.9903 -124.339 -38.7344 72.0094 -125.878 -37.0611 70.9549 -123.09 -38.7344 72.0094 -125.878 -36.3271 72.7916 -125.878 -37.0611 70.9549 -123.09 -36.3271 72.7916 -125.878 -34.4098 72.3058 -123.09 -30.2507 77.7748 120 -30 80 120 -30.2507 80 122.225 -40 70 120 -37.7748 70.2507 120 -40 70.2507 122.225 -36.9479 79.5166 129.511 -35.6612 80 129.01 -37.7748 80 129.749 -37.2466 78.5971 129.511 -37.7748 80 129.749 -40 80 130 -37.2466 78.5971 129.511 -36.9479 79.5166 129.511 -37.7748 80 129.749 -37.8149 77.8149 129.511 -40 80 130 -40 80 130 -37.8149 77.8149 129.511 -37.2466 78.5971 129.511 -40 80 130 -34.4098 78.1836 128.09 -33.7651 80 127.818 -35.6612 80 129.01 -34.4098 78.1836 128.09 -35.6612 80 129.01 -36.9479 79.5166 129.511 -34.4098 78.1836 128.09 -36.9479 79.5166 129.511 -37.2466 78.5971 129.511 -38.5971 77.2466 129.511 -40 80 130 -40 77.7748 129.749 -38.5971 77.2466 129.511 -37.8149 77.8149 129.511 -40 80 130 -35.2447 76.5451 128.09 -37.2466 78.5971 129.511 -37.8149 77.8149 129.511 -35.2447 76.5451 128.09 -34.4098 78.1836 128.09 -37.2466 78.5971 129.511 -32.0094 78.7344 125.878 -32.1817 80 126.235 -33.7651 80 127.818 -32.0094 78.7344 125.878 -30.9903 80 124.339 -32.1817 80 126.235 -32.0094 78.7344 125.878 -33.7651 80 127.818 -34.4098 78.1836 128.09 -39.5166 76.9479 129.511 -40 77.7748 129.749 -40 75.6612 129.01 -39.5166 76.9479 129.511 -38.5971 77.2466 129.511 -40 77.7748 129.749 -36.5451 75.2447 128.09 -35.2447 76.5451 128.09 -37.8149 77.8149 129.511 -36.5451 75.2447 128.09 -37.8149 77.8149 129.511 -38.5971 77.2466 129.511 -32.7916 76.3271 125.878 -34.4098 78.1836 128.09 -35.2447 76.5451 128.09 -32.7916 76.3271 125.878 -32.0094 78.7344 125.878 -34.4098 78.1836 128.09 -38.1836 74.4098 128.09 -40 75.6612 129.01 -40 73.7651 127.818 -38.1836 74.4098 128.09 -38.5971 77.2466 129.511 -39.5166 76.9479 129.511 -38.1836 74.4098 128.09 -39.5166 76.9479 129.511 -40 75.6612 129.01 -38.1836 74.4098 128.09 -36.5451 75.2447 128.09 -38.5971 77.2466 129.511 -34.2794 74.2794 125.878 -35.2447 76.5451 128.09 -36.5451 75.2447 128.09 -34.2794 74.2794 125.878 -32.7916 76.3271 125.878 -35.2447 76.5451 128.09 -30.9549 77.0611 123.09 -30.2507 80 122.225 -30.9903 80 124.339 -30.9549 77.0611 123.09 -30.9903 75.6612 120 -30.2507 77.7748 120 -30.9549 77.0611 123.09 -30.9903 80 124.339 -32.0094 78.7344 125.878 -30.9549 77.0611 123.09 -32.0094 78.7344 125.878 -32.7916 76.3271 125.878 -30.9549 77.0611 123.09 -30.2507 77.7748 120 -30.2507 80 122.225 -36.3271 72.7916 125.878 -36.5451 75.2447 128.09 -38.1836 74.4098 128.09 -36.3271 72.7916 125.878 -34.2794 74.2794 125.878 -36.5451 75.2447 128.09 -32.3058 74.4098 123.09 -32.1817 73.7651 120 -30.9903 75.6612 120 -32.3058 74.4098 123.09 -30.9903 75.6612 120 -30.9549 77.0611 123.09 -32.3058 74.4098 123.09 -32.7916 76.3271 125.878 -34.2794 74.2794 125.878 -32.3058 74.4098 123.09 -30.9549 77.0611 123.09 -32.7916 76.3271 125.878 -38.7344 72.0094 125.878 -40 73.7651 127.818 -40 72.1817 126.235 -38.7344 72.0094 125.878 -40 72.1817 126.235 -40 70.9903 124.339 -38.7344 72.0094 125.878 -38.1836 74.4098 128.09 -40 73.7651 127.818 -38.7344 72.0094 125.878 -36.3271 72.7916 125.878 -38.1836 74.4098 128.09 -34.4098 72.3058 123.09 -33.7651 72.1817 120 -32.1817 73.7651 120 -34.4098 72.3058 123.09 -35.6612 70.9903 120 -33.7651 72.1817 120 -34.4098 72.3058 123.09 -32.1817 73.7651 120 -32.3058 74.4098 123.09 -34.4098 72.3058 123.09 -34.2794 74.2794 125.878 -36.3271 72.7916 125.878 -34.4098 72.3058 123.09 -32.3058 74.4098 123.09 -34.2794 74.2794 125.878 -37.0611 70.9549 123.09 -40 70.9903 124.339 -40 70.2507 122.225 -37.0611 70.9549 123.09 -37.7748 70.2507 120 -35.6612 70.9903 120 -37.0611 70.9549 123.09 -40 70.2507 122.225 -37.7748 70.2507 120 -37.0611 70.9549 123.09 -35.6612 70.9903 120 -34.4098 72.3058 123.09 -37.0611 70.9549 123.09 -38.7344 72.0094 125.878 -40 70.9903 124.339 -37.0611 70.9549 123.09 -36.3271 72.7916 125.878 -38.7344 72.0094 125.878 -37.0611 70.9549 123.09 -34.4098 72.3058 123.09 -36.3271 72.7916 125.878 -30 300 100 -30 320 -120 -30 320 120 -30 300 100 -30 300 -100 -30 320 -120 -30 100 -100 -30 80 -120 -30 320 -120 -30 100 -100 -30 320 -120 -30 300 -100 -30 100 100 -30 300 100 -30 320 120 -30 80 120 -30 100 100 -30 320 120 -30 80 120 -30 80 -120 -30 100 -100 -30 80 120 -30 100 -100 -30 100 100 -30.2507 322.225 -120 -30 320 -120 -30.2507 320 -122.225 -40 330 -120 -37.7748 329.749 -120 -40 329.749 -122.225 -36.9479 320.483 -129.511 -35.6612 320 -129.01 -37.7748 320 -129.749 -37.2466 321.403 -129.511 -37.7748 320 -129.749 -40 320 -130 -37.2466 321.403 -129.511 -36.9479 320.483 -129.511 -37.7748 320 -129.749 -37.8149 322.185 -129.511 -40 320 -130 -40 320 -130 -37.8149 322.185 -129.511 -37.2466 321.403 -129.511 -40 320 -130 -34.4098 321.816 -128.09 -33.7651 320 -127.818 -35.6612 320 -129.01 -34.4098 321.816 -128.09 -35.6612 320 -129.01 -36.9479 320.483 -129.511 -34.4098 321.816 -128.09 -36.9479 320.483 -129.511 -37.2466 321.403 -129.511 -38.5971 322.753 -129.511 -40 320 -130 -40 322.225 -129.749 -38.5971 322.753 -129.511 -37.8149 322.185 -129.511 -40 320 -130 -35.2447 323.455 -128.09 -37.2466 321.403 -129.511 -37.8149 322.185 -129.511 -35.2447 323.455 -128.09 -34.4098 321.816 -128.09 -37.2466 321.403 -129.511 -32.0094 321.266 -125.878 -32.1817 320 -126.235 -33.7651 320 -127.818 -32.0094 321.266 -125.878 -30.9903 320 -124.339 -32.1817 320 -126.235 -32.0094 321.266 -125.878 -33.7651 320 -127.818 -34.4098 321.816 -128.09 -39.5166 323.052 -129.511 -40 322.225 -129.749 -40 324.339 -129.01 -39.5166 323.052 -129.511 -38.5971 322.753 -129.511 -40 322.225 -129.749 -36.5451 324.755 -128.09 -35.2447 323.455 -128.09 -37.8149 322.185 -129.511 -36.5451 324.755 -128.09 -37.8149 322.185 -129.511 -38.5971 322.753 -129.511 -32.7916 323.673 -125.878 -34.4098 321.816 -128.09 -35.2447 323.455 -128.09 -32.7916 323.673 -125.878 -32.0094 321.266 -125.878 -34.4098 321.816 -128.09 -38.1836 325.59 -128.09 -40 324.339 -129.01 -40 326.235 -127.818 -38.1836 325.59 -128.09 -38.5971 322.753 -129.511 -39.5166 323.052 -129.511 -38.1836 325.59 -128.09 -39.5166 323.052 -129.511 -40 324.339 -129.01 -38.1836 325.59 -128.09 -36.5451 324.755 -128.09 -38.5971 322.753 -129.511 -34.2794 325.721 -125.878 -35.2447 323.455 -128.09 -36.5451 324.755 -128.09 -34.2794 325.721 -125.878 -32.7916 323.673 -125.878 -35.2447 323.455 -128.09 -30.9549 322.939 -123.09 -30.2507 320 -122.225 -30.9903 320 -124.339 -30.9549 322.939 -123.09 -30.9903 324.339 -120 -30.2507 322.225 -120 -30.9549 322.939 -123.09 -30.9903 320 -124.339 -32.0094 321.266 -125.878 -30.9549 322.939 -123.09 -32.0094 321.266 -125.878 -32.7916 323.673 -125.878 -30.9549 322.939 -123.09 -30.2507 322.225 -120 -30.2507 320 -122.225 -36.3271 327.208 -125.878 -36.5451 324.755 -128.09 -38.1836 325.59 -128.09 -36.3271 327.208 -125.878 -34.2794 325.721 -125.878 -36.5451 324.755 -128.09 -32.3058 325.59 -123.09 -32.1817 326.235 -120 -30.9903 324.339 -120 -32.3058 325.59 -123.09 -30.9903 324.339 -120 -30.9549 322.939 -123.09 -32.3058 325.59 -123.09 -32.7916 323.673 -125.878 -34.2794 325.721 -125.878 -32.3058 325.59 -123.09 -30.9549 322.939 -123.09 -32.7916 323.673 -125.878 -38.7344 327.991 -125.878 -40 326.235 -127.818 -40 327.818 -126.235 -38.7344 327.991 -125.878 -40 327.818 -126.235 -40 329.01 -124.339 -38.7344 327.991 -125.878 -38.1836 325.59 -128.09 -40 326.235 -127.818 -38.7344 327.991 -125.878 -36.3271 327.208 -125.878 -38.1836 325.59 -128.09 -34.4098 327.694 -123.09 -33.7651 327.818 -120 -32.1817 326.235 -120 -34.4098 327.694 -123.09 -35.6612 329.01 -120 -33.7651 327.818 -120 -34.4098 327.694 -123.09 -32.1817 326.235 -120 -32.3058 325.59 -123.09 -34.4098 327.694 -123.09 -34.2794 325.721 -125.878 -36.3271 327.208 -125.878 -34.4098 327.694 -123.09 -32.3058 325.59 -123.09 -34.2794 325.721 -125.878 -37.0611 329.045 -123.09 -40 329.01 -124.339 -40 329.749 -122.225 -37.0611 329.045 -123.09 -37.7748 329.749 -120 -35.6612 329.01 -120 -37.0611 329.045 -123.09 -40 329.749 -122.225 -37.7748 329.749 -120 -37.0611 329.045 -123.09 -35.6612 329.01 -120 -34.4098 327.694 -123.09 -37.0611 329.045 -123.09 -38.7344 327.991 -125.878 -40 329.01 -124.339 -37.0611 329.045 -123.09 -36.3271 327.208 -125.878 -38.7344 327.991 -125.878 -37.0611 329.045 -123.09 -34.4098 327.694 -123.09 -36.3271 327.208 -125.878 -30.2507 320 122.225 -30 320 120 -30.2507 322.225 120 -40 320 130 -37.7748 320 129.749 -40 322.225 129.749 -36.9479 329.511 120.483 -35.6612 329.01 120 -37.7748 329.749 120 -37.2466 329.511 121.403 -37.7748 329.749 120 -40 330 120 -37.2466 329.511 121.403 -36.9479 329.511 120.483 -37.7748 329.749 120 -37.8149 329.511 122.185 -40 330 120 -40 330 120 -37.8149 329.511 122.185 -37.2466 329.511 121.403 -40 330 120 -34.4098 328.09 121.816 -33.7651 327.818 120 -35.6612 329.01 120 -34.4098 328.09 121.816 -35.6612 329.01 120 -36.9479 329.511 120.483 -34.4098 328.09 121.816 -36.9479 329.511 120.483 -37.2466 329.511 121.403 -38.5971 329.511 122.753 -40 330 120 -40 329.749 122.225 -38.5971 329.511 122.753 -37.8149 329.511 122.185 -40 330 120 -35.2447 328.09 123.455 -37.2466 329.511 121.403 -37.8149 329.511 122.185 -35.2447 328.09 123.455 -34.4098 328.09 121.816 -37.2466 329.511 121.403 -32.0094 325.878 121.266 -32.1817 326.235 120 -33.7651 327.818 120 -32.0094 325.878 121.266 -30.9903 324.339 120 -32.1817 326.235 120 -32.0094 325.878 121.266 -33.7651 327.818 120 -34.4098 328.09 121.816 -39.5166 329.511 123.052 -40 329.749 122.225 -40 329.01 124.339 -39.5166 329.511 123.052 -38.5971 329.511 122.753 -40 329.749 122.225 -36.5451 328.09 124.755 -35.2447 328.09 123.455 -37.8149 329.511 122.185 -36.5451 328.09 124.755 -37.8149 329.511 122.185 -38.5971 329.511 122.753 -32.7916 325.878 123.673 -32.0094 325.878 121.266 -34.4098 328.09 121.816 -32.7916 325.878 123.673 -34.4098 328.09 121.816 -35.2447 328.09 123.455 -38.1836 328.09 125.59 -40 329.01 124.339 -40 327.818 126.235 -38.1836 328.09 125.59 -38.5971 329.511 122.753 -39.5166 329.511 123.052 -38.1836 328.09 125.59 -39.5166 329.511 123.052 -40 329.01 124.339 -38.1836 328.09 125.59 -36.5451 328.09 124.755 -38.5971 329.511 122.753 -34.2794 325.878 125.721 -35.2447 328.09 123.455 -36.5451 328.09 124.755 -34.2794 325.878 125.721 -32.7916 325.878 123.673 -35.2447 328.09 123.455 -30.9549 323.09 122.939 -30.2507 322.225 120 -30.9903 324.339 120 -30.9549 323.09 122.939 -30.9903 320 124.339 -30.2507 320 122.225 -30.9549 323.09 122.939 -30.9903 324.339 120 -32.0094 325.878 121.266 -30.9549 323.09 122.939 -32.0094 325.878 121.266 -32.7916 325.878 123.673 -30.9549 323.09 122.939 -30.2507 320 122.225 -30.2507 322.225 120 -36.3271 325.878 127.208 -36.5451 328.09 124.755 -38.1836 328.09 125.59 -36.3271 325.878 127.208 -34.2794 325.878 125.721 -36.5451 328.09 124.755 -32.3058 323.09 125.59 -32.1817 320 126.235 -30.9903 320 124.339 -32.3058 323.09 125.59 -30.9903 320 124.339 -30.9549 323.09 122.939 -32.3058 323.09 125.59 -32.7916 325.878 123.673 -34.2794 325.878 125.721 -32.3058 323.09 125.59 -30.9549 323.09 122.939 -32.7916 325.878 123.673 -38.7344 325.878 127.991 -40 327.818 126.235 -40 326.235 127.818 -38.7344 325.878 127.991 -40 326.235 127.818 -40 324.339 129.01 -38.7344 325.878 127.991 -38.1836 328.09 125.59 -40 327.818 126.235 -38.7344 325.878 127.991 -36.3271 325.878 127.208 -38.1836 328.09 125.59 -34.4098 323.09 127.694 -33.7651 320 127.818 -32.1817 320 126.235 -34.4098 323.09 127.694 -35.6612 320 129.01 -33.7651 320 127.818 -34.4098 323.09 127.694 -32.1817 320 126.235 -32.3058 323.09 125.59 -34.4098 323.09 127.694 -34.2794 325.878 125.721 -36.3271 325.878 127.208 -34.4098 323.09 127.694 -32.3058 323.09 125.59 -34.2794 325.878 125.721 -37.0611 323.09 129.045 -40 324.339 129.01 -40 322.225 129.749 -37.0611 323.09 129.045 -37.7748 320 129.749 -35.6612 320 129.01 -37.0611 323.09 129.045 -40 322.225 129.749 -37.7748 320 129.749 -37.0611 323.09 129.045 -35.6612 320 129.01 -34.4098 323.09 127.694 -37.0611 323.09 129.045 -38.7344 325.878 127.991 -40 324.339 129.01 -37.0611 323.09 129.045 -36.3271 325.878 127.208 -38.7344 325.878 127.991 -37.0611 323.09 129.045 -34.4098 323.09 127.694 -36.3271 325.878 127.208 -30 300 -100 -60 300 -100 -60 100 -100 -30 300 -100 -60 100 -100 -30 100 -100 -30 300 100 -60 300 -100 -30 300 -100 -30 300 100 -60 300 100 -60 300 -100 -30 300 100 -60 100 100 -60 300 100 -30 300 100 -30 100 100 -60 100 100 -30 100 100 -30 100 -100 -60 100 -100 -30 100 100 -60 100 -100 -60 100 100 -60 300 100 -60 320 -120 -60 300 -100 -60 100 -100 -60 320 -120 -60 80 -120 -60 100 -100 -60 300 -100 -60 320 -120 -60 320 120 -60 320 -120 -60 300 100 -60 100 100 -60 320 120 -60 300 100 -60 80 120 -60 320 120 -60 100 100 -60 80 120 -60 100 -100 -60 80 -120 -60 80 120 -60 100 100 -60 100 -100 -60 80 120 -60 80 -120 -220 80 -120 -60 80 120 -220 80 -120 -220 80 120 -60 320 120 -220 80 120 -220 320 120 -60 320 120 -60 80 120 -220 80 120 -60 320 -120 -220 320 -120 -220 80 -120 -60 320 -120 -220 80 -120 -60 80 -120 -60 320 120 -220 320 -120 -60 320 -120 -60 320 120 -220 320 120 -220 320 -120 -220 80 120 -220 80 -120 -220 320 -120 -220 80 120 -220 320 -120 -220 320 120 " />
<Normal vector="-1 0 0 -1 0 0 -1 0 0 -1 0 0 -1 0 0 -1 0 0 -0.974928 -0.222521 0 -1 0 0 -1 0 0 -0.974928 -0.222521 0 -1 0 0 -0.974928 -0.222521 0 -0.900969 -0.433884 0 -0.974928 -0.222521 0 -0.900969 -0.433884 0 -0.900969 -0.433884 0 -0.974928 -0.222521 0 -0.974928 -0.222521 0 -0.781832 -0.62349 0 -0.900969 -0.433884 0 -0.781832 -0.62349 0 -0.781832 -0.62349 0 -0.900969 -0.433884 0 -0.900969 -0.433884 0 -0.62349 -0.781832 0 -0.781832 -0.62349 0 -0.62349 -0.781832 0 -0.62349 -0.781832 0 -0.62349 -0.781832 0 -0.433884 -0.900969 0 -0.62349 -0.781832 0 -0.781832 -0.62349 0 -0.781832 -0.62349 0 -0.433884 -0.900969 0 -0.62349 -0.781832 0 -0.433884 -0.900969 0 -0.222521 -0.974928 0 -0.433884 -0.900969 0 -0.222521 -0.974928 0 -0.222521 -0.974928 0 -0.222521 -0.974928 0 0 -1 0 -0.222521 -0.974928 0 -0.433884 -0.900969 0 -0.433884 -0.900969 0 0 -1 0 -0.222521 -0.974928 0 0 -1 0 -0.974928 0 -0.222521 -0.974928 0 -0.222521 -1 0 0 -0.974928 0 -0.222521 -1 0 0 -1 0 0 -0.900969 0 -0.433884 -0.900969 0 -0.433884 -0.974928 0 -0.222521 -0.900969 0 -0.433884 -0.974928 0 -0.222521 -0.974928 0 -0.222521 -0.781832 0 -0.62349 -0.781832 0 -0.62349 -0.900969 0 -0.433884 -0.781832 0 -0.62349 -0.900969 0 -0.433884 -0.900969 0 -0.433884 -0.62349 0 -0.781832 -0.433884 0 -0.900969 -0.62349 0 -0.781832 -0.62349 0 -0.781832 -0.62349 0 -0.781832 -0.781832 0 -0.62349 -0.62349 0 -0.781832 -0.781832 0 -0.62349 -0.781832 0 -0.62349 -0.433884 0 -0.900969 -0.433884 0 -0.900969 -0.62349 0 -0.781832 -0.222521 0 -0.974928 0 0 -1 -0.222521 0 -0.974928 -0.222521 0 -0.974928 -0.222521 0 -0.974928 -0.433884 0 -0.900969 -0.222521 0 -0.974928 -0.433884 0 -0.900969 -0.433884 0 -0.900969 0 0 -1 0 0 -1 -0.222521 0 -0.974928 -0.974928 0 0.222521 -1 0 0 -0.974928 0 0.222521 -0.974928 0 0.222521 -1 0 0 -1 0 0 -0.900969 0 0.433884 -0.974928 0 0.222521 -0.900969 0 0.433884 -0.900969 0 0.433884 -0.974928 0 0.222521 -0.974928 0 0.222521 -0.781832 0 0.62349 -0.900969 0 0.433884 -0.781832 0 0.62349 -0.781832 0 0.62349 -0.900969 0 0.433884 -0.900969 0 0.433884 -0.62349 0 0.781832 -0.62349 0 0.781832 -0.433884 0 0.900969 -0.62349 0 0.781832 -0.781832 0 0.62349 -0.62349 0 0.781832 -0.62349 0 0.781832 -0.781832 0 0.62349 -0.781832 0 0.62349 -0.433884 0 0.900969 -0.62349 0 0.781832 -0.433884 0 0.900969 -0.222521 0 0.974928 -0.222521 0 0.974928 0 0 1 -0.222521 0 0.974928 -0.433884 0 0.900969 -0.222521 0 0.974928 -0.222521 0 0.974928 -0.433884 0 0.900969 -0.433884 0 0.900969 0 0 1 -0.222521 0 0.974928 0 0 1 -0.974928 0.222521 0 -1 0 0 -1 0 0 -0.974928 0.222521 0 -0.974928 0.222521 0 -1 0 0 -0.900969 0.433884 0 -0.900969 0.433884 0 -0.974928 0.222521 0 -0.900969 0.433884 0 -0.974928 0.222521 0 -0.974928 0.222521 0 -0.781832 0.62349 0 -0.781832 0.62349 0 -0.900969 0.433884 0 -0.781832 0.62349 0 -0.900969 0.433884 0 -0.900969 0.433884 0 -0.62349 0.781832 0 -0.62349 0.781832 0 -0.781832 0.62349 0 -0.62349 0.781832 0 -0.433884 0.900969 0 -0.62349 0.781832 0 -0.62349 0.781832 0 -0.781832 0.62349 0 -0.781832 0.62349 0 -0.433884 0.900969 0 -0.433884 0.900969 0 -0.62349 0.781832 0 -0.222521 0.974928 0 -0.222521 0.974928 0 -0.433884 0.900969 0 -0.222521 0.974928 0 0 1 0 -0.222521 0.974928 0 -0.222521 0.974928 0 -0.433884 0.900969 0 -0.433884 0.900969 0 0 1 0 0 1 0 -0.222521 0.974928 0 -0.974928 -0.222521 0 -1 0 0 -0.974928 0 -0.222521 0 -1 0 -0.222521 -0.974928 0 0 -0.974928 -0.222521 -0.305212 -0.0483409 -0.951057 -0.433884 0 -0.900969 -0.222521 0 -0.974928 -0.275336 -0.140291 -0.951057 -0.222521 0 -0.974928 0 0 -1 -0.275336 -0.140291 -0.951057 -0.305212 -0.0483409 -0.951057 -0.222521 0 -0.974928 -0.218508 -0.218508 -0.951057 0 0 -1 0 0 -1 -0.218508 -0.218508 -0.951057 -0.275336 -0.140291 -0.951057 0 0 -1 -0.559017 -0.181636 -0.809017 -0.62349 0 -0.781832 -0.433884 0 -0.900969 -0.559017 -0.181636 -0.809017 -0.433884 0 -0.900969 -0.305212 -0.0483409 -0.951057 -0.559017 -0.181636 -0.809017 -0.305212 -0.0483409 -0.951057 -0.275336 -0.140291 -0.951057 -0.140291 -0.275336 -0.951057 0 0 -1 0 -0.222521 -0.974928 -0.140291 -0.275336 -0.951057 -0.218508 -0.218508 -0.951057 0 0 -1 -0.475528 -0.345491 -0.809017 -0.275336 -0.140291 -0.951057 -0.218508 -0.218508 -0.951057 -0.475528 -0.345491 -0.809017 -0.559017 -0.181636 -0.809017 -0.275336 -0.140291 -0.951057 -0.799057 -0.126558 -0.587785 -0.781832 0 -0.62349 -0.62349 0 -0.781832 -0.799057 -0.126558 -0.587785 -0.900969 0 -0.433884 -0.781832 0 -0.62349 -0.799057 -0.126558 -0.587785 -0.62349 0 -0.781832 -0.559017 -0.181636 -0.809017 -0.0483409 -0.305212 -0.951057 0 -0.222521 -0.974928 0 -0.433884 -0.900969 -0.0483409 -0.305212 -0.951057 -0.140291 -0.275336 -0.951057 0 -0.222521 -0.974928 -0.345491 -0.475528 -0.809017 -0.475528 -0.345491 -0.809017 -0.218508 -0.218508 -0.951057 -0.345491 -0.475528 -0.809017 -0.218508 -0.218508 -0.951057 -0.140291 -0.275336 -0.951057 -0.720839 -0.367286 -0.587785 -0.559017 -0.181636 -0.809017 -0.475528 -0.345491 -0.809017 -0.720839 -0.367286 -0.587785 -0.799057 -0.126558 -0.587785 -0.559017 -0.181636 -0.809017 -0.181636 -0.559017 -0.809017 0 -0.433884 -0.900969 0 -0.62349 -0.781832 -0.181636 -0.559017 -0.809017 -0.140291 -0.275336 -0.951057 -0.0483409 -0.305212 -0.951057 -0.181636 -0.559017 -0.809017 -0.345491 -0.475528 -0.809017 -0.140291 -0.275336 -0.951057 -0.181636 -0.559017 -0.809017 -0.0483409 -0.305212 -0.951057 0 -0.433884 -0.900969 -0.572061 -0.572061 -0.587785 -0.475528 -0.345491 -0.809017 -0.345491 -0.475528 -0.809017 -0.572061 -0.572061 -0.587785 -0.720839 -0.367286 -0.587785 -0.475528 -0.345491 -0.809017 -0.904508 -0.293893 -0.309017 -0.974928 0 -0.222521 -0.900969 0 -0.433884 -0.904508 -0.293893 -0.309017 -0.900969 -0.433884 0 -0.974928 -0.222521 0 -0.904508 -0.293893 -0.309017 -0.900969 0 -0.433884 -0.799057 -0.126558 -0.587785 -0.904508 -0.293893 -0.309017 -0.799057 -0.126558 -0.587785 -0.720839 -0.367286 -0.587785 -0.904508 -0.293893 -0.309017 -0.974928 -0.222521 0 -0.974928 0 -0.222521 -0.367286 -0.720839 -0.587785 -0.345491 -0.475528 -0.809017 -0.181636 -0.559017 -0.809017 -0.367286 -0.720839 -0.587785 -0.572061 -0.572061 -0.587785 -0.345491 -0.475528 -0.809017 -0.769421 -0.559017 -0.309017 -0.781832 -0.62349 0 -0.900969 -0.433884 0 -0.769421 -0.559017 -0.309017 -0.62349 -0.781832 0 -0.781832 -0.62349 0 -0.769421 -0.559017 -0.309017 -0.900969 -0.433884 0 -0.904508 -0.293893 -0.309017 -0.769421 -0.559017 -0.309017 -0.720839 -0.367286 -0.587785 -0.572061 -0.572061 -0.587785 -0.769421 -0.559017 -0.309017 -0.904508 -0.293893 -0.309017 -0.720839 -0.367286 -0.587785 -0.126558 -0.799057 -0.587785 0 -0.62349 -0.781832 0 -0.781832 -0.62349 -0.126558 -0.799057 -0.587785 0 -0.781832 -0.62349 0 -0.900969 -0.433884 -0.126558 -0.799057 -0.587785 -0.181636 -0.559017 -0.809017 0 -0.62349 -0.781832 -0.126558 -0.799057 -0.587785 -0.367286 -0.720839 -0.587785 -0.181636 -0.559017 -0.809017 -0.559017 -0.769421 -0.309017 -0.433884 -0.900969 0 -0.62349 -0.781832 0 -0.559017 -0.769421 -0.309017 -0.62349 -0.781832 0 -0.769421 -0.559017 -0.309017 -0.559017 -0.769421 -0.309017 -0.572061 -0.572061 -0.587785 -0.367286 -0.720839 -0.587785 -0.559017 -0.769421 -0.309017 -0.769421 -0.559017 -0.309017 -0.572061 -0.572061 -0.587785 -0.293893 -0.904508 -0.309017 0 -0.900969 -0.433884 0 -0.974928 -0.222521 -0.293893 -0.904508 -0.309017 -0.222521 -0.974928 0 -0.433884 -0.900969 0 -0.293893 -0.904508 -0.309017 -0.433884 -0.900969 0 -0.559017 -0.769421 -0.309017 -0.293893 -0.904508 -0.309017 0 -0.974928 -0.222521 -0.222521 -0.974928 0 -0.293893 -0.904508 -0.309017 -0.126558 -0.799057 -0.587785 0 -0.900969 -0.433884 -0.293893 -0.904508 -0.309017 -0.367286 -0.720839 -0.587785 -0.126558 -0.799057 -0.587785 -0.293893 -0.904508 -0.309017 -0.559017 -0.769421 -0.309017 -0.367286 -0.720839 -0.587785 -0.974928 -0.222521 0 -0.974928 0 0.222521 -1 0 0 0 -1 0 0 -0.974928 0.222521 -0.222521 -0.974928 0 -0.305212 -0.0483409 0.951057 -0.222521 0 0.974928 -0.433884 0 0.900969 -0.275336 -0.140291 0.951057 0 0 1 -0.222521 0 0.974928 -0.275336 -0.140291 0.951057 -0.222521 0 0.974928 -0.305212 -0.0483409 0.951057 -0.218508 -0.218508 0.951057 0 0 1 0 0 1 -0.218508 -0.218508 0.951057 0 0 1 -0.275336 -0.140291 0.951057 -0.559017 -0.181636 0.809017 -0.433884 0 0.900969 -0.62349 0 0.781832 -0.559017 -0.181636 0.809017 -0.305212 -0.0483409 0.951057 -0.433884 0 0.900969 -0.559017 -0.181636 0.809017 -0.275336 -0.140291 0.951057 -0.305212 -0.0483409 0.951057 -0.140291 -0.275336 0.951057 0 -0.222521 0.974928 0 0 1 -0.140291 -0.275336 0.951057 0 0 1 -0.218508 -0.218508 0.951057 -0.475528 -0.345491 0.809017 -0.218508 -0.218508 0.951057 -0.275336 -0.140291 0.951057 -0.475528 -0.345491 0.809017 -0.275336 -0.140291 0.951057 -0.559017 -0.181636 0.809017 -0.799057 -0.126558 0.587785 -0.62349 0 0.781832 -0.781832 0 0.62349 -0.799057 -0.126558 0.587785 -0.781832 0 0.62349 -0.900969 0 0.433884 -0.799057 -0.126558 0.587785 -0.559017 -0.181636 0.809017 -0.62349 0 0.781832 -0.0483409 -0.305212 0.951057 0 -0.433884 0.900969 0 -0.222521 0.974928 -0.0483409 -0.305212 0.951057 0 -0.222521 0.974928 -0.140291 -0.275336 0.951057 -0.345491 -0.475528 0.809017 -0.218508 -0.218508 0.951057 -0.475528 -0.345491 0.809017 -0.345491 -0.475528 0.809017 -0.140291 -0.275336 0.951057 -0.218508 -0.218508 0.951057 -0.720839 -0.367286 0.587785 -0.475528 -0.345491 0.809017 -0.559017 -0.181636 0.809017 -0.720839 -0.367286 0.587785 -0.559017 -0.181636 0.809017 -0.799057 -0.126558 0.587785 -0.181636 -0.559017 0.809017 0 -0.62349 0.781832 0 -0.433884 0.900969 -0.181636 -0.559017 0.809017 -0.0483409 -0.305212 0.951057 -0.140291 -0.275336 0.951057 -0.181636 -0.559017 0.809017 -0.140291 -0.275336 0.951057 -0.345491 -0.475528 0.809017 -0.181636 -0.559017 0.809017 0 -0.433884 0.900969 -0.0483409 -0.305212 0.951057 -0.572061 -0.572061 0.587785 -0.345491 -0.475528 0.809017 -0.475528 -0.345491 0.809017 -0.572061 -0.572061 0.587785 -0.475528 -0.345491 0.809017 -0.720839 -0.367286 0.587785 -0.904508 -0.293893 0.309017 -0.900969 0 0.433884 -0.974928 0 0.222521 -0.904508 -0.293893 0.309017 -0.974928 -0.222521 0 -0.900969 -0.433884 0 -0.904508 -0.293893 0.309017 -0.799057 -0.126558 0.587785 -0.900969 0 0.433884 -0.904508 -0.293893 0.309017 -0.720839 -0.367286 0.587785 -0.799057 -0.126558 0.587785 -0.904508 -0.293893 0.309017 -0.974928 0 0.222521 -0.974928 -0.222521 0 -0.367286 -0.720839 0.587785 -0.181636 -0.559017 0.809017 -0.345491 -0.475528 0.809017 -0.367286 -0.720839 0.587785 -0.345491 -0.475528 0.809017 -0.572061 -0.572061 0.587785 -0.769421 -0.559017 0.309017 -0.900969 -0.433884 0 -0.781832 -0.62349 0 -0.769421 -0.559017 0.309017 -0.781832 -0.62349 0 -0.62349 -0.781832 0 -0.769421 -0.559017 0.309017 -0.904508 -0.293893 0.309017 -0.900969 -0.433884 0 -0.769421 -0.559017 0.309017 -0.572061 -0.572061 0.587785 -0.720839 -0.367286 0.587785 -0.769421 -0.559017 0.309017 -0.720839 -0.367286 0.587785 -0.904508 -0.293893 0.309017 -0.126558 -0.799057 0.587785 0 -0.781832 0.62349 0 -0.62349 0.781832 -0.126558 -0.799057 0.587785 0 -0.900969 0.433884 0 -0.781832 0.62349 -0.126558 -0.799057 0.587785 0 -0.62349 0.781832 -0.181636 -0.559017 0.809017 -0.126558 -0.799057 0.587785 -0.181636 -0.559017 0.809017 -0.367286 -0.720839 0.587785 -0.559017 -0.769421 0.309017 -0.62349 -0.781832 0 -0.433884 -0.900969 0 -0.559017 -0.769421 0.309017 -0.769421 -0.559017 0.309017 -0.62349 -0.781832 0 -0.559017 -0.769421 0.309017 -0.367286 -0.720839 0.587785 -0.572061 -0.572061 0.587785 -0.559017 -0.769421 0.309017 -0.572061 -0.572061 0.587785 -0.769421 -0.559017 0.309017 -0.293893 -0.904508 0.309017 0 -0.974928 0.222521 0 -0.900969 0.433884 -0.293893 -0.904508 0.309017 -0.433884 -0.900969 0 -0.222521 -0.974928 0 -0.293893 -0.904508 0.309017 -0.559017 -0.769421 0.309017 -0.433884 -0.900969 0 -0.293893 -0.904508 0.309017 -0.222521 -0.974928 0 0 -0.974928 0.222521 -0.293893 -0.904508 0.309017 0 -0.900969 0.433884 -0.126558 -0.799057 0.587785 -0.293893 -0.904508 0.309017 -0.126558 -0.799057 0.587785 -0.367286 -0.720839 0.587785 -0.293893 -0.904508 0.309017 -0.367286 -0.720839 0.587785 -0.559017 -0.769421 0.309017 0 -1 0 0 -1 0 0 -1 0 0 -1 0 0 -1 0 0 -1 0 0 0 -1 0 0 -1 0 0 -1 0 0 -1 0 0 -1 0 0 -1 -0.974928 0.222521 0 -0.974928 0 -0.222521 -1 0 0 0 1 0 0 0.974928 -0.222521 -0.222521 0.974928 0 -0.305212 0.0483409 -0.951057 -0.222521 0 -0.974928 -0.433884 0 -0.900969 -0.275336 0.140291 -0.951057 0 0 -1 -0.222521 0 -0.974928 -0.275336 0.140291 -0.951057 -0.222521 0 -0.974928 -0.305212 0.0483409 -0.951057 -0.218508 0.218508 -0.951057 0 0 -1 0 0 -1 -0.218508 0.218508 -0.951057 0 0 -1 -0.275336 0.140291 -0.951057 -0.559017 0.181636 -0.809017 -0.433884 0 -0.900969 -0.62349 0 -0.781832 -0.559017 0.181636 -0.809017 -0.305212 0.0483409 -0.951057 -0.433884 0 -0.900969 -0.559017 0.181636 -0.809017 -0.275336 0.140291 -0.951057 -0.305212 0.0483409 -0.951057 -0.140291 0.275336 -0.951057 0 0.222521 -0.974928 0 0 -1 -0.140291 0.275336 -0.951057 0 0 -1 -0.218508 0.218508 -0.951057 -0.475528 0.345491 -0.809017 -0.218508 0.218508 -0.951057 -0.275336 0.140291 -0.951057 -0.475528 0.345491 -0.809017 -0.275336 0.140291 -0.951057 -0.559017 0.181636 -0.809017 -0.799057 0.126558 -0.587785 -0.62349 0 -0.781832 -0.781832 0 -0.62349 -0.799057 0.126558 -0.587785 -0.781832 0 -0.62349 -0.900969 0 -0.433884 -0.799057 0.126558 -0.587785 -0.559017 0.181636 -0.809017 -0.62349 0 -0.781832 -0.0483409 0.305212 -0.951057 0 0.433884 -0.900969 0 0.222521 -0.974928 -0.0483409 0.305212 -0.951057 0 0.222521 -0.974928 -0.140291 0.275336 -0.951057 -0.345491 0.475528 -0.809017 -0.218508 0.218508 -0.951057 -0.475528 0.345491 -0.809017 -0.345491 0.475528 -0.809017 -0.140291 0.275336 -0.951057 -0.218508 0.218508 -0.951057 -0.720839 0.367286 -0.587785 -0.559017 0.181636 -0.809017 -0.799057 0.126558 -0.587785 -0.720839 0.367286 -0.587785 -0.475528 0.345491 -0.809017 -0.559017 0.181636 -0.809017 -0.181636 0.559017 -0.809017 0 0.62349 -0.781832 0 0.433884 -0.900969 -0.181636 0.559017 -0.809017 -0.0483409 0.305212 -0.951057 -0.140291 0.275336 -0.951057 -0.181636 0.559017 -0.809017 -0.140291 0.275336 -0.951057 -0.345491 0.475528 -0.809017 -0.181636 0.559017 -0.809017 0 0.433884 -0.900969 -0.0483409 0.305212 -0.951057 -0.572061 0.572061 -0.587785 -0.345491 0.475528 -0.809017 -0.475528 0.345491 -0.809017 -0.572061 0.572061 -0.587785 -0.475528 0.345491 -0.809017 -0.720839 0.367286 -0.587785 -0.904508 0.293893 -0.309017 -0.900969 0 -0.433884 -0.974928 0 -0.222521 -0.904508 0.293893 -0.309017 -0.974928 0.222521 0 -0.900969 0.433884 0 -0.904508 0.293893 -0.309017 -0.799057 0.126558 -0.587785 -0.900969 0 -0.433884 -0.904508 0.293893 -0.309017 -0.720839 0.367286 -0.587785 -0.799057 0.126558 -0.587785 -0.904508 0.293893 -0.309017 -0.974928 0 -0.222521 -0.974928 0.222521 0 -0.367286 0.720839 -0.587785 -0.181636 0.559017 -0.809017 -0.345491 0.475528 -0.809017 -0.367286 0.720839 -0.587785 -0.345491 0.475528 -0.809017 -0.572061 0.572061 -0.587785 -0.769421 0.559017 -0.309017 -0.900969 0.433884 0 -0.781832 0.62349 0 -0.769421 0.559017 -0.309017 -0.781832 0.62349 0 -0.62349 0.781832 0 -0.769421 0.559017 -0.309017 -0.904508 0.293893 -0.309017 -0.900969 0.433884 0 -0.769421 0.559017 -0.309017 -0.572061 0.572061 -0.587785 -0.720839 0.367286 -0.587785 -0.769421 0.559017 -0.309017 -0.720839 0.367286 -0.587785 -0.904508 0.293893 -0.309017 -0.126558 0.799057 -0.587785 0 0.781832 -0.62349 0 0.62349 -0.781832 -0.126558 0.799057 -0.587785 0 0.900969 -0.433884 0 0.781832 -0.62349 -0.126558 0.799057 -0.587785 0 0.62349 -0.781832 -0.181636 0.559017 -0.809017 -0.126558 0.799057 -0.587785 -0.181636 0.559017 -0.809017 -0.367286 0.720839 -0.587785 -0.559017 0.769421 -0.309017 -0.62349 0.781832 0 -0.433884 0.900969 0 -0.559017 0.769421 -0.309017 -0.769421 0.559017 -0.309017 -0.62349 0.781832 0 -0.559017 0.769421 -0.309017 -0.367286 0.720839 -0.587785 -0.572061 0.572061 -0.587785 -0.559017 0.769421 -0.309017 -0.572061 0.572061 -0.587785 -0.769421 0.559017 -0.309017 -0.293893 0.904508 -0.309017 0 0.974928 -0.222521 0 0.900969 -0.433884 -0.293893 0.904508 -0.309017 -0.433884 0.900969 0 -0.222521 0.974928 0 -0.293893 0.904508 -0.309017 -0.559017 0.769421 -0.309017 -0.433884 0.900969 0 -0.293893 0.904508 -0.309017 -0.222521 0.974928 0 0 0.974928 -0.222521 -0.293893 0.904508 -0.309017 0 0.900969 -0.433884 -0.126558 0.799057 -0.587785 -0.293893 0.904508 -0.309017 -0.126558 0.799057 -0.587785 -0.367286 0.720839 -0.587785 -0.293893 0.904508 -0.309017 -0.367286 0.720839 -0.587785 -0.559017 0.769421 -0.309017 0 0 1 0 0 1 0 0 1 0 0 1 0 0 1 0 0 1 -0.974928 0 0.222521 -0.974928 0.222521 0 -1 0 0 0 0 1 0 0.222521 0.974928 -0.222521 0 0.974928 -0.305212 0.951057 0.0483409 -0.222521 0.974928 0 -0.433884 0.900969 0 -0.275336 0.951057 0.140291 0 1 0 -0.222521 0.974928 0 -0.275336 0.951057 0.140291 -0.222521 0.974928 0 -0.305212 0.951057 0.0483409 -0.218508 0.951057 0.218508 0 1 0 0 1 0 -0.218508 0.951057 0.218508 0 1 0 -0.275336 0.951057 0.140291 -0.559017 0.809017 0.181636 -0.433884 0.900969 0 -0.62349 0.781832 0 -0.559017 0.809017 0.181636 -0.305212 0.951057 0.0483409 -0.433884 0.900969 0 -0.559017 0.809017 0.181636 -0.275336 0.951057 0.140291 -0.305212 0.951057 0.0483409 -0.140291 0.951057 0.275336 0 0.974928 0.222521 0 1 0 -0.140291 0.951057 0.275336 0 1 0 -0.218508 0.951057 0.218508 -0.475528 0.809017 0.345491 -0.218508 0.951057 0.218508 -0.275336 0.951057 0.140291 -0.475528 0.809017 0.345491 -0.275336 0.951057 0.140291 -0.559017 0.809017 0.181636 -0.799057 0.587785 0.126558 -0.62349 0.781832 0 -0.781832 0.62349 0 -0.799057 0.587785 0.126558 -0.781832 0.62349 0 -0.900969 0.433884 0 -0.799057 0.587785 0.126558 -0.559017 0.809017 0.181636 -0.62349 0.781832 0 -0.0483409 0.951057 0.305212 0 0.900969 0.433884 0 0.974928 0.222521 -0.0483409 0.951057 0.305212 0 0.974928 0.222521 -0.140291 0.951057 0.275336 -0.345491 0.809017 0.475528 -0.218508 0.951057 0.218508 -0.475528 0.809017 0.345491 -0.345491 0.809017 0.475528 -0.140291 0.951057 0.275336 -0.218508 0.951057 0.218508 -0.720839 0.587785 0.367286 -0.559017 0.809017 0.181636 -0.799057 0.587785 0.126558 -0.720839 0.587785 0.367286 -0.475528 0.809017 0.345491 -0.559017 0.809017 0.181636 -0.181636 0.809017 0.559017 0 0.781832 0.62349 0 0.900969 0.433884 -0.181636 0.809017 0.559017 -0.0483409 0.951057 0.305212 -0.140291 0.951057 0.275336 -0.181636 0.809017 0.559017 0 0.900969 0.433884 -0.0483409 0.951057 0.305212 -0.181636 0.809017 0.559017 -0.140291 0.951057 0.275336 -0.345491 0.809017 0.475528 -0.572061 0.587785 0.572061 -0.345491 0.809017 0.475528 -0.475528 0.809017 0.345491 -0.572061 0.587785 0.572061 -0.475528 0.809017 0.345491 -0.720839 0.587785 0.367286 -0.904508 0.309017 0.293893 -0.900969 0.433884 0 -0.974928 0.222521 0 -0.904508 0.309017 0.293893 -0.974928 0 0.222521 -0.900969 0 0.433884 -0.904508 0.309017 0.293893 -0.799057 0.587785 0.126558 -0.900969 0.433884 0 -0.904508 0.309017 0.293893 -0.720839 0.587785 0.367286 -0.799057 0.587785 0.126558 -0.904508 0.309017 0.293893 -0.974928 0.222521 0 -0.974928 0 0.222521 -0.367286 0.587785 0.720839 -0.181636 0.809017 0.559017 -0.345491 0.809017 0.475528 -0.367286 0.587785 0.720839 -0.345491 0.809017 0.475528 -0.572061 0.587785 0.572061 -0.769421 0.309017 0.559017 -0.900969 0 0.433884 -0.781832 0 0.62349 -0.769421 0.309017 0.559017 -0.904508 0.309017 0.293893 -0.900969 0 0.433884 -0.769421 0.309017 0.559017 -0.572061 0.587785 0.572061 -0.720839 0.587785 0.367286 -0.769421 0.309017 0.559017 -0.720839 0.587785 0.367286 -0.904508 0.309017 0.293893 -0.126558 0.587785 0.799057 0 0.62349 0.781832 0 0.781832 0.62349 -0.126558 0.587785 0.799057 0 0.433884 0.900969 0 0.62349 0.781832 -0.126558 0.587785 0.799057 0 0.781832 0.62349 -0.181636 0.809017 0.559017 -0.126558 0.587785 0.799057 -0.181636 0.809017 0.559017 -0.367286 0.587785 0.720839 -0.559017 0.309017 0.769421 -0.781832 0 0.62349 -0.62349 0 0.781832 -0.559017 0.309017 0.769421 -0.62349 0 0.781832 -0.433884 0 0.900969 -0.559017 0.309017 0.769421 -0.769421 0.309017 0.559017 -0.781832 0 0.62349 -0.559017 0.309017 0.769421 -0.367286 0.587785 0.720839 -0.572061 0.587785 0.572061 -0.559017 0.309017 0.769421 -0.572061 0.587785 0.572061 -0.769421 0.309017 0.559017 -0.293893 0.309017 0.904508 0 0.222521 0.974928 0 0.433884 0.900969 -0.293893 0.309017 0.904508 -0.433884 0 0.900969 -0.222521 0 0.974928 -0.293893 0.309017 0.904508 -0.222521 0 0.974928 0 0.222521 0.974928 -0.293893 0.309017 0.904508 -0.559017 0.309017 0.769421 -0.433884 0 0.900969 -0.293893 0.309017 0.904508 0 0.433884 0.900969 -0.126558 0.587785 0.799057 -0.293893 0.309017 0.904508 -0.126558 0.587785 0.799057 -0.367286 0.587785 0.720839 -0.293893 0.309017 0.904508 -0.367286 0.587785 0.720839 -0.559017 0.309017 0.769421 0 1 0 0 1 0 0 1 0 0 1 0 0 1 0 0 1 0 0 -0.974928 -0.222521 0 -1 0 0 -0.974928 -0.222521 0 -0.974928 -0.222521 0 -1 0 0 -1 0 0 -0.900969 -0.433884 0 -0.974928 -0.222521 0 -0.900969 -0.433884 0 -0.900969 -0.433884 0 -0.974928 -0.222521 0 -0.974928 -0.222521 0 -0.781832 -0.62349 0 -0.900969 -0.433884 0 -0.781832 -0.62349 0 -0.781832 -0.62349 0 -0.900969 -0.433884 0 -0.900969 -0.433884 0 -0.62349 -0.781832 0 -0.781832 -0.62349 0 -0.62349 -0.781832 0 -0.62349 -0.781832 0 -0.781832 -0.62349 0 -0.781832 -0.62349 0 -0.433884 -0.900969 0 -0.433884 -0.900969 0 -0.222521 -0.974928 0 -0.433884 -0.900969 0 -0.62349 -0.781832 0 -0.433884 -0.900969 0 -0.433884 -0.900969 0 -0.62349 -0.781832 0 -0.62349 -0.781832 0 -0.222521 -0.974928 0 -0.433884 -0.900969 0 -0.222521 -0.974928 0 0 -1 0 -0.222521 -0.974928 0 0 -1 0 0 -1 0 -0.222521 -0.974928 0 -0.222521 -0.974928 0 -0.974928 0.222521 0 -0.974928 0.222521 0 -1 0 0 -0.974928 0.222521 0 -1 0 0 -1 0 0 -0.900969 0.433884 0 -0.900969 0.433884 0 -0.974928 0.222521 0 -0.900969 0.433884 0 -0.974928 0.222521 0 -0.974928 0.222521 0 -0.781832 0.62349 0 -0.781832 0.62349 0 -0.900969 0.433884 0 -0.781832 0.62349 0 -0.900969 0.433884 0 -0.900969 0.433884 0 -0.62349 0.781832 0 -0.62349 0.781832 0 -0.781832 0.62349 0 -0.62349 0.781832 0 -0.781832 0.62349 0 -0.781832 0.62349 0 -0.433884 0.900969 0 -0.222521 0.974928 0 -0.433884 0.900969 0 -0.433884 0.900969 0 -0.433884 0.900969 0 -0.62349 0.781832 0 -0.433884 0.900969 0 -0.62349 0.781832 0 -0.62349 0.781832 0 -0.222521 0.974928 0 -0.222521 0.974928 0 -0.433884 0.900969 0 0 1 0 0 1 0 -0.222521 0.974928 0 0 1 0 -0.222521 0.974928 0 -0.222521 0.974928 0.974928 -0.222521 0 1 0 0 1 0 0 0.974928 -0.222521 0 0.974928 -0.222521 0 1 0 0 0.900969 -0.433884 0 0.900969 -0.433884 0 0.974928 -0.222521 0 0.900969 -0.433884 0 0.974928 -0.222521 0 0.974928 -0.222521 0 0.781832 -0.62349 0 0.781832 -0.62349 0 0.900969 -0.433884 0 0.781832 -0.62349 0 0.900969 -0.433884 0 0.900969 -0.433884 0 0.62349 -0.781832 0 0.62349 -0.781832 0 0.781832 -0.62349 0 0.62349 -0.781832 0 0.433884 -0.900969 0 0.62349 -0.781832 0 0.62349 -0.781832 0 0.781832 -0.62349 0 0.781832 -0.62349 0 0.433884 -0.900969 0 0.433884 -0.900969 0 0.62349 -0.781832 0 0.222521 -0.974928 0 0.222521 -0.974928 0 0.433884 -0.900969 0 0.222521 -0.974928 0 0 -1 0 0.222521 -0.974928 0 0.222521 -0.974928 0 0.433884 -0.900969 0 0.433884 -0.900969 0 0 -1 0 0 -1 0 0.222521 -0.974928 0 0 0.974928 -0.222521 0 0.974928 -0.222521 0 1 0 0 0.974928 -0.222521 0 1 0 0 1 0 0 0.900969 -0.433884 0 0.900969 -0.433884 0 0.974928 -0.222521 0 0.900969 -0.433884 0 0.974928 -0.222521 0 0.974928 -0.222521 0 0.781832 -0.62349 0 0.781832 -0.62349 0 0.900969 -0.433884 0 0.781832 -0.62349 0 0.900969 -0.433884 0 0.900969 -0.433884 0 0.62349 -0.781832 0 0.62349 -0.781832 0 0.781832 -0.62349 0 0.62349 -0.781832 0 0.781832 -0.62349 0 0.781832 -0.62349 0 0.433884 -0.900969 0 0.222521 -0.974928 0 0.433884 -0.900969 0 0.433884 -0.900969 0 0.433884 -0.900969 0 0.62349 -0.781832 0 0.433884 -0.900969 0 0.62349 -0.781832 0 0.62349 -0.781832 0 0.222521 -0.974928 0 0.222521 -0.974928 0 0.433884 -0.900969 0 0 -1 0 0 -1 0 0.222521 -0.974928 0 0 -1 0 0.222521 -0.974928 0 0.222521 -0.974928 0.974928 0 -0.222521 1 0 0 0.974928 0 -0.222521 0.974928 0 -0.222521 1 0 0 1 0 0 0.900969 0 -0.433884 0.974928 0 -0.222521 0.900969 0 -0.433884 0.900969 0 -0.433884 0.974928 0 -0.222521 0.974928 0 -0.222521 0.781832 0 -0.62349 0.900969 0 -0.433884 0.781832 0 -0.62349 0.781832 0 -0.62349 0.900969 0 -0.433884 0.900969 0 -0.433884 0.62349 0 -0.781832 0.62349 0 -0.781832 0.433884 0 -0.900969 0.62349 0 -0.781832 0.781832 0 -0.62349 0.62349 0 -0.781832 0.62349 0 -0.781832 0.781832 0 -0.62349 0.781832 0 -0.62349 0.433884 0 -0.900969 0.62349 0 -0.781832 0.433884 0 -0.900969 0.222521 0 -0.974928 0.222521 0 -0.974928 0 0 -1 0.222521 0 -0.974928 0.433884 0 -0.900969 0.222521 0 -0.974928 0.222521 0 -0.974928 0.433884 0 -0.900969 0.433884 0 -0.900969 0 0 -1 0.222521 0 -0.974928 0 0 -1 0 0.974928 0.222521 0 1 0 0 0.974928 0.222521 0 0.974928 0.222521 0 1 0 0 1 0 0 0.900969 0.433884 0 0.974928 0.222521 0 0.900969 0.433884 0 0.900969 0.433884 0 0.974928 0.222521 0 0.974928 0.222521 0 0.781832 0.62349 0 0.900969 0.433884 0 0.781832 0.62349 0 0.781832 0.62349 0 0.900969 0.433884 0 0.900969 0.433884 0 0.62349 0.781832 0 0.781832 0.62349 0 0.62349 0.781832 0 0.62349 0.781832 0 0.781832 0.62349 0 0.781832 0.62349 0 0.433884 0.900969 0 0.62349 0.781832 0 0.433884 0.900969 0 0.433884 0.900969 0 0.433884 0.900969 0 0.222521 0.974928 0 0.433884 0.900969 0 0.62349 0.781832 0 0.62349 0.781832 0 0.222521 0.974928 0 0.433884 0.900969 0 0.222521 0.974928 0 0 1 0 0.222521 0.974928 0 0 1 0 0 1 0 0.222521 0.974928 0 0.222521 0.974928 0.974928 0 0.222521 0.974928 0 0.222521 1 0 0 0.974928 0 0.222521 1 0 0 1 0 0 0.900969 0 0.433884 0.900969 0 0.433884 0.974928 0 0.222521 0.900969 0 0.433884 0.974928 0 0.222521 0.974928 0 0.222521 0.781832 0 0.62349 0.781832 0 0.62349 0.900969 0 0.433884 0.781832 0 0.62349 0.900969 0 0.433884 0.900969 0 0.433884 0.62349 0 0.781832 0.433884 0 0.900969 0.62349 0 0.781832 0.62349 0 0.781832 0.62349 0 0.781832 0.781832 0 0.62349 0.62349 0 0.781832 0.781832 0 0.62349 0.781832 0 0.62349 0.433884 0 0.900969 0.433884 0 0.900969 0.62349 0 0.781832 0.222521 0 0.974928 0 0 1 0.222521 0 0.974928 0.222521 0 0.974928 0.222521 0 0.974928 0.433884 0 0.900969 0.222521 0 0.974928 0.433884 0 0.900969 0.433884 0 0.900969 0 0 1 0 0 1 0.222521 0 0.974928 0.974928 0.222521 0 1 0 0 1 0 0 0.974928 0.222521 0 1 0 0 0.974928 0.222521 0 0.900969 0.433884 0 0.974928 0.222521 0 0.900969 0.433884 0 0.900969 0.433884 0 0.974928 0.222521 0 0.974928 0.222521 0 0.781832 0.62349 0 0.900969 0.433884 0 0.781832 0.62349 0 0.781832 0.62349 0 0.900969 0.433884 0 0.900969 0.433884 0 0.62349 0.781832 0 0.781832 0.62349 0 0.62349 0.781832 0 0.62349 0.781832 0 0.62349 0.781832 0 0.433884 0.900969 0 0.62349 0.781832 0 0.781832 0.62349 0 0.781832 0.62349 0 0.433884 0.900969 0 0.62349 0.781832 0 0.433884 0.900969 0 0.222521 0.974928 0 0.433884 0.900969 0 0.222521 0.974928 0 0.222521 0.974928 0 0.222521 0.974928 0 0 1 0 0.222521 0.974928 0 0.433884 0.900969 0 0.433884 0.900969 0 0 1 0 0.222521 0.974928 0 0 1 0 0.974928 -0.222521 0 0.974928 0 -0.222521 1 0 0 0 -1 0 0 -0.974928 -0.222521 0.222521 -0.974928 0 0.305212 -0.0483409 -0.951057 0.222521 0 -0.974928 0.433884 0 -0.900969 0.275336 -0.140291 -0.951057 0 0 -1 0.222521 0 -0.974928 0.275336 -0.140291 -0.951057 0.222521 0 -0.974928 0.305212 -0.0483409 -0.951057 0.218508 -0.218508 -0.951057 0 0 -1 0 0 -1 0.218508 -0.218508 -0.951057 0 0 -1 0.275336 -0.140291 -0.951057 0.559017 -0.181636 -0.809017 0.433884 0 -0.900969 0.62349 0 -0.781832 0.559017 -0.181636 -0.809017 0.305212 -0.0483409 -0.951057 0.433884 0 -0.900969 0.559017 -0.181636 -0.809017 0.275336 -0.140291 -0.951057 0.305212 -0.0483409 -0.951057 0.140291 -0.275336 -0.951057 0 -0.222521 -0.974928 0 0 -1 0.140291 -0.275336 -0.951057 0 0 -1 0.218508 -0.218508 -0.951057 0.475528 -0.345491 -0.809017 0.218508 -0.218508 -0.951057 0.275336 -0.140291 -0.951057 0.475528 -0.345491 -0.809017 0.275336 -0.140291 -0.951057 0.559017 -0.181636 -0.809017 0.799057 -0.126558 -0.587785 0.62349 0 -0.781832 0.781832 0 -0.62349 0.799057 -0.126558 -0.587785 0.781832 0 -0.62349 0.900969 0 -0.433884 0.799057 -0.126558 -0.587785 0.559017 -0.181636 -0.809017 0.62349 0 -0.781832 0.0483409 -0.305212 -0.951057 0 -0.433884 -0.900969 0 -0.222521 -0.974928 0.0483409 -0.305212 -0.951057 0 -0.222521 -0.974928 0.140291 -0.275336 -0.951057 0.345491 -0.475528 -0.809017 0.218508 -0.218508 -0.951057 0.475528 -0.345491 -0.809017 0.345491 -0.475528 -0.809017 0.140291 -0.275336 -0.951057 0.218508 -0.218508 -0.951057 0.720839 -0.367286 -0.587785 0.475528 -0.345491 -0.809017 0.559017 -0.181636 -0.809017 0.720839 -0.367286 -0.587785 0.559017 -0.181636 -0.809017 0.799057 -0.126558 -0.587785 0.181636 -0.559017 -0.809017 0 -0.62349 -0.781832 0 -0.433884 -0.900969 0.181636 -0.559017 -0.809017 0.0483409 -0.305212 -0.951057 0.140291 -0.275336 -0.951057 0.181636 -0.559017 -0.809017 0 -0.433884 -0.900969 0.0483409 -0.305212 -0.951057 0.181636 -0.559017 -0.809017 0.140291 -0.275336 -0.951057 0.345491 -0.475528 -0.809017 0.572061 -0.572061 -0.587785 0.345491 -0.475528 -0.809017 0.475528 -0.345491 -0.809017 0.572061 -0.572061 -0.587785 0.475528 -0.345491 -0.809017 0.720839 -0.367286 -0.587785 0.904508 -0.293893 -0.309017 0.900969 0 -0.433884 0.974928 0 -0.222521 0.904508 -0.293893 -0.309017 0.974928 -0.222521 0 0.900969 -0.433884 0 0.904508 -0.293893 -0.309017 0.799057 -0.126558 -0.587785 0.900969 0 -0.433884 0.904508 -0.293893 -0.309017 0.720839 -0.367286 -0.587785 0.799057 -0.126558 -0.587785 0.904508 -0.293893 -0.309017 0.974928 0 -0.222521 0.974928 -0.222521 0 0.367286 -0.720839 -0.587785 0.181636 -0.559017 -0.809017 0.345491 -0.475528 -0.809017 0.367286 -0.720839 -0.587785 0.345491 -0.475528 -0.809017 0.572061 -0.572061 -0.587785 0.769421 -0.559017 -0.309017 0.900969 -0.433884 0 0.781832 -0.62349 0 0.769421 -0.559017 -0.309017 0.904508 -0.293893 -0.309017 0.900969 -0.433884 0 0.769421 -0.559017 -0.309017 0.572061 -0.572061 -0.587785 0.720839 -0.367286 -0.587785 0.769421 -0.559017 -0.309017 0.720839 -0.367286 -0.587785 0.904508 -0.293893 -0.309017 0.126558 -0.799057 -0.587785 0 -0.781832 -0.62349 0 -0.62349 -0.781832 0.126558 -0.799057 -0.587785 0 -0.900969 -0.433884 0 -0.781832 -0.62349 0.126558 -0.799057 -0.587785 0 -0.62349 -0.781832 0.181636 -0.559017 -0.809017 0.126558 -0.799057 -0.587785 0.181636 -0.559017 -0.809017 0.367286 -0.720839 -0.587785 0.559017 -0.769421 -0.309017 0.781832 -0.62349 0 0.62349 -0.781832 0 0.559017 -0.769421 -0.309017 0.62349 -0.781832 0 0.433884 -0.900969 0 0.559017 -0.769421 -0.309017 0.769421 -0.559017 -0.309017 0.781832 -0.62349 0 0.559017 -0.769421 -0.309017 0.367286 -0.720839 -0.587785 0.572061 -0.572061 -0.587785 0.559017 -0.769421 -0.309017 0.572061 -0.572061 -0.587785 0.769421 -0.559017 -0.309017 0.293893 -0.904508 -0.309017 0 -0.974928 -0.222521 0 -0.900969 -0.433884 0.293893 -0.904508 -0.309017 0.433884 -0.900969 0 0.222521 -0.974928 0 0.293893 -0.904508 -0.309017 0.222521 -0.974928 0 0 -0.974928 -0.222521 0.293893 -0.904508 -0.309017 0.559017 -0.769421 -0.309017 0.433884 -0.900969 0 0.293893 -0.904508 -0.309017 0 -0.900969 -0.433884 0.126558 -0.799057 -0.587785 0.293893 -0.904508 -0.309017 0.126558 -0.799057 -0.587785 0.367286 -0.720839 -0.587785 0.293893 -0.904508 -0.309017 0.367286 -0.720839 -0.587785 0.559017 -0.769421 -0.309017 0.974928 -0.222521 0 1 0 0 0.974928 0 0.222521 0 -1 0 0.222521 -0.974928 0 0 -0.974928 0.222521 0.305212 -0.0483409 0.951057 0.433884 0 0.900969 0.222521 0 0.974928 0.275336 -0.140291 0.951057 0.222521 0 0.974928 0 0 1 0.275336 -0.140291 0.951057 0.305212 -0.0483409 0.951057 0.222521 0 0.974928 0.218508 -0.218508 0.951057 0 0 1 0 0 1 0.218508 -0.218508 0.951057 0.275336 -0.140291 0.951057 0 0 1 0.559017 -0.181636 0.809017 0.62349 0 0.781832 0.433884 0 0.900969 0.559017 -0.181636 0.809017 0.433884 0 0.900969 0.305212 -0.0483409 0.951057 0.559017 -0.181636 0.809017 0.305212 -0.0483409 0.951057 0.275336 -0.140291 0.951057 0.140291 -0.275336 0.951057 0 0 1 0 -0.222521 0.974928 0.140291 -0.275336 0.951057 0.218508 -0.218508 0.951057 0 0 1 0.475528 -0.345491 0.809017 0.275336 -0.140291 0.951057 0.218508 -0.218508 0.951057 0.475528 -0.345491 0.809017 0.559017 -0.181636 0.809017 0.275336 -0.140291 0.951057 0.799057 -0.126558 0.587785 0.781832 0 0.62349 0.62349 0 0.781832 0.799057 -0.126558 0.587785 0.900969 0 0.433884 0.781832 0 0.62349 0.799057 -0.126558 0.587785 0.62349 0 0.781832 0.559017 -0.181636 0.809017 0.0483409 -0.305212 0.951057 0 -0.222521 0.974928 0 -0.433884 0.900969 0.0483409 -0.305212 0.951057 0.140291 -0.275336 0.951057 0 -0.222521 0.974928 0.345491 -0.475528 0.809017 0.475528 -0.345491 0.809017 0.218508 -0.218508 0.951057 0.345491 -0.475528 0.809017 0.218508 -0.218508 0.951057 0.140291 -0.275336 0.951057 0.720839 -0.367286 0.587785 0.559017 -0.181636 0.809017 0.475528 -0.345491 0.809017 0.720839 -0.367286 0.587785 0.799057 -0.126558 0.587785 0.559017 -0.181636 0.809017 0.181636 -0.559017 0.809017 0 -0.433884 0.900969 0 -0.62349 0.781832 0.181636 -0.559017 0.809017 0.140291 -0.275336 0.951057 0.0483409 -0.305212 0.951057 0.181636 -0.559017 0.809017 0.0483409 -0.305212 0.951057 0 -0.433884 0.900969 0.181636 -0.559017 0.809017 0.345491 -0.475528 0.809017 0.140291 -0.275336 0.951057 0.572061 -0.572061 0.587785 0.475528 -0.345491 0.809017 0.345491 -0.475528 0.809017 0.572061 -0.572061 0.587785 0.720839 -0.367286 0.587785 0.475528 -0.345491 0.809017 0.904508 -0.293893 0.309017 0.974928 0 0.222521 0.900969 0 0.433884 0.904508 -0.293893 0.309017 0.900969 -0.433884 0 0.974928 -0.222521 0 0.904508 -0.293893 0.309017 0.900969 0 0.433884 0.799057 -0.126558 0.587785 0.904508 -0.293893 0.309017 0.799057 -0.126558 0.587785 0.720839 -0.367286 0.587785 0.904508 -0.293893 0.309017 0.974928 -0.222521 0 0.974928 0 0.222521 0.367286 -0.720839 0.587785 0.345491 -0.475528 0.809017 0.181636 -0.559017 0.809017 0.367286 -0.720839 0.587785 0.572061 -0.572061 0.587785 0.345491 -0.475528 0.809017 0.769421 -0.559017 0.309017 0.781832 -0.62349 0 0.900969 -0.433884 0 0.769421 -0.559017 0.309017 0.900969 -0.433884 0 0.904508 -0.293893 0.309017 0.769421 -0.559017 0.309017 0.720839 -0.367286 0.587785 0.572061 -0.572061 0.587785 0.769421 -0.559017 0.309017 0.904508 -0.293893 0.309017 0.720839 -0.367286 0.587785 0.126558 -0.799057 0.587785 0 -0.62349 0.781832 0 -0.781832 0.62349 0.126558 -0.799057 0.587785 0 -0.781832 0.62349 0 -0.900969 0.433884 0.126558 -0.799057 0.587785 0.181636 -0.559017 0.809017 0 -0.62349 0.781832 0.126558 -0.799057 0.587785 0.367286 -0.720839 0.587785 0.181636 -0.559017 0.809017 0.559017 -0.769421 0.309017 0.62349 -0.781832 0 0.781832 -0.62349 0 0.559017 -0.769421 0.309017 0.433884 -0.900969 0 0.62349 -0.781832 0 0.559017 -0.769421 0.309017 0.781832 -0.62349 0 0.769421 -0.559017 0.309017 0.559017 -0.769421 0.309017 0.572061 -0.572061 0.587785 0.367286 -0.720839 0.587785 0.559017 -0.769421 0.309017 0.769421 -0.559017 0.309017 0.572061 -0.572061 0.587785 0.293893 -0.904508 0.309017 0 -0.900969 0.433884 0 -0.974928 0.222521 0.293893 -0.904508 0.309017 0.222521 -0.974928 0 0.433884 -0.900969 0 0.293893 -0.904508 0.309017 0 -0.974928 0.222521 0.222521 -0.974928 0 0.293893 -0.904508 0.309017 0.433884 -0.900969 0 0.559017 -0.769421 0.309017 0.293893 -0.904508 0.309017 0.126558 -0.799057 0.587785 0 -0.900969 0.433884 0.293893 -0.904508 0.309017 0.367286 -0.720839 0.587785 0.126558 -0.799057 0.587785 0.293893 -0.904508 0.309017 0.559017 -0.769421 0.309017 0.367286 -0.720839 0.587785 1 0 0 1 0 0 1 0 0 1 0 0 1 0 0 1 0 0 1 0 0 1 0 0 1 0 0 1 0 0 1 0 0 1 0 0 1 0 0 1 0 0 1 0 0 1 0 0 1 0 0 1 0 0 1 0 0 1 0 0 1 0 0 1 0 0 1 0 0 1 0 0 0.974928 0.222521 0 1 0 0 0.974928 0 -0.222521 0 1 0 0.222521 0.974928 0 0 0.974928 -0.222521 0.305212 0.0483409 -0.951057 0.433884 0 -0.900969 0.222521 0 -0.974928 0.275336 0.140291 -0.951057 0.222521 0 -0.974928 0 0 -1 0.275336 0.140291 -0.951057 0.305212 0.0483409 -0.951057 0.222521 0 -0.974928 0.218508 0.218508 -0.951057 0 0 -1 0 0 -1 0.218508 0.218508 -0.951057 0.275336 0.140291 -0.951057 0 0 -1 0.559017 0.181636 -0.809017 0.62349 0 -0.781832 0.433884 0 -0.900969 0.559017 0.181636 -0.809017 0.433884 0 -0.900969 0.305212 0.0483409 -0.951057 0.559017 0.181636 -0.809017 0.305212 0.0483409 -0.951057 0.275336 0.140291 -0.951057 0.140291 0.275336 -0.951057 0 0 -1 0 0.222521 -0.974928 0.140291 0.275336 -0.951057 0.218508 0.218508 -0.951057 0 0 -1 0.475528 0.345491 -0.809017 0.275336 0.140291 -0.951057 0.218508 0.218508 -0.951057 0.475528 0.345491 -0.809017 0.559017 0.181636 -0.809017 0.275336 0.140291 -0.951057 0.799057 0.126558 -0.587785 0.781832 0 -0.62349 0.62349 0 -0.781832 0.799057 0.126558 -0.587785 0.900969 0 -0.433884 0.781832 0 -0.62349 0.799057 0.126558 -0.587785 0.62349 0 -0.781832 0.559017 0.181636 -0.809017 0.0483409 0.305212 -0.951057 0 0.222521 -0.974928 0 0.433884 -0.900969 0.0483409 0.305212 -0.951057 0.140291 0.275336 -0.951057 0 0.222521 -0.974928 0.345491 0.475528 -0.809017 0.475528 0.345491 -0.809017 0.218508 0.218508 -0.951057 0.345491 0.475528 -0.809017 0.218508 0.218508 -0.951057 0.140291 0.275336 -0.951057 0.720839 0.367286 -0.587785 0.559017 0.181636 -0.809017 0.475528 0.345491 -0.809017 0.720839 0.367286 -0.587785 0.799057 0.126558 -0.587785 0.559017 0.181636 -0.809017 0.181636 0.559017 -0.809017 0 0.433884 -0.900969 0 0.62349 -0.781832 0.181636 0.559017 -0.809017 0.140291 0.275336 -0.951057 0.0483409 0.305212 -0.951057 0.181636 0.559017 -0.809017 0.0483409 0.305212 -0.951057 0 0.433884 -0.900969 0.181636 0.559017 -0.809017 0.345491 0.475528 -0.809017 0.140291 0.275336 -0.951057 0.572061 0.572061 -0.587785 0.475528 0.345491 -0.809017 0.345491 0.475528 -0.809017 0.572061 0.572061 -0.587785 0.720839 0.367286 -0.587785 0.475528 0.345491 -0.809017 0.904508 0.293893 -0.309017 0.974928 0 -0.222521 0.900969 0 -0.433884 0.904508 0.293893 -0.309017 0.900969 0.433884 0 0.974928 0.222521 0 0.904508 0.293893 -0.309017 0.900969 0 -0.433884 0.799057 0.126558 -0.587785 0.904508 0.293893 -0.309017 0.799057 0.126558 -0.587785 0.720839 0.367286 -0.587785 0.904508 0.293893 -0.309017 0.974928 0.222521 0 0.974928 0 -0.222521 0.367286 0.720839 -0.587785 0.345491 0.475528 -0.809017 0.181636 0.559017 -0.809017 0.367286 0.720839 -0.587785 0.572061 0.572061 -0.587785 0.345491 0.475528 -0.809017 0.769421 0.559017 -0.309017 0.781832 0.62349 0 0.900969 0.433884 0 0.769421 0.559017 -0.309017 0.900969 0.433884 0 0.904508 0.293893 -0.309017 0.769421 0.559017 -0.309017 0.720839 0.367286 -0.587785 0.572061 0.572061 -0.587785 0.769421 0.559017 -0.309017 0.904508 0.293893 -0.309017 0.720839 0.367286 -0.587785 0.126558 0.799057 -0.587785 0 0.62349 -0.781832 0 0.781832 -0.62349 0.126558 0.799057 -0.587785 0 0.781832 -0.62349 0 0.900969 -0.433884 0.126558 0.799057 -0.587785 0.181636 0.559017 -0.809017 0 0.62349 -0.781832 0.126558 0.799057 -0.587785 0.367286 0.720839 -0.587785 0.181636 0.559017 -0.809017 0.559017 0.769421 -0.309017 0.62349 0.781832 0 0.781832 0.62349 0 0.559017 0.769421 -0.309017 0.433884 0.900969 0 0.62349 0.781832 0 0.559017 0.769421 -0.309017 0.781832 0.62349 0 0.769421 0.559017 -0.309017 0.559017 0.769421 -0.309017 0.572061 0.572061 -0.587785 0.367286 0.720839 -0.587785 0.559017 0.769421 -0.309017 0.769421 0.559017 -0.309017 0.572061 0.572061 -0.587785 0.293893 0.904508 -0.309017 0 0.900969 -0.433884 0 0.974928 -0.222521 0.293893 0.904508 -0.309017 0.222521 0.974928 0 0.433884 0.900969 0 0.293893 0.904508 -0.309017 0 0.974928 -0.222521 0.222521 0.974928 0 0.293893 0.904508 -0.309017 0.433884 0.900969 0 0.559017 0.769421 -0.309017 0.293893 0.904508 -0.309017 0.126558 0.799057 -0.587785 0 0.900969 -0.433884 0.293893 0.904508 -0.309017 0.367286 0.720839 -0.587785 0.126558 0.799057 -0.587785 0.293893 0.904508 -0.309017 0.559017 0.769421 -0.309017 0.367286 0.720839 -0.587785 0.974928 0 0.222521 1 0 0 0.974928 0.222521 0 0 0 1 0.222521 0 0.974928 0 0.222521 0.974928 0.305212 0.951057 0.0483409 0.433884 0.900969 0 0.222521 0.974928 0 0.275336 0.951057 0.140291 0.222521 0.974928 0 0 1 0 0.275336 0.951057 0.140291 0.305212 0.951057 0.0483409 0.222521 0.974928 0 0.218508 0.951057 0.218508 0 1 0 0 1 0 0.218508 0.951057 0.218508 0.275336 0.951057 0.140291 0 1 0 0.559017 0.809017 0.181636 0.62349 0.781832 0 0.433884 0.900969 0 0.559017 0.809017 0.181636 0.433884 0.900969 0 0.305212 0.951057 0.0483409 0.559017 0.809017 0.181636 0.305212 0.951057 0.0483409 0.275336 0.951057 0.140291 0.140291 0.951057 0.275336 0 1 0 0 0.974928 0.222521 0.140291 0.951057 0.275336 0.218508 0.951057 0.218508 0 1 0 0.475528 0.809017 0.345491 0.275336 0.951057 0.140291 0.218508 0.951057 0.218508 0.475528 0.809017 0.345491 0.559017 0.809017 0.181636 0.275336 0.951057 0.140291 0.799057 0.587785 0.126558 0.781832 0.62349 0 0.62349 0.781832 0 0.799057 0.587785 0.126558 0.900969 0.433884 0 0.781832 0.62349 0 0.799057 0.587785 0.126558 0.62349 0.781832 0 0.559017 0.809017 0.181636 0.0483409 0.951057 0.305212 0 0.974928 0.222521 0 0.900969 0.433884 0.0483409 0.951057 0.305212 0.140291 0.951057 0.275336 0 0.974928 0.222521 0.345491 0.809017 0.475528 0.475528 0.809017 0.345491 0.218508 0.951057 0.218508 0.345491 0.809017 0.475528 0.218508 0.951057 0.218508 0.140291 0.951057 0.275336 0.720839 0.587785 0.367286 0.799057 0.587785 0.126558 0.559017 0.809017 0.181636 0.720839 0.587785 0.367286 0.559017 0.809017 0.181636 0.475528 0.809017 0.345491 0.181636 0.809017 0.559017 0 0.900969 0.433884 0 0.781832 0.62349 0.181636 0.809017 0.559017 0.140291 0.951057 0.275336 0.0483409 0.951057 0.305212 0.181636 0.809017 0.559017 0.0483409 0.951057 0.305212 0 0.900969 0.433884 0.181636 0.809017 0.559017 0.345491 0.809017 0.475528 0.140291 0.951057 0.275336 0.572061 0.587785 0.572061 0.475528 0.809017 0.345491 0.345491 0.809017 0.475528 0.572061 0.587785 0.572061 0.720839 0.587785 0.367286 0.475528 0.809017 0.345491 0.904508 0.309017 0.293893 0.974928 0.222521 0 0.900969 0.433884 0 0.904508 0.309017 0.293893 0.900969 0 0.433884 0.974928 0 0.222521 0.904508 0.309017 0.293893 0.900969 0.433884 0 0.799057 0.587785 0.126558 0.904508 0.309017 0.293893 0.799057 0.587785 0.126558 0.720839 0.587785 0.367286 0.904508 0.309017 0.293893 0.974928 0 0.222521 0.974928 0.222521 0 0.367286 0.587785 0.720839 0.345491 0.809017 0.475528 0.181636 0.809017 0.559017 0.367286 0.587785 0.720839 0.572061 0.587785 0.572061 0.345491 0.809017 0.475528 0.769421 0.309017 0.559017 0.781832 0 0.62349 0.900969 0 0.433884 0.769421 0.309017 0.559017 0.900969 0 0.433884 0.904508 0.309017 0.293893 0.769421 0.309017 0.559017 0.720839 0.587785 0.367286 0.572061 0.587785 0.572061 0.769421 0.309017 0.559017 0.904508 0.309017 0.293893 0.720839 0.587785 0.367286 0.126558 0.587785 0.799057 0 0.781832 0.62349 0 0.62349 0.781832 0.126558 0.587785 0.799057 0 0.62349 0.781832 0 0.433884 0.900969 0.126558 0.587785 0.799057 0.181636 0.809017 0.559017 0 0.781832 0.62349 0.126558 0.587785 0.799057 0.367286 0.587785 0.720839 0.181636 0.809017 0.559017 0.559017 0.309017 0.769421 0.62349 0 0.781832 0.781832 0 0.62349 0.559017 0.309017 0.769421 0.433884 0 0.900969 0.62349 0 0.781832 0.559017 0.309017 0.769421 0.781832 0 0.62349 0.769421 0.309017 0.559017 0.559017 0.309017 0.769421 0.572061 0.587785 0.572061 0.367286 0.587785 0.720839 0.559017 0.309017 0.769421 0.769421 0.309017 0.559017 0.572061 0.587785 0.572061 0.293893 0.309017 0.904508 0 0.433884 0.900969 0 0.222521 0.974928 0.293893 0.309017 0.904508 0.222521 0 0.974928 0.433884 0 0.900969 0.293893 0.309017 0.904508 0 0.222521 0.974928 0.222521 0 0.974928 0.293893 0.309017 0.904508 0.433884 0 0.900969 0.559017 0.309017 0.769421 0.293893 0.309017 0.904508 0.126558 0.587785 0.799057 0 0.433884 0.900969 0.293893 0.309017 0.904508 0.367286 0.587785 0.720839 0.126558 0.587785 0.799057 0.293893 0.309017 0.904508 0.559017 0.309017 0.769421 0.367286 0.587785 0.720839 0 0 1 0 0 1 0 0 1 0 0 1 0 0 1 0 0 1 0 -1 0 0 -1 0 0 -1 0 0 -1 0 0 -1 0 0 -1 0 0 0 -1 0 0 -1 0 0 -1 0 0 -1 0 0 -1 0 0 -1 0 1 0 0 1 0 0 1 0 0 1 0 0 1 0 0 1 0 -1 0 0 -1 0 0 -1 0 0 -1 0 0 -1 0 0 -1 0 0 -1 0 0 -1 0 0 -1 0 0 -1 0 0 -1 0 0 -1 0 0 -1 0 0 -1 0 0 -1 0 0 -1 0 0 -1 0 0 -1 0 0 -1 0 0 -1 0 0 -1 0 0 -1 0 0 -1 0 0 -1 0 0 0 1 0 0 1 0 0 1 0 0 1 0 0 1 0 0 1 0 0 0 -1 0 0 -1 0 0 -1 0 0 -1 0 0 -1 0 0 -1 0 0 1 0 0 1 0 0 1 0 0 1 0 0 1 0 0 1 0 -1 0 0 -1 0 0 -1 0 0 -1 0 0 -1 0 0 -1 0 1 0 0 1 0 0 1 0 0 1 0 0 1 0 0 1 0 0 " />
</TriangleSet>
</Shape></Transform></Switch>
<Switch whichChoice="0" id="swBRP">
	<Group>
		<Transform scale="1 1 1"><Shape DEF="edg0">
			<Appearance><Material emissiveColor="0 0 0" /></Appearance>
			<LineSet vertexCount="2"><Coordinate point="-230 80 -120 -230 80 120 " /></LineSet>
		</Shape></Transform>
		<Transform scale="1 1 1"><Shape DEF="edg1">
			<Appearance><Material emissiveColor="0 0 0" /></Appearance>
			<LineSet vertexCount="2"><Coordinate point="-230 80 -120 -230 320 -120 " /></LineSet>
		</Shape></Transform>
		<Transform scale="1 1 1"><Shape DEF="edg2">
			<Appearance><Material emissiveColor="0 0 0" /></Appearance>
			<LineSet vertexCount="2"><Coordinate point="-230 80 120 -230 320 120 " /></LineSet>
		</Shape></Transform>
		<Transform scale="1 1 1"><Shape DEF="edg3">
			<Appearance><Material emissiveColor="0 0 0" /></Appearance>
			<LineSet vertexCount="2"><Coordinate point="-230 320 -120 -230 320 120 " /></LineSet>
		</Shape></Transform>
		<Transform scale="1 1 1"><Shape DEF="edg4">
			<Appearance><Material emissiveColor="0 0 0" /></Appearance>
			<LineSet vertexCount="8"><Coordinate point="-230 80 -120 -229.749 77.7748 -120 -229.01 75.6612 -120 -227.818 73.7651 -120 -226.235 72.1817 -120 -224.339 70.9903 -120 -222.225 70.2507 -120 -220 70 -120 " /></LineSet>
		</Shape></Transform>
		<Transform scale="1 1 1"><Shape DEF="edg5">
			<Appearance><Material emissiveColor="0 0 0" /></Appearance>
			<LineSet vertexCount="8"><Coordinate point="-230 80 120 -229.749 77.7748 120 -229.01 75.6612 120 -227.818 73.7651 120 -226.235 72.1817 120 -224.339 70.9903 120 -222.225 70.2507 120 -220 70 120 " /></LineSet>
		</Shape></Transform>
		<Transform scale="1 1 1"><Shape DEF="edg6">
			<Appearance><Material emissiveColor="0 0 0" /></Appearance>
			<LineSet vertexCount="2"><Coordinate point="-220 70 -120 -220 70 120 " /></LineSet>
		</Shape></Transform>
		<Transform scale="1 1 1"><Shape DEF="edg7">
			<Appearance><Material emissiveColor="0 0 0" /></Appearance>
			<LineSet vertexCount="8"><Coordinate point="-220 80 -130 -222.225 80 -129.749 -224.339 80 -129.01 -226.235 80 -127.818 -227.818 80 -126.235 -229.01 80 -124.339 -229.749 80 -122.225 -230 80 -120 " /></LineSet>
		</Shape></Transform>
		<Transform scale="1 1 1"><Shape DEF="edg8">
			<Appearance><Material emissiveColor="0 0 0" /></Appearance>
			<LineSet vertexCount="2"><Coordinate point="-220 80 -130 -220 320 -130 " /></LineSet>
		</Shape></Transform>
		<Transform scale="1 1 1"><Shape DEF="edg9">
			<Appearance><Material emissiveColor="0 0 0" /></Appearance>
			<LineSet vertexCount="8"><Coordinate point="-220 320 -130 -222.225 320 -129.749 -224.339 320 -129.01 -226.235 320 -127.818 -227.818 320 -126.235 -229.01 320 -124.339 -229.749 320 -122.225 -230 320 -120 " /></LineSet>
		</Shape></Transform>
		<Transform scale="1 1 1"><Shape DEF="edg10">
			<Appearance><Material emissiveColor="0 0 0" /></Appearance>
			<LineSet vertexCount="8"><Coordinate point="-220 80 130 -222.225 80 129.749 -224.339 80 129.01 -226.235 80 127.818 -227.818 80 126.235 -229.01 80 124.339 -229.749 80 122.225 -230 80 120 " /></LineSet>
		</Shape></Transform>
		<Transform scale="1 1 1"><Shape DEF="edg11">
			<Appearance><Material emissiveColor="0 0 0" /></Appearance>
			<LineSet vertexCount="2"><Coordinate point="-220 80 130 -220 320 130 " /></LineSet>
		</Shape></Transform>
		<Transform scale="1 1 1"><Shape DEF="edg12">
			<Appearance><Material emissiveColor="0 0 0" /></Appearance>
			<LineSet vertexCount="8"><Coordinate point="-230 320 120 -229.749 320 122.225 -229.01 320 124.339 -227.818 320 126.235 -226.235 320 127.818 -224.339 320 129.01 -222.225 320 129.749 -220 320 130 " /></LineSet>
		</Shape></Transform>
		<Transform scale="1 1 1"><Shape DEF="edg13">
			<Appearance><Material emissiveColor="0 0 0" /></Appearance>
			<LineSet vertexCount="8"><Coordinate point="-230 320 -120 -229.749 322.225 -120 -229.01 324.339 -120 -227.818 326.235 -120 -226.235 327.818 -120 -224.339 329.01 -120 -222.225 329.749 -120 -220 330 -120 " /></LineSet>
		</Shape></Transform>
		<Transform scale="1 1 1"><Shape DEF="edg14">
			<Appearance><Material emissiveColor="0 0 0" /></Appearance>
			<LineSet vertexCount="8"><Coordinate point="-220 330 120 -222.225 329.749 120 -224.339 329.01 120 -226.235 327.818 120 -227.818 326.235 120 -229.01 324.339 120 -229.749 322.225 120 -230 320 120 " /></LineSet>
		</Shape></Transform>
		<Transform scale="1 1 1"><Shape DEF="edg15">
			<Appearance><Material emissiveColor="0 0 0" /></Appearance>
			<LineSet vertexCount="2"><Coordinate point="-220 330 -120 -220 330 120 " /></LineSet>
		</Shape></Transform>
		<Transform scale="1 1 1"><Shape DEF="edg16">
			<Appearance><Material emissiveColor="0 0 0" /></Appearance>
			<LineSet vertexCount="2"><Coordinate point="-220 80 -130 -220 80 -130 " /></LineSet>
		</Shape></Transform>
		<Transform scale="1 1 1"><Shape DEF="edg17">
			<Appearance><Material emissiveColor="0 0 0" /></Appearance>
			<LineSet vertexCount="8"><Coordinate point="-220 80 -130 -220 77.7748 -129.749 -220 75.6612 -129.01 -220 73.7651 -127.818 -220 72.1817 -126.235 -220 70.9903 -124.339 -220 70.2507 -122.225 -220 70 -120 " /></LineSet>
		</Shape></Transform>
		<Transform scale="1 1 1"><Shape DEF="edg18">
			<Appearance><Material emissiveColor="0 0 0" /></Appearance>
			<LineSet vertexCount="2"><Coordinate point="-220 80 130 -220 80 130 " /></LineSet>
		</Shape></Transform>
		<Transform scale="1 1 1"><Shape DEF="edg19">
			<Appearance><Material emissiveColor="0 0 0" /></Appearance>
			<LineSet vertexCount="8"><Coordinate point="-220 80 130 -220 77.7748 129.749 -220 75.6612 129.01 -220 73.7651 127.818 -220 72.1817 126.235 -220 70.9903 124.339 -220 70.2507 122.225 -220 70 120 " /></LineSet>
		</Shape></Transform>
		<Transform scale="1 1 1"><Shape DEF="edg20">
			<Appearance><Material emissiveColor="0 0 0" /></Appearance>
			<LineSet vertexCount="2"><Coordinate point="-220 70 -120 -40 70 -120 " /></LineSet>
		</Shape></Transform>
		<Transform scale="1 1 1"><Shape DEF="edg21">
			<Appearance><Material emissiveColor="0 0 0" /></Appearance>
			<LineSet vertexCount="2"><Coordinate point="-220 70 120 -40 70 120 " /></LineSet>
		</Shape></Transform>
		<Transform scale="1 1 1"><Shape DEF="edg22">
			<Appearance><Material emissiveColor="0 0 0" /></Appearance>
			<LineSet vertexCount="2"><Coordinate point="-40 70 -120 -40 70 120 " /></LineSet>
		</Shape></Transform>
		<Transform scale="1 1 1"><Shape DEF="edg23">
			<Appearance><Material emissiveColor="0 0 0" /></Appearance>
			<LineSet vertexCount="2"><Coordinate point="-220 80 -130 -40 80 -130 " /></LineSet>
		</Shape></Transform>
		<Transform scale="1 1 1"><Shape DEF="edg24">
			<Appearance><Material emissiveColor="0 0 0" /></Appearance>
			<LineSet vertexCount="2"><Coordinate point="-220 320 -130 -40 320 -130 " /></LineSet>
		</Shape></Transform>
		<Transform scale="1 1 1"><Shape DEF="edg25">
			<Appearance><Material emissiveColor="0 0 0" /></Appearance>
			<LineSet vertexCount="2"><Coordinate point="-40 80 -130 -40 320 -130 " /></LineSet>
		</Shape></Transform>
		<Transform scale="1 1 1"><Shape DEF="edg26">
			<Appearance><Material emissiveColor="0 0 0" /></Appearance>
			<LineSet vertexCount="2"><Coordinate point="-220 320 -130 -220 320 -130 " /></LineSet>
		</Shape></Transform>
		<Transform scale="1 1 1"><Shape DEF="edg27">
			<Appearance><Material emissiveColor="0 0 0" /></Appearance>
			<LineSet vertexCount="8"><Coordinate point="-220 320 -130 -220 322.225 -129.749 -220 324.339 -129.01 -220 326.235 -127.818 -220 327.818 -126.235 -220 329.01 -124.339 -220 329.749 -122.225 -220 330 -120 " /></LineSet>
		</Shape></Transform>
		<Transform scale="1 1 1"><Shape DEF="edg28">
			<Appearance><Material emissiveColor="0 0 0" /></Appearance>
			<LineSet vertexCount="2"><Coordinate point="-220 80 130 -40 80 130 " /></LineSet>
		</Shape></Transform>
		<Transform scale="1 1 1"><Shape DEF="edg29">
			<Appearance><Material emissiveColor="0 0 0" /></Appearance>
			<LineSet vertexCount="2"><Coordinate point="-220 320 130 -40 320 130 " /></LineSet>
		</Shape></Transform>
		<Transform scale="1 1 1"><Shape DEF="edg30">
			<Appearance><Material emissiveColor="0 0 0" /></Appearance>
			<LineSet vertexCount="2"><Coordinate point="-40 80 130 -40 320 130 " /></LineSet>
		</Shape></Transform>
		<Transform scale="1 1 1"><Shape DEF="edg31">
			<Appearance><Material emissiveColor="0 0 0" /></Appearance>
			<LineSet vertexCount="2"><Coordinate point="-220 330 120 -220 330 120 " /></LineSet>
		</Shape></Transform>
		<Transform scale="1 1 1"><Shape DEF="edg32">
			<Appearance><Material emissiveColor="0 0 0" /></Appearance>
			<LineSet vertexCount="8"><Coordinate point="-220 330 120 -220 329.749 122.225 -220 329.01 124.339 -220 327.818 126.235 -220 326.235 127.818 -220 324.339 129.01 -220 322.225 129.749 -220 320 130 " /></LineSet>
		</Shape></Transform>
		<Transform scale="1 1 1"><Shape DEF="edg33">
			<Appearance><Material emissiveColor="0 0 0" /></Appearance>
			<LineSet vertexCount="2"><Coordinate point="-220 330 -120 -40 330 -120 " /></LineSet>
		</Shape></Transform>
		<Transform scale="1 1 1"><Shape DEF="edg34">
			<Appearance><Material emissiveColor="0 0 0" /></Appearance>
			<LineSet vertexCount="2"><Coordinate point="-220 330 120 -40 330 120 " /></LineSet>
		</Shape></Transform>
		<Transform scale="1 1 1"><Shape DEF="edg35">
			<Appearance><Material emissiveColor="0 0 0" /></Appearance>
			<LineSet vertexCount="2"><Coordinate point="-40 330 -120 -40 330 120 " /></LineSet>
		</Shape></Transform>
		<Transform scale="1 1 1"><Shape DEF="edg36">
			<Appearance><Material emissiveColor="0 0 0" /></Appearance>
			<LineSet vertexCount="8"><Coordinate point="-40 80 -130 -40 77.7748 -129.749 -40 75.6612 -129.01 -40 73.7651 -127.818 -40 72.1817 -126.235 -40 70.9903 -124.339 -40 70.2507 -122.225 -40 70 -120 " /></LineSet>
		</Shape></Transform>
		<Transform scale="1 1 1"><Shape DEF="edg37">
			<Appearance><Material emissiveColor="0 0 0" /></Appearance>
			<LineSet vertexCount="8"><Coordinate point="-40 80 130 -40 77.7748 129.749 -40 75.6612 129.01 -40 73.7651 127.818 -40 72.1817 126.235 -40 70.9903 124.339 -40 70.2507 122.225 -40 70 120 " /></LineSet>
		</Shape></Transform>
		<Transform scale="1 1 1"><Shape DEF="edg38">
			<Appearance><Material emissiveColor="0 0 0" /></Appearance>
			<LineSet vertexCount="2"><Coordinate point="-30 80 -120 -30 80 120 " /></LineSet>
		</Shape></Transform>
		<Transform scale="1 1 1"><Shape DEF="edg39">
			<Appearance><Material emissiveColor="0 0 0" /></Appearance>
			<LineSet vertexCount="8"><Coordinate point="-30 80 -120 -30.2507 77.7748 -120 -30.9903 75.6612 -120 -32.1817 73.7651 -120 -33.7651 72.1817 -120 -35.6612 70.9903 -120 -37.7748 70.2507 -120 -40 70 -120 " /></LineSet>
		</Shape></Transform>
		<Transform scale="1 1 1"><Shape DEF="edg40">
			<Appearance><Material emissiveColor="0 0 0" /></Appearance>
			<LineSet vertexCount="8"><Coordinate point="-30 80 120 -30.2507 77.7748 120 -30.9903 75.6612 120 -32.1817 73.7651 120 -33.7651 72.1817 120 -35.6612 70.9903 120 -37.7748 70.2507 120 -40 70 120 " /></LineSet>
		</Shape></Transform>
		<Transform scale="1 1 1"><Shape DEF="edg41">
			<Appearance><Material emissiveColor="0 0 0" /></Appearance>
			<LineSet vertexCount="8"><Coordinate point="-40 320 -130 -40 322.225 -129.749 -40 324.339 -129.01 -40 326.235 -127.818 -40 327.818 -126.235 -40 329.01 -124.339 -40 329.749 -122.225 -40 330 -120 " /></LineSet>
		</Shape></Transform>
		<Transform scale="1 1 1"><Shape DEF="edg42">
			<Appearance><Material emissiveColor="0 0 0" /></Appearance>
			<LineSet vertexCount="8"><Coordinate point="-40 80 -130 -37.7748 80 -129.749 -35.6612 80 -129.01 -33.7651 80 -127.818 -32.1817 80 -126.235 -30.9903 80 -124.339 -30.2507 80 -122.225 -30 80 -120 " /></LineSet>
		</Shape></Transform>
		<Transform scale="1 1 1"><Shape DEF="edg43">
			<Appearance><Material emissiveColor="0 0 0" /></Appearance>
			<LineSet vertexCount="2"><Coordinate point="-30 80 -120 -30 320 -120 " /></LineSet>
		</Shape></Transform>
		<Transform scale="1 1 1"><Shape DEF="edg44">
			<Appearance><Material emissiveColor="0 0 0" /></Appearance>
			<LineSet vertexCount="8"><Coordinate point="-40 320 -130 -37.7748 320 -129.749 -35.6612 320 -129.01 -33.7651 320 -127.818 -32.1817 320 -126.235 -30.9903 320 -124.339 -30.2507 320 -122.225 -30 320 -120 " /></LineSet>
		</Shape></Transform>
		<Transform scale="1 1 1"><Shape DEF="edg45">
			<Appearance><Material emissiveColor="0 0 0" /></Appearance>
			<LineSet vertexCount="8"><Coordinate point="-40 330 120 -40 329.749 122.225 -40 329.01 124.339 -40 327.818 126.235 -40 326.235 127.818 -40 324.339 129.01 -40 322.225 129.749 -40 320 130 " /></LineSet>
		</Shape></Transform>
		<Transform scale="1 1 1"><Shape DEF="edg46">
			<Appearance><Material emissiveColor="0 0 0" /></Appearance>
			<LineSet vertexCount="8"><Coordinate point="-40 80 130 -37.7748 80 129.749 -35.6612 80 129.01 -33.7651 80 127.818 -32.1817 80 126.235 -30.9903 80 124.339 -30.2507 80 122.225 -30 80 120 " /></LineSet>
		</Shape></Transform>
		<Transform scale="1 1 1"><Shape DEF="edg47">
			<Appearance><Material emissiveColor="0 0 0" /></Appearance>
			<LineSet vertexCount="2"><Coordinate point="-30 80 120 -30 320 120 " /></LineSet>
		</Shape></Transform>
		<Transform scale="1 1 1"><Shape DEF="edg48">
			<Appearance><Material emissiveColor="0 0 0" /></Appearance>
			<LineSet vertexCount="8"><Coordinate point="-30 320 120 -30.2507 320 122.225 -30.9903 320 124.339 -32.1817 320 126.235 -33.7651 320 127.818 -35.6612 320 129.01 -37.7748 320 129.749 -40 320 130 " /></LineSet>
		</Shape></Transform>
		<Transform scale="1 1 1"><Shape DEF="edg49">
			<Appearance><Material emissiveColor="0 0 0" /></Appearance>
			<LineSet vertexCount="2"><Coordinate point="-30 320 -120 -30 320 120 " /></LineSet>
		</Shape></Transform>
		<Transform scale="1 1 1"><Shape DEF="edg50">
			<Appearance><Material emissiveColor="0 0 0" /></Appearance>
			<LineSet vertexCount="8"><Coordinate point="-30 320 -120 -30.2507 322.225 -120 -30.9903 324.339 -120 -32.1817 326.235 -120 -33.7651 327.818 -120 -35.6612 329.01 -120 -37.7748 329.749 -120 -40 330 -120 " /></LineSet>
		</Shape></Transform>
		<Transform scale="1 1 1"><Shape DEF="edg51">
			<Appearance><Material emissiveColor="0 0 0" /></Appearance>
			<LineSet vertexCount="8"><Coordinate point="-40 330 120 -37.7748 329.749 120 -35.6612 329.01 120 -33.7651 327.818 120 -32.1817 326.235 120 -30.9903 324.339 120 -30.2507 322.225 120 -30 320 120 " /></LineSet>
		</Shape></Transform>
		<Transform scale="1 1 1"><Shape DEF="edg52">
			<Appearance><Material emissiveColor="0 0 0" /></Appearance>
			<LineSet vertexCount="2"><Coordinate point="-40 80 -130 -40 80 -130 " /></LineSet>
		</Shape></Transform>
		<Transform scale="1 1 1"><Shape DEF="edg53">
			<Appearance><Material emissiveColor="0 0 0" /></Appearance>
			<LineSet vertexCount="2"><Coordinate point="-40 80 130 -40 80 130 " /></LineSet>
		</Shape></Transform>
		<Transform scale="1 1 1"><Shape DEF="edg54">
			<Appearance><Material emissiveColor="0 0 0" /></Appearance>
			<LineSet vertexCount="2"><Coordinate point="-30 300 -100 -30 100 -100 " /></LineSet>
		</Shape></Transform>
		<Transform scale="1 1 1"><Shape DEF="edg55">
			<Appearance><Material emissiveColor="0 0 0" /></Appearance>
			<LineSet vertexCount="2"><Coordinate point="-30 300 -100 -30 300 100 " /></LineSet>
		</Shape></Transform>
		<Transform scale="1 1 1"><Shape DEF="edg56">
			<Appearance><Material emissiveColor="0 0 0" /></Appearance>
			<LineSet vertexCount="2"><Coordinate point="-30 300 100 -30 100 100 " /></LineSet>
		</Shape></Transform>
		<Transform scale="1 1 1"><Shape DEF="edg57">
			<Appearance><Material emissiveColor="0 0 0" /></Appearance>
			<LineSet vertexCount="2"><Coordinate point="-30 100 -100 -30 100 100 " /></LineSet>
		</Shape></Transform>
		<Transform scale="1 1 1"><Shape DEF="edg58">
			<Appearance><Material emissiveColor="0 0 0" /></Appearance>
			<LineSet vertexCount="2"><Coordinate point="-40 320 -130 -40 320 -130 " /></LineSet>
		</Shape></Transform>
		<Transform scale="1 1 1"><Shape DEF="edg59">
			<Appearance><Material emissiveColor="0 0 0" /></Appearance>
			<LineSet vertexCount="2"><Coordinate point="-40 330 120 -40 330 120 " /></LineSet>
		</Shape></Transform>
		<Transform scale="1 1 1"><Shape DEF="edg60">
			<Appearance><Material emissiveColor="0 0 0" /></Appearance>
			<LineSet vertexCount="2"><Coordinate point="-60 300 -100 -30 300 -100 " /></LineSet>
		</Shape></Transform>
		<Transform scale="1 1 1"><Shape DEF="edg61">
			<Appearance><Material emissiveColor="0 0 0" /></Appearance>
			<LineSet vertexCount="2"><Coordinate point="-60 100 -100 -30 100 -100 " /></LineSet>
		</Shape></Transform>
		<Transform scale="1 1 1"><Shape DEF="edg62">
			<Appearance><Material emissiveColor="0 0 0" /></Appearance>
			<LineSet vertexCount="2"><Coordinate point="-60 100 -100 -60 300 -100 " /></LineSet>
		</Shape></Transform>
		<Transform scale="1 1 1"><Shape DEF="edg63">
			<Appearance><Material emissiveColor="0 0 0" /></Appearance>
			<LineSet vertexCount="2"><Coordinate point="-60 300 100 -30 300 100 " /></LineSet>
		</Shape></Transform>
		<Transform scale="1 1 1"><Shape DEF="edg64">
			<Appearance><Material emissiveColor="0 0 0" /></Appearance>
			<LineSet vertexCount="2"><Coordinate point="-60 300 100 -60 300 -100 " /></LineSet>
		</Shape></Transform>
		<Transform scale="1 1 1"><Shape DEF="edg65">
			<Appearance><Material emissiveColor="0 0 0" /></Appearance>
			<LineSet vertexCount="2"><Coordinate point="-60 100 100 -30 100 100 " /></LineSet>
		</Shape></Transform>
		<Transform scale="1 1 1"><Shape DEF="edg66">
			<Appearance><Material emissiveColor="0 0 0" /></Appearance>
			<LineSet vertexCount="2"><Coordinate point="-60 100 100 -60 300 100 " /></LineSet>
		</Shape></Transform>
		<Transform scale="1 1 1"><Shape DEF="edg67">
			<Appearance><Material emissiveColor="0 0 0" /></Appearance>
			<LineSet vertexCount="2"><Coordinate point="-60 100 100 -60 100 -100 " /></LineSet>
		</Shape></Transform>
		<Transform scale="1 1 1"><Shape DEF="edg68">
			<Appearance><Material emissiveColor="0 0 0" /></Appearance>
			<LineSet vertexCount="2"><Coordinate point="-60 80 -120 -60 80 120 " /></LineSet>
		</Shape></Transform>
		<Transform scale="1 1 1"><Shape DEF="edg69">
			<Appearance><Material emissiveColor="0 0 0" /></Appearance>
			<LineSet vertexCount="2"><Coordinate point="-60 80 120 -60 320 120 " /></LineSet>
		</Shape></Transform>
		<Transform scale="1 1 1"><Shape DEF="edg70">
			<Appearance><Material emissiveColor="0 0 0" /></Appearance>
			<LineSet vertexCount="2"><Coordinate point="-60 80 -120 -60 320 -120 " /></LineSet>
		</Shape></Transform>
		<Transform scale="1 1 1"><Shape DEF="edg71">
			<Appearance><Material emissiveColor="0 0 0" /></Appearance>
			<LineSet vertexCount="2"><Coordinate point="-60 320 -120 -60 320 120 " /></LineSet>
		</Shape></Transform>
		<Transform scale="1 1 1"><Shape DEF="edg72">
			<Appearance><Material emissiveColor="0 0 0" /></Appearance>
			<LineSet vertexCount="2"><Coordinate point="-220 80 -120 -60 80 -120 " /></LineSet>
		</Shape></Transform>
		<Transform scale="1 1 1"><Shape DEF="edg73">
			<Appearance><Material emissiveColor="0 0 0" /></Appearance>
			<LineSet vertexCount="2"><Coordinate point="-220 80 120 -60 80 120 " /></LineSet>
		</Shape></Transform>
		<Transform scale="1 1 1"><Shape DEF="edg74">
			<Appearance><Material emissiveColor="0 0 0" /></Appearance>
			<LineSet vertexCount="2"><Coordinate point="-220 80 -120 -220 80 120 " /></LineSet>
		</Shape></Transform>
		<Transform scale="1 1 1"><Shape DEF="edg75">
			<Appearance><Material emissiveColor="0 0 0" /></Appearance>
			<LineSet vertexCount="2"><Coordinate point="-220 80 120 -220 320 120 " /></LineSet>
		</Shape></Transform>
		<Transform scale="1 1 1"><Shape DEF="edg76">
			<Appearance><Material emissiveColor="0 0 0" /></Appearance>
			<LineSet vertexCount="2"><Coordinate point="-220 320 120 -60 320 120 " /></LineSet>
		</Shape></Transform>
		<Transform scale="1 1 1"><Shape DEF="edg77">
			<Appearance><Material emissiveColor="0 0 0" /></Appearance>
			<LineSet vertexCount="2"><Coordinate point="-220 80 -120 -220 320 -120 " /></LineSet>
		</Shape></Transform>
		<Transform scale="1 1 1"><Shape DEF="edg78">
			<Appearance><Material emissiveColor="0 0 0" /></Appearance>
			<LineSet vertexCount="2"><Coordinate point="-220 320 -120 -60 320 -120 " /></LineSet>
		</Shape></Transform>
		<Transform scale="1 1 1"><Shape DEF="edg79">
			<Appearance><Material emissiveColor="0 0 0" /></Appearance>
			<LineSet vertexCount="2"><Coordinate point="-220 320 -120 -220 320 120 " /></LineSet>
		</Shape></Transform>
	</Group>
</Switch>
</Scene>
</X3D>