<?xml version='1.0' encoding='utf8'?>
<X3D xmlns:xsi="http://www.w3.org/2001/XMLSchema-instance" profile="Immersive" version="3.3" xsi:noNamespaceSchemaLocation="http://www.web3d.org/specifications/x3d-3.3.xsd">
<head>
    <meta name="generator" content="pythonocc-7.7.0 X3D exporter (www.pythonocc.org)" />
    <meta name="creator" content="pythonocc-7.7.0 generator" />
    <meta name="identifier" content="http://www.pythonocc.org" />
    <meta name="description" content="pythonocc-7.7.0 x3dom based shape rendering" />
</head>
<Scene>
<Switch whichChoice="0" id="swBRP"><Transform scale="1 1 1"><Shape DEF="shape8" onclick="select(this);"><Appearance>
<Material id="color" diffuseColor="0.709804 0.698039 0.741176" shininess="0.9" specularColor="0.2 0.2 0.2" transparency="0">
</Material>
</Appearance>
<TriangleSet solid="false">
<Coordinate point="80 290 100 80 310 120 80 310 -120 80 290 100 80 310 -120 80 290 -100 80 90 -100 80 310 -120 80 70 -120 80 90 -100 80 290 -100 80 310 -120 80 90 100 80 310 120 80 290 100 80 70 120 80 310 120 80 90 100 80 70 120 80 90 -100 80 70 -120 80 70 120 80 90 100 80 90 -100 80.2507 67.7748 120 80 70 120 80 70 -120 80.2507 67.7748 120 80 70 -120 80.2507 67.7748 -120 80.9903 65.6612 120 80.2507 67.7748 -120 80.9903 65.6612 -120 80.9903 65.6612 120 80.2507 67.7748 120 80.2507 67.7748 -120 82.1817 63.7651 120 80.9903 65.6612 -120 82.1817 63.7651 -120 82.1817 63.7651 120 80.9903 65.6612 120 80.9903 65.6612 -120 83.7651 62.1817 120 82.1817 63.7651 -120 83.7651 62.1817 -120 83.7651 62.1817 120 83.7651 62.1817 -120 85.6612 60.9903 -120 83.7651 62.1817 120 82.1817 63.7651 120 82.1817 63.7651 -120 85.6612 60.9903 120 83.7651 62.1817 120 85.6612 60.9903 -120 87.7748 60.2507 120 85.6612 60.9903 -120 87.7748 60.2507 -120 87.7748 60.2507 120 87.7748 60.2507 -120 90 60 -120 87.7748 60.2507 120 85.6612 60.9903 120 85.6612 60.9903 -120 90 60 120 87.7748 60.2507 120 90 60 -120 80.2507 310 -122.225 80.2507 70 -122.225 80 70 -120 80.2507 310 -122.225 80 70 -120 80 310 -120 80.9903 310 -124.339 80.9903 70 -124.339 80.2507 70 -122.225 80.9903 310 -124.339 80.2507 70 -122.225 80.2507 310 -122.225 82.1817 310 -126.235 82.1817 70 -126.235 80.9903 70 -124.339 82.1817 310 -126.235 80.9903 70 -124.339 80.9903 310 -124.339 83.7651 310 -127.818 85.6612 70 -129.01 83.7651 70 -127.818 83.7651 310 -127.818 83.7651 70 -127.818 82.1817 70 -126.235 83.7651 310 -127.818 82.1817 70 -126.235 82.1817 310 -126.235 85.6612 310 -129.01 85.6612 70 -129.01 83.7651 310 -127.818 87.7748 310 -129.749 90 70 -130 87.7748 70 -129.749 87.7748 310 -129.749 87.7748 70 -129.749 85.6612 70 -129.01 87.7748 310 -129.749 85.6612 70 -129.01 85.6612 310 -129.01 90 310 -130 90 70 -130 87.7748 310 -129.749 80.2507 310 122.225 80 70 120 80.2507 70 122.225 80.2507 310 122.225 80 310 120 80 70 120 80.9903 310 124.339 80.2507 70 122.225 80.9903 70 124.339 80.9903 310 124.339 80.2507 310 122.225 80.2507 70 122.225 82.1817 310 126.235 80.9903 70 124.339 82.1817 70 126.235 82.1817 310 126.235 80.9903 310 124.339 80.9903 70 124.339 83.7651 310 127.818 83.7651 70 127.818 85.6612 70 129.01 83.7651 310 127.818 82.1817 70 126.235 83.7651 70 127.818 83.7651 310 127.818 82.1817 310 126.235 82.1817 70 126.235 85.6612 310 129.01 83.7651 310 127.818 85.6612 70 129.01 87.7748 310 129.749 87.7748 70 129.749 90 70 130 87.7748 310 129.749 85.6612 70 129.01 87.7748 70 129.749 87.7748 310 129.749 85.6612 310 129.01 85.6612 70 129.01 90 310 130 87.7748 310 129.749 90 70 130 80.2507 312.225 120 80 310 -120 80 310 120 80.2507 312.225 120 80.2507 312.225 -120 80 310 -120 80.9903 314.339 120 80.9903 314.339 -120 80.2507 312.225 -120 80.9903 314.339 120 80.2507 312.225 -120 80.2507 312.225 120 82.1817 316.235 120 82.1817 316.235 -120 80.9903 314.339 -120 82.1817 316.235 120 80.9903 314.339 -120 80.9903 314.339 120 83.7651 317.818 120 83.7651 317.818 -120 82.1817 316.235 -120 83.7651 317.818 120 85.6612 319.01 -120 83.7651 317.818 -120 83.7651 317.818 120 82.1817 316.235 -120 82.1817 316.235 120 85.6612 319.01 120 85.6612 319.01 -120 83.7651 317.818 120 87.7748 319.749 120 87.7748 319.749 -120 85.6612 319.01 -120 87.7748 319.749 120 90 320 -120 87.7748 319.749 -120 87.7748 319.749 120 85.6612 319.01 -120 85.6612 319.01 120 90 320 120 90 320 -120 87.7748 319.749 120 110 290 -100 80 290 -100 80 90 -100 110 290 -100 80 90 -100 110 90 -100 110 290 100 80 290 -100 110 290 -100 110 290 100 80 290 100 80 290 -100 110 290 100 80 90 100 80 290 100 110 290 100 110 90 100 80 90 100 110 90 100 110 90 -100 80 90 -100 110 90 100 80 90 -100 80 90 100 80.2507 67.7748 -120 80 70 -120 80.2507 70 -122.225 90 60 -120 87.7748 60.2507 -120 90 60.2507 -122.225 86.9479 69.5166 -129.511 85.6612 70 -129.01 87.7748 70 -129.749 87.2466 68.5971 -129.511 87.7748 70 -129.749 90 70 -130 87.2466 68.5971 -129.511 86.9479 69.5166 -129.511 87.7748 70 -129.749 87.8149 67.8149 -129.511 90 70 -130 90 70 -130 87.8149 67.8149 -129.511 87.2466 68.5971 -129.511 90 70 -130 84.4098 68.1836 -128.09 83.7651 70 -127.818 85.6612 70 -129.01 84.4098 68.1836 -128.09 85.6612 70 -129.01 86.9479 69.5166 -129.511 84.4098 68.1836 -128.09 86.9479 69.5166 -129.511 87.2466 68.5971 -129.511 88.5971 67.2466 -129.511 90 70 -130 90 67.7748 -129.749 88.5971 67.2466 -129.511 87.8149 67.8149 -129.511 90 70 -130 85.2447 66.5451 -128.09 87.2466 68.5971 -129.511 87.8149 67.8149 -129.511 85.2447 66.5451 -128.09 84.4098 68.1836 -128.09 87.2466 68.5971 -129.511 82.0094 68.7344 -125.878 82.1817 70 -126.235 83.7651 70 -127.818 82.0094 68.7344 -125.878 80.9903 70 -124.339 82.1817 70 -126.235 82.0094 68.7344 -125.878 83.7651 70 -127.818 84.4098 68.1836 -128.09 89.5166 66.9479 -129.511 90 67.7748 -129.749 90 65.6612 -129.01 89.5166 66.9479 -129.511 88.5971 67.2466 -129.511 90 67.7748 -129.749 86.5451 65.2447 -128.09 85.2447 66.5451 -128.09 87.8149 67.8149 -129.511 86.5451 65.2447 -128.09 87.8149 67.8149 -129.511 88.5971 67.2466 -129.511 82.7916 66.3271 -125.878 84.4098 68.1836 -128.09 85.2447 66.5451 -128.09 82.7916 66.3271 -125.878 82.0094 68.7344 -125.878 84.4098 68.1836 -128.09 88.1836 64.4098 -128.09 90 65.6612 -129.01 90 63.7651 -127.818 88.1836 64.4098 -128.09 88.5971 67.2466 -129.511 89.5166 66.9479 -129.511 88.1836 64.4098 -128.09 89.5166 66.9479 -129.511 90 65.6612 -129.01 88.1836 64.4098 -128.09 86.5451 65.2447 -128.09 88.5971 67.2466 -129.511 84.2794 64.2794 -125.878 85.2447 66.5451 -128.09 86.5451 65.2447 -128.09 84.2794 64.2794 -125.878 82.7916 66.3271 -125.878 85.2447 66.5451 -128.09 80.9549 67.0611 -123.09 80.2507 70 -122.225 80.9903 70 -124.339 80.9549 67.0611 -123.09 80.9903 65.6612 -120 80.2507 67.7748 -120 80.9549 67.0611 -123.09 80.9903 70 -124.339 82.0094 68.7344 -125.878 80.9549 67.0611 -123.09 82.0094 68.7344 -125.878 82.7916 66.3271 -125.878 80.9549 67.0611 -123.09 80.2507 67.7748 -120 80.2507 70 -122.225 86.3271 62.7916 -125.878 86.5451 65.2447 -128.09 88.1836 64.4098 -128.09 86.3271 62.7916 -125.878 84.2794 64.2794 -125.878 86.5451 65.2447 -128.09 82.3058 64.4098 -123.09 82.1817 63.7651 -120 80.9903 65.6612 -120 82.3058 64.4098 -123.09 80.9903 65.6612 -120 80.9549 67.0611 -123.09 82.3058 64.4098 -123.09 82.7916 66.3271 -125.878 84.2794 64.2794 -125.878 82.3058 64.4098 -123.09 80.9549 67.0611 -123.09 82.7916 66.3271 -125.878 88.7344 62.0094 -125.878 90 63.7651 -127.818 90 62.1817 -126.235 88.7344 62.0094 -125.878 90 62.1817 -126.235 90 60.9903 -124.339 88.7344 62.0094 -125.878 88.1836 64.4098 -128.09 90 63.7651 -127.818 88.7344 62.0094 -125.878 86.3271 62.7916 -125.878 88.1836 64.4098 -128.09 84.4098 62.3058 -123.09 83.7651 62.1817 -120 82.1817 63.7651 -120 84.4098 62.3058 -123.09 85.6612 60.9903 -120 83.7651 62.1817 -120 84.4098 62.3058 -123.09 82.1817 63.7651 -120 82.3058 64.4098 -123.09 84.4098 62.3058 -123.09 84.2794 64.2794 -125.878 86.3271 62.7916 -125.878 84.4098 62.3058 -123.09 82.3058 64.4098 -123.09 84.2794 64.2794 -125.878 87.0611 60.9549 -123.09 90 60.9903 -124.339 90 60.2507 -122.225 87.0611 60.9549 -123.09 87.7748 60.2507 -120 85.6612 60.9903 -120 87.0611 60.9549 -123.09 90 60.2507 -122.225 87.7748 60.2507 -120 87.0611 60.9549 -123.09 85.6612 60.9903 -120 84.4098 62.3058 -123.09 87.0611 60.9549 -123.09 88.7344 62.0094 -125.878 90 60.9903 -124.339 87.0611 60.9549 -123.09 86.3271 62.7916 -125.878 88.7344 62.0094 -125.878 87.0611 60.9549 -123.09 84.4098 62.3058 -123.09 86.3271 62.7916 -125.878 80.2507 67.7748 120 80.2507 70 122.225 80 70 120 90 60 120 90 60.2507 122.225 87.7748 60.2507 120 86.9479 69.5166 129.511 87.7748 70 129.749 85.6612 70 129.01 87.2466 68.5971 129.511 90 70 130 87.7748 70 129.749 87.2466 68.5971 129.511 87.7748 70 129.749 86.9479 69.5166 129.511 87.8149 67.8149 129.511 90 70 130 90 70 130 87.8149 67.8149 129.511 90 70 130 87.2466 68.5971 129.511 84.4098 68.1836 128.09 85.6612 70 129.01 83.7651 70 127.818 84.4098 68.1836 128.09 86.9479 69.5166 129.511 85.6612 70 129.01 84.4098 68.1836 128.09 87.2466 68.5971 129.511 86.9479 69.5166 129.511 88.5971 67.2466 129.511 90 67.7748 129.749 90 70 130 88.5971 67.2466 129.511 90 70 130 87.8149 67.8149 129.511 85.2447 66.5451 128.09 87.8149 67.8149 129.511 87.2466 68.5971 129.511 85.2447 66.5451 128.09 87.2466 68.5971 129.511 84.4098 68.1836 128.09 82.0094 68.7344 125.878 83.7651 70 127.818 82.1817 70 126.235 82.0094 68.7344 125.878 82.1817 70 126.235 80.9903 70 124.339 82.0094 68.7344 125.878 84.4098 68.1836 128.09 83.7651 70 127.818 89.5166 66.9479 129.511 90 65.6612 129.01 90 67.7748 129.749 89.5166 66.9479 129.511 90 67.7748 129.749 88.5971 67.2466 129.511 86.5451 65.2447 128.09 87.8149 67.8149 129.511 85.2447 66.5451 128.09 86.5451 65.2447 128.09 88.5971 67.2466 129.511 87.8149 67.8149 129.511 82.7916 66.3271 125.878 85.2447 66.5451 128.09 84.4098 68.1836 128.09 82.7916 66.3271 125.878 84.4098 68.1836 128.09 82.0094 68.7344 125.878 88.1836 64.4098 128.09 90 63.7651 127.818 90 65.6612 129.01 88.1836 64.4098 128.09 89.5166 66.9479 129.511 88.5971 67.2466 129.511 88.1836 64.4098 128.09 90 65.6612 129.01 89.5166 66.9479 129.511 88.1836 64.4098 128.09 88.5971 67.2466 129.511 86.5451 65.2447 128.09 84.2794 64.2794 125.878 86.5451 65.2447 128.09 85.2447 66.5451 128.09 84.2794 64.2794 125.878 85.2447 66.5451 128.09 82.7916 66.3271 125.878 80.9549 67.0611 123.09 80.9903 70 124.339 80.2507 70 122.225 80.9549 67.0611 123.09 80.2507 67.7748 120 80.9903 65.6612 120 80.9549 67.0611 123.09 82.0094 68.7344 125.878 80.9903 70 124.339 80.9549 67.0611 123.09 82.7916 66.3271 125.878 82.0094 68.7344 125.878 80.9549 67.0611 123.09 80.2507 70 122.225 80.2507 67.7748 120 86.3271 62.7916 125.878 88.1836 64.4098 128.09 86.5451 65.2447 128.09 86.3271 62.7916 125.878 86.5451 65.2447 128.09 84.2794 64.2794 125.878 82.3058 64.4098 123.09 80.9903 65.6612 120 82.1817 63.7651 120 82.3058 64.4098 123.09 80.9549 67.0611 123.09 80.9903 65.6612 120 82.3058 64.4098 123.09 84.2794 64.2794 125.878 82.7916 66.3271 125.878 82.3058 64.4098 123.09 82.7916 66.3271 125.878 80.9549 67.0611 123.09 88.7344 62.0094 125.878 90 62.1817 126.235 90 63.7651 127.818 88.7344 62.0094 125.878 90 60.9903 124.339 90 62.1817 126.235 88.7344 62.0094 125.878 90 63.7651 127.818 88.1836 64.4098 128.09 88.7344 62.0094 125.878 88.1836 64.4098 128.09 86.3271 62.7916 125.878 84.4098 62.3058 123.09 82.1817 63.7651 120 83.7651 62.1817 120 84.4098 62.3058 123.09 83.7651 62.1817 120 85.6612 60.9903 120 84.4098 62.3058 123.09 82.3058 64.4098 123.09 82.1817 63.7651 120 84.4098 62.3058 123.09 86.3271 62.7916 125.878 84.2794 64.2794 125.878 84.4098 62.3058 123.09 84.2794 64.2794 125.878 82.3058 64.4098 123.09 87.0611 60.9549 123.09 90 60.2507 122.225 90 60.9903 124.339 87.0611 60.9549 123.09 85.6612 60.9903 120 87.7748 60.2507 120 87.0611 60.9549 123.09 87.7748 60.2507 120 90 60.2507 122.225 87.0611 60.9549 123.09 84.4098 62.3058 123.09 85.6612 60.9903 120 87.0611 60.9549 123.09 90 60.9903 124.339 88.7344 62.0094 125.878 87.0611 60.9549 123.09 88.7344 62.0094 125.878 86.3271 62.7916 125.878 87.0611 60.9549 123.09 86.3271 62.7916 125.878 84.4098 62.3058 123.09 220 60 120 90 60 120 90 60 -120 220 60 120 90 60 -120 220 60 -120 220 310 -130 90 70 -130 90 310 -130 220 310 -130 220 70 -130 90 70 -130 80.2507 312.225 -120 80.2507 310 -122.225 80 310 -120 90 320 -120 90 319.749 -122.225 87.7748 319.749 -120 86.9479 310.483 -129.511 87.7748 310 -129.749 85.6612 310 -129.01 87.2466 311.403 -129.511 90 310 -130 87.7748 310 -129.749 87.2466 311.403 -129.511 87.7748 310 -129.749 86.9479 310.483 -129.511 87.8149 312.185 -129.511 90 310 -130 90 310 -130 87.8149 312.185 -129.511 90 310 -130 87.2466 311.403 -129.511 84.4098 311.816 -128.09 85.6612 310 -129.01 83.7651 310 -127.818 84.4098 311.816 -128.09 86.9479 310.483 -129.511 85.6612 310 -129.01 84.4098 311.816 -128.09 87.2466 311.403 -129.511 86.9479 310.483 -129.511 88.5971 312.753 -129.511 90 312.225 -129.749 90 310 -130 88.5971 312.753 -129.511 90 310 -130 87.8149 312.185 -129.511 85.2447 313.455 -128.09 87.8149 312.185 -129.511 87.2466 311.403 -129.511 85.2447 313.455 -128.09 87.2466 311.403 -129.511 84.4098 311.816 -128.09 82.0094 311.266 -125.878 83.7651 310 -127.818 82.1817 310 -126.235 82.0094 311.266 -125.878 82.1817 310 -126.235 80.9903 310 -124.339 82.0094 311.266 -125.878 84.4098 311.816 -128.09 83.7651 310 -127.818 89.5166 313.052 -129.511 90 314.339 -129.01 90 312.225 -129.749 89.5166 313.052 -129.511 90 312.225 -129.749 88.5971 312.753 -129.511 86.5451 314.755 -128.09 87.8149 312.185 -129.511 85.2447 313.455 -128.09 86.5451 314.755 -128.09 88.5971 312.753 -129.511 87.8149 312.185 -129.511 82.7916 313.673 -125.878 84.4098 311.816 -128.09 82.0094 311.266 -125.878 82.7916 313.673 -125.878 85.2447 313.455 -128.09 84.4098 311.816 -128.09 88.1836 315.59 -128.09 90 316.235 -127.818 90 314.339 -129.01 88.1836 315.59 -128.09 89.5166 313.052 -129.511 88.5971 312.753 -129.511 88.1836 315.59 -128.09 88.5971 312.753 -129.511 86.5451 314.755 -128.09 88.1836 315.59 -128.09 90 314.339 -129.01 89.5166 313.052 -129.511 84.2794 315.721 -125.878 86.5451 314.755 -128.09 85.2447 313.455 -128.09 84.2794 315.721 -125.878 85.2447 313.455 -128.09 82.7916 313.673 -125.878 80.9549 312.939 -123.09 80.9903 310 -124.339 80.2507 310 -122.225 80.9549 312.939 -123.09 80.2507 312.225 -120 80.9903 314.339 -120 80.9549 312.939 -123.09 82.0094 311.266 -125.878 80.9903 310 -124.339 80.9549 312.939 -123.09 82.7916 313.673 -125.878 82.0094 311.266 -125.878 80.9549 312.939 -123.09 80.2507 310 -122.225 80.2507 312.225 -120 86.3271 317.208 -125.878 88.1836 315.59 -128.09 86.5451 314.755 -128.09 86.3271 317.208 -125.878 86.5451 314.755 -128.09 84.2794 315.721 -125.878 82.3058 315.59 -123.09 80.9903 314.339 -120 82.1817 316.235 -120 82.3058 315.59 -123.09 82.1817 316.235 -120 83.7651 317.818 -120 82.3058 315.59 -123.09 80.9549 312.939 -123.09 80.9903 314.339 -120 82.3058 315.59 -123.09 84.2794 315.721 -125.878 82.7916 313.673 -125.878 82.3058 315.59 -123.09 82.7916 313.673 -125.878 80.9549 312.939 -123.09 88.7344 317.991 -125.878 90 317.818 -126.235 90 316.235 -127.818 88.7344 317.991 -125.878 90 319.01 -124.339 90 317.818 -126.235 88.7344 317.991 -125.878 90 316.235 -127.818 88.1836 315.59 -128.09 88.7344 317.991 -125.878 88.1836 315.59 -128.09 86.3271 317.208 -125.878 84.4098 317.694 -123.09 83.7651 317.818 -120 85.6612 319.01 -120 84.4098 317.694 -123.09 82.3058 315.59 -123.09 83.7651 317.818 -120 84.4098 317.694 -123.09 86.3271 317.208 -125.878 84.2794 315.721 -125.878 84.4098 317.694 -123.09 84.2794 315.721 -125.878 82.3058 315.59 -123.09 87.0611 319.045 -123.09 90 319.749 -122.225 90 319.01 -124.339 87.0611 319.045 -123.09 85.6612 319.01 -120 87.7748 319.749 -120 87.0611 319.045 -123.09 84.4098 317.694 -123.09 85.6612 319.01 -120 87.0611 319.045 -123.09 87.7748 319.749 -120 90 319.749 -122.225 87.0611 319.045 -123.09 90 319.01 -124.339 88.7344 317.991 -125.878 87.0611 319.045 -123.09 88.7344 317.991 -125.878 86.3271 317.208 -125.878 87.0611 319.045 -123.09 86.3271 317.208 -125.878 84.4098 317.694 -123.09 220 310 130 90 310 130 90 70 130 220 310 130 90 70 130 220 70 130 80.2507 310 122.225 80.2507 312.225 120 80 310 120 90 310 130 90 312.225 129.749 87.7748 310 129.749 86.9479 319.511 120.483 87.7748 319.749 120 85.6612 319.01 120 87.2466 319.511 121.403 90 320 120 87.7748 319.749 120 87.2466 319.511 121.403 87.7748 319.749 120 86.9479 319.511 120.483 87.8149 319.511 122.185 90 320 120 90 320 120 87.8149 319.511 122.185 90 320 120 87.2466 319.511 121.403 84.4098 318.09 121.816 85.6612 319.01 120 83.7651 317.818 120 84.4098 318.09 121.816 86.9479 319.511 120.483 85.6612 319.01 120 84.4098 318.09 121.816 87.2466 319.511 121.403 86.9479 319.511 120.483 88.5971 319.511 122.753 90 319.749 122.225 90 320 120 88.5971 319.511 122.753 90 320 120 87.8149 319.511 122.185 85.2447 318.09 123.455 87.8149 319.511 122.185 87.2466 319.511 121.403 85.2447 318.09 123.455 87.2466 319.511 121.403 84.4098 318.09 121.816 82.0094 315.878 121.266 83.7651 317.818 120 82.1817 316.235 120 82.0094 315.878 121.266 82.1817 316.235 120 80.9903 314.339 120 82.0094 315.878 121.266 84.4098 318.09 121.816 83.7651 317.818 120 89.5166 319.511 123.052 90 319.01 124.339 90 319.749 122.225 89.5166 319.511 123.052 90 319.749 122.225 88.5971 319.511 122.753 86.5451 318.09 124.755 87.8149 319.511 122.185 85.2447 318.09 123.455 86.5451 318.09 124.755 88.5971 319.511 122.753 87.8149 319.511 122.185 82.7916 315.878 123.673 84.4098 318.09 121.816 82.0094 315.878 121.266 82.7916 315.878 123.673 85.2447 318.09 123.455 84.4098 318.09 121.816 88.1836 318.09 125.59 90 317.818 126.235 90 319.01 124.339 88.1836 318.09 125.59 89.5166 319.511 123.052 88.5971 319.511 122.753 88.1836 318.09 125.59 90 319.01 124.339 89.5166 319.511 123.052 88.1836 318.09 125.59 88.5971 319.511 122.753 86.5451 318.09 124.755 84.2794 315.878 125.721 86.5451 318.09 124.755 85.2447 318.09 123.455 84.2794 315.878 125.721 85.2447 318.09 123.455 82.7916 315.878 123.673 80.9549 313.09 122.939 80.9903 314.339 120 80.2507 312.225 120 80.9549 313.09 122.939 80.2507 310 122.225 80.9903 310 124.339 80.9549 313.09 122.939 82.0094 315.878 121.266 80.9903 314.339 120 80.9549 313.09 122.939 82.7916 315.878 123.673 82.0094 315.878 121.266 80.9549 313.09 122.939 80.2507 312.225 120 80.2507 310 122.225 86.3271 315.878 127.208 88.1836 318.09 125.59 86.5451 318.09 124.755 86.3271 315.878 127.208 86.5451 318.09 124.755 84.2794 315.878 125.721 82.3058 313.09 125.59 80.9903 310 124.339 82.1817 310 126.235 82.3058 313.09 125.59 80.9549 313.09 122.939 80.9903 310 124.339 82.3058 313.09 125.59 84.2794 315.878 125.721 82.7916 315.878 123.673 82.3058 313.09 125.59 82.7916 315.878 123.673 80.9549 313.09 122.939 88.7344 315.878 127.991 90 316.235 127.818 90 317.818 126.235 88.7344 315.878 127.991 90 314.339 129.01 90 316.235 127.818 88.7344 315.878 127.991 90 317.818 126.235 88.1836 318.09 125.59 88.7344 315.878 127.991 88.1836 318.09 125.59 86.3271 315.878 127.208 84.4098 313.09 127.694 82.1817 310 126.235 83.7651 310 127.818 84.4098 313.09 127.694 83.7651 310 127.818 85.6612 310 129.01 84.4098 313.09 127.694 82.3058 313.09 125.59 82.1817 310 126.235 84.4098 313.09 127.694 86.3271 315.878 127.208 84.2794 315.878 125.721 84.4098 313.09 127.694 84.2794 315.878 125.721 82.3058 313.09 125.59 87.0611 313.09 129.045 90 312.225 129.749 90 314.339 129.01 87.0611 313.09 129.045 85.6612 310 129.01 87.7748 310 129.749 87.0611 313.09 129.045 87.7748 310 129.749 90 312.225 129.749 87.0611 313.09 129.045 84.4098 313.09 127.694 85.6612 310 129.01 87.0611 313.09 129.045 90 314.339 129.01 88.7344 315.878 127.991 87.0611 313.09 129.045 88.7344 315.878 127.991 86.3271 315.878 127.208 87.0611 313.09 129.045 86.3271 315.878 127.208 84.4098 313.09 127.694 220 320 120 90 320 -120 90 320 120 220 320 120 220 320 -120 90 320 -120 110 290 100 110 290 -100 110 310 -120 110 90 -100 110 70 -120 110 310 -120 110 90 -100 110 310 -120 110 290 -100 110 310 120 110 290 100 110 310 -120 110 90 100 110 290 100 110 310 120 110 70 120 110 90 100 110 310 120 110 70 120 110 70 -120 110 90 -100 110 70 120 110 90 -100 110 90 100 220 60 -120 90 60 -120 90 60.2507 -122.225 220 60.2507 -122.225 220 60 -120 90 60.2507 -122.225 220 60.9903 -124.339 90 60.2507 -122.225 90 60.9903 -124.339 220 60.9903 -124.339 220 60.2507 -122.225 90 60.2507 -122.225 220 62.1817 -126.235 90 62.1817 -126.235 90 63.7651 -127.818 220 62.1817 -126.235 90 60.9903 -124.339 90 62.1817 -126.235 220 62.1817 -126.235 220 60.9903 -124.339 90 60.9903 -124.339 220 63.7651 -127.818 220 62.1817 -126.235 90 63.7651 -127.818 220 65.6612 -129.01 90 63.7651 -127.818 90 65.6612 -129.01 220 65.6612 -129.01 220 63.7651 -127.818 90 63.7651 -127.818 220 67.7748 -129.749 90 65.6612 -129.01 90 67.7748 -129.749 220 67.7748 -129.749 220 65.6612 -129.01 90 65.6612 -129.01 220 70 -130 90 67.7748 -129.749 90 70 -130 220 70 -130 220 67.7748 -129.749 90 67.7748 -129.749 220 60 120 90 60.2507 122.225 90 60 120 220 60.2507 122.225 90 60.2507 122.225 220 60 120 220 60.9903 124.339 90 60.9903 124.339 90 60.2507 122.225 220 60.9903 124.339 90 60.2507 122.225 220 60.2507 122.225 220 62.1817 126.235 90 63.7651 127.818 90 62.1817 126.235 220 62.1817 126.235 90 62.1817 126.235 90 60.9903 124.339 220 62.1817 126.235 90 60.9903 124.339 220 60.9903 124.339 220 63.7651 127.818 90 63.7651 127.818 220 62.1817 126.235 220 65.6612 129.01 90 65.6612 129.01 90 63.7651 127.818 220 65.6612 129.01 90 63.7651 127.818 220 63.7651 127.818 220 67.7748 129.749 90 67.7748 129.749 90 65.6612 129.01 220 67.7748 129.749 90 65.6612 129.01 220 65.6612 129.01 220 70 130 90 70 130 90 67.7748 129.749 220 70 130 90 67.7748 129.749 220 67.7748 129.749 229.749 67.7748 120 230 70 -120 230 70 120 229.749 67.7748 120 229.749 67.7748 -120 230 70 -120 229.01 65.6612 120 229.01 65.6612 -120 229.749 67.7748 -120 229.01 65.6612 120 229.749 67.7748 -120 229.749 67.7748 120 227.818 63.7651 120 227.818 63.7651 -120 229.01 65.6612 -120 227.818 63.7651 120 229.01 65.6612 -120 229.01 65.6612 120 226.235 62.1817 120 226.235 62.1817 -120 227.818 63.7651 -120 226.235 62.1817 120 224.339 60.9903 -120 226.235 62.1817 -120 226.235 62.1817 120 227.818 63.7651 -120 227.818 63.7651 120 224.339 60.9903 120 224.339 60.9903 -120 226.235 62.1817 120 222.225 60.2507 120 222.225 60.2507 -120 224.339 60.9903 -120 222.225 60.2507 120 220 60 -120 222.225 60.2507 -120 222.225 60.2507 120 224.339 60.9903 -120 224.339 60.9903 120 220 60 120 220 60 -120 222.225 60.2507 120 220 320 -120 90 319.749 -122.225 90 320 -120 220 319.749 -122.225 90 319.749 -122.225 220 320 -120 220 319.01 -124.339 90 319.01 -124.339 90 319.749 -122.225 220 319.01 -124.339 90 319.749 -122.225 220 319.749 -122.225 220 317.818 -126.235 90 316.235 -127.818 90 317.818 -126.235 220 317.818 -126.235 90 317.818 -126.235 90 319.01 -124.339 220 317.818 -126.235 90 319.01 -124.339 220 319.01 -124.339 220 316.235 -127.818 90 316.235 -127.818 220 317.818 -126.235 220 314.339 -129.01 90 314.339 -129.01 90 316.235 -127.818 220 314.339 -129.01 90 316.235 -127.818 220 316.235 -127.818 220 312.225 -129.749 90 312.225 -129.749 90 314.339 -129.01 220 312.225 -129.749 90 314.339 -129.01 220 314.339 -129.01 220 310 -130 90 310 -130 90 312.225 -129.749 220 310 -130 90 312.225 -129.749 220 312.225 -129.749 229.749 310 -122.225 230 70 -120 229.749 70 -122.225 229.749 310 -122.225 230 310 -120 230 70 -120 229.01 310 -124.339 229.749 70 -122.225 229.01 70 -124.339 229.01 310 -124.339 229.749 310 -122.225 229.749 70 -122.225 227.818 310 -126.235 229.01 70 -124.339 227.818 70 -126.235 227.818 310 -126.235 229.01 310 -124.339 229.01 70 -124.339 226.235 310 -127.818 226.235 70 -127.818 224.339 70 -129.01 226.235 310 -127.818 227.818 70 -126.235 226.235 70 -127.818 226.235 310 -127.818 227.818 310 -126.235 227.818 70 -126.235 224.339 310 -129.01 226.235 310 -127.818 224.339 70 -129.01 222.225 310 -129.749 222.225 70 -129.749 220 70 -130 222.225 310 -129.749 224.339 70 -129.01 222.225 70 -129.749 222.225 310 -129.749 224.339 310 -129.01 224.339 70 -129.01 220 310 -130 222.225 310 -129.749 220 70 -130 220 320 120 90 320 120 90 319.749 122.225 220 319.749 122.225 220 320 120 90 319.749 122.225 220 319.01 124.339 90 319.749 122.225 90 319.01 124.339 220 319.01 124.339 220 319.749 122.225 90 319.749 122.225 220 317.818 126.235 90 319.01 124.339 90 317.818 126.235 220 317.818 126.235 90 317.818 126.235 90 316.235 127.818 220 317.818 126.235 220 319.01 124.339 90 319.01 124.339 220 316.235 127.818 220 317.818 126.235 90 316.235 127.818 220 314.339 129.01 90 316.235 127.818 90 314.339 129.01 220 314.339 129.01 220 316.235 127.818 90 316.235 127.818 220 312.225 129.749 90 314.339 129.01 90 312.225 129.749 220 312.225 129.749 220 314.339 129.01 90 314.339 129.01 220 310 130 90 312.225 129.749 90 310 130 220 310 130 220 312.225 129.749 90 312.225 129.749 229.749 310 122.225 229.749 70 122.225 230 70 120 229.749 310 122.225 230 70 120 230 310 120 229.01 310 124.339 229.01 70 124.339 229.749 70 122.225 229.01 310 124.339 229.749 70 122.225 229.749 310 122.225 227.818 310 126.235 227.818 70 126.235 229.01 70 124.339 227.818 310 126.235 229.01 70 124.339 229.01 310 124.339 226.235 310 127.818 224.339 70 129.01 226.235 70 127.818 226.235 310 127.818 226.235 70 127.818 227.818 70 126.235 226.235 310 127.818 227.818 70 126.235 227.818 310 126.235 224.339 310 129.01 224.339 70 129.01 226.235 310 127.818 222.225 310 129.749 220 70 130 222.225 70 129.749 222.225 310 129.749 222.225 70 129.749 224.339 70 129.01 222.225 310 129.749 224.339 70 129.01 224.339 310 129.01 220 310 130 220 70 130 222.225 310 129.749 229.749 312.225 120 230 310 120 230 310 -120 229.749 312.225 120 230 310 -120 229.749 312.225 -120 229.01 314.339 120 229.749 312.225 -120 229.01 314.339 -120 229.01 314.339 120 229.749 312.225 120 229.749 312.225 -120 227.818 316.235 120 229.01 314.339 -120 227.818 316.235 -120 227.818 316.235 120 229.01 314.339 120 229.01 314.339 -120 226.235 317.818 120 227.818 316.235 -120 226.235 317.818 -120 226.235 317.818 120 226.235 317.818 -120 224.339 319.01 -120 226.235 317.818 120 227.818 316.235 120 227.818 316.235 -120 224.339 319.01 120 226.235 317.818 120 224.339 319.01 -120 222.225 319.749 120 224.339 319.01 -120 222.225 319.749 -120 222.225 319.749 120 222.225 319.749 -120 220 320 -120 222.225 319.749 120 224.339 319.01 120 224.339 319.01 -120 220 320 120 222.225 319.749 120 220 320 -120 110 70 120 220 70 -120 110 70 -120 220 70 120 220 70 -120 110 70 120 110 310 120 220 70 120 110 70 120 220 310 120 220 70 120 110 310 120 110 310 -120 110 70 -120 220 70 -120 220 310 -120 110 310 -120 220 70 -120 110 310 120 110 310 -120 220 310 -120 220 310 120 110 310 120 220 310 -120 229.749 67.7748 -120 229.749 70 -122.225 230 70 -120 220 60 -120 220 60.2507 -122.225 222.225 60.2507 -120 223.052 69.5166 -129.511 222.225 70 -129.749 224.339 70 -129.01 222.753 68.5971 -129.511 220 70 -130 222.225 70 -129.749 222.753 68.5971 -129.511 222.225 70 -129.749 223.052 69.5166 -129.511 222.185 67.8149 -129.511 220 70 -130 220 70 -130 222.185 67.8149 -129.511 220 70 -130 222.753 68.5971 -129.511 225.59 68.1836 -128.09 224.339 70 -129.01 226.235 70 -127.818 225.59 68.1836 -128.09 223.052 69.5166 -129.511 224.339 70 -129.01 225.59 68.1836 -128.09 222.753 68.5971 -129.511 223.052 69.5166 -129.511 221.403 67.2466 -129.511 220 67.7748 -129.749 220 70 -130 221.403 67.2466 -129.511 220 70 -130 222.185 67.8149 -129.511 224.755 66.5451 -128.09 222.185 67.8149 -129.511 222.753 68.5971 -129.511 224.755 66.5451 -128.09 222.753 68.5971 -129.511 225.59 68.1836 -128.09 227.991 68.7344 -125.878 226.235 70 -127.818 227.818 70 -126.235 227.991 68.7344 -125.878 227.818 70 -126.235 229.01 70 -124.339 227.991 68.7344 -125.878 225.59 68.1836 -128.09 226.235 70 -127.818 220.483 66.9479 -129.511 220 65.6612 -129.01 220 67.7748 -129.749 220.483 66.9479 -129.511 220 67.7748 -129.749 221.403 67.2466 -129.511 223.455 65.2447 -128.09 222.185 67.8149 -129.511 224.755 66.5451 -128.09 223.455 65.2447 -128.09 221.403 67.2466 -129.511 222.185 67.8149 -129.511 227.208 66.3271 -125.878 225.59 68.1836 -128.09 227.991 68.7344 -125.878 227.208 66.3271 -125.878 224.755 66.5451 -128.09 225.59 68.1836 -128.09 221.816 64.4098 -128.09 220 63.7651 -127.818 220 65.6612 -129.01 221.816 64.4098 -128.09 220.483 66.9479 -129.511 221.403 67.2466 -129.511 221.816 64.4098 -128.09 220 65.6612 -129.01 220.483 66.9479 -129.511 221.816 64.4098 -128.09 221.403 67.2466 -129.511 223.455 65.2447 -128.09 225.721 64.2794 -125.878 223.455 65.2447 -128.09 224.755 66.5451 -128.09 225.721 64.2794 -125.878 224.755 66.5451 -128.09 227.208 66.3271 -125.878 229.045 67.0611 -123.09 229.01 70 -124.339 229.749 70 -122.225 229.045 67.0611 -123.09 229.749 67.7748 -120 229.01 65.6612 -120 229.045 67.0611 -123.09 227.991 68.7344 -125.878 229.01 70 -124.339 229.045 67.0611 -123.09 227.208 66.3271 -125.878 227.991 68.7344 -125.878 229.045 67.0611 -123.09 229.749 70 -122.225 229.749 67.7748 -120 223.673 62.7916 -125.878 221.816 64.4098 -128.09 223.455 65.2447 -128.09 223.673 62.7916 -125.878 223.455 65.2447 -128.09 225.721 64.2794 -125.878 227.694 64.4098 -123.09 229.01 65.6612 -120 227.818 63.7651 -120 227.694 64.4098 -123.09 227.818 63.7651 -120 226.235 62.1817 -120 227.694 64.4098 -123.09 229.045 67.0611 -123.09 229.01 65.6612 -120 227.694 64.4098 -123.09 225.721 64.2794 -125.878 227.208 66.3271 -125.878 227.694 64.4098 -123.09 227.208 66.3271 -125.878 229.045 67.0611 -123.09 221.266 62.0094 -125.878 220 62.1817 -126.235 220 63.7651 -127.818 221.266 62.0094 -125.878 220 60.9903 -124.339 220 62.1817 -126.235 221.266 62.0094 -125.878 220 63.7651 -127.818 221.816 64.4098 -128.09 221.266 62.0094 -125.878 221.816 64.4098 -128.09 223.673 62.7916 -125.878 225.59 62.3058 -123.09 226.235 62.1817 -120 224.339 60.9903 -120 225.59 62.3058 -123.09 227.694 64.4098 -123.09 226.235 62.1817 -120 225.59 62.3058 -123.09 223.673 62.7916 -125.878 225.721 64.2794 -125.878 225.59 62.3058 -123.09 225.721 64.2794 -125.878 227.694 64.4098 -123.09 222.939 60.9549 -123.09 220 60.2507 -122.225 220 60.9903 -124.339 222.939 60.9549 -123.09 224.339 60.9903 -120 222.225 60.2507 -120 222.939 60.9549 -123.09 225.59 62.3058 -123.09 224.339 60.9903 -120 222.939 60.9549 -123.09 222.225 60.2507 -120 220 60.2507 -122.225 222.939 60.9549 -123.09 220 60.9903 -124.339 221.266 62.0094 -125.878 222.939 60.9549 -123.09 221.266 62.0094 -125.878 223.673 62.7916 -125.878 222.939 60.9549 -123.09 223.673 62.7916 -125.878 225.59 62.3058 -123.09 229.749 67.7748 120 230 70 120 229.749 70 122.225 220 60 120 222.225 60.2507 120 220 60.2507 122.225 223.052 69.5166 129.511 224.339 70 129.01 222.225 70 129.749 222.753 68.5971 129.511 222.225 70 129.749 220 70 130 222.753 68.5971 129.511 223.052 69.5166 129.511 222.225 70 129.749 222.185 67.8149 129.511 220 70 130 220 70 130 222.185 67.8149 129.511 222.753 68.5971 129.511 220 70 130 225.59 68.1836 128.09 226.235 70 127.818 224.339 70 129.01 225.59 68.1836 128.09 224.339 70 129.01 223.052 69.5166 129.511 225.59 68.1836 128.09 223.052 69.5166 129.511 222.753 68.5971 129.511 221.403 67.2466 129.511 220 70 130 220 67.7748 129.749 221.403 67.2466 129.511 222.185 67.8149 129.511 220 70 130 224.755 66.5451 128.09 222.753 68.5971 129.511 222.185 67.8149 129.511 224.755 66.5451 128.09 225.59 68.1836 128.09 222.753 68.5971 129.511 227.991 68.7344 125.878 227.818 70 126.235 226.235 70 127.818 227.991 68.7344 125.878 229.01 70 124.339 227.818 70 126.235 227.991 68.7344 125.878 226.235 70 127.818 225.59 68.1836 128.09 220.483 66.9479 129.511 220 67.7748 129.749 220 65.6612 129.01 220.483 66.9479 129.511 221.403 67.2466 129.511 220 67.7748 129.749 223.455 65.2447 128.09 224.755 66.5451 128.09 222.185 67.8149 129.511 223.455 65.2447 128.09 222.185 67.8149 129.511 221.403 67.2466 129.511 227.208 66.3271 125.878 227.991 68.7344 125.878 225.59 68.1836 128.09 227.208 66.3271 125.878 225.59 68.1836 128.09 224.755 66.5451 128.09 221.816 64.4098 128.09 220 65.6612 129.01 220 63.7651 127.818 221.816 64.4098 128.09 221.403 67.2466 129.511 220.483 66.9479 129.511 221.816 64.4098 128.09 220.483 66.9479 129.511 220 65.6612 129.01 221.816 64.4098 128.09 223.455 65.2447 128.09 221.403 67.2466 129.511 225.721 64.2794 125.878 224.755 66.5451 128.09 223.455 65.2447 128.09 225.721 64.2794 125.878 227.208 66.3271 125.878 224.755 66.5451 128.09 229.045 67.0611 123.09 229.749 70 122.225 229.01 70 124.339 229.045 67.0611 123.09 229.01 65.6612 120 229.749 67.7748 120 229.045 67.0611 123.09 229.01 70 124.339 227.991 68.7344 125.878 229.045 67.0611 123.09 227.991 68.7344 125.878 227.208 66.3271 125.878 229.045 67.0611 123.09 229.749 67.7748 120 229.749 70 122.225 223.673 62.7916 125.878 223.455 65.2447 128.09 221.816 64.4098 128.09 223.673 62.7916 125.878 225.721 64.2794 125.878 223.455 65.2447 128.09 227.694 64.4098 123.09 227.818 63.7651 120 229.01 65.6612 120 227.694 64.4098 123.09 226.235 62.1817 120 227.818 63.7651 120 227.694 64.4098 123.09 229.01 65.6612 120 229.045 67.0611 123.09 227.694 64.4098 123.09 227.208 66.3271 125.878 225.721 64.2794 125.878 227.694 64.4098 123.09 229.045 67.0611 123.09 227.208 66.3271 125.878 221.266 62.0094 125.878 220 63.7651 127.818 220 62.1817 126.235 221.266 62.0094 125.878 220 62.1817 126.235 220 60.9903 124.339 221.266 62.0094 125.878 221.816 64.4098 128.09 220 63.7651 127.818 221.266 62.0094 125.878 223.673 62.7916 125.878 221.816 64.4098 128.09 225.59 62.3058 123.09 224.339 60.9903 120 226.235 62.1817 120 225.59 62.3058 123.09 226.235 62.1817 120 227.694 64.4098 123.09 225.59 62.3058 123.09 225.721 64.2794 125.878 223.673 62.7916 125.878 225.59 62.3058 123.09 227.694 64.4098 123.09 225.721 64.2794 125.878 222.939 60.9549 123.09 220 60.9903 124.339 220 60.2507 122.225 222.939 60.9549 123.09 222.225 60.2507 120 224.339 60.9903 120 222.939 60.9549 123.09 224.339 60.9903 120 225.59 62.3058 123.09 222.939 60.9549 123.09 220 60.2507 122.225 222.225 60.2507 120 222.939 60.9549 123.09 221.266 62.0094 125.878 220 60.9903 124.339 222.939 60.9549 123.09 223.673 62.7916 125.878 221.266 62.0094 125.878 222.939 60.9549 123.09 225.59 62.3058 123.09 223.673 62.7916 125.878 230 70 120 230 70 -120 230 310 -120 230 70 120 230 310 -120 230 310 120 229.749 312.225 -120 230 310 -120 229.749 310 -122.225 220 320 -120 222.225 319.749 -120 220 319.749 -122.225 223.052 310.483 -129.511 224.339 310 -129.01 222.225 310 -129.749 222.753 311.403 -129.511 222.225 310 -129.749 220 310 -130 222.753 311.403 -129.511 223.052 310.483 -129.511 222.225 310 -129.749 222.185 312.185 -129.511 220 310 -130 220 310 -130 222.185 312.185 -129.511 222.753 311.403 -129.511 220 310 -130 225.59 311.816 -128.09 226.235 310 -127.818 224.339 310 -129.01 225.59 311.816 -128.09 224.339 310 -129.01 223.052 310.483 -129.511 225.59 311.816 -128.09 223.052 310.483 -129.511 222.753 311.403 -129.511 221.403 312.753 -129.511 220 310 -130 220 312.225 -129.749 221.403 312.753 -129.511 222.185 312.185 -129.511 220 310 -130 224.755 313.455 -128.09 222.753 311.403 -129.511 222.185 312.185 -129.511 224.755 313.455 -128.09 225.59 311.816 -128.09 222.753 311.403 -129.511 227.991 311.266 -125.878 227.818 310 -126.235 226.235 310 -127.818 227.991 311.266 -125.878 229.01 310 -124.339 227.818 310 -126.235 227.991 311.266 -125.878 226.235 310 -127.818 225.59 311.816 -128.09 220.483 313.052 -129.511 220 312.225 -129.749 220 314.339 -129.01 220.483 313.052 -129.511 221.403 312.753 -129.511 220 312.225 -129.749 223.455 314.755 -128.09 224.755 313.455 -128.09 222.185 312.185 -129.511 223.455 314.755 -128.09 222.185 312.185 -129.511 221.403 312.753 -129.511 227.208 313.673 -125.878 227.991 311.266 -125.878 225.59 311.816 -128.09 227.208 313.673 -125.878 225.59 311.816 -128.09 224.755 313.455 -128.09 221.816 315.59 -128.09 220 314.339 -129.01 220 316.235 -127.818 221.816 315.59 -128.09 221.403 312.753 -129.511 220.483 313.052 -129.511 221.816 315.59 -128.09 223.455 314.755 -128.09 221.403 312.753 -129.511 221.816 315.59 -128.09 220.483 313.052 -129.511 220 314.339 -129.01 225.721 315.721 -125.878 224.755 313.455 -128.09 223.455 314.755 -128.09 225.721 315.721 -125.878 227.208 313.673 -125.878 224.755 313.455 -128.09 229.045 312.939 -123.09 229.749 310 -122.225 229.01 310 -124.339 229.045 312.939 -123.09 229.01 314.339 -120 229.749 312.225 -120 229.045 312.939 -123.09 229.01 310 -124.339 227.991 311.266 -125.878 229.045 312.939 -123.09 227.991 311.266 -125.878 227.208 313.673 -125.878 229.045 312.939 -123.09 229.749 312.225 -120 229.749 310 -122.225 223.673 317.208 -125.878 223.455 314.755 -128.09 221.816 315.59 -128.09 223.673 317.208 -125.878 225.721 315.721 -125.878 223.455 314.755 -128.09 227.694 315.59 -123.09 227.818 316.235 -120 229.01 314.339 -120 227.694 315.59 -123.09 226.235 317.818 -120 227.818 316.235 -120 227.694 315.59 -123.09 229.01 314.339 -120 229.045 312.939 -123.09 227.694 315.59 -123.09 227.208 313.673 -125.878 225.721 315.721 -125.878 227.694 315.59 -123.09 229.045 312.939 -123.09 227.208 313.673 -125.878 221.266 317.991 -125.878 220 316.235 -127.818 220 317.818 -126.235 221.266 317.991 -125.878 220 317.818 -126.235 220 319.01 -124.339 221.266 317.991 -125.878 221.816 315.59 -128.09 220 316.235 -127.818 221.266 317.991 -125.878 223.673 317.208 -125.878 221.816 315.59 -128.09 225.59 317.694 -123.09 224.339 319.01 -120 226.235 317.818 -120 225.59 317.694 -123.09 226.235 317.818 -120 227.694 315.59 -123.09 225.59 317.694 -123.09 225.721 315.721 -125.878 223.673 317.208 -125.878 225.59 317.694 -123.09 227.694 315.59 -123.09 225.721 315.721 -125.878 222.939 319.045 -123.09 220 319.01 -124.339 220 319.749 -122.225 222.939 319.045 -123.09 222.225 319.749 -120 224.339 319.01 -120 222.939 319.045 -123.09 224.339 319.01 -120 225.59 317.694 -123.09 222.939 319.045 -123.09 220 319.749 -122.225 222.225 319.749 -120 222.939 319.045 -123.09 221.266 317.991 -125.878 220 319.01 -124.339 222.939 319.045 -123.09 223.673 317.208 -125.878 221.266 317.991 -125.878 222.939 319.045 -123.09 225.59 317.694 -123.09 223.673 317.208 -125.878 229.749 310 122.225 230 310 120 229.749 312.225 120 220 310 130 222.225 310 129.749 220 312.225 129.749 223.052 319.511 120.483 224.339 319.01 120 222.225 319.749 120 222.753 319.511 121.403 222.225 319.749 120 220 320 120 222.753 319.511 121.403 223.052 319.511 120.483 222.225 319.749 120 222.185 319.511 122.185 220 320 120 220 320 120 222.185 319.511 122.185 222.753 319.511 121.403 220 320 120 225.59 318.09 121.816 226.235 317.818 120 224.339 319.01 120 225.59 318.09 121.816 224.339 319.01 120 223.052 319.511 120.483 225.59 318.09 121.816 223.052 319.511 120.483 222.753 319.511 121.403 221.403 319.511 122.753 220 320 120 220 319.749 122.225 221.403 319.511 122.753 222.185 319.511 122.185 220 320 120 224.755 318.09 123.455 222.753 319.511 121.403 222.185 319.511 122.185 224.755 318.09 123.455 225.59 318.09 121.816 222.753 319.511 121.403 227.991 315.878 121.266 227.818 316.235 120 226.235 317.818 120 227.991 315.878 121.266 229.01 314.339 120 227.818 316.235 120 227.991 315.878 121.266 226.235 317.818 120 225.59 318.09 121.816 220.483 319.511 123.052 220 319.749 122.225 220 319.01 124.339 220.483 319.511 123.052 221.403 319.511 122.753 220 319.749 122.225 223.455 318.09 124.755 224.755 318.09 123.455 222.185 319.511 122.185 223.455 318.09 124.755 222.185 319.511 122.185 221.403 319.511 122.753 227.208 315.878 123.673 227.991 315.878 121.266 225.59 318.09 121.816 227.208 315.878 123.673 225.59 318.09 121.816 224.755 318.09 123.455 221.816 318.09 125.59 220 319.01 124.339 220 317.818 126.235 221.816 318.09 125.59 221.403 319.511 122.753 220.483 319.511 123.052 221.816 318.09 125.59 220.483 319.511 123.052 220 319.01 124.339 221.816 318.09 125.59 223.455 318.09 124.755 221.403 319.511 122.753 225.721 315.878 125.721 224.755 318.09 123.455 223.455 318.09 124.755 225.721 315.878 125.721 227.208 315.878 123.673 224.755 318.09 123.455 229.045 313.09 122.939 229.749 312.225 120 229.01 314.339 120 229.045 313.09 122.939 229.01 310 124.339 229.749 310 122.225 229.045 313.09 122.939 229.01 314.339 120 227.991 315.878 121.266 229.045 313.09 122.939 227.991 315.878 121.266 227.208 315.878 123.673 229.045 313.09 122.939 229.749 310 122.225 229.749 312.225 120 223.673 315.878 127.208 223.455 318.09 124.755 221.816 318.09 125.59 223.673 315.878 127.208 225.721 315.878 125.721 223.455 318.09 124.755 227.694 313.09 125.59 227.818 310 126.235 229.01 310 124.339 227.694 313.09 125.59 229.01 310 124.339 229.045 313.09 122.939 227.694 313.09 125.59 227.208 315.878 123.673 225.721 315.878 125.721 227.694 313.09 125.59 229.045 313.09 122.939 227.208 315.878 123.673 221.266 315.878 127.991 220 317.818 126.235 220 316.235 127.818 221.266 315.878 127.991 220 316.235 127.818 220 314.339 129.01 221.266 315.878 127.991 221.816 318.09 125.59 220 317.818 126.235 221.266 315.878 127.991 223.673 315.878 127.208 221.816 318.09 125.59 225.59 313.09 127.694 226.235 310 127.818 227.818 310 126.235 225.59 313.09 127.694 224.339 310 129.01 226.235 310 127.818 225.59 313.09 127.694 227.818 310 126.235 227.694 313.09 125.59 225.59 313.09 127.694 225.721 315.878 125.721 223.673 315.878 127.208 225.59 313.09 127.694 227.694 313.09 125.59 225.721 315.878 125.721 222.939 313.09 129.045 220 314.339 129.01 220 312.225 129.749 222.939 313.09 129.045 222.225 310 129.749 224.339 310 129.01 222.939 313.09 129.045 220 312.225 129.749 222.225 310 129.749 222.939 313.09 129.045 224.339 310 129.01 225.59 313.09 127.694 222.939 313.09 129.045 221.266 315.878 127.991 220 314.339 129.01 222.939 313.09 129.045 223.673 315.878 127.208 221.266 315.878 127.991 222.939 313.09 129.045 225.59 313.09 127.694 223.673 315.878 127.208 220 70 120 220 310 -120 220 70 -120 220 70 120 220 310 120 220 310 -120 " />
<Normal vector="-1 0 0 -1 0 0 -1 0 0 -1 0 0 -1 0 0 -1 0 0 -1 0 0 -1 0 0 -1 0 0 -1 0 0 -1 0 0 -1 0 0 -1 0 0 -1 0 0 -1 0 0 -1 0 0 -1 0 0 -1 0 0 -1 0 0 -1 0 0 -1 0 0 -1 0 0 -1 0 0 -1 0 0 -0.974928 -0.222521 0 -1 0 0 -1 0 0 -0.974928 -0.222521 0 -1 0 0 -0.974928 -0.222521 0 -0.900969 -0.433884 0 -0.974928 -0.222521 0 -0.900969 -0.433884 0 -0.900969 -0.433884 0 -0.974928 -0.222521 0 -0.974928 -0.222521 0 -0.781832 -0.62349 0 -0.900969 -0.433884 0 -0.781832 -0.62349 0 -0.781832 -0.62349 0 -0.900969 -0.433884 0 -0.900969 -0.433884 0 -0.62349 -0.781832 0 -0.781832 -0.62349 0 -0.62349 -0.781832 0 -0.62349 -0.781832 0 -0.62349 -0.781832 0 -0.433884 -0.900969 0 -0.62349 -0.781832 0 -0.781832 -0.62349 0 -0.781832 -0.62349 0 -0.433884 -0.900969 0 -0.62349 -0.781832 0 -0.433884 -0.900969 0 -0.222521 -0.974928 0 -0.433884 -0.900969 0 -0.222521 -0.974928 0 -0.222521 -0.974928 0 -0.222521 -0.974928 0 0 -1 0 -0.222521 -0.974928 0 -0.433884 -0.900969 0 -0.433884 -0.900969 0 0 -1 0 -0.222521 -0.974928 0 0 -1 0 -0.974928 0 -0.222521 -0.974928 0 -0.222521 -1 0 0 -0.974928 0 -0.222521 -1 0 0 -1 0 0 -0.900969 0 -0.433884 -0.900969 0 -0.433884 -0.974928 0 -0.222521 -0.900969 0 -0.433884 -0.974928 0 -0.222521 -0.974928 0 -0.222521 -0.781832 0 -0.62349 -0.781832 0 -0.62349 -0.900969 0 -0.433884 -0.781832 0 -0.62349 -0.900969 0 -0.433884 -0.900969 0 -0.433884 -0.62349 0 -0.781832 -0.433884 0 -0.900969 -0.62349 0 -0.781832 -0.62349 0 -0.781832 -0.62349 0 -0.781832 -0.781832 0 -0.62349 -0.62349 0 -0.781832 -0.781832 0 -0.62349 -0.781832 0 -0.62349 -0.433884 0 -0.900969 -0.433884 0 -0.900969 -0.62349 0 -0.781832 -0.222521 0 -0.974928 0 0 -1 -0.222521 0 -0.974928 -0.222521 0 -0.974928 -0.222521 0 -0.974928 -0.433884 0 -0.900969 -0.222521 0 -0.974928 -0.433884 0 -0.900969 -0.433884 0 -0.900969 0 0 -1 0 0 -1 -0.222521 0 -0.974928 -0.974928 0 0.222521 -1 0 0 -0.974928 0 0.222521 -0.974928 0 0.222521 -1 0 0 -1 0 0 -0.900969 0 0.433884 -0.974928 0 0.222521 -0.900969 0 0.433884 -0.900969 0 0.433884 -0.974928 0 0.222521 -0.974928 0 0.222521 -0.781832 0 0.62349 -0.900969 0 0.433884 -0.781832 0 0.62349 -0.781832 0 0.62349 -0.900969 0 0.433884 -0.900969 0 0.433884 -0.62349 0 0.781832 -0.62349 0 0.781832 -0.433884 0 0.900969 -0.62349 0 0.781832 -0.781832 0 0.62349 -0.62349 0 0.781832 -0.62349 0 0.781832 -0.781832 0 0.62349 -0.781832 0 0.62349 -0.433884 0 0.900969 -0.62349 0 0.781832 -0.433884 0 0.900969 -0.222521 0 0.974928 -0.222521 0 0.974928 0 0 1 -0.222521 0 0.974928 -0.433884 0 0.900969 -0.222521 0 0.974928 -0.222521 0 0.974928 -0.433884 0 0.900969 -0.433884 0 0.900969 0 0 1 -0.222521 0 0.974928 0 0 1 -0.974928 0.222521 0 -1 0 0 -1 0 0 -0.974928 0.222521 0 -0.974928 0.222521 0 -1 0 0 -0.900969 0.433884 0 -0.900969 0.433884 0 -0.974928 0.222521 0 -0.900969 0.433884 0 -0.974928 0.222521 0 -0.974928 0.222521 0 -0.781832 0.62349 0 -0.781832 0.62349 0 -0.900969 0.433884 0 -0.781832 0.62349 0 -0.900969 0.433884 0 -0.900969 0.433884 0 -0.62349 0.781832 0 -0.62349 0.781832 0 -0.781832 0.62349 0 -0.62349 0.781832 0 -0.433884 0.900969 0 -0.62349 0.781832 0 -0.62349 0.781832 0 -0.781832 0.62349 0 -0.781832 0.62349 0 -0.433884 0.900969 0 -0.433884 0.900969 0 -0.62349 0.781832 0 -0.222521 0.974928 0 -0.222521 0.974928 0 -0.433884 0.900969 0 -0.222521 0.974928 0 0 1 0 -0.222521 0.974928 0 -0.222521 0.974928 0 -0.433884 0.900969 0 -0.433884 0.900969 0 0 1 0 0 1 0 -0.222521 0.974928 0 0 0 1 0 0 1 0 0 1 0 0 1 0 0 1 0 0 1 0 -1 0 0 -1 0 0 -1 0 0 -1 0 0 -1 0 0 -1 0 0 0 -1 0 0 -1 0 0 -1 0 0 -1 0 0 -1 0 0 -1 0 1 0 0 1 0 0 1 0 0 1 0 0 1 0 0 1 0 -0.974928 -0.222521 0 -1 0 0 -0.974928 0 -0.222521 0 -1 0 -0.222521 -0.974928 0 0 -0.974928 -0.222521 -0.305212 -0.0483409 -0.951057 -0.433884 0 -0.900969 -0.222521 0 -0.974928 -0.275336 -0.140291 -0.951057 -0.222521 0 -0.974928 0 0 -1 -0.275336 -0.140291 -0.951057 -0.305212 -0.0483409 -0.951057 -0.222521 0 -0.974928 -0.218508 -0.218508 -0.951057 0 0 -1 0 0 -1 -0.218508 -0.218508 -0.951057 -0.275336 -0.140291 -0.951057 0 0 -1 -0.559017 -0.181636 -0.809017 -0.62349 0 -0.781832 -0.433884 0 -0.900969 -0.559017 -0.181636 -0.809017 -0.433884 0 -0.900969 -0.305212 -0.0483409 -0.951057 -0.559017 -0.181636 -0.809017 -0.305212 -0.0483409 -0.951057 -0.275336 -0.140291 -0.951057 -0.140291 -0.275336 -0.951057 0 0 -1 0 -0.222521 -0.974928 -0.140291 -0.275336 -0.951057 -0.218508 -0.218508 -0.951057 0 0 -1 -0.475528 -0.345491 -0.809017 -0.275336 -0.140291 -0.951057 -0.218508 -0.218508 -0.951057 -0.475528 -0.345491 -0.809017 -0.559017 -0.181636 -0.809017 -0.275336 -0.140291 -0.951057 -0.799057 -0.126558 -0.587785 -0.781832 0 -0.62349 -0.62349 0 -0.781832 -0.799057 -0.126558 -0.587785 -0.900969 0 -0.433884 -0.781832 0 -0.62349 -0.799057 -0.126558 -0.587785 -0.62349 0 -0.781832 -0.559017 -0.181636 -0.809017 -0.0483409 -0.305212 -0.951057 0 -0.222521 -0.974928 0 -0.433884 -0.900969 -0.0483409 -0.305212 -0.951057 -0.140291 -0.275336 -0.951057 0 -0.222521 -0.974928 -0.345491 -0.475528 -0.809017 -0.475528 -0.345491 -0.809017 -0.218508 -0.218508 -0.951057 -0.345491 -0.475528 -0.809017 -0.218508 -0.218508 -0.951057 -0.140291 -0.275336 -0.951057 -0.720839 -0.367286 -0.587785 -0.559017 -0.181636 -0.809017 -0.475528 -0.345491 -0.809017 -0.720839 -0.367286 -0.587785 -0.799057 -0.126558 -0.587785 -0.559017 -0.181636 -0.809017 -0.181636 -0.559017 -0.809017 0 -0.433884 -0.900969 0 -0.62349 -0.781832 -0.181636 -0.559017 -0.809017 -0.140291 -0.275336 -0.951057 -0.0483409 -0.305212 -0.951057 -0.181636 -0.559017 -0.809017 -0.0483409 -0.305212 -0.951057 0 -0.433884 -0.900969 -0.181636 -0.559017 -0.809017 -0.345491 -0.475528 -0.809017 -0.140291 -0.275336 -0.951057 -0.572061 -0.572061 -0.587785 -0.475528 -0.345491 -0.809017 -0.345491 -0.475528 -0.809017 -0.572061 -0.572061 -0.587785 -0.720839 -0.367286 -0.587785 -0.475528 -0.345491 -0.809017 -0.904508 -0.293893 -0.309017 -0.974928 0 -0.222521 -0.900969 0 -0.433884 -0.904508 -0.293893 -0.309017 -0.900969 -0.433884 0 -0.974928 -0.222521 0 -0.904508 -0.293893 -0.309017 -0.900969 0 -0.433884 -0.799057 -0.126558 -0.587785 -0.904508 -0.293893 -0.309017 -0.799057 -0.126558 -0.587785 -0.720839 -0.367286 -0.587785 -0.904508 -0.293893 -0.309017 -0.974928 -0.222521 0 -0.974928 0 -0.222521 -0.367286 -0.720839 -0.587785 -0.345491 -0.475528 -0.809017 -0.181636 -0.559017 -0.809017 -0.367286 -0.720839 -0.587785 -0.572061 -0.572061 -0.587785 -0.345491 -0.475528 -0.809017 -0.769421 -0.559017 -0.309017 -0.781832 -0.62349 0 -0.900969 -0.433884 0 -0.769421 -0.559017 -0.309017 -0.900969 -0.433884 0 -0.904508 -0.293893 -0.309017 -0.769421 -0.559017 -0.309017 -0.720839 -0.367286 -0.587785 -0.572061 -0.572061 -0.587785 -0.769421 -0.559017 -0.309017 -0.904508 -0.293893 -0.309017 -0.720839 -0.367286 -0.587785 -0.126558 -0.799057 -0.587785 0 -0.62349 -0.781832 0 -0.781832 -0.62349 -0.126558 -0.799057 -0.587785 0 -0.781832 -0.62349 0 -0.900969 -0.433884 -0.126558 -0.799057 -0.587785 -0.181636 -0.559017 -0.809017 0 -0.62349 -0.781832 -0.126558 -0.799057 -0.587785 -0.367286 -0.720839 -0.587785 -0.181636 -0.559017 -0.809017 -0.559017 -0.769421 -0.309017 -0.62349 -0.781832 0 -0.781832 -0.62349 0 -0.559017 -0.769421 -0.309017 -0.433884 -0.900969 0 -0.62349 -0.781832 0 -0.559017 -0.769421 -0.309017 -0.781832 -0.62349 0 -0.769421 -0.559017 -0.309017 -0.559017 -0.769421 -0.309017 -0.572061 -0.572061 -0.587785 -0.367286 -0.720839 -0.587785 -0.559017 -0.769421 -0.309017 -0.769421 -0.559017 -0.309017 -0.572061 -0.572061 -0.587785 -0.293893 -0.904508 -0.309017 0 -0.900969 -0.433884 0 -0.974928 -0.222521 -0.293893 -0.904508 -0.309017 -0.222521 -0.974928 0 -0.433884 -0.900969 0 -0.293893 -0.904508 -0.309017 0 -0.974928 -0.222521 -0.222521 -0.974928 0 -0.293893 -0.904508 -0.309017 -0.433884 -0.900969 0 -0.559017 -0.769421 -0.309017 -0.293893 -0.904508 -0.309017 -0.126558 -0.799057 -0.587785 0 -0.900969 -0.433884 -0.293893 -0.904508 -0.309017 -0.367286 -0.720839 -0.587785 -0.126558 -0.799057 -0.587785 -0.293893 -0.904508 -0.309017 -0.559017 -0.769421 -0.309017 -0.367286 -0.720839 -0.587785 -0.974928 -0.222521 0 -0.974928 0 0.222521 -1 0 0 0 -1 0 0 -0.974928 0.222521 -0.222521 -0.974928 0 -0.305212 -0.0483409 0.951057 -0.222521 0 0.974928 -0.433884 0 0.900969 -0.275336 -0.140291 0.951057 0 0 1 -0.222521 0 0.974928 -0.275336 -0.140291 0.951057 -0.222521 0 0.974928 -0.305212 -0.0483409 0.951057 -0.218508 -0.218508 0.951057 0 0 1 0 0 1 -0.218508 -0.218508 0.951057 0 0 1 -0.275336 -0.140291 0.951057 -0.559017 -0.181636 0.809017 -0.433884 0 0.900969 -0.62349 0 0.781832 -0.559017 -0.181636 0.809017 -0.305212 -0.0483409 0.951057 -0.433884 0 0.900969 -0.559017 -0.181636 0.809017 -0.275336 -0.140291 0.951057 -0.305212 -0.0483409 0.951057 -0.140291 -0.275336 0.951057 0 -0.222521 0.974928 0 0 1 -0.140291 -0.275336 0.951057 0 0 1 -0.218508 -0.218508 0.951057 -0.475528 -0.345491 0.809017 -0.218508 -0.218508 0.951057 -0.275336 -0.140291 0.951057 -0.475528 -0.345491 0.809017 -0.275336 -0.140291 0.951057 -0.559017 -0.181636 0.809017 -0.799057 -0.126558 0.587785 -0.62349 0 0.781832 -0.781832 0 0.62349 -0.799057 -0.126558 0.587785 -0.781832 0 0.62349 -0.900969 0 0.433884 -0.799057 -0.126558 0.587785 -0.559017 -0.181636 0.809017 -0.62349 0 0.781832 -0.0483409 -0.305212 0.951057 0 -0.433884 0.900969 0 -0.222521 0.974928 -0.0483409 -0.305212 0.951057 0 -0.222521 0.974928 -0.140291 -0.275336 0.951057 -0.345491 -0.475528 0.809017 -0.218508 -0.218508 0.951057 -0.475528 -0.345491 0.809017 -0.345491 -0.475528 0.809017 -0.140291 -0.275336 0.951057 -0.218508 -0.218508 0.951057 -0.720839 -0.367286 0.587785 -0.475528 -0.345491 0.809017 -0.559017 -0.181636 0.809017 -0.720839 -0.367286 0.587785 -0.559017 -0.181636 0.809017 -0.799057 -0.126558 0.587785 -0.181636 -0.559017 0.809017 0 -0.62349 0.781832 0 -0.433884 0.900969 -0.181636 -0.559017 0.809017 -0.0483409 -0.305212 0.951057 -0.140291 -0.275336 0.951057 -0.181636 -0.559017 0.809017 0 -0.433884 0.900969 -0.0483409 -0.305212 0.951057 -0.181636 -0.559017 0.809017 -0.140291 -0.275336 0.951057 -0.345491 -0.475528 0.809017 -0.572061 -0.572061 0.587785 -0.345491 -0.475528 0.809017 -0.475528 -0.345491 0.809017 -0.572061 -0.572061 0.587785 -0.475528 -0.345491 0.809017 -0.720839 -0.367286 0.587785 -0.904508 -0.293893 0.309017 -0.900969 0 0.433884 -0.974928 0 0.222521 -0.904508 -0.293893 0.309017 -0.974928 -0.222521 0 -0.900969 -0.433884 0 -0.904508 -0.293893 0.309017 -0.799057 -0.126558 0.587785 -0.900969 0 0.433884 -0.904508 -0.293893 0.309017 -0.720839 -0.367286 0.587785 -0.799057 -0.126558 0.587785 -0.904508 -0.293893 0.309017 -0.974928 0 0.222521 -0.974928 -0.222521 0 -0.367286 -0.720839 0.587785 -0.181636 -0.559017 0.809017 -0.345491 -0.475528 0.809017 -0.367286 -0.720839 0.587785 -0.345491 -0.475528 0.809017 -0.572061 -0.572061 0.587785 -0.769421 -0.559017 0.309017 -0.900969 -0.433884 0 -0.781832 -0.62349 0 -0.769421 -0.559017 0.309017 -0.904508 -0.293893 0.309017 -0.900969 -0.433884 0 -0.769421 -0.559017 0.309017 -0.572061 -0.572061 0.587785 -0.720839 -0.367286 0.587785 -0.769421 -0.559017 0.309017 -0.720839 -0.367286 0.587785 -0.904508 -0.293893 0.309017 -0.126558 -0.799057 0.587785 0 -0.781832 0.62349 0 -0.62349 0.781832 -0.126558 -0.799057 0.587785 0 -0.900969 0.433884 0 -0.781832 0.62349 -0.126558 -0.799057 0.587785 0 -0.62349 0.781832 -0.181636 -0.559017 0.809017 -0.126558 -0.799057 0.587785 -0.181636 -0.559017 0.809017 -0.367286 -0.720839 0.587785 -0.559017 -0.769421 0.309017 -0.781832 -0.62349 0 -0.62349 -0.781832 0 -0.559017 -0.769421 0.309017 -0.62349 -0.781832 0 -0.433884 -0.900969 0 -0.559017 -0.769421 0.309017 -0.769421 -0.559017 0.309017 -0.781832 -0.62349 0 -0.559017 -0.769421 0.309017 -0.367286 -0.720839 0.587785 -0.572061 -0.572061 0.587785 -0.559017 -0.769421 0.309017 -0.572061 -0.572061 0.587785 -0.769421 -0.559017 0.309017 -0.293893 -0.904508 0.309017 0 -0.974928 0.222521 0 -0.900969 0.433884 -0.293893 -0.904508 0.309017 -0.433884 -0.900969 0 -0.222521 -0.974928 0 -0.293893 -0.904508 0.309017 -0.222521 -0.974928 0 0 -0.974928 0.222521 -0.293893 -0.904508 0.309017 -0.559017 -0.769421 0.309017 -0.433884 -0.900969 0 -0.293893 -0.904508 0.309017 0 -0.900969 0.433884 -0.126558 -0.799057 0.587785 -0.293893 -0.904508 0.309017 -0.126558 -0.799057 0.587785 -0.367286 -0.720839 0.587785 -0.293893 -0.904508 0.309017 -0.367286 -0.720839 0.587785 -0.559017 -0.769421 0.309017 0 -1 0 0 -1 0 0 -1 0 0 -1 0 0 -1 0 0 -1 0 0 0 -1 0 0 -1 0 0 -1 0 0 -1 0 0 -1 0 0 -1 -0.974928 0.222521 0 -0.974928 0 -0.222521 -1 0 0 0 1 0 0 0.974928 -0.222521 -0.222521 0.974928 0 -0.305212 0.0483409 -0.951057 -0.222521 0 -0.974928 -0.433884 0 -0.900969 -0.275336 0.140291 -0.951057 0 0 -1 -0.222521 0 -0.974928 -0.275336 0.140291 -0.951057 -0.222521 0 -0.974928 -0.305212 0.0483409 -0.951057 -0.218508 0.218508 -0.951057 0 0 -1 0 0 -1 -0.218508 0.218508 -0.951057 0 0 -1 -0.275336 0.140291 -0.951057 -0.559017 0.181636 -0.809017 -0.433884 0 -0.900969 -0.62349 0 -0.781832 -0.559017 0.181636 -0.809017 -0.305212 0.0483409 -0.951057 -0.433884 0 -0.900969 -0.559017 0.181636 -0.809017 -0.275336 0.140291 -0.951057 -0.305212 0.0483409 -0.951057 -0.140291 0.275336 -0.951057 0 0.222521 -0.974928 0 0 -1 -0.140291 0.275336 -0.951057 0 0 -1 -0.218508 0.218508 -0.951057 -0.475528 0.345491 -0.809017 -0.218508 0.218508 -0.951057 -0.275336 0.140291 -0.951057 -0.475528 0.345491 -0.809017 -0.275336 0.140291 -0.951057 -0.559017 0.181636 -0.809017 -0.799057 0.126558 -0.587785 -0.62349 0 -0.781832 -0.781832 0 -0.62349 -0.799057 0.126558 -0.587785 -0.781832 0 -0.62349 -0.900969 0 -0.433884 -0.799057 0.126558 -0.587785 -0.559017 0.181636 -0.809017 -0.62349 0 -0.781832 -0.0483409 0.305212 -0.951057 0 0.433884 -0.900969 0 0.222521 -0.974928 -0.0483409 0.305212 -0.951057 0 0.222521 -0.974928 -0.140291 0.275336 -0.951057 -0.345491 0.475528 -0.809017 -0.218508 0.218508 -0.951057 -0.475528 0.345491 -0.809017 -0.345491 0.475528 -0.809017 -0.140291 0.275336 -0.951057 -0.218508 0.218508 -0.951057 -0.720839 0.367286 -0.587785 -0.559017 0.181636 -0.809017 -0.799057 0.126558 -0.587785 -0.720839 0.367286 -0.587785 -0.475528 0.345491 -0.809017 -0.559017 0.181636 -0.809017 -0.181636 0.559017 -0.809017 0 0.62349 -0.781832 0 0.433884 -0.900969 -0.181636 0.559017 -0.809017 -0.0483409 0.305212 -0.951057 -0.140291 0.275336 -0.951057 -0.181636 0.559017 -0.809017 -0.140291 0.275336 -0.951057 -0.345491 0.475528 -0.809017 -0.181636 0.559017 -0.809017 0 0.433884 -0.900969 -0.0483409 0.305212 -0.951057 -0.572061 0.572061 -0.587785 -0.345491 0.475528 -0.809017 -0.475528 0.345491 -0.809017 -0.572061 0.572061 -0.587785 -0.475528 0.345491 -0.809017 -0.720839 0.367286 -0.587785 -0.904508 0.293893 -0.309017 -0.900969 0 -0.433884 -0.974928 0 -0.222521 -0.904508 0.293893 -0.309017 -0.974928 0.222521 0 -0.900969 0.433884 0 -0.904508 0.293893 -0.309017 -0.799057 0.126558 -0.587785 -0.900969 0 -0.433884 -0.904508 0.293893 -0.309017 -0.720839 0.367286 -0.587785 -0.799057 0.126558 -0.587785 -0.904508 0.293893 -0.309017 -0.974928 0 -0.222521 -0.974928 0.222521 0 -0.367286 0.720839 -0.587785 -0.181636 0.559017 -0.809017 -0.345491 0.475528 -0.809017 -0.367286 0.720839 -0.587785 -0.345491 0.475528 -0.809017 -0.572061 0.572061 -0.587785 -0.769421 0.559017 -0.309017 -0.900969 0.433884 0 -0.781832 0.62349 0 -0.769421 0.559017 -0.309017 -0.781832 0.62349 0 -0.62349 0.781832 0 -0.769421 0.559017 -0.309017 -0.904508 0.293893 -0.309017 -0.900969 0.433884 0 -0.769421 0.559017 -0.309017 -0.572061 0.572061 -0.587785 -0.720839 0.367286 -0.587785 -0.769421 0.559017 -0.309017 -0.720839 0.367286 -0.587785 -0.904508 0.293893 -0.309017 -0.126558 0.799057 -0.587785 0 0.781832 -0.62349 0 0.62349 -0.781832 -0.126558 0.799057 -0.587785 0 0.900969 -0.433884 0 0.781832 -0.62349 -0.126558 0.799057 -0.587785 0 0.62349 -0.781832 -0.181636 0.559017 -0.809017 -0.126558 0.799057 -0.587785 -0.181636 0.559017 -0.809017 -0.367286 0.720839 -0.587785 -0.559017 0.769421 -0.309017 -0.62349 0.781832 0 -0.433884 0.900969 0 -0.559017 0.769421 -0.309017 -0.769421 0.559017 -0.309017 -0.62349 0.781832 0 -0.559017 0.769421 -0.309017 -0.367286 0.720839 -0.587785 -0.572061 0.572061 -0.587785 -0.559017 0.769421 -0.309017 -0.572061 0.572061 -0.587785 -0.769421 0.559017 -0.309017 -0.293893 0.904508 -0.309017 0 0.974928 -0.222521 0 0.900969 -0.433884 -0.293893 0.904508 -0.309017 -0.433884 0.900969 0 -0.222521 0.974928 0 -0.293893 0.904508 -0.309017 -0.559017 0.769421 -0.309017 -0.433884 0.900969 0 -0.293893 0.904508 -0.309017 -0.222521 0.974928 0 0 0.974928 -0.222521 -0.293893 0.904508 -0.309017 0 0.900969 -0.433884 -0.126558 0.799057 -0.587785 -0.293893 0.904508 -0.309017 -0.126558 0.799057 -0.587785 -0.367286 0.720839 -0.587785 -0.293893 0.904508 -0.309017 -0.367286 0.720839 -0.587785 -0.559017 0.769421 -0.309017 0 0 1 0 0 1 0 0 1 0 0 1 0 0 1 0 0 1 -0.974928 0 0.222521 -0.974928 0.222521 0 -1 0 0 0 0 1 0 0.222521 0.974928 -0.222521 0 0.974928 -0.305212 0.951057 0.0483409 -0.222521 0.974928 0 -0.433884 0.900969 0 -0.275336 0.951057 0.140291 0 1 0 -0.222521 0.974928 0 -0.275336 0.951057 0.140291 -0.222521 0.974928 0 -0.305212 0.951057 0.0483409 -0.218508 0.951057 0.218508 0 1 0 0 1 0 -0.218508 0.951057 0.218508 0 1 0 -0.275336 0.951057 0.140291 -0.559017 0.809017 0.181636 -0.433884 0.900969 0 -0.62349 0.781832 0 -0.559017 0.809017 0.181636 -0.305212 0.951057 0.0483409 -0.433884 0.900969 0 -0.559017 0.809017 0.181636 -0.275336 0.951057 0.140291 -0.305212 0.951057 0.0483409 -0.140291 0.951057 0.275336 0 0.974928 0.222521 0 1 0 -0.140291 0.951057 0.275336 0 1 0 -0.218508 0.951057 0.218508 -0.475528 0.809017 0.345491 -0.218508 0.951057 0.218508 -0.275336 0.951057 0.140291 -0.475528 0.809017 0.345491 -0.275336 0.951057 0.140291 -0.559017 0.809017 0.181636 -0.799057 0.587785 0.126558 -0.62349 0.781832 0 -0.781832 0.62349 0 -0.799057 0.587785 0.126558 -0.781832 0.62349 0 -0.900969 0.433884 0 -0.799057 0.587785 0.126558 -0.559017 0.809017 0.181636 -0.62349 0.781832 0 -0.0483409 0.951057 0.305212 0 0.900969 0.433884 0 0.974928 0.222521 -0.0483409 0.951057 0.305212 0 0.974928 0.222521 -0.140291 0.951057 0.275336 -0.345491 0.809017 0.475528 -0.218508 0.951057 0.218508 -0.475528 0.809017 0.345491 -0.345491 0.809017 0.475528 -0.140291 0.951057 0.275336 -0.218508 0.951057 0.218508 -0.720839 0.587785 0.367286 -0.559017 0.809017 0.181636 -0.799057 0.587785 0.126558 -0.720839 0.587785 0.367286 -0.475528 0.809017 0.345491 -0.559017 0.809017 0.181636 -0.181636 0.809017 0.559017 0 0.781832 0.62349 0 0.900969 0.433884 -0.181636 0.809017 0.559017 -0.0483409 0.951057 0.305212 -0.140291 0.951057 0.275336 -0.181636 0.809017 0.559017 0 0.900969 0.433884 -0.0483409 0.951057 0.305212 -0.181636 0.809017 0.559017 -0.140291 0.951057 0.275336 -0.345491 0.809017 0.475528 -0.572061 0.587785 0.572061 -0.345491 0.809017 0.475528 -0.475528 0.809017 0.345491 -0.572061 0.587785 0.572061 -0.475528 0.809017 0.345491 -0.720839 0.587785 0.367286 -0.904508 0.309017 0.293893 -0.900969 0.433884 0 -0.974928 0.222521 0 -0.904508 0.309017 0.293893 -0.974928 0 0.222521 -0.900969 0 0.433884 -0.904508 0.309017 0.293893 -0.799057 0.587785 0.126558 -0.900969 0.433884 0 -0.904508 0.309017 0.293893 -0.720839 0.587785 0.367286 -0.799057 0.587785 0.126558 -0.904508 0.309017 0.293893 -0.974928 0.222521 0 -0.974928 0 0.222521 -0.367286 0.587785 0.720839 -0.181636 0.809017 0.559017 -0.345491 0.809017 0.475528 -0.367286 0.587785 0.720839 -0.345491 0.809017 0.475528 -0.572061 0.587785 0.572061 -0.769421 0.309017 0.559017 -0.900969 0 0.433884 -0.781832 0 0.62349 -0.769421 0.309017 0.559017 -0.904508 0.309017 0.293893 -0.900969 0 0.433884 -0.769421 0.309017 0.559017 -0.572061 0.587785 0.572061 -0.720839 0.587785 0.367286 -0.769421 0.309017 0.559017 -0.720839 0.587785 0.367286 -0.904508 0.309017 0.293893 -0.126558 0.587785 0.799057 0 0.62349 0.781832 0 0.781832 0.62349 -0.126558 0.587785 0.799057 0 0.433884 0.900969 0 0.62349 0.781832 -0.126558 0.587785 0.799057 0 0.781832 0.62349 -0.181636 0.809017 0.559017 -0.126558 0.587785 0.799057 -0.181636 0.809017 0.559017 -0.367286 0.587785 0.720839 -0.559017 0.309017 0.769421 -0.781832 0 0.62349 -0.62349 0 0.781832 -0.559017 0.309017 0.769421 -0.62349 0 0.781832 -0.433884 0 0.900969 -0.559017 0.309017 0.769421 -0.769421 0.309017 0.559017 -0.781832 0 0.62349 -0.559017 0.309017 0.769421 -0.367286 0.587785 0.720839 -0.572061 0.587785 0.572061 -0.559017 0.309017 0.769421 -0.572061 0.587785 0.572061 -0.769421 0.309017 0.559017 -0.293893 0.309017 0.904508 0 0.222521 0.974928 0 0.433884 0.900969 -0.293893 0.309017 0.904508 -0.433884 0 0.900969 -0.222521 0 0.974928 -0.293893 0.309017 0.904508 -0.222521 0 0.974928 0 0.222521 0.974928 -0.293893 0.309017 0.904508 -0.559017 0.309017 0.769421 -0.433884 0 0.900969 -0.293893 0.309017 0.904508 0 0.433884 0.900969 -0.126558 0.587785 0.799057 -0.293893 0.309017 0.904508 -0.126558 0.587785 0.799057 -0.367286 0.587785 0.720839 -0.293893 0.309017 0.904508 -0.367286 0.587785 0.720839 -0.559017 0.309017 0.769421 0 1 0 0 1 0 0 1 0 0 1 0 0 1 0 0 1 0 1 0 0 1 0 0 1 0 0 1 0 0 1 0 0 1 0 0 1 0 0 1 0 0 1 0 0 1 0 0 1 0 0 1 0 0 1 0 0 1 0 0 1 0 0 1 0 0 1 0 0 1 0 0 1 0 0 1 0 0 1 0 0 1 0 0 1 0 0 1 0 0 0 -1 0 0 -1 0 0 -0.974928 -0.222521 0 -0.974928 -0.222521 0 -1 0 0 -0.974928 -0.222521 0 -0.900969 -0.433884 0 -0.974928 -0.222521 0 -0.900969 -0.433884 0 -0.900969 -0.433884 0 -0.974928 -0.222521 0 -0.974928 -0.222521 0 -0.781832 -0.62349 0 -0.781832 -0.62349 0 -0.62349 -0.781832 0 -0.781832 -0.62349 0 -0.900969 -0.433884 0 -0.781832 -0.62349 0 -0.781832 -0.62349 0 -0.900969 -0.433884 0 -0.900969 -0.433884 0 -0.62349 -0.781832 0 -0.781832 -0.62349 0 -0.62349 -0.781832 0 -0.433884 -0.900969 0 -0.62349 -0.781832 0 -0.433884 -0.900969 0 -0.433884 -0.900969 0 -0.62349 -0.781832 0 -0.62349 -0.781832 0 -0.222521 -0.974928 0 -0.433884 -0.900969 0 -0.222521 -0.974928 0 -0.222521 -0.974928 0 -0.433884 -0.900969 0 -0.433884 -0.900969 0 0 -1 0 -0.222521 -0.974928 0 0 -1 0 0 -1 0 -0.222521 -0.974928 0 -0.222521 -0.974928 0 -1 0 0 -0.974928 0.222521 0 -1 0 0 -0.974928 0.222521 0 -0.974928 0.222521 0 -1 0 0 -0.900969 0.433884 0 -0.900969 0.433884 0 -0.974928 0.222521 0 -0.900969 0.433884 0 -0.974928 0.222521 0 -0.974928 0.222521 0 -0.781832 0.62349 0 -0.62349 0.781832 0 -0.781832 0.62349 0 -0.781832 0.62349 0 -0.781832 0.62349 0 -0.900969 0.433884 0 -0.781832 0.62349 0 -0.900969 0.433884 0 -0.900969 0.433884 0 -0.62349 0.781832 0 -0.62349 0.781832 0 -0.781832 0.62349 0 -0.433884 0.900969 0 -0.433884 0.900969 0 -0.62349 0.781832 0 -0.433884 0.900969 0 -0.62349 0.781832 0 -0.62349 0.781832 0 -0.222521 0.974928 0 -0.222521 0.974928 0 -0.433884 0.900969 0 -0.222521 0.974928 0 -0.433884 0.900969 0 -0.433884 0.900969 0 0 1 0 0 1 0 -0.222521 0.974928 0 0 1 0 -0.222521 0.974928 0 -0.222521 0.974928 0.974928 -0.222521 0 1 0 0 1 0 0 0.974928 -0.222521 0 0.974928 -0.222521 0 1 0 0 0.900969 -0.433884 0 0.900969 -0.433884 0 0.974928 -0.222521 0 0.900969 -0.433884 0 0.974928 -0.222521 0 0.974928 -0.222521 0 0.781832 -0.62349 0 0.781832 -0.62349 0 0.900969 -0.433884 0 0.781832 -0.62349 0 0.900969 -0.433884 0 0.900969 -0.433884 0 0.62349 -0.781832 0 0.62349 -0.781832 0 0.781832 -0.62349 0 0.62349 -0.781832 0 0.433884 -0.900969 0 0.62349 -0.781832 0 0.62349 -0.781832 0 0.781832 -0.62349 0 0.781832 -0.62349 0 0.433884 -0.900969 0 0.433884 -0.900969 0 0.62349 -0.781832 0 0.222521 -0.974928 0 0.222521 -0.974928 0 0.433884 -0.900969 0 0.222521 -0.974928 0 0 -1 0 0.222521 -0.974928 0 0.222521 -0.974928 0 0.433884 -0.900969 0 0.433884 -0.900969 0 0 -1 0 0 -1 0 0.222521 -0.974928 0 0 1 0 0 0.974928 -0.222521 0 1 0 0 0.974928 -0.222521 0 0.974928 -0.222521 0 1 0 0 0.900969 -0.433884 0 0.900969 -0.433884 0 0.974928 -0.222521 0 0.900969 -0.433884 0 0.974928 -0.222521 0 0.974928 -0.222521 0 0.781832 -0.62349 0 0.62349 -0.781832 0 0.781832 -0.62349 0 0.781832 -0.62349 0 0.781832 -0.62349 0 0.900969 -0.433884 0 0.781832 -0.62349 0 0.900969 -0.433884 0 0.900969 -0.433884 0 0.62349 -0.781832 0 0.62349 -0.781832 0 0.781832 -0.62349 0 0.433884 -0.900969 0 0.433884 -0.900969 0 0.62349 -0.781832 0 0.433884 -0.900969 0 0.62349 -0.781832 0 0.62349 -0.781832 0 0.222521 -0.974928 0 0.222521 -0.974928 0 0.433884 -0.900969 0 0.222521 -0.974928 0 0.433884 -0.900969 0 0.433884 -0.900969 0 0 -1 0 0 -1 0 0.222521 -0.974928 0 0 -1 0 0.222521 -0.974928 0 0.222521 -0.974928 0.974928 0 -0.222521 1 0 0 0.974928 0 -0.222521 0.974928 0 -0.222521 1 0 0 1 0 0 0.900969 0 -0.433884 0.974928 0 -0.222521 0.900969 0 -0.433884 0.900969 0 -0.433884 0.974928 0 -0.222521 0.974928 0 -0.222521 0.781832 0 -0.62349 0.900969 0 -0.433884 0.781832 0 -0.62349 0.781832 0 -0.62349 0.900969 0 -0.433884 0.900969 0 -0.433884 0.62349 0 -0.781832 0.62349 0 -0.781832 0.433884 0 -0.900969 0.62349 0 -0.781832 0.781832 0 -0.62349 0.62349 0 -0.781832 0.62349 0 -0.781832 0.781832 0 -0.62349 0.781832 0 -0.62349 0.433884 0 -0.900969 0.62349 0 -0.781832 0.433884 0 -0.900969 0.222521 0 -0.974928 0.222521 0 -0.974928 0 0 -1 0.222521 0 -0.974928 0.433884 0 -0.900969 0.222521 0 -0.974928 0.222521 0 -0.974928 0.433884 0 -0.900969 0.433884 0 -0.900969 0 0 -1 0.222521 0 -0.974928 0 0 -1 0 1 0 0 1 0 0 0.974928 0.222521 0 0.974928 0.222521 0 1 0 0 0.974928 0.222521 0 0.900969 0.433884 0 0.974928 0.222521 0 0.900969 0.433884 0 0.900969 0.433884 0 0.974928 0.222521 0 0.974928 0.222521 0 0.781832 0.62349 0 0.900969 0.433884 0 0.781832 0.62349 0 0.781832 0.62349 0 0.781832 0.62349 0 0.62349 0.781832 0 0.781832 0.62349 0 0.900969 0.433884 0 0.900969 0.433884 0 0.62349 0.781832 0 0.781832 0.62349 0 0.62349 0.781832 0 0.433884 0.900969 0 0.62349 0.781832 0 0.433884 0.900969 0 0.433884 0.900969 0 0.62349 0.781832 0 0.62349 0.781832 0 0.222521 0.974928 0 0.433884 0.900969 0 0.222521 0.974928 0 0.222521 0.974928 0 0.433884 0.900969 0 0.433884 0.900969 0 0 1 0 0.222521 0.974928 0 0 1 0 0 1 0 0.222521 0.974928 0 0.222521 0.974928 0.974928 0 0.222521 0.974928 0 0.222521 1 0 0 0.974928 0 0.222521 1 0 0 1 0 0 0.900969 0 0.433884 0.900969 0 0.433884 0.974928 0 0.222521 0.900969 0 0.433884 0.974928 0 0.222521 0.974928 0 0.222521 0.781832 0 0.62349 0.781832 0 0.62349 0.900969 0 0.433884 0.781832 0 0.62349 0.900969 0 0.433884 0.900969 0 0.433884 0.62349 0 0.781832 0.433884 0 0.900969 0.62349 0 0.781832 0.62349 0 0.781832 0.62349 0 0.781832 0.781832 0 0.62349 0.62349 0 0.781832 0.781832 0 0.62349 0.781832 0 0.62349 0.433884 0 0.900969 0.433884 0 0.900969 0.62349 0 0.781832 0.222521 0 0.974928 0 0 1 0.222521 0 0.974928 0.222521 0 0.974928 0.222521 0 0.974928 0.433884 0 0.900969 0.222521 0 0.974928 0.433884 0 0.900969 0.433884 0 0.900969 0 0 1 0 0 1 0.222521 0 0.974928 0.974928 0.222521 0 1 0 0 1 0 0 0.974928 0.222521 0 1 0 0 0.974928 0.222521 0 0.900969 0.433884 0 0.974928 0.222521 0 0.900969 0.433884 0 0.900969 0.433884 0 0.974928 0.222521 0 0.974928 0.222521 0 0.781832 0.62349 0 0.900969 0.433884 0 0.781832 0.62349 0 0.781832 0.62349 0 0.900969 0.433884 0 0.900969 0.433884 0 0.62349 0.781832 0 0.781832 0.62349 0 0.62349 0.781832 0 0.62349 0.781832 0 0.62349 0.781832 0 0.433884 0.900969 0 0.62349 0.781832 0 0.781832 0.62349 0 0.781832 0.62349 0 0.433884 0.900969 0 0.62349 0.781832 0 0.433884 0.900969 0 0.222521 0.974928 0 0.433884 0.900969 0 0.222521 0.974928 0 0.222521 0.974928 0 0.222521 0.974928 0 0 1 0 0.222521 0.974928 0 0.433884 0.900969 0 0.433884 0.900969 0 0 1 0 0.222521 0.974928 0 0 1 0 0 1 0 0 1 0 0 1 0 0 1 0 0 1 0 0 1 0 0 0 -1 0 0 -1 0 0 -1 0 0 -1 0 0 -1 0 0 -1 0 0 1 0 0 1 0 0 1 0 0 1 0 0 1 0 0 1 0 -1 0 0 -1 0 0 -1 0 0 -1 0 0 -1 0 0 -1 0 0.974928 -0.222521 0 0.974928 0 -0.222521 1 0 0 0 -1 0 0 -0.974928 -0.222521 0.222521 -0.974928 0 0.305212 -0.0483409 -0.951057 0.222521 0 -0.974928 0.433884 0 -0.900969 0.275336 -0.140291 -0.951057 0 0 -1 0.222521 0 -0.974928 0.275336 -0.140291 -0.951057 0.222521 0 -0.974928 0.305212 -0.0483409 -0.951057 0.218508 -0.218508 -0.951057 0 0 -1 0 0 -1 0.218508 -0.218508 -0.951057 0 0 -1 0.275336 -0.140291 -0.951057 0.559017 -0.181636 -0.809017 0.433884 0 -0.900969 0.62349 0 -0.781832 0.559017 -0.181636 -0.809017 0.305212 -0.0483409 -0.951057 0.433884 0 -0.900969 0.559017 -0.181636 -0.809017 0.275336 -0.140291 -0.951057 0.305212 -0.0483409 -0.951057 0.140291 -0.275336 -0.951057 0 -0.222521 -0.974928 0 0 -1 0.140291 -0.275336 -0.951057 0 0 -1 0.218508 -0.218508 -0.951057 0.475528 -0.345491 -0.809017 0.218508 -0.218508 -0.951057 0.275336 -0.140291 -0.951057 0.475528 -0.345491 -0.809017 0.275336 -0.140291 -0.951057 0.559017 -0.181636 -0.809017 0.799057 -0.126558 -0.587785 0.62349 0 -0.781832 0.781832 0 -0.62349 0.799057 -0.126558 -0.587785 0.781832 0 -0.62349 0.900969 0 -0.433884 0.799057 -0.126558 -0.587785 0.559017 -0.181636 -0.809017 0.62349 0 -0.781832 0.0483409 -0.305212 -0.951057 0 -0.433884 -0.900969 0 -0.222521 -0.974928 0.0483409 -0.305212 -0.951057 0 -0.222521 -0.974928 0.140291 -0.275336 -0.951057 0.345491 -0.475528 -0.809017 0.218508 -0.218508 -0.951057 0.475528 -0.345491 -0.809017 0.345491 -0.475528 -0.809017 0.140291 -0.275336 -0.951057 0.218508 -0.218508 -0.951057 0.720839 -0.367286 -0.587785 0.559017 -0.181636 -0.809017 0.799057 -0.126558 -0.587785 0.720839 -0.367286 -0.587785 0.475528 -0.345491 -0.809017 0.559017 -0.181636 -0.809017 0.181636 -0.559017 -0.809017 0 -0.62349 -0.781832 0 -0.433884 -0.900969 0.181636 -0.559017 -0.809017 0.0483409 -0.305212 -0.951057 0.140291 -0.275336 -0.951057 0.181636 -0.559017 -0.809017 0 -0.433884 -0.900969 0.0483409 -0.305212 -0.951057 0.181636 -0.559017 -0.809017 0.140291 -0.275336 -0.951057 0.345491 -0.475528 -0.809017 0.572061 -0.572061 -0.587785 0.345491 -0.475528 -0.809017 0.475528 -0.345491 -0.809017 0.572061 -0.572061 -0.587785 0.475528 -0.345491 -0.809017 0.720839 -0.367286 -0.587785 0.904508 -0.293893 -0.309017 0.900969 0 -0.433884 0.974928 0 -0.222521 0.904508 -0.293893 -0.309017 0.974928 -0.222521 0 0.900969 -0.433884 0 0.904508 -0.293893 -0.309017 0.799057 -0.126558 -0.587785 0.900969 0 -0.433884 0.904508 -0.293893 -0.309017 0.720839 -0.367286 -0.587785 0.799057 -0.126558 -0.587785 0.904508 -0.293893 -0.309017 0.974928 0 -0.222521 0.974928 -0.222521 0 0.367286 -0.720839 -0.587785 0.181636 -0.559017 -0.809017 0.345491 -0.475528 -0.809017 0.367286 -0.720839 -0.587785 0.345491 -0.475528 -0.809017 0.572061 -0.572061 -0.587785 0.769421 -0.559017 -0.309017 0.900969 -0.433884 0 0.781832 -0.62349 0 0.769421 -0.559017 -0.309017 0.781832 -0.62349 0 0.62349 -0.781832 0 0.769421 -0.559017 -0.309017 0.904508 -0.293893 -0.309017 0.900969 -0.433884 0 0.769421 -0.559017 -0.309017 0.572061 -0.572061 -0.587785 0.720839 -0.367286 -0.587785 0.769421 -0.559017 -0.309017 0.720839 -0.367286 -0.587785 0.904508 -0.293893 -0.309017 0.126558 -0.799057 -0.587785 0 -0.781832 -0.62349 0 -0.62349 -0.781832 0.126558 -0.799057 -0.587785 0 -0.900969 -0.433884 0 -0.781832 -0.62349 0.126558 -0.799057 -0.587785 0 -0.62349 -0.781832 0.181636 -0.559017 -0.809017 0.126558 -0.799057 -0.587785 0.181636 -0.559017 -0.809017 0.367286 -0.720839 -0.587785 0.559017 -0.769421 -0.309017 0.62349 -0.781832 0 0.433884 -0.900969 0 0.559017 -0.769421 -0.309017 0.769421 -0.559017 -0.309017 0.62349 -0.781832 0 0.559017 -0.769421 -0.309017 0.367286 -0.720839 -0.587785 0.572061 -0.572061 -0.587785 0.559017 -0.769421 -0.309017 0.572061 -0.572061 -0.587785 0.769421 -0.559017 -0.309017 0.293893 -0.904508 -0.309017 0 -0.974928 -0.222521 0 -0.900969 -0.433884 0.293893 -0.904508 -0.309017 0.433884 -0.900969 0 0.222521 -0.974928 0 0.293893 -0.904508 -0.309017 0.559017 -0.769421 -0.309017 0.433884 -0.900969 0 0.293893 -0.904508 -0.309017 0.222521 -0.974928 0 0 -0.974928 -0.222521 0.293893 -0.904508 -0.309017 0 -0.900969 -0.433884 0.126558 -0.799057 -0.587785 0.293893 -0.904508 -0.309017 0.126558 -0.799057 -0.587785 0.367286 -0.720839 -0.587785 0.293893 -0.904508 -0.309017 0.367286 -0.720839 -0.587785 0.559017 -0.769421 -0.309017 0.974928 -0.222521 0 1 0 0 0.974928 0 0.222521 0 -1 0 0.222521 -0.974928 0 0 -0.974928 0.222521 0.305212 -0.0483409 0.951057 0.433884 0 0.900969 0.222521 0 0.974928 0.275336 -0.140291 0.951057 0.222521 0 0.974928 0 0 1 0.275336 -0.140291 0.951057 0.305212 -0.0483409 0.951057 0.222521 0 0.974928 0.218508 -0.218508 0.951057 0 0 1 0 0 1 0.218508 -0.218508 0.951057 0.275336 -0.140291 0.951057 0 0 1 0.559017 -0.181636 0.809017 0.62349 0 0.781832 0.433884 0 0.900969 0.559017 -0.181636 0.809017 0.433884 0 0.900969 0.305212 -0.0483409 0.951057 0.559017 -0.181636 0.809017 0.305212 -0.0483409 0.951057 0.275336 -0.140291 0.951057 0.140291 -0.275336 0.951057 0 0 1 0 -0.222521 0.974928 0.140291 -0.275336 0.951057 0.218508 -0.218508 0.951057 0 0 1 0.475528 -0.345491 0.809017 0.275336 -0.140291 0.951057 0.218508 -0.218508 0.951057 0.475528 -0.345491 0.809017 0.559017 -0.181636 0.809017 0.275336 -0.140291 0.951057 0.799057 -0.126558 0.587785 0.781832 0 0.62349 0.62349 0 0.781832 0.799057 -0.126558 0.587785 0.900969 0 0.433884 0.781832 0 0.62349 0.799057 -0.126558 0.587785 0.62349 0 0.781832 0.559017 -0.181636 0.809017 0.0483409 -0.305212 0.951057 0 -0.222521 0.974928 0 -0.433884 0.900969 0.0483409 -0.305212 0.951057 0.140291 -0.275336 0.951057 0 -0.222521 0.974928 0.345491 -0.475528 0.809017 0.475528 -0.345491 0.809017 0.218508 -0.218508 0.951057 0.345491 -0.475528 0.809017 0.218508 -0.218508 0.951057 0.140291 -0.275336 0.951057 0.720839 -0.367286 0.587785 0.799057 -0.126558 0.587785 0.559017 -0.181636 0.809017 0.720839 -0.367286 0.587785 0.559017 -0.181636 0.809017 0.475528 -0.345491 0.809017 0.181636 -0.559017 0.809017 0 -0.433884 0.900969 0 -0.62349 0.781832 0.181636 -0.559017 0.809017 0.140291 -0.275336 0.951057 0.0483409 -0.305212 0.951057 0.181636 -0.559017 0.809017 0.0483409 -0.305212 0.951057 0 -0.433884 0.900969 0.181636 -0.559017 0.809017 0.345491 -0.475528 0.809017 0.140291 -0.275336 0.951057 0.572061 -0.572061 0.587785 0.475528 -0.345491 0.809017 0.345491 -0.475528 0.809017 0.572061 -0.572061 0.587785 0.720839 -0.367286 0.587785 0.475528 -0.345491 0.809017 0.904508 -0.293893 0.309017 0.974928 0 0.222521 0.900969 0 0.433884 0.904508 -0.293893 0.309017 0.900969 -0.433884 0 0.974928 -0.222521 0 0.904508 -0.293893 0.309017 0.900969 0 0.433884 0.799057 -0.126558 0.587785 0.904508 -0.293893 0.309017 0.799057 -0.126558 0.587785 0.720839 -0.367286 0.587785 0.904508 -0.293893 0.309017 0.974928 -0.222521 0 0.974928 0 0.222521 0.367286 -0.720839 0.587785 0.345491 -0.475528 0.809017 0.181636 -0.559017 0.809017 0.367286 -0.720839 0.587785 0.572061 -0.572061 0.587785 0.345491 -0.475528 0.809017 0.769421 -0.559017 0.309017 0.781832 -0.62349 0 0.900969 -0.433884 0 0.769421 -0.559017 0.309017 0.62349 -0.781832 0 0.781832 -0.62349 0 0.769421 -0.559017 0.309017 0.900969 -0.433884 0 0.904508 -0.293893 0.309017 0.769421 -0.559017 0.309017 0.720839 -0.367286 0.587785 0.572061 -0.572061 0.587785 0.769421 -0.559017 0.309017 0.904508 -0.293893 0.309017 0.720839 -0.367286 0.587785 0.126558 -0.799057 0.587785 0 -0.62349 0.781832 0 -0.781832 0.62349 0.126558 -0.799057 0.587785 0 -0.781832 0.62349 0 -0.900969 0.433884 0.126558 -0.799057 0.587785 0.181636 -0.559017 0.809017 0 -0.62349 0.781832 0.126558 -0.799057 0.587785 0.367286 -0.720839 0.587785 0.181636 -0.559017 0.809017 0.559017 -0.769421 0.309017 0.433884 -0.900969 0 0.62349 -0.781832 0 0.559017 -0.769421 0.309017 0.62349 -0.781832 0 0.769421 -0.559017 0.309017 0.559017 -0.769421 0.309017 0.572061 -0.572061 0.587785 0.367286 -0.720839 0.587785 0.559017 -0.769421 0.309017 0.769421 -0.559017 0.309017 0.572061 -0.572061 0.587785 0.293893 -0.904508 0.309017 0 -0.900969 0.433884 0 -0.974928 0.222521 0.293893 -0.904508 0.309017 0.222521 -0.974928 0 0.433884 -0.900969 0 0.293893 -0.904508 0.309017 0.433884 -0.900969 0 0.559017 -0.769421 0.309017 0.293893 -0.904508 0.309017 0 -0.974928 0.222521 0.222521 -0.974928 0 0.293893 -0.904508 0.309017 0.126558 -0.799057 0.587785 0 -0.900969 0.433884 0.293893 -0.904508 0.309017 0.367286 -0.720839 0.587785 0.126558 -0.799057 0.587785 0.293893 -0.904508 0.309017 0.559017 -0.769421 0.309017 0.367286 -0.720839 0.587785 1 0 0 1 0 0 1 0 0 1 0 0 1 0 0 1 0 0 0.974928 0.222521 0 1 0 0 0.974928 0 -0.222521 0 1 0 0.222521 0.974928 0 0 0.974928 -0.222521 0.305212 0.0483409 -0.951057 0.433884 0 -0.900969 0.222521 0 -0.974928 0.275336 0.140291 -0.951057 0.222521 0 -0.974928 0 0 -1 0.275336 0.140291 -0.951057 0.305212 0.0483409 -0.951057 0.222521 0 -0.974928 0.218508 0.218508 -0.951057 0 0 -1 0 0 -1 0.218508 0.218508 -0.951057 0.275336 0.140291 -0.951057 0 0 -1 0.559017 0.181636 -0.809017 0.62349 0 -0.781832 0.433884 0 -0.900969 0.559017 0.181636 -0.809017 0.433884 0 -0.900969 0.305212 0.0483409 -0.951057 0.559017 0.181636 -0.809017 0.305212 0.0483409 -0.951057 0.275336 0.140291 -0.951057 0.140291 0.275336 -0.951057 0 0 -1 0 0.222521 -0.974928 0.140291 0.275336 -0.951057 0.218508 0.218508 -0.951057 0 0 -1 0.475528 0.345491 -0.809017 0.275336 0.140291 -0.951057 0.218508 0.218508 -0.951057 0.475528 0.345491 -0.809017 0.559017 0.181636 -0.809017 0.275336 0.140291 -0.951057 0.799057 0.126558 -0.587785 0.781832 0 -0.62349 0.62349 0 -0.781832 0.799057 0.126558 -0.587785 0.900969 0 -0.433884 0.781832 0 -0.62349 0.799057 0.126558 -0.587785 0.62349 0 -0.781832 0.559017 0.181636 -0.809017 0.0483409 0.305212 -0.951057 0 0.222521 -0.974928 0 0.433884 -0.900969 0.0483409 0.305212 -0.951057 0.140291 0.275336 -0.951057 0 0.222521 -0.974928 0.345491 0.475528 -0.809017 0.475528 0.345491 -0.809017 0.218508 0.218508 -0.951057 0.345491 0.475528 -0.809017 0.218508 0.218508 -0.951057 0.140291 0.275336 -0.951057 0.720839 0.367286 -0.587785 0.799057 0.126558 -0.587785 0.559017 0.181636 -0.809017 0.720839 0.367286 -0.587785 0.559017 0.181636 -0.809017 0.475528 0.345491 -0.809017 0.181636 0.559017 -0.809017 0 0.433884 -0.900969 0 0.62349 -0.781832 0.181636 0.559017 -0.809017 0.140291 0.275336 -0.951057 0.0483409 0.305212 -0.951057 0.181636 0.559017 -0.809017 0.345491 0.475528 -0.809017 0.140291 0.275336 -0.951057 0.181636 0.559017 -0.809017 0.0483409 0.305212 -0.951057 0 0.433884 -0.900969 0.572061 0.572061 -0.587785 0.475528 0.345491 -0.809017 0.345491 0.475528 -0.809017 0.572061 0.572061 -0.587785 0.720839 0.367286 -0.587785 0.475528 0.345491 -0.809017 0.904508 0.293893 -0.309017 0.974928 0 -0.222521 0.900969 0 -0.433884 0.904508 0.293893 -0.309017 0.900969 0.433884 0 0.974928 0.222521 0 0.904508 0.293893 -0.309017 0.900969 0 -0.433884 0.799057 0.126558 -0.587785 0.904508 0.293893 -0.309017 0.799057 0.126558 -0.587785 0.720839 0.367286 -0.587785 0.904508 0.293893 -0.309017 0.974928 0.222521 0 0.974928 0 -0.222521 0.367286 0.720839 -0.587785 0.345491 0.475528 -0.809017 0.181636 0.559017 -0.809017 0.367286 0.720839 -0.587785 0.572061 0.572061 -0.587785 0.345491 0.475528 -0.809017 0.769421 0.559017 -0.309017 0.781832 0.62349 0 0.900969 0.433884 0 0.769421 0.559017 -0.309017 0.62349 0.781832 0 0.781832 0.62349 0 0.769421 0.559017 -0.309017 0.900969 0.433884 0 0.904508 0.293893 -0.309017 0.769421 0.559017 -0.309017 0.720839 0.367286 -0.587785 0.572061 0.572061 -0.587785 0.769421 0.559017 -0.309017 0.904508 0.293893 -0.309017 0.720839 0.367286 -0.587785 0.126558 0.799057 -0.587785 0 0.62349 -0.781832 0 0.781832 -0.62349 0.126558 0.799057 -0.587785 0 0.781832 -0.62349 0 0.900969 -0.433884 0.126558 0.799057 -0.587785 0.181636 0.559017 -0.809017 0 0.62349 -0.781832 0.126558 0.799057 -0.587785 0.367286 0.720839 -0.587785 0.181636 0.559017 -0.809017 0.559017 0.769421 -0.309017 0.433884 0.900969 0 0.62349 0.781832 0 0.559017 0.769421 -0.309017 0.62349 0.781832 0 0.769421 0.559017 -0.309017 0.559017 0.769421 -0.309017 0.572061 0.572061 -0.587785 0.367286 0.720839 -0.587785 0.559017 0.769421 -0.309017 0.769421 0.559017 -0.309017 0.572061 0.572061 -0.587785 0.293893 0.904508 -0.309017 0 0.900969 -0.433884 0 0.974928 -0.222521 0.293893 0.904508 -0.309017 0.222521 0.974928 0 0.433884 0.900969 0 0.293893 0.904508 -0.309017 0.433884 0.900969 0 0.559017 0.769421 -0.309017 0.293893 0.904508 -0.309017 0 0.974928 -0.222521 0.222521 0.974928 0 0.293893 0.904508 -0.309017 0.126558 0.799057 -0.587785 0 0.900969 -0.433884 0.293893 0.904508 -0.309017 0.367286 0.720839 -0.587785 0.126558 0.799057 -0.587785 0.293893 0.904508 -0.309017 0.559017 0.769421 -0.309017 0.367286 0.720839 -0.587785 0.974928 0 0.222521 1 0 0 0.974928 0.222521 0 0 0 1 0.222521 0 0.974928 0 0.222521 0.974928 0.305212 0.951057 0.0483409 0.433884 0.900969 0 0.222521 0.974928 0 0.275336 0.951057 0.140291 0.222521 0.974928 0 0 1 0 0.275336 0.951057 0.140291 0.305212 0.951057 0.0483409 0.222521 0.974928 0 0.218508 0.951057 0.218508 0 1 0 0 1 0 0.218508 0.951057 0.218508 0.275336 0.951057 0.140291 0 1 0 0.559017 0.809017 0.181636 0.62349 0.781832 0 0.433884 0.900969 0 0.559017 0.809017 0.181636 0.433884 0.900969 0 0.305212 0.951057 0.0483409 0.559017 0.809017 0.181636 0.305212 0.951057 0.0483409 0.275336 0.951057 0.140291 0.140291 0.951057 0.275336 0 1 0 0 0.974928 0.222521 0.140291 0.951057 0.275336 0.218508 0.951057 0.218508 0 1 0 0.475528 0.809017 0.345491 0.275336 0.951057 0.140291 0.218508 0.951057 0.218508 0.475528 0.809017 0.345491 0.559017 0.809017 0.181636 0.275336 0.951057 0.140291 0.799057 0.587785 0.126558 0.781832 0.62349 0 0.62349 0.781832 0 0.799057 0.587785 0.126558 0.900969 0.433884 0 0.781832 0.62349 0 0.799057 0.587785 0.126558 0.62349 0.781832 0 0.559017 0.809017 0.181636 0.0483409 0.951057 0.305212 0 0.974928 0.222521 0 0.900969 0.433884 0.0483409 0.951057 0.305212 0.140291 0.951057 0.275336 0 0.974928 0.222521 0.345491 0.809017 0.475528 0.475528 0.809017 0.345491 0.218508 0.951057 0.218508 0.345491 0.809017 0.475528 0.218508 0.951057 0.218508 0.140291 0.951057 0.275336 0.720839 0.587785 0.367286 0.799057 0.587785 0.126558 0.559017 0.809017 0.181636 0.720839 0.587785 0.367286 0.559017 0.809017 0.181636 0.475528 0.809017 0.345491 0.181636 0.809017 0.559017 0 0.900969 0.433884 0 0.781832 0.62349 0.181636 0.809017 0.559017 0.140291 0.951057 0.275336 0.0483409 0.951057 0.305212 0.181636 0.809017 0.559017 0.0483409 0.951057 0.305212 0 0.900969 0.433884 0.181636 0.809017 0.559017 0.345491 0.809017 0.475528 0.140291 0.951057 0.275336 0.572061 0.587785 0.572061 0.475528 0.809017 0.345491 0.345491 0.809017 0.475528 0.572061 0.587785 0.572061 0.720839 0.587785 0.367286 0.475528 0.809017 0.345491 0.904508 0.309017 0.293893 0.974928 0.222521 0 0.900969 0.433884 0 0.904508 0.309017 0.293893 0.900969 0 0.433884 0.974928 0 0.222521 0.904508 0.309017 0.293893 0.900969 0.433884 0 0.799057 0.587785 0.126558 0.904508 0.309017 0.293893 0.799057 0.587785 0.126558 0.720839 0.587785 0.367286 0.904508 0.309017 0.293893 0.974928 0 0.222521 0.974928 0.222521 0 0.367286 0.587785 0.720839 0.345491 0.809017 0.475528 0.181636 0.809017 0.559017 0.367286 0.587785 0.720839 0.572061 0.587785 0.572061 0.345491 0.809017 0.475528 0.769421 0.309017 0.559017 0.781832 0 0.62349 0.900969 0 0.433884 0.769421 0.309017 0.559017 0.900969 0 0.433884 0.904508 0.309017 0.293893 0.769421 0.309017 0.559017 0.720839 0.587785 0.367286 0.572061 0.587785 0.572061 0.769421 0.309017 0.559017 0.904508 0.309017 0.293893 0.720839 0.587785 0.367286 0.126558 0.587785 0.799057 0 0.781832 0.62349 0 0.62349 0.781832 0.126558 0.587785 0.799057 0 0.62349 0.781832 0 0.433884 0.900969 0.126558 0.587785 0.799057 0.181636 0.809017 0.559017 0 0.781832 0.62349 0.126558 0.587785 0.799057 0.367286 0.587785 0.720839 0.181636 0.809017 0.559017 0.559017 0.309017 0.769421 0.62349 0 0.781832 0.781832 0 0.62349 0.559017 0.309017 0.769421 0.433884 0 0.900969 0.62349 0 0.781832 0.559017 0.309017 0.769421 0.781832 0 0.62349 0.769421 0.309017 0.559017 0.559017 0.309017 0.769421 0.572061 0.587785 0.572061 0.367286 0.587785 0.720839 0.559017 0.309017 0.769421 0.769421 0.309017 0.559017 0.572061 0.587785 0.572061 0.293893 0.309017 0.904508 0 0.433884 0.900969 0 0.222521 0.974928 0.293893 0.309017 0.904508 0.222521 0 0.974928 0.433884 0 0.900969 0.293893 0.309017 0.904508 0 0.222521 0.974928 0.222521 0 0.974928 0.293893 0.309017 0.904508 0.433884 0 0.900969 0.559017 0.309017 0.769421 0.293893 0.309017 0.904508 0.126558 0.587785 0.799057 0 0.433884 0.900969 0.293893 0.309017 0.904508 0.367286 0.587785 0.720839 0.126558 0.587785 0.799057 0.293893 0.309017 0.904508 0.559017 0.309017 0.769421 0.367286 0.587785 0.720839 -1 0 0 -1 0 0 -1 0 0 -1 0 0 -1 0 0 -1 0 0 " />
</TriangleSet>
</Shape></Transform></Switch>
<Switch whichChoice="0" id="swBRP">
	<Group>
		<Transform scale="1 1 1"><Shape DEF="edg0">
			<Appearance><Material emissiveColor="0 0 0" /></Appearance>
			<LineSet vertexCount="2"><Coordinate point="80 70 -120 80 70 120 " /></LineSet>
		</Shape></Transform>
		<Transform scale="1 1 1"><Shape DEF="edg1">
			<Appearance><Material emissiveColor="0 0 0" /></Appearance>
			<LineSet vertexCount="2"><Coordinate point="80 70 -120 80 310 -120 " /></LineSet>
		</Shape></Transform>
		<Transform scale="1 1 1"><Shape DEF="edg2">
			<Appearance><Material emissiveColor="0 0 0" /></Appearance>
			<LineSet vertexCount="2"><Coordinate point="80 70 120 80 310 120 " /></LineSet>
		</Shape></Transform>
		<Transform scale="1 1 1"><Shape DEF="edg3">
			<Appearance><Material emissiveColor="0 0 0" /></Appearance>
			<LineSet vertexCount="2"><Coordinate point="80 310 -120 80 310 120 " /></LineSet>
		</Shape></Transform>
		<Transform scale="1 1 1"><Shape DEF="edg4">
			<Appearance><Material emissiveColor="0 0 0" /></Appearance>
			<LineSet vertexCount="2"><Coordinate point="80 290 -100 80 90 -100 " /></LineSet>
		</Shape></Transform>
		<Transform scale="1 1 1"><Shape DEF="edg5">
			<Appearance><Material emissiveColor="0 0 0" /></Appearance>
			<LineSet vertexCount="2"><Coordinate point="80 290 -100 80 290 100 " /></LineSet>
		</Shape></Transform>
		<Transform scale="1 1 1"><Shape DEF="edg6">
			<Appearance><Material emissiveColor="0 0 0" /></Appearance>
			<LineSet vertexCount="2"><Coordinate point="80 290 100 80 90 100 " /></LineSet>
		</Shape></Transform>
		<Transform scale="1 1 1"><Shape DEF="edg7">
			<Appearance><Material emissiveColor="0 0 0" /></Appearance>
			<LineSet vertexCount="2"><Coordinate point="80 90 -100 80 90 100 " /></LineSet>
		</Shape></Transform>
		<Transform scale="1 1 1"><Shape DEF="edg8">
			<Appearance><Material emissiveColor="0 0 0" /></Appearance>
			<LineSet vertexCount="8"><Coordinate point="80 70 -120 80.2507 67.7748 -120 80.9903 65.6612 -120 82.1817 63.7651 -120 83.7651 62.1817 -120 85.6612 60.9903 -120 87.7748 60.2507 -120 90 60 -120 " /></LineSet>
		</Shape></Transform>
		<Transform scale="1 1 1"><Shape DEF="edg9">
			<Appearance><Material emissiveColor="0 0 0" /></Appearance>
			<LineSet vertexCount="8"><Coordinate point="80 70 120 80.2507 67.7748 120 80.9903 65.6612 120 82.1817 63.7651 120 83.7651 62.1817 120 85.6612 60.9903 120 87.7748 60.2507 120 90 60 120 " /></LineSet>
		</Shape></Transform>
		<Transform scale="1 1 1"><Shape DEF="edg10">
			<Appearance><Material emissiveColor="0 0 0" /></Appearance>
			<LineSet vertexCount="2"><Coordinate point="90 60 -120 90 60 120 " /></LineSet>
		</Shape></Transform>
		<Transform scale="1 1 1"><Shape DEF="edg11">
			<Appearance><Material emissiveColor="0 0 0" /></Appearance>
			<LineSet vertexCount="8"><Coordinate point="90 70 -130 87.7748 70 -129.749 85.6612 70 -129.01 83.7651 70 -127.818 82.1817 70 -126.235 80.9903 70 -124.339 80.2507 70 -122.225 80 70 -120 " /></LineSet>
		</Shape></Transform>
		<Transform scale="1 1 1"><Shape DEF="edg12">
			<Appearance><Material emissiveColor="0 0 0" /></Appearance>
			<LineSet vertexCount="2"><Coordinate point="90 70 -130 90 310 -130 " /></LineSet>
		</Shape></Transform>
		<Transform scale="1 1 1"><Shape DEF="edg13">
			<Appearance><Material emissiveColor="0 0 0" /></Appearance>
			<LineSet vertexCount="8"><Coordinate point="90 310 -130 87.7748 310 -129.749 85.6612 310 -129.01 83.7651 310 -127.818 82.1817 310 -126.235 80.9903 310 -124.339 80.2507 310 -122.225 80 310 -120 " /></LineSet>
		</Shape></Transform>
		<Transform scale="1 1 1"><Shape DEF="edg14">
			<Appearance><Material emissiveColor="0 0 0" /></Appearance>
			<LineSet vertexCount="8"><Coordinate point="90 70 130 87.7748 70 129.749 85.6612 70 129.01 83.7651 70 127.818 82.1817 70 126.235 80.9903 70 124.339 80.2507 70 122.225 80 70 120 " /></LineSet>
		</Shape></Transform>
		<Transform scale="1 1 1"><Shape DEF="edg15">
			<Appearance><Material emissiveColor="0 0 0" /></Appearance>
			<LineSet vertexCount="2"><Coordinate point="90 70 130 90 310 130 " /></LineSet>
		</Shape></Transform>
		<Transform scale="1 1 1"><Shape DEF="edg16">
			<Appearance><Material emissiveColor="0 0 0" /></Appearance>
			<LineSet vertexCount="8"><Coordinate point="80 310 120 80.2507 310 122.225 80.9903 310 124.339 82.1817 310 126.235 83.7651 310 127.818 85.6612 310 129.01 87.7748 310 129.749 90 310 130 " /></LineSet>
		</Shape></Transform>
		<Transform scale="1 1 1"><Shape DEF="edg17">
			<Appearance><Material emissiveColor="0 0 0" /></Appearance>
			<LineSet vertexCount="8"><Coordinate point="80 310 -120 80.2507 312.225 -120 80.9903 314.339 -120 82.1817 316.235 -120 83.7651 317.818 -120 85.6612 319.01 -120 87.7748 319.749 -120 90 320 -120 " /></LineSet>
		</Shape></Transform>
		<Transform scale="1 1 1"><Shape DEF="edg18">
			<Appearance><Material emissiveColor="0 0 0" /></Appearance>
			<LineSet vertexCount="8"><Coordinate point="90 320 120 87.7748 319.749 120 85.6612 319.01 120 83.7651 317.818 120 82.1817 316.235 120 80.9903 314.339 120 80.2507 312.225 120 80 310 120 " /></LineSet>
		</Shape></Transform>
		<Transform scale="1 1 1"><Shape DEF="edg19">
			<Appearance><Material emissiveColor="0 0 0" /></Appearance>
			<LineSet vertexCount="2"><Coordinate point="90 320 -120 90 320 120 " /></LineSet>
		</Shape></Transform>
		<Transform scale="1 1 1"><Shape DEF="edg20">
			<Appearance><Material emissiveColor="0 0 0" /></Appearance>
			<LineSet vertexCount="2"><Coordinate point="80 290 -100 110 290 -100 " /></LineSet>
		</Shape></Transform>
		<Transform scale="1 1 1"><Shape DEF="edg21">
			<Appearance><Material emissiveColor="0 0 0" /></Appearance>
			<LineSet vertexCount="2"><Coordinate point="110 90 -100 110 290 -100 " /></LineSet>
		</Shape></Transform>
		<Transform scale="1 1 1"><Shape DEF="edg22">
			<Appearance><Material emissiveColor="0 0 0" /></Appearance>
			<LineSet vertexCount="2"><Coordinate point="80 90 -100 110 90 -100 " /></LineSet>
		</Shape></Transform>
		<Transform scale="1 1 1"><Shape DEF="edg23">
			<Appearance><Material emissiveColor="0 0 0" /></Appearance>
			<LineSet vertexCount="2"><Coordinate point="110 290 100 110 290 -100 " /></LineSet>
		</Shape></Transform>
		<Transform scale="1 1 1"><Shape DEF="edg24">
			<Appearance><Material emissiveColor="0 0 0" /></Appearance>
			<LineSet vertexCount="2"><Coordinate point="80 290 100 110 290 100 " /></LineSet>
		</Shape></Transform>
		<Transform scale="1 1 1"><Shape DEF="edg25">
			<Appearance><Material emissiveColor="0 0 0" /></Appearance>
			<LineSet vertexCount="2"><Coordinate point="110 90 100 110 290 100 " /></LineSet>
		</Shape></Transform>
		<Transform scale="1 1 1"><Shape DEF="edg26">
			<Appearance><Material emissiveColor="0 0 0" /></Appearance>
			<LineSet vertexCount="2"><Coordinate point="80 90 100 110 90 100 " /></LineSet>
		</Shape></Transform>
		<Transform scale="1 1 1"><Shape DEF="edg27">
			<Appearance><Material emissiveColor="0 0 0" /></Appearance>
			<LineSet vertexCount="2"><Coordinate point="110 90 100 110 90 -100 " /></LineSet>
		</Shape></Transform>
		<Transform scale="1 1 1"><Shape DEF="edg28">
			<Appearance><Material emissiveColor="0 0 0" /></Appearance>
			<LineSet vertexCount="2"><Coordinate point="90 70 -130 90 70 -130 " /></LineSet>
		</Shape></Transform>
		<Transform scale="1 1 1"><Shape DEF="edg29">
			<Appearance><Material emissiveColor="0 0 0" /></Appearance>
			<LineSet vertexCount="8"><Coordinate point="90 70 -130 90 67.7748 -129.749 90 65.6612 -129.01 90 63.7651 -127.818 90 62.1817 -126.235 90 60.9903 -124.339 90 60.2507 -122.225 90 60 -120 " /></LineSet>
		</Shape></Transform>
		<Transform scale="1 1 1"><Shape DEF="edg30">
			<Appearance><Material emissiveColor="0 0 0" /></Appearance>
			<LineSet vertexCount="2"><Coordinate point="90 70 130 90 70 130 " /></LineSet>
		</Shape></Transform>
		<Transform scale="1 1 1"><Shape DEF="edg31">
			<Appearance><Material emissiveColor="0 0 0" /></Appearance>
			<LineSet vertexCount="8"><Coordinate point="90 70 130 90 67.7748 129.749 90 65.6612 129.01 90 63.7651 127.818 90 62.1817 126.235 90 60.9903 124.339 90 60.2507 122.225 90 60 120 " /></LineSet>
		</Shape></Transform>
		<Transform scale="1 1 1"><Shape DEF="edg32">
			<Appearance><Material emissiveColor="0 0 0" /></Appearance>
			<LineSet vertexCount="2"><Coordinate point="90 60 -120 220 60 -120 " /></LineSet>
		</Shape></Transform>
		<Transform scale="1 1 1"><Shape DEF="edg33">
			<Appearance><Material emissiveColor="0 0 0" /></Appearance>
			<LineSet vertexCount="2"><Coordinate point="90 60 120 220 60 120 " /></LineSet>
		</Shape></Transform>
		<Transform scale="1 1 1"><Shape DEF="edg34">
			<Appearance><Material emissiveColor="0 0 0" /></Appearance>
			<LineSet vertexCount="2"><Coordinate point="220 60 -120 220 60 120 " /></LineSet>
		</Shape></Transform>
		<Transform scale="1 1 1"><Shape DEF="edg35">
			<Appearance><Material emissiveColor="0 0 0" /></Appearance>
			<LineSet vertexCount="2"><Coordinate point="90 70 -130 220 70 -130 " /></LineSet>
		</Shape></Transform>
		<Transform scale="1 1 1"><Shape DEF="edg36">
			<Appearance><Material emissiveColor="0 0 0" /></Appearance>
			<LineSet vertexCount="2"><Coordinate point="90 310 -130 220 310 -130 " /></LineSet>
		</Shape></Transform>
		<Transform scale="1 1 1"><Shape DEF="edg37">
			<Appearance><Material emissiveColor="0 0 0" /></Appearance>
			<LineSet vertexCount="2"><Coordinate point="220 70 -130 220 310 -130 " /></LineSet>
		</Shape></Transform>
		<Transform scale="1 1 1"><Shape DEF="edg38">
			<Appearance><Material emissiveColor="0 0 0" /></Appearance>
			<LineSet vertexCount="2"><Coordinate point="90 310 -130 90 310 -130 " /></LineSet>
		</Shape></Transform>
		<Transform scale="1 1 1"><Shape DEF="edg39">
			<Appearance><Material emissiveColor="0 0 0" /></Appearance>
			<LineSet vertexCount="8"><Coordinate point="90 310 -130 90 312.225 -129.749 90 314.339 -129.01 90 316.235 -127.818 90 317.818 -126.235 90 319.01 -124.339 90 319.749 -122.225 90 320 -120 " /></LineSet>
		</Shape></Transform>
		<Transform scale="1 1 1"><Shape DEF="edg40">
			<Appearance><Material emissiveColor="0 0 0" /></Appearance>
			<LineSet vertexCount="2"><Coordinate point="90 70 130 220 70 130 " /></LineSet>
		</Shape></Transform>
		<Transform scale="1 1 1"><Shape DEF="edg41">
			<Appearance><Material emissiveColor="0 0 0" /></Appearance>
			<LineSet vertexCount="2"><Coordinate point="90 310 130 220 310 130 " /></LineSet>
		</Shape></Transform>
		<Transform scale="1 1 1"><Shape DEF="edg42">
			<Appearance><Material emissiveColor="0 0 0" /></Appearance>
			<LineSet vertexCount="2"><Coordinate point="220 70 130 220 310 130 " /></LineSet>
		</Shape></Transform>
		<Transform scale="1 1 1"><Shape DEF="edg43">
			<Appearance><Material emissiveColor="0 0 0" /></Appearance>
			<LineSet vertexCount="2"><Coordinate point="90 320 120 90 320 120 " /></LineSet>
		</Shape></Transform>
		<Transform scale="1 1 1"><Shape DEF="edg44">
			<Appearance><Material emissiveColor="0 0 0" /></Appearance>
			<LineSet vertexCount="8"><Coordinate point="90 320 120 90 319.749 122.225 90 319.01 124.339 90 317.818 126.235 90 316.235 127.818 90 314.339 129.01 90 312.225 129.749 90 310 130 " /></LineSet>
		</Shape></Transform>
		<Transform scale="1 1 1"><Shape DEF="edg45">
			<Appearance><Material emissiveColor="0 0 0" /></Appearance>
			<LineSet vertexCount="2"><Coordinate point="90 320 -120 220 320 -120 " /></LineSet>
		</Shape></Transform>
		<Transform scale="1 1 1"><Shape DEF="edg46">
			<Appearance><Material emissiveColor="0 0 0" /></Appearance>
			<LineSet vertexCount="2"><Coordinate point="90 320 120 220 320 120 " /></LineSet>
		</Shape></Transform>
		<Transform scale="1 1 1"><Shape DEF="edg47">
			<Appearance><Material emissiveColor="0 0 0" /></Appearance>
			<LineSet vertexCount="2"><Coordinate point="220 320 -120 220 320 120 " /></LineSet>
		</Shape></Transform>
		<Transform scale="1 1 1"><Shape DEF="edg48">
			<Appearance><Material emissiveColor="0 0 0" /></Appearance>
			<LineSet vertexCount="2"><Coordinate point="110 70 -120 110 70 120 " /></LineSet>
		</Shape></Transform>
		<Transform scale="1 1 1"><Shape DEF="edg49">
			<Appearance><Material emissiveColor="0 0 0" /></Appearance>
			<LineSet vertexCount="2"><Coordinate point="110 70 120 110 310 120 " /></LineSet>
		</Shape></Transform>
		<Transform scale="1 1 1"><Shape DEF="edg50">
			<Appearance><Material emissiveColor="0 0 0" /></Appearance>
			<LineSet vertexCount="2"><Coordinate point="110 70 -120 110 310 -120 " /></LineSet>
		</Shape></Transform>
		<Transform scale="1 1 1"><Shape DEF="edg51">
			<Appearance><Material emissiveColor="0 0 0" /></Appearance>
			<LineSet vertexCount="2"><Coordinate point="110 310 -120 110 310 120 " /></LineSet>
		</Shape></Transform>
		<Transform scale="1 1 1"><Shape DEF="edg52">
			<Appearance><Material emissiveColor="0 0 0" /></Appearance>
			<LineSet vertexCount="8"><Coordinate point="220 70 -130 220 67.7748 -129.749 220 65.6612 -129.01 220 63.7651 -127.818 220 62.1817 -126.235 220 60.9903 -124.339 220 60.2507 -122.225 220 60 -120 " /></LineSet>
		</Shape></Transform>
		<Transform scale="1 1 1"><Shape DEF="edg53">
			<Appearance><Material emissiveColor="0 0 0" /></Appearance>
			<LineSet vertexCount="8"><Coordinate point="220 70 130 220 67.7748 129.749 220 65.6612 129.01 220 63.7651 127.818 220 62.1817 126.235 220 60.9903 124.339 220 60.2507 122.225 220 60 120 " /></LineSet>
		</Shape></Transform>
		<Transform scale="1 1 1"><Shape DEF="edg54">
			<Appearance><Material emissiveColor="0 0 0" /></Appearance>
			<LineSet vertexCount="2"><Coordinate point="230 70 -120 230 70 120 " /></LineSet>
		</Shape></Transform>
		<Transform scale="1 1 1"><Shape DEF="edg55">
			<Appearance><Material emissiveColor="0 0 0" /></Appearance>
			<LineSet vertexCount="8"><Coordinate point="230 70 -120 229.749 67.7748 -120 229.01 65.6612 -120 227.818 63.7651 -120 226.235 62.1817 -120 224.339 60.9903 -120 222.225 60.2507 -120 220 60 -120 " /></LineSet>
		</Shape></Transform>
		<Transform scale="1 1 1"><Shape DEF="edg56">
			<Appearance><Material emissiveColor="0 0 0" /></Appearance>
			<LineSet vertexCount="8"><Coordinate point="230 70 120 229.749 67.7748 120 229.01 65.6612 120 227.818 63.7651 120 226.235 62.1817 120 224.339 60.9903 120 222.225 60.2507 120 220 60 120 " /></LineSet>
		</Shape></Transform>
		<Transform scale="1 1 1"><Shape DEF="edg57">
			<Appearance><Material emissiveColor="0 0 0" /></Appearance>
			<LineSet vertexCount="8"><Coordinate point="220 310 -130 220 312.225 -129.749 220 314.339 -129.01 220 316.235 -127.818 220 317.818 -126.235 220 319.01 -124.339 220 319.749 -122.225 220 320 -120 " /></LineSet>
		</Shape></Transform>
		<Transform scale="1 1 1"><Shape DEF="edg58">
			<Appearance><Material emissiveColor="0 0 0" /></Appearance>
			<LineSet vertexCount="8"><Coordinate point="220 70 -130 222.225 70 -129.749 224.339 70 -129.01 226.235 70 -127.818 227.818 70 -126.235 229.01 70 -124.339 229.749 70 -122.225 230 70 -120 " /></LineSet>
		</Shape></Transform>
		<Transform scale="1 1 1"><Shape DEF="edg59">
			<Appearance><Material emissiveColor="0 0 0" /></Appearance>
			<LineSet vertexCount="2"><Coordinate point="230 70 -120 230 310 -120 " /></LineSet>
		</Shape></Transform>
		<Transform scale="1 1 1"><Shape DEF="edg60">
			<Appearance><Material emissiveColor="0 0 0" /></Appearance>
			<LineSet vertexCount="8"><Coordinate point="220 310 -130 222.225 310 -129.749 224.339 310 -129.01 226.235 310 -127.818 227.818 310 -126.235 229.01 310 -124.339 229.749 310 -122.225 230 310 -120 " /></LineSet>
		</Shape></Transform>
		<Transform scale="1 1 1"><Shape DEF="edg61">
			<Appearance><Material emissiveColor="0 0 0" /></Appearance>
			<LineSet vertexCount="8"><Coordinate point="220 320 120 220 319.749 122.225 220 319.01 124.339 220 317.818 126.235 220 316.235 127.818 220 314.339 129.01 220 312.225 129.749 220 310 130 " /></LineSet>
		</Shape></Transform>
		<Transform scale="1 1 1"><Shape DEF="edg62">
			<Appearance><Material emissiveColor="0 0 0" /></Appearance>
			<LineSet vertexCount="8"><Coordinate point="220 70 130 222.225 70 129.749 224.339 70 129.01 226.235 70 127.818 227.818 70 126.235 229.01 70 124.339 229.749 70 122.225 230 70 120 " /></LineSet>
		</Shape></Transform>
		<Transform scale="1 1 1"><Shape DEF="edg63">
			<Appearance><Material emissiveColor="0 0 0" /></Appearance>
			<LineSet vertexCount="2"><Coordinate point="230 70 120 230 310 120 " /></LineSet>
		</Shape></Transform>
		<Transform scale="1 1 1"><Shape DEF="edg64">
			<Appearance><Material emissiveColor="0 0 0" /></Appearance>
			<LineSet vertexCount="8"><Coordinate point="230 310 120 229.749 310 122.225 229.01 310 124.339 227.818 310 126.235 226.235 310 127.818 224.339 310 129.01 222.225 310 129.749 220 310 130 " /></LineSet>
		</Shape></Transform>
		<Transform scale="1 1 1"><Shape DEF="edg65">
			<Appearance><Material emissiveColor="0 0 0" /></Appearance>
			<LineSet vertexCount="2"><Coordinate point="230 310 -120 230 310 120 " /></LineSet>
		</Shape></Transform>
		<Transform scale="1 1 1"><Shape DEF="edg66">
			<Appearance><Material emissiveColor="0 0 0" /></Appearance>
			<LineSet vertexCount="8"><Coordinate point="230 310 -120 229.749 312.225 -120 229.01 314.339 -120 227.818 316.235 -120 226.235 317.818 -120 224.339 319.01 -120 222.225 319.749 -120 220 320 -120 " /></LineSet>
		</Shape></Transform>
		<Transform scale="1 1 1"><Shape DEF="edg67">
			<Appearance><Material emissiveColor="0 0 0" /></Appearance>
			<LineSet vertexCount="8"><Coordinate point="220 320 120 222.225 319.749 120 224.339 319.01 120 226.235 317.818 120 227.818 316.235 120 229.01 314.339 120 229.749 312.225 120 230 310 120 " /></LineSet>
		</Shape></Transform>
		<Transform scale="1 1 1"><Shape DEF="edg68">
			<Appearance><Material emissiveColor="0 0 0" /></Appearance>
			<LineSet vertexCount="2"><Coordinate point="110 70 -120 220 70 -120 " /></LineSet>
		</Shape></Transform>
		<Transform scale="1 1 1"><Shape DEF="edg69">
			<Appearance><Material emissiveColor="0 0 0" /></Appearance>
			<LineSet vertexCount="2"><Coordinate point="220 70 -120 220 70 120 " /></LineSet>
		</Shape></Transform>
		<Transform scale="1 1 1"><Shape DEF="edg70">
			<Appearance><Material emissiveColor="0 0 0" /></Appearance>
			<LineSet vertexCount="2"><Coordinate point="110 70 120 220 70 120 " /></LineSet>
		</Shape></Transform>
		<Transform scale="1 1 1"><Shape DEF="edg71">
			<Appearance><Material emissiveColor="0 0 0" /></Appearance>
			<LineSet vertexCount="2"><Coordinate point="110 310 120 220 310 120 " /></LineSet>
		</Shape></Transform>
		<Transform scale="1 1 1"><Shape DEF="edg72">
			<Appearance><Material emissiveColor="0 0 0" /></Appearance>
			<LineSet vertexCount="2"><Coordinate point="220 70 120 220 310 120 " /></LineSet>
		</Shape></Transform>
		<Transform scale="1 1 1"><Shape DEF="edg73">
			<Appearance><Material emissiveColor="0 0 0" /></Appearance>
			<LineSet vertexCount="2"><Coordinate point="110 310 -120 220 310 -120 " /></LineSet>
		</Shape></Transform>
		<Transform scale="1 1 1"><Shape DEF="edg74">
			<Appearance><Material emissiveColor="0 0 0" /></Appearance>
			<LineSet vertexCount="2"><Coordinate point="220 70 -120 220 310 -120 " /></LineSet>
		</Shape></Transform>
		<Transform scale="1 1 1"><Shape DEF="edg75">
			<Appearance><Material emissiveColor="0 0 0" /></Appearance>
			<LineSet vertexCount="2"><Coordinate point="220 310 -120 220 310 120 " /></LineSet>
		</Shape></Transform>
		<Transform scale="1 1 1"><Shape DEF="edg76">
			<Appearance><Material emissiveColor="0 0 0" /></Appearance>
			<LineSet vertexCount="2"><Coordinate point="220 70 -130 220 70 -130 " /></LineSet>
		</Shape></Transform>
		<Transform scale="1 1 1"><Shape DEF="edg77">
			<Appearance><Material emissiveColor="0 0 0" /></Appearance>
			<LineSet vertexCount="2"><Coordinate point="220 70 130 220 70 130 " /></LineSet>
		</Shape></Transform>
		<Transform scale="1 1 1"><Shape DEF="edg78">
			<Appearance><Material emissiveColor="0 0 0" /></Appearance>
			<LineSet vertexCount="2"><Coordinate point="220 310 -130 220 310 -130 " /></LineSet>
		</Shape></Transform>
		<Transform scale="1 1 1"><Shape DEF="edg79">
			<Appearance><Material emissiveColor="0 0 0" /></Appearance>
			<LineSet vertexCount="2"><Coordinate point="220 320 120 220 320 120 " /></LineSet>
		</Shape></Transform>
	</Group>
</Switch>
</Scene>
</X3D>