$MeshFormat
4.1 0 8
$EndMeshFormat
$Entities
818 1227 575 83
1 30 5.49 0 0 
2 30 5.66 0 0 
3 30 5.49 0.015 0 
4 30 5.66 0.015 0 
5 29.77 5.49 0 0 
6 29.77 5.66 0 0 
7 29.37 5.66 0 0 
8 29.37 5.49 0 0 
9 29.77 5.66 0.015 0 
10 29.77 5.49 0.015 0 
11 29.37 5.66 0.015 0 
12 29.37 5.49 0.015 0 
13 29.06 10 0 0 
14 28.88 10 0 0 
15 28.88 9.835000000000001 0 0 
16 29.06 9.835000000000001 0 0 
17 29.06 10 0.015 0 
18 28.88 10 0.015 0 
19 29.06 9.835000000000001 0.015 0 
20 28.88 9.835000000000001 0.015 0 
21 28.68 10 0 0 
22 28.5 10 0 0 
23 28.5 9.835000000000001 0 0 
24 28.68 9.835000000000001 0 0 
25 28.68 10 0.015 0 
26 28.5 10 0.015 0 
27 28.68 9.835000000000001 0.015 0 
28 28.5 9.835000000000001 0.015 0 
29 29.44 10 0 0 
30 29.26 10 0 0 
31 29.26 9.835000000000001 0 0 
32 29.44 9.835000000000001 0 0 
33 29.44 10 0.015 0 
34 29.26 10 0.015 0 
35 29.44 9.835000000000001 0.015 0 
36 29.26 9.835000000000001 0.015 0 
37 29.978 6.66 0 0 
38 30 6.66 0 0 
39 30 6.9 0 0 
40 29.978 6.9 0 0 
41 29.93 6.852 0 0 
42 29.93 6.708 0 0 
43 29.978 6.66 0.015 0 
44 30 6.66 0.015 0 
45 29.93 6.708 0.015 0 
46 29.93 6.852 0.015 0 
47 29.978 6.9 0.015 0 
48 30 6.9 0.015 0 
49 29.77 6.09 0 0 
50 30 6.09 0 0 
51 30 6.26 0 0 
52 29.77 6.26 0 0 
53 29.37 6.26 0 0 
54 29.37 6.09 0 0 
55 29.77 6.09 0.015 0 
56 30 6.09 0.015 0 
57 29.37 6.09 0.015 0 
58 29.37 6.26 0.015 0 
59 29.77 6.26 0.015 0 
60 30 6.26 0.015 0 
61 25.106 6.475 0 0 
62 25.106 6.175 0 0 
63 25.306 6.175 0 0 
64 25.306 6.475 0 0 
65 25.106 6.475 0.015 0 
66 25.106 6.175 0.015 0 
67 25.306 6.475 0.015 0 
68 25.306 6.175 0.015 0 
69 25.581 6.525 0 0 
70 25.581 6.175 0 0 
71 25.781 6.175 0 0 
72 25.781 6.525 0 0 
73 25.581 6.525 0.015 0 
74 25.581 6.175 0.015 0 
75 25.781 6.525 0.015 0 
76 25.781 6.175 0.015 0 
77 26.056 6.525 0 0 
78 26.056 6.175 0 0 
79 26.256 6.175 0 0 
80 26.256 6.525 0 0 
81 26.056 6.525 0.015 0 
82 26.056 6.175 0.015 0 
83 26.256 6.525 0.015 0 
84 26.256 6.175 0.015 0 
85 26.531 6.525 0 0 
86 26.531 6.175 0 0 
87 26.731 6.175 0 0 
88 26.731 6.525 0 0 
89 26.531 6.525 0.015 0 
90 26.531 6.175 0.015 0 
91 26.731 6.525 0.015 0 
92 26.731 6.175 0.015 0 
93 27.006 6.475 0 0 
94 27.006 6.175 0 0 
95 27.206 6.175 0 0 
96 27.206 6.475 0 0 
97 27.006 6.475 0.015 0 
98 27.006 6.175 0.015 0 
99 27.206 6.475 0.015 0 
100 27.206 6.175 0.015 0 
101 28.76 5.398 0 0 
102 28.76 5.542 0 0 
103 28.712 5.59 0 0 
104 28.568 5.59 0 0 
105 28.52 5.542 0 0 
106 28.52 5.398 0 0 
107 28.568 5.35 0 0 
108 28.712 5.35 0 0 
109 28.76 5.398 0.015 0 
110 28.76 5.542 0.015 0 
111 28.712 5.35 0.015 0 
112 28.568 5.35 0.015 0 
113 28.52 5.398 0.015 0 
114 28.52 5.542 0.015 0 
115 28.568 5.59 0.015 0 
116 28.712 5.59 0.015 0 
117 27.481 6.475 0 0 
118 27.481 6.175 0 0 
119 27.681 6.175 0 0 
120 27.681 6.475 0 0 
121 27.481 6.475 0.015 0 
122 27.481 6.175 0.015 0 
123 27.681 6.475 0.015 0 
124 27.681 6.175 0.015 0 
125 28.76 5.868 0 0 
126 28.76 6.012 0 0 
127 28.712 6.06 0 0 
128 28.568 6.06 0 0 
129 28.52 6.012 0 0 
130 28.52 5.868 0 0 
131 28.568 5.82 0 0 
132 28.712 5.82 0 0 
133 28.76 5.868 0.015 0 
134 28.76 6.012 0.015 0 
135 28.712 5.82 0.015 0 
136 28.568 5.82 0.015 0 
137 28.52 5.868 0.015 0 
138 28.52 6.012 0.015 0 
139 28.568 6.06 0.015 0 
140 28.712 6.06 0.015 0 
141 28.76 6.338 0 0 
142 28.76 6.482 0 0 
143 28.712 6.53 0 0 
144 28.568 6.53 0 0 
145 28.52 6.482 0 0 
146 28.52 6.338 0 0 
147 28.568 6.29 0 0 
148 28.712 6.29 0 0 
149 28.76 6.338 0.015 0 
150 28.76 6.482 0.015 0 
151 28.712 6.29 0.015 0 
152 28.568 6.29 0.015 0 
153 28.52 6.338 0.015 0 
154 28.52 6.482 0.015 0 
155 28.568 6.53 0.015 0 
156 28.712 6.53 0.015 0 
157 29.18 5.398 0 0 
158 29.18 5.542 0 0 
159 29.132 5.59 0 0 
160 28.988 5.59 0 0 
161 28.94 5.542 0 0 
162 28.94 5.398 0 0 
163 28.988 5.35 0 0 
164 29.132 5.35 0 0 
165 29.18 5.398 0.015 0 
166 29.18 5.542 0.015 0 
167 29.132 5.35 0.015 0 
168 28.988 5.35 0.015 0 
169 28.94 5.398 0.015 0 
170 28.94 5.542 0.015 0 
171 28.988 5.59 0.015 0 
172 29.132 5.59 0.015 0 
173 29.18 5.868 0 0 
174 29.18 6.012 0 0 
175 29.132 6.06 0 0 
176 28.988 6.06 0 0 
177 28.94 6.012 0 0 
178 28.94 5.868 0 0 
179 28.988 5.82 0 0 
180 29.132 5.82 0 0 
181 29.18 5.868 0.015 0 
182 29.18 6.012 0.015 0 
183 29.132 5.82 0.015 0 
184 28.988 5.82 0.015 0 
185 28.94 5.868 0.015 0 
186 28.94 6.012 0.015 0 
187 28.988 6.06 0.015 0 
188 29.132 6.06 0.015 0 
189 29.18 6.338 0 0 
190 29.18 6.482 0 0 
191 29.132 6.53 0 0 
192 28.988 6.53 0 0 
193 28.94 6.482 0 0 
194 28.94 6.338 0 0 
195 28.988 6.29 0 0 
196 29.132 6.29 0 0 
197 29.18 6.338 0.015 0 
198 29.18 6.482 0.015 0 
199 29.132 6.29 0.015 0 
200 28.988 6.29 0.015 0 
201 28.94 6.338 0.015 0 
202 28.94 6.482 0.015 0 
203 28.988 6.53 0.015 0 
204 29.132 6.53 0.015 0 
205 27.356 6.945 0 0 
206 27.356 6.705 0 0 
207 27.706 6.705 0 0 
208 27.706 6.945 0 0 
209 27.356 6.945 0.015 0 
210 27.356 6.705 0.015 0 
211 27.706 6.945 0.015 0 
212 27.706 6.705 0.015 0 
213 28.31 6.448 0 0 
214 28.31 6.592 0 0 
215 28.262 6.64 0 0 
216 28.118 6.64 0 0 
217 28.07 6.592 0 0 
218 28.07 6.448 0 0 
219 28.118 6.4 0 0 
220 28.262 6.4 0 0 
221 28.31 6.448 0.015 0 
222 28.31 6.592 0.015 0 
223 28.262 6.4 0.015 0 
224 28.118 6.4 0.015 0 
225 28.07 6.448 0.015 0 
226 28.07 6.592 0.015 0 
227 28.118 6.64 0.015 0 
228 28.262 6.64 0.015 0 
229 28.31 6.868 0 0 
230 28.31 7.012 0 0 
231 28.262 7.06 0 0 
232 28.118 7.06 0 0 
233 28.07 7.012 0 0 
234 28.07 6.868 0 0 
235 28.118 6.82 0 0 
236 28.262 6.82 0 0 
237 28.31 6.868 0.015 0 
238 28.31 7.012 0.015 0 
239 28.262 6.82 0.015 0 
240 28.118 6.82 0.015 0 
241 28.07 6.868 0.015 0 
242 28.07 7.012 0.015 0 
243 28.118 7.06 0.015 0 
244 28.262 7.06 0.015 0 
245 27.356 7.445 0 0 
246 27.356 7.205 0 0 
247 27.706 7.205 0 0 
248 27.706 7.445 0 0 
249 27.356 7.445 0.015 0 
250 27.356 7.205 0.015 0 
251 27.706 7.445 0.015 0 
252 27.706 7.205 0.015 0 
253 28.31 7.278 0 0 
254 28.31 7.422 0 0 
255 28.262 7.47 0 0 
256 28.118 7.47 0 0 
257 28.07 7.422 0 0 
258 28.07 7.278 0 0 
259 28.118 7.23 0 0 
260 28.262 7.23 0 0 
261 28.31 7.278 0.015 0 
262 28.31 7.422 0.015 0 
263 28.262 7.23 0.015 0 
264 28.118 7.23 0.015 0 
265 28.07 7.278 0.015 0 
266 28.07 7.422 0.015 0 
267 28.118 7.47 0.015 0 
268 28.262 7.47 0.015 0 
269 29.75 6.708 0 0 
270 29.75 6.852 0 0 
271 29.702 6.9 0 0 
272 29.558 6.9 0 0 
273 29.51 6.852 0 0 
274 29.51 6.708 0 0 
275 29.558 6.66 0 0 
276 29.702 6.66 0 0 
277 29.75 6.708 0.015 0 
278 29.75 6.852 0.015 0 
279 29.702 6.66 0.015 0 
280 29.558 6.66 0.015 0 
281 29.51 6.708 0.015 0 
282 29.51 6.852 0.015 0 
283 29.558 6.9 0.015 0 
284 29.702 6.9 0.015 0 
285 25.106 8.475 0 0 
286 25.106 8.175000000000001 0 0 
287 25.306 8.175000000000001 0 0 
288 25.306 8.475 0 0 
289 25.106 8.475 0.015 0 
290 25.106 8.175000000000001 0.015 0 
291 25.306 8.475 0.015 0 
292 25.306 8.175000000000001 0.015 0 
293 25.581 8.475 0 0 
294 25.581 8.125 0 0 
295 25.781 8.125 0 0 
296 25.781 8.475 0 0 
297 25.581 8.475 0.015 0 
298 25.581 8.125 0.015 0 
299 25.781 8.475 0.015 0 
300 25.781 8.125 0.015 0 
301 26.056 8.475 0 0 
302 26.056 8.125 0 0 
303 26.256 8.125 0 0 
304 26.256 8.475 0 0 
305 26.056 8.475 0.015 0 
306 26.056 8.125 0.015 0 
307 26.256 8.475 0.015 0 
308 26.256 8.125 0.015 0 
309 26.531 8.475 0 0 
310 26.531 8.125 0 0 
311 26.731 8.125 0 0 
312 26.731 8.475 0 0 
313 26.531 8.475 0.015 0 
314 26.531 8.125 0.015 0 
315 26.731 8.475 0.015 0 
316 26.731 8.125 0.015 0 
317 27.006 8.475 0 0 
318 27.006 8.175000000000001 0 0 
319 27.206 8.175000000000001 0 0 
320 27.206 8.475 0 0 
321 27.006 8.475 0.015 0 
322 27.006 8.175000000000001 0.015 0 
323 27.206 8.475 0.015 0 
324 27.206 8.175000000000001 0.015 0 
325 26.71 9.398 0 0 
326 26.71 9.542 0 0 
327 26.662 9.59 0 0 
328 26.518 9.59 0 0 
329 26.47 9.542 0 0 
330 26.47 9.398 0 0 
331 26.518 9.35 0 0 
332 26.662 9.35 0 0 
333 26.71 9.398 0.015 0 
334 26.71 9.542 0.015 0 
335 26.662 9.35 0.015 0 
336 26.518 9.35 0.015 0 
337 26.47 9.398 0.015 0 
338 26.47 9.542 0.015 0 
339 26.518 9.59 0.015 0 
340 26.662 9.59 0.015 0 
341 27.13 9.398 0 0 
342 27.13 9.542 0 0 
343 27.082 9.59 0 0 
344 26.938 9.59 0 0 
345 26.89 9.542 0 0 
346 26.89 9.398 0 0 
347 26.938 9.35 0 0 
348 27.082 9.35 0 0 
349 27.13 9.398 0.015 0 
350 27.13 9.542 0.015 0 
351 27.082 9.35 0.015 0 
352 26.938 9.35 0.015 0 
353 26.89 9.398 0.015 0 
354 26.89 9.542 0.015 0 
355 26.938 9.59 0.015 0 
356 27.082 9.59 0.015 0 
357 27.356 7.945 0 0 
358 27.356 7.705 0 0 
359 27.706 7.705 0 0 
360 27.706 7.945 0 0 
361 27.356 7.945 0.015 0 
362 27.356 7.705 0.015 0 
363 27.706 7.945 0.015 0 
364 27.706 7.705 0.015 0 
365 28.31 7.698 0 0 
366 28.31 7.842 0 0 
367 28.262 7.89 0 0 
368 28.118 7.89 0 0 
369 28.07 7.842 0 0 
370 28.07 7.698 0 0 
371 28.118 7.65 0 0 
372 28.262 7.65 0 0 
373 28.31 7.698 0.015 0 
374 28.31 7.842 0.015 0 
375 28.262 7.65 0.015 0 
376 28.118 7.65 0.015 0 
377 28.07 7.698 0.015 0 
378 28.07 7.842 0.015 0 
379 28.118 7.89 0.015 0 
380 28.262 7.89 0.015 0 
381 28.53 7.695 0 0 
382 28.53 7.525 0 0 
383 28.88 7.525 0 0 
384 28.88 7.695 0 0 
385 28.53 7.695 0.015 0 
386 28.53 7.525 0.015 0 
387 28.88 7.695 0.015 0 
388 28.88 7.525 0.015 0 
389 28.53 8.095000000000001 0 0 
390 28.53 7.925 0 0 
391 28.88 7.925 0 0 
392 28.88 8.095000000000001 0 0 
393 28.53 8.095000000000001 0.015 0 
394 28.53 7.925 0.015 0 
395 28.88 8.095000000000001 0.015 0 
396 28.88 7.925 0.015 0 
397 27.481 8.475 0 0 
398 27.481 8.175000000000001 0 0 
399 27.681 8.175000000000001 0 0 
400 27.681 8.475 0 0 
401 27.481 8.475 0.015 0 
402 27.481 8.175000000000001 0.015 0 
403 27.681 8.475 0.015 0 
404 27.681 8.175000000000001 0.015 0 
405 28.53 8.494999999999999 0 0 
406 28.53 8.324999999999999 0 0 
407 28.88 8.324999999999999 0 0 
408 28.88 8.494999999999999 0 0 
409 28.53 8.494999999999999 0.015 0 
410 28.53 8.324999999999999 0.015 0 
411 28.88 8.494999999999999 0.015 0 
412 28.88 8.324999999999999 0.015 0 
413 29.08 7.695 0 0 
414 29.08 7.525 0 0 
415 29.43 7.525 0 0 
416 29.43 7.695 0 0 
417 29.08 7.695 0.015 0 
418 29.08 7.525 0.015 0 
419 29.43 7.695 0.015 0 
420 29.43 7.525 0.015 0 
421 29.08 8.095000000000001 0 0 
422 29.08 7.925 0 0 
423 29.43 7.925 0 0 
424 29.43 8.095000000000001 0 0 
425 29.08 8.095000000000001 0.015 0 
426 29.08 7.925 0.015 0 
427 29.43 8.095000000000001 0.015 0 
428 29.43 7.925 0.015 0 
429 29.08 8.494999999999999 0 0 
430 29.08 8.324999999999999 0 0 
431 29.43 8.324999999999999 0 0 
432 29.43 8.494999999999999 0 0 
433 29.08 8.494999999999999 0.015 0 
434 29.08 8.324999999999999 0.015 0 
435 29.43 8.494999999999999 0.015 0 
436 29.43 8.324999999999999 0.015 0 
437 29.885 8.068 0 0 
438 29.885 8.212 0 0 
439 29.837 8.26 0 0 
440 29.693 8.26 0 0 
441 29.645 8.212 0 0 
442 29.645 8.068 0 0 
443 29.693 8.02 0 0 
444 29.837 8.02 0 0 
445 29.885 8.068 0.015 0 
446 29.885 8.212 0.015 0 
447 29.837 8.02 0.015 0 
448 29.693 8.02 0.015 0 
449 29.645 8.068 0.015 0 
450 29.645 8.212 0.015 0 
451 29.693 8.26 0.015 0 
452 29.837 8.26 0.015 0 
453 29.885 8.488 0 0 
454 29.885 8.632 0 0 
455 29.837 8.68 0 0 
456 29.693 8.68 0 0 
457 29.645 8.632 0 0 
458 29.645 8.488 0 0 
459 29.693 8.44 0 0 
460 29.837 8.44 0 0 
461 29.885 8.488 0.015 0 
462 29.885 8.632 0.015 0 
463 29.837 8.44 0.015 0 
464 29.693 8.44 0.015 0 
465 29.645 8.488 0.015 0 
466 29.645 8.632 0.015 0 
467 29.693 8.68 0.015 0 
468 29.837 8.68 0.015 0 
469 28.36 8.823 0 0 
470 28.36 8.967000000000001 0 0 
471 28.312 9.015000000000001 0 0 
472 28.168 9.015000000000001 0 0 
473 28.12 8.967000000000001 0 0 
474 28.12 8.823 0 0 
475 28.168 8.775 0 0 
476 28.312 8.775 0 0 
477 28.36 8.823 0.015 0 
478 28.36 8.967000000000001 0.015 0 
479 28.312 8.775 0.015 0 
480 28.168 8.775 0.015 0 
481 28.12 8.823 0.015 0 
482 28.12 8.967000000000001 0.015 0 
483 28.168 9.015000000000001 0.015 0 
484 28.312 9.015000000000001 0.015 0 
485 28.78 8.823 0 0 
486 28.78 8.967000000000001 0 0 
487 28.732 9.015000000000001 0 0 
488 28.588 9.015000000000001 0 0 
489 28.54 8.967000000000001 0 0 
490 28.54 8.823 0 0 
491 28.588 8.775 0 0 
492 28.732 8.775 0 0 
493 28.78 8.823 0.015 0 
494 28.78 8.967000000000001 0.015 0 
495 28.732 8.775 0.015 0 
496 28.588 8.775 0.015 0 
497 28.54 8.823 0.015 0 
498 28.54 8.967000000000001 0.015 0 
499 28.588 9.015000000000001 0.015 0 
500 28.732 9.015000000000001 0.015 0 
501 28.5 9.685 0 0 
502 28.5 9.460000000000001 0 0 
503 28.68 9.460000000000001 0 0 
504 28.68 9.685 0 0 
505 28.5 9.685 0.015 0 
506 28.5 9.460000000000001 0.015 0 
507 28.68 9.685 0.015 0 
508 28.68 9.460000000000001 0.015 0 
509 29.485 8.923 0 0 
510 29.485 9.067 0 0 
511 29.437 9.115 0 0 
512 29.293 9.115 0 0 
513 29.245 9.067 0 0 
514 29.245 8.923 0 0 
515 29.293 8.875 0 0 
516 29.437 8.875 0 0 
517 29.485 8.923 0.015 0 
518 29.485 9.067 0.015 0 
519 29.437 8.875 0.015 0 
520 29.293 8.875 0.015 0 
521 29.245 8.923 0.015 0 
522 29.245 9.067 0.015 0 
523 29.293 9.115 0.015 0 
524 29.437 9.115 0.015 0 
525 29.905 8.923 0 0 
526 29.905 9.067 0 0 
527 29.857 9.115 0 0 
528 29.713 9.115 0 0 
529 29.665 9.067 0 0 
530 29.665 8.923 0 0 
531 29.713 8.875 0 0 
532 29.857 8.875 0 0 
533 29.905 8.923 0.015 0 
534 29.905 9.067 0.015 0 
535 29.857 8.875 0.015 0 
536 29.713 8.875 0.015 0 
537 29.665 8.923 0.015 0 
538 29.665 9.067 0.015 0 
539 29.713 9.115 0.015 0 
540 29.857 9.115 0.015 0 
541 28.88 9.685 0 0 
542 28.88 9.460000000000001 0 0 
543 29.06 9.460000000000001 0 0 
544 29.06 9.685 0 0 
545 28.88 9.685 0.015 0 
546 28.88 9.460000000000001 0.015 0 
547 29.06 9.685 0.015 0 
548 29.06 9.460000000000001 0.015 0 
549 29.26 9.685 0 0 
550 29.26 9.460000000000001 0 0 
551 29.44 9.460000000000001 0 0 
552 29.44 9.685 0 0 
553 29.26 9.685 0.015 0 
554 29.26 9.460000000000001 0.015 0 
555 29.44 9.685 0.015 0 
556 29.44 9.460000000000001 0.015 0 
557 25 9.329522724802001 0.406 0 
558 25 9.120477275198001 0.406 0 
559 25 9.329522724802001 0.421 0 
560 25 9.120477275198001 0.421 0 
561 25.095 9.225 0.406 0 
562 25.095 9.225 0.421 0 
563 25.795 9.925000000000001 0.406 0 
564 25.763484692283 10 0.406 0 
565 25.616515307717 10 0.406 0 
566 25.763484692283 10 0.421 0 
567 25.795 9.925000000000001 0.421 0 
568 25.616515307717 10 0.421 0 
569 26.495 9.925000000000001 0.406 0 
570 26.463484692283 10 0.406 0 
571 26.316515307717 10 0.406 0 
572 26.463484692283 10 0.421 0 
573 26.495 9.925000000000001 0.421 0 
574 26.316515307717 10 0.421 0 
575 25 9.679522724802 0.406 0 
576 25 9.470477275198 0.406 0 
577 25.095 9.574999999999999 0.406 0 
578 25 9.679522724802 0.421 0 
579 25 9.470477275198 0.421 0 
580 25.095 9.574999999999999 0.421 0 
581 25 10 0.406 0 
582 25 9.820477275198 0.406 0 
583 25.095 9.925000000000001 0.406 0 
584 25.063484692283 10 0.406 0 
585 25 10 0.421 0 
586 25 9.820477275198 0.421 0 
587 25.063484692283 10 0.421 0 
588 25.095 9.925000000000001 0.421 0 
589 25.445 9.925000000000001 0.406 0 
590 25.413484692283 10 0.406 0 
591 25.266515307717 10 0.406 0 
592 25.413484692283 10 0.421 0 
593 25.445 9.925000000000001 0.421 0 
594 25.266515307717 10 0.421 0 
595 28.557 5.55 0.406 0 
596 28.557 5.694 0.406 0 
597 28.509 5.742 0.406 0 
598 28.365 5.742 0.406 0 
599 28.317 5.694 0.406 0 
600 28.317 5.55 0.406 0 
601 28.365 5.502 0.406 0 
602 28.509 5.502 0.406 0 
603 28.557 5.55 0.421 0 
604 28.557 5.694 0.421 0 
605 28.509 5.502 0.421 0 
606 28.365 5.502 0.421 0 
607 28.317 5.55 0.421 0 
608 28.317 5.694 0.421 0 
609 28.365 5.742 0.421 0 
610 28.509 5.742 0.421 0 
611 28.987 5.55 0.406 0 
612 28.987 5.694 0.406 0 
613 28.939 5.742 0.406 0 
614 28.795 5.742 0.406 0 
615 28.747 5.694 0.406 0 
616 28.747 5.55 0.406 0 
617 28.795 5.502 0.406 0 
618 28.939 5.502 0.406 0 
619 28.987 5.55 0.421 0 
620 28.987 5.694 0.421 0 
621 28.939 5.502 0.421 0 
622 28.795 5.502 0.421 0 
623 28.747 5.55 0.421 0 
624 28.747 5.694 0.421 0 
625 28.795 5.742 0.421 0 
626 28.939 5.742 0.421 0 
627 29.457 5.54 0.406 0 
628 29.457 5.684 0.406 0 
629 29.409 5.732 0.406 0 
630 29.265 5.732 0.406 0 
631 29.217 5.684 0.406 0 
632 29.217 5.54 0.406 0 
633 29.265 5.492 0.406 0 
634 29.409 5.492 0.406 0 
635 29.457 5.54 0.421 0 
636 29.457 5.684 0.421 0 
637 29.409 5.492 0.421 0 
638 29.265 5.492 0.421 0 
639 29.217 5.54 0.421 0 
640 29.217 5.684 0.421 0 
641 29.265 5.732 0.421 0 
642 29.409 5.732 0.421 0 
643 29.877 5.54 0.406 0 
644 29.877 5.684 0.406 0 
645 29.829 5.732 0.406 0 
646 29.685 5.732 0.406 0 
647 29.637 5.684 0.406 0 
648 29.637 5.54 0.406 0 
649 29.685 5.492 0.406 0 
650 29.829 5.492 0.406 0 
651 29.877 5.54 0.421 0 
652 29.877 5.684 0.421 0 
653 29.829 5.492 0.421 0 
654 29.685 5.492 0.421 0 
655 29.637 5.54 0.421 0 
656 29.637 5.684 0.421 0 
657 29.685 5.732 0.421 0 
658 29.829 5.732 0.421 0 
659 25.32 7.93 0.406 0 
660 25.32 7.38 0.406 0 
661 25.94 7.38 0.406 0 
662 25.94 7.93 0.406 0 
663 25.32 7.93 0.421 0 
664 25.32 7.38 0.421 0 
665 25.94 7.93 0.421 0 
666 25.94 7.38 0.421 0 
667 25.32 8.74 0.406 0 
668 25.32 8.19 0.406 0 
669 25.94 8.19 0.406 0 
670 25.94 8.74 0.406 0 
671 25.32 8.74 0.421 0 
672 25.32 8.19 0.421 0 
673 25.94 8.74 0.421 0 
674 25.94 8.19 0.421 0 
675 26.26 7.93 0.406 0 
676 26.26 7.38 0.406 0 
677 26.88 7.38 0.406 0 
678 26.88 7.93 0.406 0 
679 26.26 7.93 0.421 0 
680 26.26 7.38 0.421 0 
681 26.88 7.93 0.421 0 
682 26.88 7.38 0.421 0 
683 26.26 8.74 0.406 0 
684 26.26 8.19 0.406 0 
685 26.88 8.19 0.406 0 
686 26.88 8.74 0.406 0 
687 26.26 8.74 0.421 0 
688 26.26 8.19 0.421 0 
689 26.88 8.74 0.421 0 
690 26.88 8.19 0.421 0 
691 25.445 9.225 0.406 0 
692 25.445 9.225 0.421 0 
693 25.795 9.225 0.406 0 
694 25.795 9.225 0.421 0 
695 26.145 9.225 0.406 0 
696 26.145 9.225 0.421 0 
697 26.495 9.225 0.406 0 
698 26.495 9.225 0.421 0 
699 25.445 9.574999999999999 0.406 0 
700 25.445 9.574999999999999 0.421 0 
701 25.795 9.574999999999999 0.406 0 
702 25.795 9.574999999999999 0.421 0 
703 26.145 9.574999999999999 0.406 0 
704 26.145 9.574999999999999 0.421 0 
705 26.495 9.574999999999999 0.406 0 
706 26.495 9.574999999999999 0.421 0 
707 27.41 8.747999999999999 0.406 0 
708 27.41 8.891999999999999 0.406 0 
709 27.362 8.94 0.406 0 
710 27.218 8.94 0.406 0 
711 27.17 8.891999999999999 0.406 0 
712 27.17 8.747999999999999 0.406 0 
713 27.218 8.699999999999999 0.406 0 
714 27.362 8.699999999999999 0.406 0 
715 27.41 8.747999999999999 0.421 0 
716 27.41 8.891999999999999 0.421 0 
717 27.362 8.699999999999999 0.421 0 
718 27.218 8.699999999999999 0.421 0 
719 27.17 8.747999999999999 0.421 0 
720 27.17 8.891999999999999 0.421 0 
721 27.218 8.94 0.421 0 
722 27.362 8.94 0.421 0 
723 26.91 9.395 0.406 0 
724 26.91 9.225 0.406 0 
725 27.26 9.225 0.406 0 
726 27.26 9.395 0.406 0 
727 26.91 9.395 0.421 0 
728 26.91 9.225 0.421 0 
729 27.26 9.395 0.421 0 
730 27.26 9.225 0.421 0 
731 26.91 9.795 0.406 0 
732 26.91 9.625 0.406 0 
733 27.26 9.625 0.406 0 
734 27.26 9.795 0.406 0 
735 26.91 9.795 0.421 0 
736 26.91 9.625 0.421 0 
737 27.26 9.795 0.421 0 
738 27.26 9.625 0.421 0 
739 27.83 8.747999999999999 0.406 0 
740 27.83 8.891999999999999 0.406 0 
741 27.782 8.94 0.406 0 
742 27.638 8.94 0.406 0 
743 27.59 8.891999999999999 0.406 0 
744 27.59 8.747999999999999 0.406 0 
745 27.638 8.699999999999999 0.406 0 
746 27.782 8.699999999999999 0.406 0 
747 27.83 8.747999999999999 0.421 0 
748 27.83 8.891999999999999 0.421 0 
749 27.782 8.699999999999999 0.421 0 
750 27.638 8.699999999999999 0.421 0 
751 27.59 8.747999999999999 0.421 0 
752 27.59 8.891999999999999 0.421 0 
753 27.638 8.94 0.421 0 
754 27.782 8.94 0.421 0 
755 28.06 9.185 0.406 0 
756 28.06 8.960000000000001 0.406 0 
757 28.24 8.960000000000001 0.406 0 
758 28.24 9.185 0.406 0 
759 28.06 9.185 0.421 0 
760 28.06 8.960000000000001 0.421 0 
761 28.24 9.185 0.421 0 
762 28.24 8.960000000000001 0.421 0 
763 28.44 9.185 0.406 0 
764 28.44 8.960000000000001 0.406 0 
765 28.62 8.960000000000001 0.406 0 
766 28.62 9.185 0.406 0 
767 28.44 9.185 0.421 0 
768 28.44 8.960000000000001 0.421 0 
769 28.62 9.185 0.421 0 
770 28.62 8.960000000000001 0.421 0 
771 27.46 9.395 0.406 0 
772 27.46 9.225 0.406 0 
773 27.81 9.225 0.406 0 
774 27.81 9.395 0.406 0 
775 27.46 9.395 0.421 0 
776 27.46 9.225 0.421 0 
777 27.81 9.395 0.421 0 
778 27.81 9.225 0.421 0 
779 27.46 9.795 0.406 0 
780 27.46 9.625 0.406 0 
781 27.81 9.625 0.406 0 
782 27.81 9.795 0.406 0 
783 27.46 9.795 0.421 0 
784 27.46 9.625 0.421 0 
785 27.81 9.795 0.421 0 
786 27.81 9.625 0.421 0 
787 28.06 9.56 0.406 0 
788 28.06 9.335000000000001 0.406 0 
789 28.24 9.335000000000001 0.406 0 
790 28.24 9.56 0.406 0 
791 28.06 9.56 0.421 0 
792 28.06 9.335000000000001 0.421 0 
793 28.24 9.56 0.421 0 
794 28.24 9.335000000000001 0.421 0 
795 28.44 9.56 0.406 0 
796 28.44 9.335000000000001 0.406 0 
797 28.62 9.335000000000001 0.406 0 
798 28.62 9.56 0.406 0 
799 28.44 9.56 0.421 0 
800 28.44 9.335000000000001 0.421 0 
801 28.62 9.56 0.421 0 
802 28.62 9.335000000000001 0.421 0 
803 28.82 9.185 0.406 0 
804 28.82 8.960000000000001 0.406 0 
805 29 8.960000000000001 0.406 0 
806 29 9.185 0.406 0 
807 28.82 9.185 0.421 0 
808 28.82 8.960000000000001 0.421 0 
809 29 9.185 0.421 0 
810 29 8.960000000000001 0.421 0 
811 28.82 9.56 0.406 0 
812 28.82 9.335000000000001 0.406 0 
813 29 9.335000000000001 0.406 0 
814 29 9.56 0.406 0 
815 28.82 9.56 0.421 0 
816 28.82 9.335000000000001 0.421 0 
817 29 9.56 0.421 0 
818 29 9.335000000000001 0.421 0 
1 29.9999999 5.4899999 -1e-07 30.0000001 5.6600001 1e-07 0 2 1 -2 
2 29.9999999 5.4899999 -1.000000000002735e-07 30.0000001 5.4900001 0.0150001 0 2 3 -1 
3 29.9999999 5.4899999 0.0149999 30.0000001 5.6600001 0.0150001 0 2 3 -4 
4 29.9999999 5.6599999 -1.000000000002735e-07 30.0000001 5.6600001 0.0150001 0 2 2 -4 
5 29.7699999 5.4899999 -1e-07 30.0000001 5.4900001 1e-07 0 2 5 -1 
6 29.7699999 5.6599999 -1e-07 30.0000001 5.6600001 1e-07 0 2 2 -6 
7 29.3699999 5.6599999 -1e-07 29.7700001 5.6600001 1e-07 0 2 6 -7 
8 29.3699999 5.4899999 -1e-07 29.3700001 5.6600001 1e-07 0 2 7 -8 
9 29.3699999 5.4899999 -1e-07 29.7700001 5.4900001 1e-07 0 2 8 -5 
10 29.7699999 5.6599999 0.0149999 30.0000001 5.6600001 0.0150001 0 2 4 -9 
11 29.7699999 5.6599999 -1.000000000002735e-07 29.7700001 5.6600001 0.0150001 0 2 6 -9 
12 29.7699999 5.4899999 0.0149999 30.0000001 5.4900001 0.0150001 0 2 10 -3 
13 29.3699999 5.6599999 0.0149999 29.7700001 5.6600001 0.0150001 0 2 9 -11 
14 29.3699999 5.4899999 0.0149999 29.3700001 5.6600001 0.0150001 0 2 11 -12 
15 29.3699999 5.4899999 0.0149999 29.7700001 5.4900001 0.0150001 0 2 12 -10 
16 29.7699999 5.4899999 -1.000000000002735e-07 29.7700001 5.4900001 0.0150001 0 2 5 -10 
17 29.3699999 5.4899999 -1.000000000002735e-07 29.3700001 5.4900001 0.0150001 0 2 8 -12 
18 29.3699999 5.6599999 -1.000000000002735e-07 29.3700001 5.6600001 0.0150001 0 2 7 -11 
19 28.8799999 9.999999900000001 -1e-07 29.0600001 10.0000001 1e-07 0 2 13 -14 
20 28.8799999 9.834999900000001 -1e-07 28.8800001 10.0000001 1e-07 0 2 14 -15 
21 28.8799999 9.834999900000001 -1e-07 29.0600001 9.8350001 1e-07 0 2 15 -16 
22 29.0599999 9.834999900000001 -1e-07 29.0600001 10.0000001 1e-07 0 2 16 -13 
23 29.0599999 9.999999900000001 -1.000000000002735e-07 29.0600001 10.0000001 0.0150001 0 2 17 -13 
24 28.8799999 9.999999900000001 0.0149999 29.0600001 10.0000001 0.0150001 0 2 17 -18 
25 28.8799999 9.999999900000001 -1.000000000002735e-07 28.8800001 10.0000001 0.0150001 0 2 14 -18 
26 29.0599999 9.834999900000001 -1.000000000002735e-07 29.0600001 9.8350001 0.0150001 0 2 16 -19 
27 29.0599999 9.834999900000001 0.0149999 29.0600001 10.0000001 0.0150001 0 2 19 -17 
28 28.8799999 9.834999900000001 -1.000000000002735e-07 28.8800001 9.8350001 0.0150001 0 2 15 -20 
29 28.8799999 9.834999900000001 0.0149999 29.0600001 9.8350001 0.0150001 0 2 20 -19 
30 28.8799999 9.834999900000001 0.0149999 28.8800001 10.0000001 0.0150001 0 2 18 -20 
31 28.4999999 9.999999900000001 -1e-07 28.6800001 10.0000001 1e-07 0 2 21 -22 
32 28.4999999 9.834999900000001 -1e-07 28.5000001 10.0000001 1e-07 0 2 22 -23 
33 28.4999999 9.834999900000001 -1e-07 28.6800001 9.8350001 1e-07 0 2 23 -24 
34 28.6799999 9.834999900000001 -1e-07 28.6800001 10.0000001 1e-07 0 2 24 -21 
35 28.6799999 9.999999900000001 -1.000000000002735e-07 28.6800001 10.0000001 0.0150001 0 2 25 -21 
36 28.4999999 9.999999900000001 0.0149999 28.6800001 10.0000001 0.0150001 0 2 25 -26 
37 28.4999999 9.999999900000001 -1.000000000002735e-07 28.5000001 10.0000001 0.0150001 0 2 22 -26 
38 28.6799999 9.834999900000001 -1.000000000002735e-07 28.6800001 9.8350001 0.0150001 0 2 24 -27 
39 28.6799999 9.834999900000001 0.0149999 28.6800001 10.0000001 0.0150001 0 2 27 -25 
40 28.4999999 9.834999900000001 -1.000000000002735e-07 28.5000001 9.8350001 0.0150001 0 2 23 -28 
41 28.4999999 9.834999900000001 0.0149999 28.6800001 9.8350001 0.0150001 0 2 28 -27 
42 28.4999999 9.834999900000001 0.0149999 28.5000001 10.0000001 0.0150001 0 2 26 -28 
43 29.2599999 9.999999900000001 -1e-07 29.4400001 10.0000001 1e-07 0 2 29 -30 
44 29.2599999 9.834999900000001 -1e-07 29.2600001 10.0000001 1e-07 0 2 30 -31 
45 29.2599999 9.834999900000001 -1e-07 29.4400001 9.8350001 1e-07 0 2 31 -32 
46 29.4399999 9.834999900000001 -1e-07 29.4400001 10.0000001 1e-07 0 2 32 -29 
47 29.4399999 9.999999900000001 -1.000000000002735e-07 29.4400001 10.0000001 0.0150001 0 2 33 -29 
48 29.2599999 9.999999900000001 0.0149999 29.4400001 10.0000001 0.0150001 0 2 33 -34 
49 29.2599999 9.999999900000001 -1.000000000002735e-07 29.2600001 10.0000001 0.0150001 0 2 30 -34 
50 29.4399999 9.834999900000001 -1.000000000002735e-07 29.4400001 9.8350001 0.0150001 0 2 32 -35 
51 29.4399999 9.834999900000001 0.0149999 29.4400001 10.0000001 0.0150001 0 2 35 -33 
52 29.2599999 9.834999900000001 -1.000000000002735e-07 29.2600001 9.8350001 0.0150001 0 2 31 -36 
53 29.2599999 9.834999900000001 0.0149999 29.4400001 9.8350001 0.0150001 0 2 36 -35 
54 29.2599999 9.834999900000001 0.0149999 29.2600001 10.0000001 0.0150001 0 2 34 -36 
55 29.9779999 6.6599999 -1e-07 30.0000001 6.6600001 1e-07 0 2 37 -38 
56 29.9999999 6.6599999 -1e-07 30.0000001 6.900000100000001 1e-07 0 2 38 -39 
57 29.9779999 6.8999999 -1e-07 30.0000001 6.900000100000001 1e-07 0 2 39 -40 
58 29.9299999 6.8519999 -1e-07 29.9780001 6.900000100000001 1e-07 0 2 40 -41 
59 29.9299999 6.7079999 -1e-07 29.9300001 6.852000100000001 1e-07 0 2 41 -42 
60 29.9299999 6.6599999 -1e-07 29.9780001 6.7080001 1e-07 0 2 42 -37 
61 29.9779999 6.6599999 -1.000000000002735e-07 29.9780001 6.6600001 0.0150001 0 2 37 -43 
62 29.9779999 6.6599999 0.0149999 30.0000001 6.6600001 0.0150001 0 2 43 -44 
63 29.9999999 6.6599999 -1.000000000002735e-07 30.0000001 6.6600001 0.0150001 0 2 44 -38 
64 29.9299999 6.6599999 0.0149999 29.9780001 6.7080001 0.0150001 0 2 45 -43 
65 29.9299999 6.7079999 -1.000000000002735e-07 29.9300001 6.7080001 0.0150001 0 2 42 -45 
66 29.9299999 6.8519999 -1.000000000002735e-07 29.9300001 6.852000100000001 0.0150001 0 2 41 -46 
67 29.9299999 6.7079999 0.0149999 29.9300001 6.852000100000001 0.0150001 0 2 46 -45 
68 29.9299999 6.8519999 0.0149999 29.9780001 6.900000100000001 0.0150001 0 2 47 -46 
69 29.9779999 6.8999999 -1.000000000002735e-07 29.9780001 6.900000100000001 0.0150001 0 2 40 -47 
70 29.9999999 6.8999999 -1.000000000002735e-07 30.0000001 6.900000100000001 0.0150001 0 2 39 -48 
71 29.9779999 6.8999999 0.0149999 30.0000001 6.900000100000001 0.0150001 0 2 48 -47 
72 29.9999999 6.6599999 0.0149999 30.0000001 6.900000100000001 0.0150001 0 2 44 -48 
73 29.7699999 6.0899999 -1e-07 30.0000001 6.0900001 1e-07 0 2 49 -50 
74 29.9999999 6.0899999 -1e-07 30.0000001 6.2600001 1e-07 0 2 50 -51 
75 29.7699999 6.2599999 -1e-07 30.0000001 6.2600001 1e-07 0 2 51 -52 
76 29.3699999 6.2599999 -1e-07 29.7700001 6.2600001 1e-07 0 2 52 -53 
77 29.3699999 6.0899999 -1e-07 29.3700001 6.2600001 1e-07 0 2 53 -54 
78 29.3699999 6.0899999 -1e-07 29.7700001 6.0900001 1e-07 0 2 54 -49 
79 29.7699999 6.0899999 -1.000000000002735e-07 29.7700001 6.0900001 0.0150001 0 2 49 -55 
80 29.7699999 6.0899999 0.0149999 30.0000001 6.0900001 0.0150001 0 2 55 -56 
81 29.9999999 6.0899999 -1.000000000002735e-07 30.0000001 6.0900001 0.0150001 0 2 56 -50 
82 29.3699999 6.0899999 -1.000000000002735e-07 29.3700001 6.0900001 0.0150001 0 2 54 -57 
83 29.3699999 6.0899999 0.0149999 29.7700001 6.0900001 0.0150001 0 2 57 -55 
84 29.3699999 6.2599999 -1.000000000002735e-07 29.3700001 6.2600001 0.0150001 0 2 53 -58 
85 29.3699999 6.0899999 0.0149999 29.3700001 6.2600001 0.0150001 0 2 58 -57 
86 29.7699999 6.2599999 -1.000000000002735e-07 29.7700001 6.2600001 0.0150001 0 2 52 -59 
87 29.3699999 6.2599999 0.0149999 29.7700001 6.2600001 0.0150001 0 2 59 -58 
88 29.9999999 6.2599999 -1.000000000002735e-07 30.0000001 6.2600001 0.0150001 0 2 51 -60 
89 29.7699999 6.2599999 0.0149999 30.0000001 6.2600001 0.0150001 0 2 60 -59 
90 29.9999999 6.0899999 0.0149999 30.0000001 6.2600001 0.0150001 0 2 56 -60 
91 25.1059999 6.1749999 -1e-07 25.1060001 6.4750001 1e-07 0 2 61 -62 
92 25.1059999 6.1749999 -1e-07 25.3060001 6.1750001 1e-07 0 2 62 -63 
93 25.3059999 6.1749999 -1e-07 25.3060001 6.4750001 1e-07 0 2 63 -64 
94 25.1059999 6.474999899999999 -1e-07 25.3060001 6.4750001 1e-07 0 2 64 -61 
95 25.1059999 6.474999899999999 -1.000000000002735e-07 25.1060001 6.4750001 0.0150001 0 2 61 -65 
96 25.1059999 6.1749999 0.0149999 25.1060001 6.4750001 0.0150001 0 2 65 -66 
97 25.1059999 6.1749999 -1.000000000002735e-07 25.1060001 6.1750001 0.0150001 0 2 62 -66 
98 25.3059999 6.474999899999999 -1.000000000002735e-07 25.3060001 6.4750001 0.0150001 0 2 64 -67 
99 25.1059999 6.474999899999999 0.0149999 25.3060001 6.4750001 0.0150001 0 2 67 -65 
100 25.3059999 6.1749999 -1.000000000002735e-07 25.3060001 6.1750001 0.0150001 0 2 63 -68 
101 25.3059999 6.1749999 0.0149999 25.3060001 6.4750001 0.0150001 0 2 68 -67 
102 25.1059999 6.1749999 0.0149999 25.3060001 6.1750001 0.0150001 0 2 66 -68 
103 25.5809999 6.174999899999999 -1e-07 25.5810001 6.525000100000001 1e-07 0 2 69 -70 
104 25.5809999 6.1749999 -1e-07 25.7810001 6.1750001 1e-07 0 2 70 -71 
105 25.7809999 6.1749999 -1e-07 25.7810001 6.525000100000001 1e-07 0 2 71 -72 
106 25.5809999 6.5249999 -1e-07 25.7810001 6.525000100000001 1e-07 0 2 72 -69 
107 25.5809999 6.5249999 -1.000000000002735e-07 25.5810001 6.525000100000001 0.0150001 0 2 69 -73 
108 25.5809999 6.174999899999999 0.0149999 25.5810001 6.525000100000001 0.0150001 0 2 73 -74 
109 25.5809999 6.1749999 -1.000000000002735e-07 25.5810001 6.1750001 0.0150001 0 2 70 -74 
110 25.7809999 6.5249999 -1.000000000002735e-07 25.7810001 6.525000100000001 0.0150001 0 2 72 -75 
111 25.5809999 6.5249999 0.0149999 25.7810001 6.525000100000001 0.0150001 0 2 75 -73 
112 25.7809999 6.1749999 -1.000000000002735e-07 25.7810001 6.1750001 0.0150001 0 2 71 -76 
113 25.7809999 6.1749999 0.0149999 25.7810001 6.525000100000001 0.0150001 0 2 76 -75 
114 25.5809999 6.1749999 0.0149999 25.7810001 6.1750001 0.0150001 0 2 74 -76 
115 26.0559999 6.174999899999999 -1e-07 26.0560001 6.525000100000001 1e-07 0 2 77 -78 
116 26.0559999 6.1749999 -1e-07 26.2560001 6.1750001 1e-07 0 2 78 -79 
117 26.2559999 6.1749999 -1e-07 26.2560001 6.525000100000001 1e-07 0 2 79 -80 
118 26.0559999 6.5249999 -1e-07 26.2560001 6.525000100000001 1e-07 0 2 80 -77 
119 26.0559999 6.5249999 -1.000000000002735e-07 26.0560001 6.525000100000001 0.0150001 0 2 77 -81 
120 26.0559999 6.174999899999999 0.0149999 26.0560001 6.525000100000001 0.0150001 0 2 81 -82 
121 26.0559999 6.1749999 -1.000000000002735e-07 26.0560001 6.1750001 0.0150001 0 2 78 -82 
122 26.2559999 6.5249999 -1.000000000002735e-07 26.2560001 6.525000100000001 0.0150001 0 2 80 -83 
123 26.0559999 6.5249999 0.0149999 26.2560001 6.525000100000001 0.0150001 0 2 83 -81 
124 26.2559999 6.1749999 -1.000000000002735e-07 26.2560001 6.1750001 0.0150001 0 2 79 -84 
125 26.2559999 6.1749999 0.0149999 26.2560001 6.525000100000001 0.0150001 0 2 84 -83 
126 26.0559999 6.1749999 0.0149999 26.2560001 6.1750001 0.0150001 0 2 82 -84 
127 26.5309999 6.174999899999999 -1e-07 26.5310001 6.525000100000001 1e-07 0 2 85 -86 
128 26.5309999 6.1749999 -1e-07 26.7310001 6.1750001 1e-07 0 2 86 -87 
129 26.7309999 6.1749999 -1e-07 26.7310001 6.525000100000001 1e-07 0 2 87 -88 
130 26.5309999 6.5249999 -1e-07 26.7310001 6.525000100000001 1e-07 0 2 88 -85 
131 26.5309999 6.5249999 -1.000000000002735e-07 26.5310001 6.525000100000001 0.0150001 0 2 85 -89 
132 26.5309999 6.174999899999999 0.0149999 26.5310001 6.525000100000001 0.0150001 0 2 89 -90 
133 26.5309999 6.1749999 -1.000000000002735e-07 26.5310001 6.1750001 0.0150001 0 2 86 -90 
134 26.7309999 6.5249999 -1.000000000002735e-07 26.7310001 6.525000100000001 0.0150001 0 2 88 -91 
135 26.5309999 6.5249999 0.0149999 26.7310001 6.525000100000001 0.0150001 0 2 91 -89 
136 26.7309999 6.1749999 -1.000000000002735e-07 26.7310001 6.1750001 0.0150001 0 2 87 -92 
137 26.7309999 6.1749999 0.0149999 26.7310001 6.525000100000001 0.0150001 0 2 92 -91 
138 26.5309999 6.1749999 0.0149999 26.7310001 6.1750001 0.0150001 0 2 90 -92 
139 27.0059999 6.1749999 -1e-07 27.0060001 6.4750001 1e-07 0 2 93 -94 
140 27.0059999 6.1749999 -1e-07 27.2060001 6.1750001 1e-07 0 2 94 -95 
141 27.2059999 6.1749999 -1e-07 27.2060001 6.4750001 1e-07 0 2 95 -96 
142 27.0059999 6.474999899999999 -1e-07 27.2060001 6.4750001 1e-07 0 2 96 -93 
143 27.0059999 6.474999899999999 -1.000000000002735e-07 27.0060001 6.4750001 0.0150001 0 2 93 -97 
144 27.0059999 6.1749999 0.0149999 27.0060001 6.4750001 0.0150001 0 2 97 -98 
145 27.0059999 6.1749999 -1.000000000002735e-07 27.0060001 6.1750001 0.0150001 0 2 94 -98 
146 27.2059999 6.474999899999999 -1.000000000002735e-07 27.2060001 6.4750001 0.0150001 0 2 96 -99 
147 27.0059999 6.474999899999999 0.0149999 27.2060001 6.4750001 0.0150001 0 2 99 -97 
148 27.2059999 6.1749999 -1.000000000002735e-07 27.2060001 6.1750001 0.0150001 0 2 95 -100 
149 27.2059999 6.1749999 0.0149999 27.2060001 6.4750001 0.0150001 0 2 100 -99 
150 27.0059999 6.1749999 0.0149999 27.2060001 6.1750001 0.0150001 0 2 98 -100 
151 28.7599999 5.397999899999999 -1e-07 28.7600001 5.5420001 1e-07 0 2 101 -102 
152 28.7119999 5.5419999 -1e-07 28.7600001 5.5900001 1e-07 0 2 102 -103 
153 28.5679999 5.5899999 -1e-07 28.7120001 5.5900001 1e-07 0 2 103 -104 
154 28.5199999 5.5419999 -1e-07 28.5680001 5.5900001 1e-07 0 2 104 -105 
155 28.5199999 5.397999899999999 -1e-07 28.5200001 5.5420001 1e-07 0 2 105 -106 
156 28.5199999 5.349999899999999 -1e-07 28.5680001 5.3980001 1e-07 0 2 106 -107 
157 28.5679999 5.349999899999999 -1e-07 28.7120001 5.3500001 1e-07 0 2 107 -108 
158 28.7119999 5.349999899999999 -1e-07 28.7600001 5.3980001 1e-07 0 2 108 -101 
159 28.7599999 5.397999899999999 -1.000000000002735e-07 28.7600001 5.3980001 0.0150001 0 2 101 -109 
160 28.7599999 5.397999899999999 0.0149999 28.7600001 5.5420001 0.0150001 0 2 109 -110 
161 28.7599999 5.5419999 -1.000000000002735e-07 28.7600001 5.5420001 0.0150001 0 2 102 -110 
162 28.7119999 5.349999899999999 0.0149999 28.7600001 5.3980001 0.0150001 0 2 111 -109 
163 28.7119999 5.349999899999999 -1.000000000002735e-07 28.7120001 5.3500001 0.0150001 0 2 108 -111 
164 28.5679999 5.349999899999999 -1.000000000002735e-07 28.5680001 5.3500001 0.0150001 0 2 107 -112 
165 28.5679999 5.349999899999999 0.0149999 28.7120001 5.3500001 0.0150001 0 2 112 -111 
166 28.5199999 5.349999899999999 0.0149999 28.5680001 5.3980001 0.0150001 0 2 113 -112 
167 28.5199999 5.397999899999999 -1.000000000002735e-07 28.5200001 5.3980001 0.0150001 0 2 106 -113 
168 28.5199999 5.5419999 -1.000000000002735e-07 28.5200001 5.5420001 0.0150001 0 2 105 -114 
169 28.5199999 5.397999899999999 0.0149999 28.5200001 5.5420001 0.0150001 0 2 114 -113 
170 28.5199999 5.5419999 0.0149999 28.5680001 5.5900001 0.0150001 0 2 115 -114 
171 28.5679999 5.5899999 -1.000000000002735e-07 28.5680001 5.5900001 0.0150001 0 2 104 -115 
172 28.7119999 5.5899999 -1.000000000002735e-07 28.7120001 5.5900001 0.0150001 0 2 103 -116 
173 28.5679999 5.5899999 0.0149999 28.7120001 5.5900001 0.0150001 0 2 116 -115 
174 28.7119999 5.5419999 0.0149999 28.7600001 5.5900001 0.0150001 0 2 110 -116 
175 27.4809999 6.1749999 -1e-07 27.4810001 6.4750001 1e-07 0 2 117 -118 
176 27.4809999 6.1749999 -1e-07 27.6810001 6.1750001 1e-07 0 2 118 -119 
177 27.6809999 6.1749999 -1e-07 27.6810001 6.4750001 1e-07 0 2 119 -120 
178 27.4809999 6.474999899999999 -1e-07 27.6810001 6.4750001 1e-07 0 2 120 -117 
179 27.4809999 6.474999899999999 -1.000000000002735e-07 27.4810001 6.4750001 0.0150001 0 2 117 -121 
180 27.4809999 6.1749999 0.0149999 27.4810001 6.4750001 0.0150001 0 2 121 -122 
181 27.4809999 6.1749999 -1.000000000002735e-07 27.4810001 6.1750001 0.0150001 0 2 118 -122 
182 27.6809999 6.474999899999999 -1.000000000002735e-07 27.6810001 6.4750001 0.0150001 0 2 120 -123 
183 27.4809999 6.474999899999999 0.0149999 27.6810001 6.4750001 0.0150001 0 2 123 -121 
184 27.6809999 6.1749999 -1.000000000002735e-07 27.6810001 6.1750001 0.0150001 0 2 119 -124 
185 27.6809999 6.1749999 0.0149999 27.6810001 6.4750001 0.0150001 0 2 124 -123 
186 27.4809999 6.1749999 0.0149999 27.6810001 6.1750001 0.0150001 0 2 122 -124 
187 28.7599999 5.8679999 -1e-07 28.7600001 6.0120001 1e-07 0 2 125 -126 
188 28.7119999 6.011999899999999 -1e-07 28.7600001 6.0600001 1e-07 0 2 126 -127 
189 28.5679999 6.059999899999999 -1e-07 28.7120001 6.0600001 1e-07 0 2 127 -128 
190 28.5199999 6.011999899999999 -1e-07 28.5680001 6.0600001 1e-07 0 2 128 -129 
191 28.5199999 5.8679999 -1e-07 28.5200001 6.0120001 1e-07 0 2 129 -130 
192 28.5199999 5.8199999 -1e-07 28.5680001 5.868000100000001 1e-07 0 2 130 -131 
193 28.5679999 5.8199999 -1e-07 28.7120001 5.820000100000001 1e-07 0 2 131 -132 
194 28.7119999 5.8199999 -1e-07 28.7600001 5.868000100000001 1e-07 0 2 132 -125 
195 28.7599999 5.8679999 -1.000000000002735e-07 28.7600001 5.868000100000001 0.0150001 0 2 125 -133 
196 28.7599999 5.8679999 0.0149999 28.7600001 6.0120001 0.0150001 0 2 133 -134 
197 28.7599999 6.011999899999999 -1.000000000002735e-07 28.7600001 6.0120001 0.0150001 0 2 126 -134 
198 28.7119999 5.8199999 0.0149999 28.7600001 5.868000100000001 0.0150001 0 2 135 -133 
199 28.7119999 5.8199999 -1.000000000002735e-07 28.7120001 5.820000100000001 0.0150001 0 2 132 -135 
200 28.5679999 5.8199999 -1.000000000002735e-07 28.5680001 5.820000100000001 0.0150001 0 2 131 -136 
201 28.5679999 5.8199999 0.0149999 28.7120001 5.820000100000001 0.0150001 0 2 136 -135 
202 28.5199999 5.8199999 0.0149999 28.5680001 5.868000100000001 0.0150001 0 2 137 -136 
203 28.5199999 5.8679999 -1.000000000002735e-07 28.5200001 5.868000100000001 0.0150001 0 2 130 -137 
204 28.5199999 6.011999899999999 -1.000000000002735e-07 28.5200001 6.0120001 0.0150001 0 2 129 -138 
205 28.5199999 5.8679999 0.0149999 28.5200001 6.0120001 0.0150001 0 2 138 -137 
206 28.5199999 6.011999899999999 0.0149999 28.5680001 6.0600001 0.0150001 0 2 139 -138 
207 28.5679999 6.059999899999999 -1.000000000002735e-07 28.5680001 6.0600001 0.0150001 0 2 128 -139 
208 28.7119999 6.059999899999999 -1.000000000002735e-07 28.7120001 6.0600001 0.0150001 0 2 127 -140 
209 28.5679999 6.059999899999999 0.0149999 28.7120001 6.0600001 0.0150001 0 2 140 -139 
210 28.7119999 6.011999899999999 0.0149999 28.7600001 6.0600001 0.0150001 0 2 134 -140 
211 28.7599999 6.3379999 -1e-07 28.7600001 6.4820001 1e-07 0 2 141 -142 
212 28.7119999 6.4819999 -1e-07 28.7600001 6.530000100000001 1e-07 0 2 142 -143 
213 28.5679999 6.5299999 -1e-07 28.7120001 6.530000100000001 1e-07 0 2 143 -144 
214 28.5199999 6.4819999 -1e-07 28.5680001 6.530000100000001 1e-07 0 2 144 -145 
215 28.5199999 6.3379999 -1e-07 28.5200001 6.4820001 1e-07 0 2 145 -146 
216 28.5199999 6.2899999 -1e-07 28.5680001 6.3380001 1e-07 0 2 146 -147 
217 28.5679999 6.2899999 -1e-07 28.7120001 6.2900001 1e-07 0 2 147 -148 
218 28.7119999 6.2899999 -1e-07 28.7600001 6.3380001 1e-07 0 2 148 -141 
219 28.7599999 6.3379999 -1.000000000002735e-07 28.7600001 6.3380001 0.0150001 0 2 141 -149 
220 28.7599999 6.3379999 0.0149999 28.7600001 6.4820001 0.0150001 0 2 149 -150 
221 28.7599999 6.4819999 -1.000000000002735e-07 28.7600001 6.4820001 0.0150001 0 2 142 -150 
222 28.7119999 6.2899999 0.0149999 28.7600001 6.3380001 0.0150001 0 2 151 -149 
223 28.7119999 6.2899999 -1.000000000002735e-07 28.7120001 6.2900001 0.0150001 0 2 148 -151 
224 28.5679999 6.2899999 -1.000000000002735e-07 28.5680001 6.2900001 0.0150001 0 2 147 -152 
225 28.5679999 6.2899999 0.0149999 28.7120001 6.2900001 0.0150001 0 2 152 -151 
226 28.5199999 6.2899999 0.0149999 28.5680001 6.3380001 0.0150001 0 2 153 -152 
227 28.5199999 6.3379999 -1.000000000002735e-07 28.5200001 6.3380001 0.0150001 0 2 146 -153 
228 28.5199999 6.4819999 -1.000000000002735e-07 28.5200001 6.4820001 0.0150001 0 2 145 -154 
229 28.5199999 6.3379999 0.0149999 28.5200001 6.4820001 0.0150001 0 2 154 -153 
230 28.5199999 6.4819999 0.0149999 28.5680001 6.530000100000001 0.0150001 0 2 155 -154 
231 28.5679999 6.5299999 -1.000000000002735e-07 28.5680001 6.530000100000001 0.0150001 0 2 144 -155 
232 28.7119999 6.5299999 -1.000000000002735e-07 28.7120001 6.530000100000001 0.0150001 0 2 143 -156 
233 28.5679999 6.5299999 0.0149999 28.7120001 6.530000100000001 0.0150001 0 2 156 -155 
234 28.7119999 6.4819999 0.0149999 28.7600001 6.530000100000001 0.0150001 0 2 150 -156 
235 29.1799999 5.397999899999999 -1e-07 29.1800001 5.5420001 1e-07 0 2 157 -158 
236 29.1319999 5.5419999 -1e-07 29.1800001 5.5900001 1e-07 0 2 158 -159 
237 28.9879999 5.5899999 -1e-07 29.1320001 5.5900001 1e-07 0 2 159 -160 
238 28.9399999 5.5419999 -1e-07 28.9880001 5.5900001 1e-07 0 2 160 -161 
239 28.9399999 5.397999899999999 -1e-07 28.9400001 5.5420001 1e-07 0 2 161 -162 
240 28.9399999 5.349999899999999 -1e-07 28.9880001 5.3980001 1e-07 0 2 162 -163 
241 28.9879999 5.349999899999999 -1e-07 29.1320001 5.3500001 1e-07 0 2 163 -164 
242 29.1319999 5.349999899999999 -1e-07 29.1800001 5.3980001 1e-07 0 2 164 -157 
243 29.1799999 5.397999899999999 -1.000000000002735e-07 29.1800001 5.3980001 0.0150001 0 2 157 -165 
244 29.1799999 5.397999899999999 0.0149999 29.1800001 5.5420001 0.0150001 0 2 165 -166 
245 29.1799999 5.5419999 -1.000000000002735e-07 29.1800001 5.5420001 0.0150001 0 2 158 -166 
246 29.1319999 5.349999899999999 0.0149999 29.1800001 5.3980001 0.0150001 0 2 167 -165 
247 29.1319999 5.349999899999999 -1.000000000002735e-07 29.1320001 5.3500001 0.0150001 0 2 164 -167 
248 28.9879999 5.349999899999999 -1.000000000002735e-07 28.9880001 5.3500001 0.0150001 0 2 163 -168 
249 28.9879999 5.349999899999999 0.0149999 29.1320001 5.3500001 0.0150001 0 2 168 -167 
250 28.9399999 5.349999899999999 0.0149999 28.9880001 5.3980001 0.0150001 0 2 169 -168 
251 28.9399999 5.397999899999999 -1.000000000002735e-07 28.9400001 5.3980001 0.0150001 0 2 162 -169 
252 28.9399999 5.5419999 -1.000000000002735e-07 28.9400001 5.5420001 0.0150001 0 2 161 -170 
253 28.9399999 5.397999899999999 0.0149999 28.9400001 5.5420001 0.0150001 0 2 170 -169 
254 28.9399999 5.5419999 0.0149999 28.9880001 5.5900001 0.0150001 0 2 171 -170 
255 28.9879999 5.5899999 -1.000000000002735e-07 28.9880001 5.5900001 0.0150001 0 2 160 -171 
256 29.1319999 5.5899999 -1.000000000002735e-07 29.1320001 5.5900001 0.0150001 0 2 159 -172 
257 28.9879999 5.5899999 0.0149999 29.1320001 5.5900001 0.0150001 0 2 172 -171 
258 29.1319999 5.5419999 0.0149999 29.1800001 5.5900001 0.0150001 0 2 166 -172 
259 29.1799999 5.8679999 -1e-07 29.1800001 6.0120001 1e-07 0 2 173 -174 
260 29.1319999 6.011999899999999 -1e-07 29.1800001 6.0600001 1e-07 0 2 174 -175 
261 28.9879999 6.059999899999999 -1e-07 29.1320001 6.0600001 1e-07 0 2 175 -176 
262 28.9399999 6.011999899999999 -1e-07 28.9880001 6.0600001 1e-07 0 2 176 -177 
263 28.9399999 5.8679999 -1e-07 28.9400001 6.0120001 1e-07 0 2 177 -178 
264 28.9399999 5.8199999 -1e-07 28.9880001 5.868000100000001 1e-07 0 2 178 -179 
265 28.9879999 5.8199999 -1e-07 29.1320001 5.820000100000001 1e-07 0 2 179 -180 
266 29.1319999 5.8199999 -1e-07 29.1800001 5.868000100000001 1e-07 0 2 180 -173 
267 29.1799999 5.8679999 -1.000000000002735e-07 29.1800001 5.868000100000001 0.0150001 0 2 173 -181 
268 29.1799999 5.8679999 0.0149999 29.1800001 6.0120001 0.0150001 0 2 181 -182 
269 29.1799999 6.011999899999999 -1.000000000002735e-07 29.1800001 6.0120001 0.0150001 0 2 174 -182 
270 29.1319999 5.8199999 0.0149999 29.1800001 5.868000100000001 0.0150001 0 2 183 -181 
271 29.1319999 5.8199999 -1.000000000002735e-07 29.1320001 5.820000100000001 0.0150001 0 2 180 -183 
272 28.9879999 5.8199999 -1.000000000002735e-07 28.9880001 5.820000100000001 0.0150001 0 2 179 -184 
273 28.9879999 5.8199999 0.0149999 29.1320001 5.820000100000001 0.0150001 0 2 184 -183 
274 28.9399999 5.8199999 0.0149999 28.9880001 5.868000100000001 0.0150001 0 2 185 -184 
275 28.9399999 5.8679999 -1.000000000002735e-07 28.9400001 5.868000100000001 0.0150001 0 2 178 -185 
276 28.9399999 6.011999899999999 -1.000000000002735e-07 28.9400001 6.0120001 0.0150001 0 2 177 -186 
277 28.9399999 5.8679999 0.0149999 28.9400001 6.0120001 0.0150001 0 2 186 -185 
278 28.9399999 6.011999899999999 0.0149999 28.9880001 6.0600001 0.0150001 0 2 187 -186 
279 28.9879999 6.059999899999999 -1.000000000002735e-07 28.9880001 6.0600001 0.0150001 0 2 176 -187 
280 29.1319999 6.059999899999999 -1.000000000002735e-07 29.1320001 6.0600001 0.0150001 0 2 175 -188 
281 28.9879999 6.059999899999999 0.0149999 29.1320001 6.0600001 0.0150001 0 2 188 -187 
282 29.1319999 6.011999899999999 0.0149999 29.1800001 6.0600001 0.0150001 0 2 182 -188 
283 29.1799999 6.3379999 -1e-07 29.1800001 6.4820001 1e-07 0 2 189 -190 
284 29.1319999 6.4819999 -1e-07 29.1800001 6.530000100000001 1e-07 0 2 190 -191 
285 28.9879999 6.5299999 -1e-07 29.1320001 6.530000100000001 1e-07 0 2 191 -192 
286 28.9399999 6.4819999 -1e-07 28.9880001 6.530000100000001 1e-07 0 2 192 -193 
287 28.9399999 6.3379999 -1e-07 28.9400001 6.4820001 1e-07 0 2 193 -194 
288 28.9399999 6.2899999 -1e-07 28.9880001 6.3380001 1e-07 0 2 194 -195 
289 28.9879999 6.2899999 -1e-07 29.1320001 6.2900001 1e-07 0 2 195 -196 
290 29.1319999 6.2899999 -1e-07 29.1800001 6.3380001 1e-07 0 2 196 -189 
291 29.1799999 6.3379999 -1.000000000002735e-07 29.1800001 6.3380001 0.0150001 0 2 189 -197 
292 29.1799999 6.3379999 0.0149999 29.1800001 6.4820001 0.0150001 0 2 197 -198 
293 29.1799999 6.4819999 -1.000000000002735e-07 29.1800001 6.4820001 0.0150001 0 2 190 -198 
294 29.1319999 6.2899999 0.0149999 29.1800001 6.3380001 0.0150001 0 2 199 -197 
295 29.1319999 6.2899999 -1.000000000002735e-07 29.1320001 6.2900001 0.0150001 0 2 196 -199 
296 28.9879999 6.2899999 -1.000000000002735e-07 28.9880001 6.2900001 0.0150001 0 2 195 -200 
297 28.9879999 6.2899999 0.0149999 29.1320001 6.2900001 0.0150001 0 2 200 -199 
298 28.9399999 6.2899999 0.0149999 28.9880001 6.3380001 0.0150001 0 2 201 -200 
299 28.9399999 6.3379999 -1.000000000002735e-07 28.9400001 6.3380001 0.0150001 0 2 194 -201 
300 28.9399999 6.4819999 -1.000000000002735e-07 28.9400001 6.4820001 0.0150001 0 2 193 -202 
301 28.9399999 6.3379999 0.0149999 28.9400001 6.4820001 0.0150001 0 2 202 -201 
302 28.9399999 6.4819999 0.0149999 28.9880001 6.530000100000001 0.0150001 0 2 203 -202 
303 28.9879999 6.5299999 -1.000000000002735e-07 28.9880001 6.530000100000001 0.0150001 0 2 192 -203 
304 29.1319999 6.5299999 -1.000000000002735e-07 29.1320001 6.530000100000001 0.0150001 0 2 191 -204 
305 28.9879999 6.5299999 0.0149999 29.1320001 6.530000100000001 0.0150001 0 2 204 -203 
306 29.1319999 6.4819999 0.0149999 29.1800001 6.530000100000001 0.0150001 0 2 198 -204 
307 27.3559999 6.7049999 -1e-07 27.3560001 6.945000100000001 1e-07 0 2 205 -206 
308 27.3559999 6.7049999 -1e-07 27.7060001 6.7050001 1e-07 0 2 206 -207 
309 27.7059999 6.7049999 -1e-07 27.7060001 6.945000100000001 1e-07 0 2 207 -208 
310 27.3559999 6.9449999 -1e-07 27.7060001 6.945000100000001 1e-07 0 2 208 -205 
311 27.3559999 6.9449999 -1.000000000002735e-07 27.3560001 6.945000100000001 0.0150001 0 2 205 -209 
312 27.3559999 6.7049999 0.0149999 27.3560001 6.945000100000001 0.0150001 0 2 209 -210 
313 27.3559999 6.7049999 -1.000000000002735e-07 27.3560001 6.7050001 0.0150001 0 2 206 -210 
314 27.7059999 6.9449999 -1.000000000002735e-07 27.7060001 6.945000100000001 0.0150001 0 2 208 -211 
315 27.3559999 6.9449999 0.0149999 27.7060001 6.945000100000001 0.0150001 0 2 211 -209 
316 27.7059999 6.7049999 -1.000000000002735e-07 27.7060001 6.7050001 0.0150001 0 2 207 -212 
317 27.7059999 6.7049999 0.0149999 27.7060001 6.945000100000001 0.0150001 0 2 212 -211 
318 27.3559999 6.7049999 0.0149999 27.7060001 6.7050001 0.0150001 0 2 210 -212 
319 28.3099999 6.4479999 -1e-07 28.3100001 6.5920001 1e-07 0 2 213 -214 
320 28.2619999 6.591999899999999 -1e-07 28.3100001 6.6400001 1e-07 0 2 214 -215 
321 28.1179999 6.639999899999999 -1e-07 28.2620001 6.6400001 1e-07 0 2 215 -216 
322 28.0699999 6.591999899999999 -1e-07 28.1180001 6.6400001 1e-07 0 2 216 -217 
323 28.0699999 6.4479999 -1e-07 28.0700001 6.5920001 1e-07 0 2 217 -218 
324 28.0699999 6.3999999 -1e-07 28.1180001 6.448000100000001 1e-07 0 2 218 -219 
325 28.1179999 6.3999999 -1e-07 28.2620001 6.400000100000001 1e-07 0 2 219 -220 
326 28.2619999 6.3999999 -1e-07 28.3100001 6.448000100000001 1e-07 0 2 220 -213 
327 28.3099999 6.4479999 -1.000000000002735e-07 28.3100001 6.448000100000001 0.0150001 0 2 213 -221 
328 28.3099999 6.4479999 0.0149999 28.3100001 6.5920001 0.0150001 0 2 221 -222 
329 28.3099999 6.591999899999999 -1.000000000002735e-07 28.3100001 6.5920001 0.0150001 0 2 214 -222 
330 28.2619999 6.3999999 0.0149999 28.3100001 6.448000100000001 0.0150001 0 2 223 -221 
331 28.2619999 6.3999999 -1.000000000002735e-07 28.2620001 6.400000100000001 0.0150001 0 2 220 -223 
332 28.1179999 6.3999999 -1.000000000002735e-07 28.1180001 6.400000100000001 0.0150001 0 2 219 -224 
333 28.1179999 6.3999999 0.0149999 28.2620001 6.400000100000001 0.0150001 0 2 224 -223 
334 28.0699999 6.3999999 0.0149999 28.1180001 6.448000100000001 0.0150001 0 2 225 -224 
335 28.0699999 6.4479999 -1.000000000002735e-07 28.0700001 6.448000100000001 0.0150001 0 2 218 -225 
336 28.0699999 6.591999899999999 -1.000000000002735e-07 28.0700001 6.5920001 0.0150001 0 2 217 -226 
337 28.0699999 6.4479999 0.0149999 28.0700001 6.5920001 0.0150001 0 2 226 -225 
338 28.0699999 6.591999899999999 0.0149999 28.1180001 6.6400001 0.0150001 0 2 227 -226 
339 28.1179999 6.639999899999999 -1.000000000002735e-07 28.1180001 6.6400001 0.0150001 0 2 216 -227 
340 28.2619999 6.639999899999999 -1.000000000002735e-07 28.2620001 6.6400001 0.0150001 0 2 215 -228 
341 28.1179999 6.639999899999999 0.0149999 28.2620001 6.6400001 0.0150001 0 2 228 -227 
342 28.2619999 6.591999899999999 0.0149999 28.3100001 6.6400001 0.0150001 0 2 222 -228 
343 28.3099999 6.8679999 -1e-07 28.3100001 7.0120001 1e-07 0 2 229 -230 
344 28.2619999 7.011999899999999 -1e-07 28.3100001 7.0600001 1e-07 0 2 230 -231 
345 28.1179999 7.059999899999999 -1e-07 28.2620001 7.0600001 1e-07 0 2 231 -232 
346 28.0699999 7.011999899999999 -1e-07 28.1180001 7.0600001 1e-07 0 2 232 -233 
347 28.0699999 6.8679999 -1e-07 28.0700001 7.0120001 1e-07 0 2 233 -234 
348 28.0699999 6.8199999 -1e-07 28.1180001 6.868000100000001 1e-07 0 2 234 -235 
349 28.1179999 6.8199999 -1e-07 28.2620001 6.820000100000001 1e-07 0 2 235 -236 
350 28.2619999 6.8199999 -1e-07 28.3100001 6.868000100000001 1e-07 0 2 236 -229 
351 28.3099999 6.8679999 -1.000000000002735e-07 28.3100001 6.868000100000001 0.0150001 0 2 229 -237 
352 28.3099999 6.8679999 0.0149999 28.3100001 7.0120001 0.0150001 0 2 237 -238 
353 28.3099999 7.011999899999999 -1.000000000002735e-07 28.3100001 7.0120001 0.0150001 0 2 230 -238 
354 28.2619999 6.8199999 0.0149999 28.3100001 6.868000100000001 0.0150001 0 2 239 -237 
355 28.2619999 6.8199999 -1.000000000002735e-07 28.2620001 6.820000100000001 0.0150001 0 2 236 -239 
356 28.1179999 6.8199999 -1.000000000002735e-07 28.1180001 6.820000100000001 0.0150001 0 2 235 -240 
357 28.1179999 6.8199999 0.0149999 28.2620001 6.820000100000001 0.0150001 0 2 240 -239 
358 28.0699999 6.8199999 0.0149999 28.1180001 6.868000100000001 0.0150001 0 2 241 -240 
359 28.0699999 6.8679999 -1.000000000002735e-07 28.0700001 6.868000100000001 0.0150001 0 2 234 -241 
360 28.0699999 7.011999899999999 -1.000000000002735e-07 28.0700001 7.0120001 0.0150001 0 2 233 -242 
361 28.0699999 6.8679999 0.0149999 28.0700001 7.0120001 0.0150001 0 2 242 -241 
362 28.0699999 7.011999899999999 0.0149999 28.1180001 7.0600001 0.0150001 0 2 243 -242 
363 28.1179999 7.059999899999999 -1.000000000002735e-07 28.1180001 7.0600001 0.0150001 0 2 232 -243 
364 28.2619999 7.059999899999999 -1.000000000002735e-07 28.2620001 7.0600001 0.0150001 0 2 231 -244 
365 28.1179999 7.059999899999999 0.0149999 28.2620001 7.0600001 0.0150001 0 2 244 -243 
366 28.2619999 7.011999899999999 0.0149999 28.3100001 7.0600001 0.0150001 0 2 238 -244 
367 27.3559999 7.2049999 -1e-07 27.3560001 7.445000100000001 1e-07 0 2 245 -246 
368 27.3559999 7.2049999 -1e-07 27.7060001 7.2050001 1e-07 0 2 246 -247 
369 27.7059999 7.2049999 -1e-07 27.7060001 7.445000100000001 1e-07 0 2 247 -248 
370 27.3559999 7.4449999 -1e-07 27.7060001 7.445000100000001 1e-07 0 2 248 -245 
371 27.3559999 7.4449999 -1.000000000002735e-07 27.3560001 7.445000100000001 0.0150001 0 2 245 -249 
372 27.3559999 7.2049999 0.0149999 27.3560001 7.445000100000001 0.0150001 0 2 249 -250 
373 27.3559999 7.2049999 -1.000000000002735e-07 27.3560001 7.2050001 0.0150001 0 2 246 -250 
374 27.7059999 7.4449999 -1.000000000002735e-07 27.7060001 7.445000100000001 0.0150001 0 2 248 -251 
375 27.3559999 7.4449999 0.0149999 27.7060001 7.445000100000001 0.0150001 0 2 251 -249 
376 27.7059999 7.2049999 -1.000000000002735e-07 27.7060001 7.2050001 0.0150001 0 2 247 -252 
377 27.7059999 7.2049999 0.0149999 27.7060001 7.445000100000001 0.0150001 0 2 252 -251 
378 27.3559999 7.2049999 0.0149999 27.7060001 7.2050001 0.0150001 0 2 250 -252 
379 28.3099999 7.277999899999999 -1e-07 28.3100001 7.4220001 1e-07 0 2 253 -254 
380 28.2619999 7.421999899999999 -1e-07 28.3100001 7.4700001 1e-07 0 2 254 -255 
381 28.1179999 7.469999899999999 -1e-07 28.2620001 7.4700001 1e-07 0 2 255 -256 
382 28.0699999 7.421999899999999 -1e-07 28.1180001 7.4700001 1e-07 0 2 256 -257 
383 28.0699999 7.277999899999999 -1e-07 28.0700001 7.4220001 1e-07 0 2 257 -258 
384 28.0699999 7.229999899999999 -1e-07 28.1180001 7.2780001 1e-07 0 2 258 -259 
385 28.1179999 7.2299999 -1e-07 28.2620001 7.230000100000001 1e-07 0 2 259 -260 
386 28.2619999 7.229999899999999 -1e-07 28.3100001 7.2780001 1e-07 0 2 260 -253 
387 28.3099999 7.277999899999999 -1.000000000002735e-07 28.3100001 7.2780001 0.0150001 0 2 253 -261 
388 28.3099999 7.277999899999999 0.0149999 28.3100001 7.4220001 0.0150001 0 2 261 -262 
389 28.3099999 7.421999899999999 -1.000000000002735e-07 28.3100001 7.4220001 0.0150001 0 2 254 -262 
390 28.2619999 7.229999899999999 0.0149999 28.3100001 7.2780001 0.0150001 0 2 263 -261 
391 28.2619999 7.2299999 -1.000000000002735e-07 28.2620001 7.230000100000001 0.0150001 0 2 260 -263 
392 28.1179999 7.2299999 -1.000000000002735e-07 28.1180001 7.230000100000001 0.0150001 0 2 259 -264 
393 28.1179999 7.2299999 0.0149999 28.2620001 7.230000100000001 0.0150001 0 2 264 -263 
394 28.0699999 7.229999899999999 0.0149999 28.1180001 7.2780001 0.0150001 0 2 265 -264 
395 28.0699999 7.277999899999999 -1.000000000002735e-07 28.0700001 7.2780001 0.0150001 0 2 258 -265 
396 28.0699999 7.421999899999999 -1.000000000002735e-07 28.0700001 7.4220001 0.0150001 0 2 257 -266 
397 28.0699999 7.277999899999999 0.0149999 28.0700001 7.4220001 0.0150001 0 2 266 -265 
398 28.0699999 7.421999899999999 0.0149999 28.1180001 7.4700001 0.0150001 0 2 267 -266 
399 28.1179999 7.469999899999999 -1.000000000002735e-07 28.1180001 7.4700001 0.0150001 0 2 256 -267 
400 28.2619999 7.469999899999999 -1.000000000002735e-07 28.2620001 7.4700001 0.0150001 0 2 255 -268 
401 28.1179999 7.469999899999999 0.0149999 28.2620001 7.4700001 0.0150001 0 2 268 -267 
402 28.2619999 7.421999899999999 0.0149999 28.3100001 7.4700001 0.0150001 0 2 262 -268 
403 29.7499999 6.7079999 -1e-07 29.7500001 6.852000100000001 1e-07 0 2 269 -270 
404 29.7019999 6.8519999 -1e-07 29.7500001 6.900000100000001 1e-07 0 2 270 -271 
405 29.5579999 6.8999999 -1e-07 29.7020001 6.900000100000001 1e-07 0 2 271 -272 
406 29.5099999 6.8519999 -1e-07 29.5580001 6.900000100000001 1e-07 0 2 272 -273 
407 29.5099999 6.7079999 -1e-07 29.5100001 6.852000100000001 1e-07 0 2 273 -274 
408 29.5099999 6.6599999 -1e-07 29.5580001 6.7080001 1e-07 0 2 274 -275 
409 29.5579999 6.6599999 -1e-07 29.7020001 6.6600001 1e-07 0 2 275 -276 
410 29.7019999 6.6599999 -1e-07 29.7500001 6.7080001 1e-07 0 2 276 -269 
411 29.7499999 6.7079999 -1.000000000002735e-07 29.7500001 6.7080001 0.0150001 0 2 269 -277 
412 29.7499999 6.7079999 0.0149999 29.7500001 6.852000100000001 0.0150001 0 2 277 -278 
413 29.7499999 6.8519999 -1.000000000002735e-07 29.7500001 6.852000100000001 0.0150001 0 2 270 -278 
414 29.7019999 6.6599999 0.0149999 29.7500001 6.7080001 0.0150001 0 2 279 -277 
415 29.7019999 6.6599999 -1.000000000002735e-07 29.7020001 6.6600001 0.0150001 0 2 276 -279 
416 29.5579999 6.6599999 -1.000000000002735e-07 29.5580001 6.6600001 0.0150001 0 2 275 -280 
417 29.5579999 6.6599999 0.0149999 29.7020001 6.6600001 0.0150001 0 2 280 -279 
418 29.5099999 6.6599999 0.0149999 29.5580001 6.7080001 0.0150001 0 2 281 -280 
419 29.5099999 6.7079999 -1.000000000002735e-07 29.5100001 6.7080001 0.0150001 0 2 274 -281 
420 29.5099999 6.8519999 -1.000000000002735e-07 29.5100001 6.852000100000001 0.0150001 0 2 273 -282 
421 29.5099999 6.7079999 0.0149999 29.5100001 6.852000100000001 0.0150001 0 2 282 -281 
422 29.5099999 6.8519999 0.0149999 29.5580001 6.900000100000001 0.0150001 0 2 283 -282 
423 29.5579999 6.8999999 -1.000000000002735e-07 29.5580001 6.900000100000001 0.0150001 0 2 272 -283 
424 29.7019999 6.8999999 -1.000000000002735e-07 29.7020001 6.900000100000001 0.0150001 0 2 271 -284 
425 29.5579999 6.8999999 0.0149999 29.7020001 6.900000100000001 0.0150001 0 2 284 -283 
426 29.7019999 6.8519999 0.0149999 29.7500001 6.900000100000001 0.0150001 0 2 278 -284 
427 25.1059999 8.174999900000001 -1e-07 25.1060001 8.475000099999999 1e-07 0 2 285 -286 
428 25.1059999 8.174999900000001 -1e-07 25.3060001 8.1750001 1e-07 0 2 286 -287 
429 25.3059999 8.174999900000001 -1e-07 25.3060001 8.475000099999999 1e-07 0 2 287 -288 
430 25.1059999 8.4749999 -1e-07 25.3060001 8.475000099999999 1e-07 0 2 288 -285 
431 25.1059999 8.4749999 -1.000000000002735e-07 25.1060001 8.475000099999999 0.0150001 0 2 285 -289 
432 25.1059999 8.174999900000001 0.0149999 25.1060001 8.475000099999999 0.0150001 0 2 289 -290 
433 25.1059999 8.174999900000001 -1.000000000002735e-07 25.1060001 8.1750001 0.0150001 0 2 286 -290 
434 25.3059999 8.4749999 -1.000000000002735e-07 25.3060001 8.475000099999999 0.0150001 0 2 288 -291 
435 25.1059999 8.4749999 0.0149999 25.3060001 8.475000099999999 0.0150001 0 2 291 -289 
436 25.3059999 8.174999900000001 -1.000000000002735e-07 25.3060001 8.1750001 0.0150001 0 2 287 -292 
437 25.3059999 8.174999900000001 0.0149999 25.3060001 8.475000099999999 0.0150001 0 2 292 -291 
438 25.1059999 8.174999900000001 0.0149999 25.3060001 8.1750001 0.0150001 0 2 290 -292 
439 25.5809999 8.124999900000001 -1e-07 25.5810001 8.475000099999999 1e-07 0 2 293 -294 
440 25.5809999 8.124999900000001 -1e-07 25.7810001 8.125000099999999 1e-07 0 2 294 -295 
441 25.7809999 8.124999900000001 -1e-07 25.7810001 8.475000099999999 1e-07 0 2 295 -296 
442 25.5809999 8.4749999 -1e-07 25.7810001 8.475000099999999 1e-07 0 2 296 -293 
443 25.5809999 8.4749999 -1.000000000002735e-07 25.5810001 8.475000099999999 0.0150001 0 2 293 -297 
444 25.5809999 8.124999900000001 0.0149999 25.5810001 8.475000099999999 0.0150001 0 2 297 -298 
445 25.5809999 8.124999900000001 -1.000000000002735e-07 25.5810001 8.125000099999999 0.0150001 0 2 294 -298 
446 25.7809999 8.4749999 -1.000000000002735e-07 25.7810001 8.475000099999999 0.0150001 0 2 296 -299 
447 25.5809999 8.4749999 0.0149999 25.7810001 8.475000099999999 0.0150001 0 2 299 -297 
448 25.7809999 8.124999900000001 -1.000000000002735e-07 25.7810001 8.125000099999999 0.0150001 0 2 295 -300 
449 25.7809999 8.124999900000001 0.0149999 25.7810001 8.475000099999999 0.0150001 0 2 300 -299 
450 25.5809999 8.124999900000001 0.0149999 25.7810001 8.125000099999999 0.0150001 0 2 298 -300 
451 26.0559999 8.124999900000001 -1e-07 26.0560001 8.475000099999999 1e-07 0 2 301 -302 
452 26.0559999 8.124999900000001 -1e-07 26.2560001 8.125000099999999 1e-07 0 2 302 -303 
453 26.2559999 8.124999900000001 -1e-07 26.2560001 8.475000099999999 1e-07 0 2 303 -304 
454 26.0559999 8.4749999 -1e-07 26.2560001 8.475000099999999 1e-07 0 2 304 -301 
455 26.0559999 8.4749999 -1.000000000002735e-07 26.0560001 8.475000099999999 0.0150001 0 2 301 -305 
456 26.0559999 8.124999900000001 0.0149999 26.0560001 8.475000099999999 0.0150001 0 2 305 -306 
457 26.0559999 8.124999900000001 -1.000000000002735e-07 26.0560001 8.125000099999999 0.0150001 0 2 302 -306 
458 26.2559999 8.4749999 -1.000000000002735e-07 26.2560001 8.475000099999999 0.0150001 0 2 304 -307 
459 26.0559999 8.4749999 0.0149999 26.2560001 8.475000099999999 0.0150001 0 2 307 -305 
460 26.2559999 8.124999900000001 -1.000000000002735e-07 26.2560001 8.125000099999999 0.0150001 0 2 303 -308 
461 26.2559999 8.124999900000001 0.0149999 26.2560001 8.475000099999999 0.0150001 0 2 308 -307 
462 26.0559999 8.124999900000001 0.0149999 26.2560001 8.125000099999999 0.0150001 0 2 306 -308 
463 26.5309999 8.124999900000001 -1e-07 26.5310001 8.475000099999999 1e-07 0 2 309 -310 
464 26.5309999 8.124999900000001 -1e-07 26.7310001 8.125000099999999 1e-07 0 2 310 -311 
465 26.7309999 8.124999900000001 -1e-07 26.7310001 8.475000099999999 1e-07 0 2 311 -312 
466 26.5309999 8.4749999 -1e-07 26.7310001 8.475000099999999 1e-07 0 2 312 -309 
467 26.5309999 8.4749999 -1.000000000002735e-07 26.5310001 8.475000099999999 0.0150001 0 2 309 -313 
468 26.5309999 8.124999900000001 0.0149999 26.5310001 8.475000099999999 0.0150001 0 2 313 -314 
469 26.5309999 8.124999900000001 -1.000000000002735e-07 26.5310001 8.125000099999999 0.0150001 0 2 310 -314 
470 26.7309999 8.4749999 -1.000000000002735e-07 26.7310001 8.475000099999999 0.0150001 0 2 312 -315 
471 26.5309999 8.4749999 0.0149999 26.7310001 8.475000099999999 0.0150001 0 2 315 -313 
472 26.7309999 8.124999900000001 -1.000000000002735e-07 26.7310001 8.125000099999999 0.0150001 0 2 311 -316 
473 26.7309999 8.124999900000001 0.0149999 26.7310001 8.475000099999999 0.0150001 0 2 316 -315 
474 26.5309999 8.124999900000001 0.0149999 26.7310001 8.125000099999999 0.0150001 0 2 314 -316 
475 27.0059999 8.174999900000001 -1e-07 27.0060001 8.475000099999999 1e-07 0 2 317 -318 
476 27.0059999 8.174999900000001 -1e-07 27.2060001 8.1750001 1e-07 0 2 318 -319 
477 27.2059999 8.174999900000001 -1e-07 27.2060001 8.475000099999999 1e-07 0 2 319 -320 
478 27.0059999 8.4749999 -1e-07 27.2060001 8.475000099999999 1e-07 0 2 320 -317 
479 27.0059999 8.4749999 -1.000000000002735e-07 27.0060001 8.475000099999999 0.0150001 0 2 317 -321 
480 27.0059999 8.174999900000001 0.0149999 27.0060001 8.475000099999999 0.0150001 0 2 321 -322 
481 27.0059999 8.174999900000001 -1.000000000002735e-07 27.0060001 8.1750001 0.0150001 0 2 318 -322 
482 27.2059999 8.4749999 -1.000000000002735e-07 27.2060001 8.475000099999999 0.0150001 0 2 320 -323 
483 27.0059999 8.4749999 0.0149999 27.2060001 8.475000099999999 0.0150001 0 2 323 -321 
484 27.2059999 8.174999900000001 -1.000000000002735e-07 27.2060001 8.1750001 0.0150001 0 2 319 -324 
485 27.2059999 8.174999900000001 0.0149999 27.2060001 8.475000099999999 0.0150001 0 2 324 -323 
486 27.0059999 8.174999900000001 0.0149999 27.2060001 8.1750001 0.0150001 0 2 322 -324 
487 26.7099999 9.3979999 -1e-07 26.7100001 9.542000099999999 1e-07 0 2 325 -326 
488 26.6619999 9.5419999 -1e-07 26.7100001 9.590000099999999 1e-07 0 2 326 -327 
489 26.5179999 9.5899999 -1e-07 26.6620001 9.590000099999999 1e-07 0 2 327 -328 
490 26.4699999 9.5419999 -1e-07 26.5180001 9.590000099999999 1e-07 0 2 328 -329 
491 26.4699999 9.3979999 -1e-07 26.4700001 9.542000099999999 1e-07 0 2 329 -330 
492 26.4699999 9.3499999 -1e-07 26.5180001 9.398000099999999 1e-07 0 2 330 -331 
493 26.5179999 9.3499999 -1e-07 26.6620001 9.350000099999999 1e-07 0 2 331 -332 
494 26.6619999 9.3499999 -1e-07 26.7100001 9.398000099999999 1e-07 0 2 332 -325 
495 26.7099999 9.3979999 -1.000000000002735e-07 26.7100001 9.398000099999999 0.0150001 0 2 325 -333 
496 26.7099999 9.3979999 0.0149999 26.7100001 9.542000099999999 0.0150001 0 2 333 -334 
497 26.7099999 9.5419999 -1.000000000002735e-07 26.7100001 9.542000099999999 0.0150001 0 2 326 -334 
498 26.6619999 9.3499999 0.0149999 26.7100001 9.398000099999999 0.0150001 0 2 335 -333 
499 26.6619999 9.3499999 -1.000000000002735e-07 26.6620001 9.350000099999999 0.0150001 0 2 332 -335 
500 26.5179999 9.3499999 -1.000000000002735e-07 26.5180001 9.350000099999999 0.0150001 0 2 331 -336 
501 26.5179999 9.3499999 0.0149999 26.6620001 9.350000099999999 0.0150001 0 2 336 -335 
502 26.4699999 9.3499999 0.0149999 26.5180001 9.398000099999999 0.0150001 0 2 337 -336 
503 26.4699999 9.3979999 -1.000000000002735e-07 26.4700001 9.398000099999999 0.0150001 0 2 330 -337 
504 26.4699999 9.5419999 -1.000000000002735e-07 26.4700001 9.542000099999999 0.0150001 0 2 329 -338 
505 26.4699999 9.3979999 0.0149999 26.4700001 9.542000099999999 0.0150001 0 2 338 -337 
506 26.4699999 9.5419999 0.0149999 26.5180001 9.590000099999999 0.0150001 0 2 339 -338 
507 26.5179999 9.5899999 -1.000000000002735e-07 26.5180001 9.590000099999999 0.0150001 0 2 328 -339 
508 26.6619999 9.5899999 -1.000000000002735e-07 26.6620001 9.590000099999999 0.0150001 0 2 327 -340 
509 26.5179999 9.5899999 0.0149999 26.6620001 9.590000099999999 0.0150001 0 2 340 -339 
510 26.6619999 9.5419999 0.0149999 26.7100001 9.590000099999999 0.0150001 0 2 334 -340 
511 27.1299999 9.3979999 -1e-07 27.1300001 9.542000099999999 1e-07 0 2 341 -342 
512 27.0819999 9.5419999 -1e-07 27.1300001 9.590000099999999 1e-07 0 2 342 -343 
513 26.9379999 9.5899999 -1e-07 27.0820001 9.590000099999999 1e-07 0 2 343 -344 
514 26.8899999 9.5419999 -1e-07 26.9380001 9.590000099999999 1e-07 0 2 344 -345 
515 26.8899999 9.3979999 -1e-07 26.8900001 9.542000099999999 1e-07 0 2 345 -346 
516 26.8899999 9.3499999 -1e-07 26.9380001 9.398000099999999 1e-07 0 2 346 -347 
517 26.9379999 9.3499999 -1e-07 27.0820001 9.350000099999999 1e-07 0 2 347 -348 
518 27.0819999 9.3499999 -1e-07 27.1300001 9.398000099999999 1e-07 0 2 348 -341 
519 27.1299999 9.3979999 -1.000000000002735e-07 27.1300001 9.398000099999999 0.0150001 0 2 341 -349 
520 27.1299999 9.3979999 0.0149999 27.1300001 9.542000099999999 0.0150001 0 2 349 -350 
521 27.1299999 9.5419999 -1.000000000002735e-07 27.1300001 9.542000099999999 0.0150001 0 2 342 -350 
522 27.0819999 9.3499999 0.0149999 27.1300001 9.398000099999999 0.0150001 0 2 351 -349 
523 27.0819999 9.3499999 -1.000000000002735e-07 27.0820001 9.350000099999999 0.0150001 0 2 348 -351 
524 26.9379999 9.3499999 -1.000000000002735e-07 26.9380001 9.350000099999999 0.0150001 0 2 347 -352 
525 26.9379999 9.3499999 0.0149999 27.0820001 9.350000099999999 0.0150001 0 2 352 -351 
526 26.8899999 9.3499999 0.0149999 26.9380001 9.398000099999999 0.0150001 0 2 353 -352 
527 26.8899999 9.3979999 -1.000000000002735e-07 26.8900001 9.398000099999999 0.0150001 0 2 346 -353 
528 26.8899999 9.5419999 -1.000000000002735e-07 26.8900001 9.542000099999999 0.0150001 0 2 345 -354 
529 26.8899999 9.3979999 0.0149999 26.8900001 9.542000099999999 0.0150001 0 2 354 -353 
530 26.8899999 9.5419999 0.0149999 26.9380001 9.590000099999999 0.0150001 0 2 355 -354 
531 26.9379999 9.5899999 -1.000000000002735e-07 26.9380001 9.590000099999999 0.0150001 0 2 344 -355 
532 27.0819999 9.5899999 -1.000000000002735e-07 27.0820001 9.590000099999999 0.0150001 0 2 343 -356 
533 26.9379999 9.5899999 0.0149999 27.0820001 9.590000099999999 0.0150001 0 2 356 -355 
534 27.0819999 9.5419999 0.0149999 27.1300001 9.590000099999999 0.0150001 0 2 350 -356 
535 27.3559999 7.7049999 -1e-07 27.3560001 7.945000100000001 1e-07 0 2 357 -358 
536 27.3559999 7.7049999 -1e-07 27.7060001 7.7050001 1e-07 0 2 358 -359 
537 27.7059999 7.7049999 -1e-07 27.7060001 7.945000100000001 1e-07 0 2 359 -360 
538 27.3559999 7.9449999 -1e-07 27.7060001 7.945000100000001 1e-07 0 2 360 -357 
539 27.3559999 7.9449999 -1.000000000002735e-07 27.3560001 7.945000100000001 0.0150001 0 2 357 -361 
540 27.3559999 7.7049999 0.0149999 27.3560001 7.945000100000001 0.0150001 0 2 361 -362 
541 27.3559999 7.7049999 -1.000000000002735e-07 27.3560001 7.7050001 0.0150001 0 2 358 -362 
542 27.7059999 7.9449999 -1.000000000002735e-07 27.7060001 7.945000100000001 0.0150001 0 2 360 -363 
543 27.3559999 7.9449999 0.0149999 27.7060001 7.945000100000001 0.0150001 0 2 363 -361 
544 27.7059999 7.7049999 -1.000000000002735e-07 27.7060001 7.7050001 0.0150001 0 2 359 -364 
545 27.7059999 7.7049999 0.0149999 27.7060001 7.945000100000001 0.0150001 0 2 364 -363 
546 27.3559999 7.7049999 0.0149999 27.7060001 7.7050001 0.0150001 0 2 362 -364 
547 28.3099999 7.6979999 -1e-07 28.3100001 7.8420001 1e-07 0 2 365 -366 
548 28.2619999 7.841999899999999 -1e-07 28.3100001 7.8900001 1e-07 0 2 366 -367 
549 28.1179999 7.889999899999999 -1e-07 28.2620001 7.8900001 1e-07 0 2 367 -368 
550 28.0699999 7.841999899999999 -1e-07 28.1180001 7.8900001 1e-07 0 2 368 -369 
551 28.0699999 7.6979999 -1e-07 28.0700001 7.8420001 1e-07 0 2 369 -370 
552 28.0699999 7.6499999 -1e-07 28.1180001 7.698000100000001 1e-07 0 2 370 -371 
553 28.1179999 7.6499999 -1e-07 28.2620001 7.650000100000001 1e-07 0 2 371 -372 
554 28.2619999 7.6499999 -1e-07 28.3100001 7.698000100000001 1e-07 0 2 372 -365 
555 28.3099999 7.6979999 -1.000000000002735e-07 28.3100001 7.698000100000001 0.0150001 0 2 365 -373 
556 28.3099999 7.6979999 0.0149999 28.3100001 7.8420001 0.0150001 0 2 373 -374 
557 28.3099999 7.841999899999999 -1.000000000002735e-07 28.3100001 7.8420001 0.0150001 0 2 366 -374 
558 28.2619999 7.6499999 0.0149999 28.3100001 7.698000100000001 0.0150001 0 2 375 -373 
559 28.2619999 7.6499999 -1.000000000002735e-07 28.2620001 7.650000100000001 0.0150001 0 2 372 -375 
560 28.1179999 7.6499999 -1.000000000002735e-07 28.1180001 7.650000100000001 0.0150001 0 2 371 -376 
561 28.1179999 7.6499999 0.0149999 28.2620001 7.650000100000001 0.0150001 0 2 376 -375 
562 28.0699999 7.6499999 0.0149999 28.1180001 7.698000100000001 0.0150001 0 2 377 -376 
563 28.0699999 7.6979999 -1.000000000002735e-07 28.0700001 7.698000100000001 0.0150001 0 2 370 -377 
564 28.0699999 7.841999899999999 -1.000000000002735e-07 28.0700001 7.8420001 0.0150001 0 2 369 -378 
565 28.0699999 7.6979999 0.0149999 28.0700001 7.8420001 0.0150001 0 2 378 -377 
566 28.0699999 7.841999899999999 0.0149999 28.1180001 7.8900001 0.0150001 0 2 379 -378 
567 28.1179999 7.889999899999999 -1.000000000002735e-07 28.1180001 7.8900001 0.0150001 0 2 368 -379 
568 28.2619999 7.889999899999999 -1.000000000002735e-07 28.2620001 7.8900001 0.0150001 0 2 367 -380 
569 28.1179999 7.889999899999999 0.0149999 28.2620001 7.8900001 0.0150001 0 2 380 -379 
570 28.2619999 7.841999899999999 0.0149999 28.3100001 7.8900001 0.0150001 0 2 374 -380 
571 28.5299999 7.5249999 -1e-07 28.5300001 7.695000100000001 1e-07 0 2 381 -382 
572 28.5299999 7.5249999 -1e-07 28.8800001 7.525000100000001 1e-07 0 2 382 -383 
573 28.8799999 7.5249999 -1e-07 28.8800001 7.695000100000001 1e-07 0 2 383 -384 
574 28.5299999 7.6949999 -1e-07 28.8800001 7.695000100000001 1e-07 0 2 384 -381 
575 28.5299999 7.6949999 -1.000000000002735e-07 28.5300001 7.695000100000001 0.0150001 0 2 381 -385 
576 28.5299999 7.5249999 0.0149999 28.5300001 7.695000100000001 0.0150001 0 2 385 -386 
577 28.5299999 7.5249999 -1.000000000002735e-07 28.5300001 7.525000100000001 0.0150001 0 2 382 -386 
578 28.8799999 7.6949999 -1.000000000002735e-07 28.8800001 7.695000100000001 0.0150001 0 2 384 -387 
579 28.5299999 7.6949999 0.0149999 28.8800001 7.695000100000001 0.0150001 0 2 387 -385 
580 28.8799999 7.5249999 -1.000000000002735e-07 28.8800001 7.525000100000001 0.0150001 0 2 383 -388 
581 28.8799999 7.5249999 0.0149999 28.8800001 7.695000100000001 0.0150001 0 2 388 -387 
582 28.5299999 7.5249999 0.0149999 28.8800001 7.525000100000001 0.0150001 0 2 386 -388 
583 28.5299999 7.9249999 -1e-07 28.5300001 8.0950001 1e-07 0 2 389 -390 
584 28.5299999 7.9249999 -1e-07 28.8800001 7.9250001 1e-07 0 2 390 -391 
585 28.8799999 7.9249999 -1e-07 28.8800001 8.0950001 1e-07 0 2 391 -392 
586 28.5299999 8.094999900000001 -1e-07 28.8800001 8.0950001 1e-07 0 2 392 -389 
587 28.5299999 8.094999900000001 -1.000000000002735e-07 28.5300001 8.0950001 0.0150001 0 2 389 -393 
588 28.5299999 7.9249999 0.0149999 28.5300001 8.0950001 0.0150001 0 2 393 -394 
589 28.5299999 7.9249999 -1.000000000002735e-07 28.5300001 7.9250001 0.0150001 0 2 390 -394 
590 28.8799999 8.094999900000001 -1.000000000002735e-07 28.8800001 8.0950001 0.0150001 0 2 392 -395 
591 28.5299999 8.094999900000001 0.0149999 28.8800001 8.0950001 0.0150001 0 2 395 -393 
592 28.8799999 7.9249999 -1.000000000002735e-07 28.8800001 7.9250001 0.0150001 0 2 391 -396 
593 28.8799999 7.9249999 0.0149999 28.8800001 8.0950001 0.0150001 0 2 396 -395 
594 28.5299999 7.9249999 0.0149999 28.8800001 7.9250001 0.0150001 0 2 394 -396 
595 27.4809999 8.174999900000001 -1e-07 27.4810001 8.475000099999999 1e-07 0 2 397 -398 
596 27.4809999 8.174999900000001 -1e-07 27.6810001 8.1750001 1e-07 0 2 398 -399 
597 27.6809999 8.174999900000001 -1e-07 27.6810001 8.475000099999999 1e-07 0 2 399 -400 
598 27.4809999 8.4749999 -1e-07 27.6810001 8.475000099999999 1e-07 0 2 400 -397 
599 27.4809999 8.4749999 -1.000000000002735e-07 27.4810001 8.475000099999999 0.0150001 0 2 397 -401 
600 27.4809999 8.174999900000001 0.0149999 27.4810001 8.475000099999999 0.0150001 0 2 401 -402 
601 27.4809999 8.174999900000001 -1.000000000002735e-07 27.4810001 8.1750001 0.0150001 0 2 398 -402 
602 27.6809999 8.4749999 -1.000000000002735e-07 27.6810001 8.475000099999999 0.0150001 0 2 400 -403 
603 27.4809999 8.4749999 0.0149999 27.6810001 8.475000099999999 0.0150001 0 2 403 -401 
604 27.6809999 8.174999900000001 -1.000000000002735e-07 27.6810001 8.1750001 0.0150001 0 2 399 -404 
605 27.6809999 8.174999900000001 0.0149999 27.6810001 8.475000099999999 0.0150001 0 2 404 -403 
606 27.4809999 8.174999900000001 0.0149999 27.6810001 8.1750001 0.0150001 0 2 402 -404 
607 28.5299999 8.3249999 -1e-07 28.5300001 8.495000099999999 1e-07 0 2 405 -406 
608 28.5299999 8.3249999 -1e-07 28.8800001 8.325000099999999 1e-07 0 2 406 -407 
609 28.8799999 8.3249999 -1e-07 28.8800001 8.495000099999999 1e-07 0 2 407 -408 
610 28.5299999 8.4949999 -1e-07 28.8800001 8.495000099999999 1e-07 0 2 408 -405 
611 28.5299999 8.4949999 -1.000000000002735e-07 28.5300001 8.495000099999999 0.0150001 0 2 405 -409 
612 28.5299999 8.3249999 0.0149999 28.5300001 8.495000099999999 0.0150001 0 2 409 -410 
613 28.5299999 8.3249999 -1.000000000002735e-07 28.5300001 8.325000099999999 0.0150001 0 2 406 -410 
614 28.8799999 8.4949999 -1.000000000002735e-07 28.8800001 8.495000099999999 0.0150001 0 2 408 -411 
615 28.5299999 8.4949999 0.0149999 28.8800001 8.495000099999999 0.0150001 0 2 411 -409 
616 28.8799999 8.3249999 -1.000000000002735e-07 28.8800001 8.325000099999999 0.0150001 0 2 407 -412 
617 28.8799999 8.3249999 0.0149999 28.8800001 8.495000099999999 0.0150001 0 2 412 -411 
618 28.5299999 8.3249999 0.0149999 28.8800001 8.325000099999999 0.0150001 0 2 410 -412 
619 29.0799999 7.5249999 -1e-07 29.0800001 7.695000100000001 1e-07 0 2 413 -414 
620 29.0799999 7.5249999 -1e-07 29.4300001 7.525000100000001 1e-07 0 2 414 -415 
621 29.4299999 7.5249999 -1e-07 29.4300001 7.695000100000001 1e-07 0 2 415 -416 
622 29.0799999 7.6949999 -1e-07 29.4300001 7.695000100000001 1e-07 0 2 416 -413 
623 29.0799999 7.6949999 -1.000000000002735e-07 29.0800001 7.695000100000001 0.0150001 0 2 413 -417 
624 29.0799999 7.5249999 0.0149999 29.0800001 7.695000100000001 0.0150001 0 2 417 -418 
625 29.0799999 7.5249999 -1.000000000002735e-07 29.0800001 7.525000100000001 0.0150001 0 2 414 -418 
626 29.4299999 7.6949999 -1.000000000002735e-07 29.4300001 7.695000100000001 0.0150001 0 2 416 -419 
627 29.0799999 7.6949999 0.0149999 29.4300001 7.695000100000001 0.0150001 0 2 419 -417 
628 29.4299999 7.5249999 -1.000000000002735e-07 29.4300001 7.525000100000001 0.0150001 0 2 415 -420 
629 29.4299999 7.5249999 0.0149999 29.4300001 7.695000100000001 0.0150001 0 2 420 -419 
630 29.0799999 7.5249999 0.0149999 29.4300001 7.525000100000001 0.0150001 0 2 418 -420 
631 29.0799999 7.9249999 -1e-07 29.0800001 8.0950001 1e-07 0 2 421 -422 
632 29.0799999 7.9249999 -1e-07 29.4300001 7.9250001 1e-07 0 2 422 -423 
633 29.4299999 7.9249999 -1e-07 29.4300001 8.0950001 1e-07 0 2 423 -424 
634 29.0799999 8.094999900000001 -1e-07 29.4300001 8.0950001 1e-07 0 2 424 -421 
635 29.0799999 8.094999900000001 -1.000000000002735e-07 29.0800001 8.0950001 0.0150001 0 2 421 -425 
636 29.0799999 7.9249999 0.0149999 29.0800001 8.0950001 0.0150001 0 2 425 -426 
637 29.0799999 7.9249999 -1.000000000002735e-07 29.0800001 7.9250001 0.0150001 0 2 422 -426 
638 29.4299999 8.094999900000001 -1.000000000002735e-07 29.4300001 8.0950001 0.0150001 0 2 424 -427 
639 29.0799999 8.094999900000001 0.0149999 29.4300001 8.0950001 0.0150001 0 2 427 -425 
640 29.4299999 7.9249999 -1.000000000002735e-07 29.4300001 7.9250001 0.0150001 0 2 423 -428 
641 29.4299999 7.9249999 0.0149999 29.4300001 8.0950001 0.0150001 0 2 428 -427 
642 29.0799999 7.9249999 0.0149999 29.4300001 7.9250001 0.0150001 0 2 426 -428 
643 29.0799999 8.3249999 -1e-07 29.0800001 8.495000099999999 1e-07 0 2 429 -430 
644 29.0799999 8.3249999 -1e-07 29.4300001 8.325000099999999 1e-07 0 2 430 -431 
645 29.4299999 8.3249999 -1e-07 29.4300001 8.495000099999999 1e-07 0 2 431 -432 
646 29.0799999 8.4949999 -1e-07 29.4300001 8.495000099999999 1e-07 0 2 432 -429 
647 29.0799999 8.4949999 -1.000000000002735e-07 29.0800001 8.495000099999999 0.0150001 0 2 429 -433 
648 29.0799999 8.3249999 0.0149999 29.0800001 8.495000099999999 0.0150001 0 2 433 -434 
649 29.0799999 8.3249999 -1.000000000002735e-07 29.0800001 8.325000099999999 0.0150001 0 2 430 -434 
650 29.4299999 8.4949999 -1.000000000002735e-07 29.4300001 8.495000099999999 0.0150001 0 2 432 -435 
651 29.0799999 8.4949999 0.0149999 29.4300001 8.495000099999999 0.0150001 0 2 435 -433 
652 29.4299999 8.3249999 -1.000000000002735e-07 29.4300001 8.325000099999999 0.0150001 0 2 431 -436 
653 29.4299999 8.3249999 0.0149999 29.4300001 8.495000099999999 0.0150001 0 2 436 -435 
654 29.0799999 8.3249999 0.0149999 29.4300001 8.325000099999999 0.0150001 0 2 434 -436 
655 29.8849999 8.0679999 -1e-07 29.8850001 8.212000099999999 1e-07 0 2 437 -438 
656 29.8369999 8.2119999 -1e-07 29.8850001 8.260000099999999 1e-07 0 2 438 -439 
657 29.6929999 8.2599999 -1e-07 29.8370001 8.260000099999999 1e-07 0 2 439 -440 
658 29.6449999 8.2119999 -1e-07 29.6930001 8.260000099999999 1e-07 0 2 440 -441 
659 29.6449999 8.0679999 -1e-07 29.6450001 8.212000099999999 1e-07 0 2 441 -442 
660 29.6449999 8.0199999 -1e-07 29.6930001 8.068000099999999 1e-07 0 2 442 -443 
661 29.6929999 8.0199999 -1e-07 29.8370001 8.020000099999999 1e-07 0 2 443 -444 
662 29.8369999 8.0199999 -1e-07 29.8850001 8.068000099999999 1e-07 0 2 444 -437 
663 29.8849999 8.0679999 -1.000000000002735e-07 29.8850001 8.068000099999999 0.0150001 0 2 437 -445 
664 29.8849999 8.0679999 0.0149999 29.8850001 8.212000099999999 0.0150001 0 2 445 -446 
665 29.8849999 8.2119999 -1.000000000002735e-07 29.8850001 8.212000099999999 0.0150001 0 2 438 -446 
666 29.8369999 8.0199999 0.0149999 29.8850001 8.068000099999999 0.0150001 0 2 447 -445 
667 29.8369999 8.0199999 -1.000000000002735e-07 29.8370001 8.020000099999999 0.0150001 0 2 444 -447 
668 29.6929999 8.0199999 -1.000000000002735e-07 29.6930001 8.020000099999999 0.0150001 0 2 443 -448 
669 29.6929999 8.0199999 0.0149999 29.8370001 8.020000099999999 0.0150001 0 2 448 -447 
670 29.6449999 8.0199999 0.0149999 29.6930001 8.068000099999999 0.0150001 0 2 449 -448 
671 29.6449999 8.0679999 -1.000000000002735e-07 29.6450001 8.068000099999999 0.0150001 0 2 442 -449 
672 29.6449999 8.2119999 -1.000000000002735e-07 29.6450001 8.212000099999999 0.0150001 0 2 441 -450 
673 29.6449999 8.0679999 0.0149999 29.6450001 8.212000099999999 0.0150001 0 2 450 -449 
674 29.6449999 8.2119999 0.0149999 29.6930001 8.260000099999999 0.0150001 0 2 451 -450 
675 29.6929999 8.2599999 -1.000000000002735e-07 29.6930001 8.260000099999999 0.0150001 0 2 440 -451 
676 29.8369999 8.2599999 -1.000000000002735e-07 29.8370001 8.260000099999999 0.0150001 0 2 439 -452 
677 29.6929999 8.2599999 0.0149999 29.8370001 8.260000099999999 0.0150001 0 2 452 -451 
678 29.8369999 8.2119999 0.0149999 29.8850001 8.260000099999999 0.0150001 0 2 446 -452 
679 29.8849999 8.4879999 -1e-07 29.8850001 8.632000099999999 1e-07 0 2 453 -454 
680 29.8369999 8.6319999 -1e-07 29.8850001 8.680000099999999 1e-07 0 2 454 -455 
681 29.6929999 8.6799999 -1e-07 29.8370001 8.680000099999999 1e-07 0 2 455 -456 
682 29.6449999 8.6319999 -1e-07 29.6930001 8.680000099999999 1e-07 0 2 456 -457 
683 29.6449999 8.4879999 -1e-07 29.6450001 8.632000099999999 1e-07 0 2 457 -458 
684 29.6449999 8.4399999 -1e-07 29.6930001 8.488000099999999 1e-07 0 2 458 -459 
685 29.6929999 8.4399999 -1e-07 29.8370001 8.440000099999999 1e-07 0 2 459 -460 
686 29.8369999 8.4399999 -1e-07 29.8850001 8.488000099999999 1e-07 0 2 460 -453 
687 29.8849999 8.4879999 -1.000000000002735e-07 29.8850001 8.488000099999999 0.0150001 0 2 453 -461 
688 29.8849999 8.4879999 0.0149999 29.8850001 8.632000099999999 0.0150001 0 2 461 -462 
689 29.8849999 8.6319999 -1.000000000002735e-07 29.8850001 8.632000099999999 0.0150001 0 2 454 -462 
690 29.8369999 8.4399999 0.0149999 29.8850001 8.488000099999999 0.0150001 0 2 463 -461 
691 29.8369999 8.4399999 -1.000000000002735e-07 29.8370001 8.440000099999999 0.0150001 0 2 460 -463 
692 29.6929999 8.4399999 -1.000000000002735e-07 29.6930001 8.440000099999999 0.0150001 0 2 459 -464 
693 29.6929999 8.4399999 0.0149999 29.8370001 8.440000099999999 0.0150001 0 2 464 -463 
694 29.6449999 8.4399999 0.0149999 29.6930001 8.488000099999999 0.0150001 0 2 465 -464 
695 29.6449999 8.4879999 -1.000000000002735e-07 29.6450001 8.488000099999999 0.0150001 0 2 458 -465 
696 29.6449999 8.6319999 -1.000000000002735e-07 29.6450001 8.632000099999999 0.0150001 0 2 457 -466 
697 29.6449999 8.4879999 0.0149999 29.6450001 8.632000099999999 0.0150001 0 2 466 -465 
698 29.6449999 8.6319999 0.0149999 29.6930001 8.680000099999999 0.0150001 0 2 467 -466 
699 29.6929999 8.6799999 -1.000000000002735e-07 29.6930001 8.680000099999999 0.0150001 0 2 456 -467 
700 29.8369999 8.6799999 -1.000000000002735e-07 29.8370001 8.680000099999999 0.0150001 0 2 455 -468 
701 29.6929999 8.6799999 0.0149999 29.8370001 8.680000099999999 0.0150001 0 2 468 -467 
702 29.8369999 8.6319999 0.0149999 29.8850001 8.680000099999999 0.0150001 0 2 462 -468 
703 28.3599999 8.822999900000001 -1e-07 28.3600001 8.9670001 1e-07 0 2 469 -470 
704 28.3119999 8.966999900000001 -1e-07 28.3600001 9.0150001 1e-07 0 2 470 -471 
705 28.1679999 9.014999900000001 -1e-07 28.3120001 9.0150001 1e-07 0 2 471 -472 
706 28.1199999 8.966999900000001 -1e-07 28.1680001 9.0150001 1e-07 0 2 472 -473 
707 28.1199999 8.822999900000001 -1e-07 28.1200001 8.9670001 1e-07 0 2 473 -474 
708 28.1199999 8.774999900000001 -1e-07 28.1680001 8.8230001 1e-07 0 2 474 -475 
709 28.1679999 8.774999900000001 -1e-07 28.3120001 8.7750001 1e-07 0 2 475 -476 
710 28.3119999 8.774999900000001 -1e-07 28.3600001 8.8230001 1e-07 0 2 476 -469 
711 28.3599999 8.822999900000001 -1.000000000002735e-07 28.3600001 8.8230001 0.0150001 0 2 469 -477 
712 28.3599999 8.822999900000001 0.0149999 28.3600001 8.9670001 0.0150001 0 2 477 -478 
713 28.3599999 8.966999900000001 -1.000000000002735e-07 28.3600001 8.9670001 0.0150001 0 2 470 -478 
714 28.3119999 8.774999900000001 0.0149999 28.3600001 8.8230001 0.0150001 0 2 479 -477 
715 28.3119999 8.774999900000001 -1.000000000002735e-07 28.3120001 8.7750001 0.0150001 0 2 476 -479 
716 28.1679999 8.774999900000001 -1.000000000002735e-07 28.1680001 8.7750001 0.0150001 0 2 475 -480 
717 28.1679999 8.774999900000001 0.0149999 28.3120001 8.7750001 0.0150001 0 2 480 -479 
718 28.1199999 8.774999900000001 0.0149999 28.1680001 8.8230001 0.0150001 0 2 481 -480 
719 28.1199999 8.822999900000001 -1.000000000002735e-07 28.1200001 8.8230001 0.0150001 0 2 474 -481 
720 28.1199999 8.966999900000001 -1.000000000002735e-07 28.1200001 8.9670001 0.0150001 0 2 473 -482 
721 28.1199999 8.822999900000001 0.0149999 28.1200001 8.9670001 0.0150001 0 2 482 -481 
722 28.1199999 8.966999900000001 0.0149999 28.1680001 9.0150001 0.0150001 0 2 483 -482 
723 28.1679999 9.014999900000001 -1.000000000002735e-07 28.1680001 9.0150001 0.0150001 0 2 472 -483 
724 28.3119999 9.014999900000001 -1.000000000002735e-07 28.3120001 9.0150001 0.0150001 0 2 471 -484 
725 28.1679999 9.014999900000001 0.0149999 28.3120001 9.0150001 0.0150001 0 2 484 -483 
726 28.3119999 8.966999900000001 0.0149999 28.3600001 9.0150001 0.0150001 0 2 478 -484 
727 28.7799999 8.822999900000001 -1e-07 28.7800001 8.9670001 1e-07 0 2 485 -486 
728 28.7319999 8.966999900000001 -1e-07 28.7800001 9.0150001 1e-07 0 2 486 -487 
729 28.5879999 9.014999900000001 -1e-07 28.7320001 9.0150001 1e-07 0 2 487 -488 
730 28.5399999 8.966999900000001 -1e-07 28.5880001 9.0150001 1e-07 0 2 488 -489 
731 28.5399999 8.822999900000001 -1e-07 28.5400001 8.9670001 1e-07 0 2 489 -490 
732 28.5399999 8.774999900000001 -1e-07 28.5880001 8.8230001 1e-07 0 2 490 -491 
733 28.5879999 8.774999900000001 -1e-07 28.7320001 8.7750001 1e-07 0 2 491 -492 
734 28.7319999 8.774999900000001 -1e-07 28.7800001 8.8230001 1e-07 0 2 492 -485 
735 28.7799999 8.822999900000001 -1.000000000002735e-07 28.7800001 8.8230001 0.0150001 0 2 485 -493 
736 28.7799999 8.822999900000001 0.0149999 28.7800001 8.9670001 0.0150001 0 2 493 -494 
737 28.7799999 8.966999900000001 -1.000000000002735e-07 28.7800001 8.9670001 0.0150001 0 2 486 -494 
738 28.7319999 8.774999900000001 0.0149999 28.7800001 8.8230001 0.0150001 0 2 495 -493 
739 28.7319999 8.774999900000001 -1.000000000002735e-07 28.7320001 8.7750001 0.0150001 0 2 492 -495 
740 28.5879999 8.774999900000001 -1.000000000002735e-07 28.5880001 8.7750001 0.0150001 0 2 491 -496 
741 28.5879999 8.774999900000001 0.0149999 28.7320001 8.7750001 0.0150001 0 2 496 -495 
742 28.5399999 8.774999900000001 0.0149999 28.5880001 8.8230001 0.0150001 0 2 497 -496 
743 28.5399999 8.822999900000001 -1.000000000002735e-07 28.5400001 8.8230001 0.0150001 0 2 490 -497 
744 28.5399999 8.966999900000001 -1.000000000002735e-07 28.5400001 8.9670001 0.0150001 0 2 489 -498 
745 28.5399999 8.822999900000001 0.0149999 28.5400001 8.9670001 0.0150001 0 2 498 -497 
746 28.5399999 8.966999900000001 0.0149999 28.5880001 9.0150001 0.0150001 0 2 499 -498 
747 28.5879999 9.014999900000001 -1.000000000002735e-07 28.5880001 9.0150001 0.0150001 0 2 488 -499 
748 28.7319999 9.014999900000001 -1.000000000002735e-07 28.7320001 9.0150001 0.0150001 0 2 487 -500 
749 28.5879999 9.014999900000001 0.0149999 28.7320001 9.0150001 0.0150001 0 2 500 -499 
750 28.7319999 8.966999900000001 0.0149999 28.7800001 9.0150001 0.0150001 0 2 494 -500 
751 28.4999999 9.459999900000001 -1e-07 28.5000001 9.6850001 1e-07 0 2 501 -502 
752 28.4999999 9.459999900000001 -1e-07 28.6800001 9.4600001 1e-07 0 2 502 -503 
753 28.6799999 9.459999900000001 -1e-07 28.6800001 9.6850001 1e-07 0 2 503 -504 
754 28.4999999 9.684999900000001 -1e-07 28.6800001 9.6850001 1e-07 0 2 504 -501 
755 28.4999999 9.684999900000001 -1.000000000002735e-07 28.5000001 9.6850001 0.0150001 0 2 501 -505 
756 28.4999999 9.459999900000001 0.0149999 28.5000001 9.6850001 0.0150001 0 2 505 -506 
757 28.4999999 9.459999900000001 -1.000000000002735e-07 28.5000001 9.4600001 0.0150001 0 2 502 -506 
758 28.6799999 9.684999900000001 -1.000000000002735e-07 28.6800001 9.6850001 0.0150001 0 2 504 -507 
759 28.4999999 9.684999900000001 0.0149999 28.6800001 9.6850001 0.0150001 0 2 507 -505 
760 28.6799999 9.459999900000001 -1.000000000002735e-07 28.6800001 9.4600001 0.0150001 0 2 503 -508 
761 28.6799999 9.459999900000001 0.0149999 28.6800001 9.6850001 0.0150001 0 2 508 -507 
762 28.4999999 9.459999900000001 0.0149999 28.6800001 9.4600001 0.0150001 0 2 506 -508 
763 29.4849999 8.922999900000001 -1e-07 29.4850001 9.0670001 1e-07 0 2 509 -510 
764 29.4369999 9.066999900000001 -1e-07 29.4850001 9.1150001 1e-07 0 2 510 -511 
765 29.2929999 9.114999900000001 -1e-07 29.4370001 9.1150001 1e-07 0 2 511 -512 
766 29.2449999 9.066999900000001 -1e-07 29.2930001 9.1150001 1e-07 0 2 512 -513 
767 29.2449999 8.922999900000001 -1e-07 29.2450001 9.0670001 1e-07 0 2 513 -514 
768 29.2449999 8.874999900000001 -1e-07 29.2930001 8.923000099999999 1e-07 0 2 514 -515 
769 29.2929999 8.874999900000001 -1e-07 29.4370001 8.875000099999999 1e-07 0 2 515 -516 
770 29.4369999 8.874999900000001 -1e-07 29.4850001 8.923000099999999 1e-07 0 2 516 -509 
771 29.4849999 8.922999900000001 -1.000000000002735e-07 29.4850001 8.923000099999999 0.0150001 0 2 509 -517 
772 29.4849999 8.922999900000001 0.0149999 29.4850001 9.0670001 0.0150001 0 2 517 -518 
773 29.4849999 9.066999900000001 -1.000000000002735e-07 29.4850001 9.0670001 0.0150001 0 2 510 -518 
774 29.4369999 8.874999900000001 0.0149999 29.4850001 8.923000099999999 0.0150001 0 2 519 -517 
775 29.4369999 8.874999900000001 -1.000000000002735e-07 29.4370001 8.875000099999999 0.0150001 0 2 516 -519 
776 29.2929999 8.874999900000001 -1.000000000002735e-07 29.2930001 8.875000099999999 0.0150001 0 2 515 -520 
777 29.2929999 8.874999900000001 0.0149999 29.4370001 8.875000099999999 0.0150001 0 2 520 -519 
778 29.2449999 8.874999900000001 0.0149999 29.2930001 8.923000099999999 0.0150001 0 2 521 -520 
779 29.2449999 8.922999900000001 -1.000000000002735e-07 29.2450001 8.923000099999999 0.0150001 0 2 514 -521 
780 29.2449999 9.066999900000001 -1.000000000002735e-07 29.2450001 9.0670001 0.0150001 0 2 513 -522 
781 29.2449999 8.922999900000001 0.0149999 29.2450001 9.0670001 0.0150001 0 2 522 -521 
782 29.2449999 9.066999900000001 0.0149999 29.2930001 9.1150001 0.0150001 0 2 523 -522 
783 29.2929999 9.114999900000001 -1.000000000002735e-07 29.2930001 9.1150001 0.0150001 0 2 512 -523 
784 29.4369999 9.114999900000001 -1.000000000002735e-07 29.4370001 9.1150001 0.0150001 0 2 511 -524 
785 29.2929999 9.114999900000001 0.0149999 29.4370001 9.1150001 0.0150001 0 2 524 -523 
786 29.4369999 9.066999900000001 0.0149999 29.4850001 9.1150001 0.0150001 0 2 518 -524 
787 29.9049999 8.922999900000001 -1e-07 29.9050001 9.0670001 1e-07 0 2 525 -526 
788 29.8569999 9.066999900000001 -1e-07 29.9050001 9.1150001 1e-07 0 2 526 -527 
789 29.7129999 9.114999900000001 -1e-07 29.8570001 9.1150001 1e-07 0 2 527 -528 
790 29.6649999 9.066999900000001 -1e-07 29.7130001 9.1150001 1e-07 0 2 528 -529 
791 29.6649999 8.922999900000001 -1e-07 29.6650001 9.0670001 1e-07 0 2 529 -530 
792 29.6649999 8.874999900000001 -1e-07 29.7130001 8.923000099999999 1e-07 0 2 530 -531 
793 29.7129999 8.874999900000001 -1e-07 29.8570001 8.875000099999999 1e-07 0 2 531 -532 
794 29.8569999 8.874999900000001 -1e-07 29.9050001 8.923000099999999 1e-07 0 2 532 -525 
795 29.9049999 8.922999900000001 -1.000000000002735e-07 29.9050001 8.923000099999999 0.0150001 0 2 525 -533 
796 29.9049999 8.922999900000001 0.0149999 29.9050001 9.0670001 0.0150001 0 2 533 -534 
797 29.9049999 9.066999900000001 -1.000000000002735e-07 29.9050001 9.0670001 0.0150001 0 2 526 -534 
798 29.8569999 8.874999900000001 0.0149999 29.9050001 8.923000099999999 0.0150001 0 2 535 -533 
799 29.8569999 8.874999900000001 -1.000000000002735e-07 29.8570001 8.875000099999999 0.0150001 0 2 532 -535 
800 29.7129999 8.874999900000001 -1.000000000002735e-07 29.7130001 8.875000099999999 0.0150001 0 2 531 -536 
801 29.7129999 8.874999900000001 0.0149999 29.8570001 8.875000099999999 0.0150001 0 2 536 -535 
802 29.6649999 8.874999900000001 0.0149999 29.7130001 8.923000099999999 0.0150001 0 2 537 -536 
803 29.6649999 8.922999900000001 -1.000000000002735e-07 29.6650001 8.923000099999999 0.0150001 0 2 530 -537 
804 29.6649999 9.066999900000001 -1.000000000002735e-07 29.6650001 9.0670001 0.0150001 0 2 529 -538 
805 29.6649999 8.922999900000001 0.0149999 29.6650001 9.0670001 0.0150001 0 2 538 -537 
806 29.6649999 9.066999900000001 0.0149999 29.7130001 9.1150001 0.0150001 0 2 539 -538 
807 29.7129999 9.114999900000001 -1.000000000002735e-07 29.7130001 9.1150001 0.0150001 0 2 528 -539 
808 29.8569999 9.114999900000001 -1.000000000002735e-07 29.8570001 9.1150001 0.0150001 0 2 527 -540 
809 29.7129999 9.114999900000001 0.0149999 29.8570001 9.1150001 0.0150001 0 2 540 -539 
810 29.8569999 9.066999900000001 0.0149999 29.9050001 9.1150001 0.0150001 0 2 534 -540 
811 28.8799999 9.459999900000001 -1e-07 28.8800001 9.6850001 1e-07 0 2 541 -542 
812 28.8799999 9.459999900000001 -1e-07 29.0600001 9.4600001 1e-07 0 2 542 -543 
813 29.0599999 9.459999900000001 -1e-07 29.0600001 9.6850001 1e-07 0 2 543 -544 
814 28.8799999 9.684999900000001 -1e-07 29.0600001 9.6850001 1e-07 0 2 544 -541 
815 28.8799999 9.684999900000001 -1.000000000002735e-07 28.8800001 9.6850001 0.0150001 0 2 541 -545 
816 28.8799999 9.459999900000001 0.0149999 28.8800001 9.6850001 0.0150001 0 2 545 -546 
817 28.8799999 9.459999900000001 -1.000000000002735e-07 28.8800001 9.4600001 0.0150001 0 2 542 -546 
818 29.0599999 9.684999900000001 -1.000000000002735e-07 29.0600001 9.6850001 0.0150001 0 2 544 -547 
819 28.8799999 9.684999900000001 0.0149999 29.0600001 9.6850001 0.0150001 0 2 547 -545 
820 29.0599999 9.459999900000001 -1.000000000002735e-07 29.0600001 9.4600001 0.0150001 0 2 543 -548 
821 29.0599999 9.459999900000001 0.0149999 29.0600001 9.6850001 0.0150001 0 2 548 -547 
822 28.8799999 9.459999900000001 0.0149999 29.0600001 9.4600001 0.0150001 0 2 546 -548 
823 29.2599999 9.459999900000001 -1e-07 29.2600001 9.6850001 1e-07 0 2 549 -550 
824 29.2599999 9.459999900000001 -1e-07 29.4400001 9.4600001 1e-07 0 2 550 -551 
825 29.4399999 9.459999900000001 -1e-07 29.4400001 9.6850001 1e-07 0 2 551 -552 
826 29.2599999 9.684999900000001 -1e-07 29.4400001 9.6850001 1e-07 0 2 552 -549 
827 29.2599999 9.684999900000001 -1.000000000002735e-07 29.2600001 9.6850001 0.0150001 0 2 549 -553 
828 29.2599999 9.459999900000001 0.0149999 29.2600001 9.6850001 0.0150001 0 2 553 -554 
829 29.2599999 9.459999900000001 -1.000000000002735e-07 29.2600001 9.4600001 0.0150001 0 2 550 -554 
830 29.4399999 9.684999900000001 -1.000000000002735e-07 29.4400001 9.6850001 0.0150001 0 2 552 -555 
831 29.2599999 9.684999900000001 0.0149999 29.4400001 9.6850001 0.0150001 0 2 555 -553 
832 29.4399999 9.459999900000001 -1.000000000002735e-07 29.4400001 9.4600001 0.0150001 0 2 551 -556 
833 29.4399999 9.459999900000001 0.0149999 29.4400001 9.6850001 0.0150001 0 2 556 -555 
834 29.2599999 9.459999900000001 0.0149999 29.4400001 9.4600001 0.0150001 0 2 554 -556 
835 24.9999999 9.120477175198001 0.4059999 25.0000001 9.329522824802 0.4060001 0 2 557 -558 
836 24.9999999 9.329522624802001 0.4059999 25.0000001 9.329522824802 0.4210001 0 2 559 -557 
837 24.9999999 9.120477175198001 0.4209999 25.0000001 9.329522824802 0.4210001 0 2 559 -560 
838 24.9999999 9.120477175198001 0.4059999 25.0000001 9.120477375198 0.4210001 0 2 560 -558 
839 24.99999989999998 9.120477175198165 0.4059999 25.0950001 9.225000099999999 0.4060001 0 2 558 -561 
840 24.99999989999998 9.2249999 0.4059999 25.0950001 9.329522824801835 0.4060001 0 2 561 -557 
841 24.99999989999998 9.120477175198165 0.4209999 25.0950001 9.225000099999999 0.4210001 0 2 560 -562 
842 25.0949999 9.2249999 0.4059999 25.0950001 9.225000099999999 0.4210001 0 2 561 -562 
843 24.99999989999998 9.2249999 0.4209999 25.0950001 9.329522824801835 0.4210001 0 2 562 -559 
844 25.76348459228324 9.924999900000001 0.4059999 25.7950001 10.00000010000025 0.4060001 0 2 563 -564 
845 25.616515207717 9.999999900000001 0.4059999 25.763484792283 10.0000001 0.4060001 0 2 564 -565 
846 25.5849999 9.819999900000001 0.4059999 25.7950001 10.00000010000025 0.4060001 0 2 565 -563 
847 25.763484592283 9.999999900000001 0.4059999 25.763484792283 10.0000001 0.4210001 0 2 566 -564 
848 25.76348459228324 9.924999900000001 0.4209999 25.7950001 10.00000010000025 0.4210001 0 2 567 -566 
849 25.7949999 9.924999900000001 0.4059999 25.7950001 9.9250001 0.4210001 0 2 563 -567 
850 25.5849999 9.819999900000001 0.4209999 25.7950001 10.00000010000025 0.4210001 0 2 568 -567 
851 25.616515207717 9.999999900000001 0.4059999 25.616515407717 10.0000001 0.4210001 0 2 568 -565 
852 25.616515207717 9.999999900000001 0.4209999 25.763484792283 10.0000001 0.4210001 0 2 566 -568 
853 26.46348459228324 9.924999900000001 0.4059999 26.4950001 10.00000010000025 0.4060001 0 2 569 -570 
854 26.316515207717 9.999999900000001 0.4059999 26.463484792283 10.0000001 0.4060001 0 2 570 -571 
855 26.2849999 9.819999900000001 0.4059999 26.4950001 10.00000010000025 0.4060001 0 2 571 -569 
856 26.463484592283 9.999999900000001 0.4059999 26.463484792283 10.0000001 0.4210001 0 2 572 -570 
857 26.46348459228324 9.924999900000001 0.4209999 26.4950001 10.00000010000025 0.4210001 0 2 573 -572 
858 26.4949999 9.924999900000001 0.4059999 26.4950001 9.9250001 0.4210001 0 2 569 -573 
859 26.2849999 9.819999900000001 0.4209999 26.4950001 10.00000010000025 0.4210001 0 2 574 -573 
860 26.316515207717 9.999999900000001 0.4059999 26.316515407717 10.0000001 0.4210001 0 2 574 -571 
861 26.316515207717 9.999999900000001 0.4209999 26.463484792283 10.0000001 0.4210001 0 2 572 -574 
862 24.9999999 9.470477175198001 0.4059999 25.0000001 9.679522824802 0.4060001 0 2 575 -576 
863 24.99999989999998 9.470477175198164 0.4059999 25.0950001 9.575000099999999 0.4060001 0 2 576 -577 
864 24.99999989999998 9.5749999 0.4059999 25.0950001 9.679522824801834 0.4060001 0 2 577 -575 
865 24.9999999 9.679522624802001 0.4059999 25.0000001 9.679522824802 0.4210001 0 2 578 -575 
866 24.9999999 9.470477175198001 0.4209999 25.0000001 9.679522824802 0.4210001 0 2 578 -579 
867 24.9999999 9.470477175198001 0.4059999 25.0000001 9.470477375198 0.4210001 0 2 579 -576 
868 24.99999989999998 9.5749999 0.4209999 25.0950001 9.679522824801834 0.4210001 0 2 580 -578 
869 25.0949999 9.5749999 0.4059999 25.0950001 9.575000099999999 0.4210001 0 2 577 -580 
870 24.99999989999998 9.470477175198164 0.4209999 25.0950001 9.575000099999999 0.4210001 0 2 579 -580 
871 24.9999999 9.820477175198 0.4059999 25.0000001 10.0000001 0.4060001 0 2 581 -582 
872 24.99999989999998 9.820477175198166 0.4059999 25.0950001 9.9250001 0.4060001 0 2 582 -583 
873 25.06348459228324 9.924999900000001 0.4059999 25.0950001 10.00000010000025 0.4060001 0 2 583 -584 
874 24.9999999 9.999999900000001 0.4059999 25.063484792283 10.0000001 0.4060001 0 2 584 -581 
875 24.9999999 9.999999900000001 0.4059999 25.0000001 10.0000001 0.4210001 0 2 581 -585 
876 24.9999999 9.820477175198 0.4209999 25.0000001 10.0000001 0.4210001 0 2 585 -586 
877 24.9999999 9.820477175198 0.4059999 25.0000001 9.820477375197999 0.4210001 0 2 586 -582 
878 25.063484592283 9.999999900000001 0.4059999 25.063484792283 10.0000001 0.4210001 0 2 587 -584 
879 24.9999999 9.999999900000001 0.4209999 25.063484792283 10.0000001 0.4210001 0 2 587 -585 
880 25.06348459228324 9.924999900000001 0.4209999 25.0950001 10.00000010000025 0.4210001 0 2 588 -587 
881 25.0949999 9.924999900000001 0.4059999 25.0950001 9.9250001 0.4210001 0 2 583 -588 
882 24.99999989999998 9.820477175198166 0.4209999 25.0950001 9.9250001 0.4210001 0 2 586 -588 
883 25.41348459228324 9.924999900000001 0.4059999 25.4450001 10.00000010000025 0.4060001 0 2 589 -590 
884 25.266515207717 9.999999900000001 0.4059999 25.413484792283 10.0000001 0.4060001 0 2 590 -591 
885 25.2349999 9.819999900000001 0.4059999 25.4450001 10.00000010000025 0.4060001 0 2 591 -589 
886 25.413484592283 9.999999900000001 0.4059999 25.413484792283 10.0000001 0.4210001 0 2 592 -590 
887 25.41348459228324 9.924999900000001 0.4209999 25.4450001 10.00000010000025 0.4210001 0 2 593 -592 
888 25.4449999 9.924999900000001 0.4059999 25.4450001 9.9250001 0.4210001 0 2 589 -593 
889 25.2349999 9.819999900000001 0.4209999 25.4450001 10.00000010000025 0.4210001 0 2 594 -593 
890 25.266515207717 9.999999900000001 0.4059999 25.266515407717 10.0000001 0.4210001 0 2 594 -591 
891 25.266515207717 9.999999900000001 0.4209999 25.413484792283 10.0000001 0.4210001 0 2 592 -594 
892 28.5569999 5.5499999 0.4059999 28.5570001 5.6940001 0.4060001 0 2 595 -596 
893 28.5089999 5.6939999 0.4059999 28.5570001 5.7420001 0.4060001 0 2 596 -597 
894 28.3649999 5.7419999 0.4059999 28.5090001 5.7420001 0.4060001 0 2 597 -598 
895 28.3169999 5.6939999 0.4059999 28.3650001 5.7420001 0.4060001 0 2 598 -599 
896 28.3169999 5.5499999 0.4059999 28.3170001 5.6940001 0.4060001 0 2 599 -600 
897 28.3169999 5.501999899999999 0.4059999 28.3650001 5.5500001 0.4060001 0 2 600 -601 
898 28.3649999 5.501999899999999 0.4059999 28.5090001 5.5020001 0.4060001 0 2 601 -602 
899 28.5089999 5.501999899999999 0.4059999 28.5570001 5.5500001 0.4060001 0 2 602 -595 
900 28.5569999 5.5499999 0.4059999 28.5570001 5.5500001 0.4210001 0 2 595 -603 
901 28.5569999 5.5499999 0.4209999 28.5570001 5.6940001 0.4210001 0 2 603 -604 
902 28.5569999 5.6939999 0.4059999 28.5570001 5.6940001 0.4210001 0 2 596 -604 
903 28.5089999 5.501999899999999 0.4209999 28.5570001 5.5500001 0.4210001 0 2 605 -603 
904 28.5089999 5.501999899999999 0.4059999 28.5090001 5.5020001 0.4210001 0 2 602 -605 
905 28.3649999 5.501999899999999 0.4059999 28.3650001 5.5020001 0.4210001 0 2 601 -606 
906 28.3649999 5.501999899999999 0.4209999 28.5090001 5.5020001 0.4210001 0 2 606 -605 
907 28.3169999 5.501999899999999 0.4209999 28.3650001 5.5500001 0.4210001 0 2 607 -606 
908 28.3169999 5.5499999 0.4059999 28.3170001 5.5500001 0.4210001 0 2 600 -607 
909 28.3169999 5.6939999 0.4059999 28.3170001 5.6940001 0.4210001 0 2 599 -608 
910 28.3169999 5.5499999 0.4209999 28.3170001 5.6940001 0.4210001 0 2 608 -607 
911 28.3169999 5.6939999 0.4209999 28.3650001 5.7420001 0.4210001 0 2 609 -608 
912 28.3649999 5.7419999 0.4059999 28.3650001 5.7420001 0.4210001 0 2 598 -609 
913 28.5089999 5.7419999 0.4059999 28.5090001 5.7420001 0.4210001 0 2 597 -610 
914 28.3649999 5.7419999 0.4209999 28.5090001 5.7420001 0.4210001 0 2 610 -609 
915 28.5089999 5.6939999 0.4209999 28.5570001 5.7420001 0.4210001 0 2 604 -610 
916 28.9869999 5.5499999 0.4059999 28.9870001 5.6940001 0.4060001 0 2 611 -612 
917 28.9389999 5.6939999 0.4059999 28.9870001 5.7420001 0.4060001 0 2 612 -613 
918 28.7949999 5.7419999 0.4059999 28.9390001 5.7420001 0.4060001 0 2 613 -614 
919 28.7469999 5.6939999 0.4059999 28.7950001 5.7420001 0.4060001 0 2 614 -615 
920 28.7469999 5.5499999 0.4059999 28.7470001 5.6940001 0.4060001 0 2 615 -616 
921 28.7469999 5.501999899999999 0.4059999 28.7950001 5.5500001 0.4060001 0 2 616 -617 
922 28.7949999 5.501999899999999 0.4059999 28.9390001 5.5020001 0.4060001 0 2 617 -618 
923 28.9389999 5.501999899999999 0.4059999 28.9870001 5.5500001 0.4060001 0 2 618 -611 
924 28.9869999 5.5499999 0.4059999 28.9870001 5.5500001 0.4210001 0 2 611 -619 
925 28.9869999 5.5499999 0.4209999 28.9870001 5.6940001 0.4210001 0 2 619 -620 
926 28.9869999 5.6939999 0.4059999 28.9870001 5.6940001 0.4210001 0 2 612 -620 
927 28.9389999 5.501999899999999 0.4209999 28.9870001 5.5500001 0.4210001 0 2 621 -619 
928 28.9389999 5.501999899999999 0.4059999 28.9390001 5.5020001 0.4210001 0 2 618 -621 
929 28.7949999 5.501999899999999 0.4059999 28.7950001 5.5020001 0.4210001 0 2 617 -622 
930 28.7949999 5.501999899999999 0.4209999 28.9390001 5.5020001 0.4210001 0 2 622 -621 
931 28.7469999 5.501999899999999 0.4209999 28.7950001 5.5500001 0.4210001 0 2 623 -622 
932 28.7469999 5.5499999 0.4059999 28.7470001 5.5500001 0.4210001 0 2 616 -623 
933 28.7469999 5.6939999 0.4059999 28.7470001 5.6940001 0.4210001 0 2 615 -624 
934 28.7469999 5.5499999 0.4209999 28.7470001 5.6940001 0.4210001 0 2 624 -623 
935 28.7469999 5.6939999 0.4209999 28.7950001 5.7420001 0.4210001 0 2 625 -624 
936 28.7949999 5.7419999 0.4059999 28.7950001 5.7420001 0.4210001 0 2 614 -625 
937 28.9389999 5.7419999 0.4059999 28.9390001 5.7420001 0.4210001 0 2 613 -626 
938 28.7949999 5.7419999 0.4209999 28.9390001 5.7420001 0.4210001 0 2 626 -625 
939 28.9389999 5.6939999 0.4209999 28.9870001 5.7420001 0.4210001 0 2 620 -626 
940 29.4569999 5.5399999 0.4059999 29.4570001 5.6840001 0.4060001 0 2 627 -628 
941 29.4089999 5.6839999 0.4059999 29.4570001 5.7320001 0.4060001 0 2 628 -629 
942 29.2649999 5.7319999 0.4059999 29.4090001 5.7320001 0.4060001 0 2 629 -630 
943 29.2169999 5.6839999 0.4059999 29.2650001 5.7320001 0.4060001 0 2 630 -631 
944 29.2169999 5.5399999 0.4059999 29.2170001 5.6840001 0.4060001 0 2 631 -632 
945 29.2169999 5.4919999 0.4059999 29.2650001 5.5400001 0.4060001 0 2 632 -633 
946 29.2649999 5.4919999 0.4059999 29.4090001 5.4920001 0.4060001 0 2 633 -634 
947 29.4089999 5.4919999 0.4059999 29.4570001 5.5400001 0.4060001 0 2 634 -627 
948 29.4569999 5.5399999 0.4059999 29.4570001 5.5400001 0.4210001 0 2 627 -635 
949 29.4569999 5.5399999 0.4209999 29.4570001 5.6840001 0.4210001 0 2 635 -636 
950 29.4569999 5.6839999 0.4059999 29.4570001 5.6840001 0.4210001 0 2 628 -636 
951 29.4089999 5.4919999 0.4209999 29.4570001 5.5400001 0.4210001 0 2 637 -635 
952 29.4089999 5.4919999 0.4059999 29.4090001 5.4920001 0.4210001 0 2 634 -637 
953 29.2649999 5.4919999 0.4059999 29.2650001 5.4920001 0.4210001 0 2 633 -638 
954 29.2649999 5.4919999 0.4209999 29.4090001 5.4920001 0.4210001 0 2 638 -637 
955 29.2169999 5.4919999 0.4209999 29.2650001 5.5400001 0.4210001 0 2 639 -638 
956 29.2169999 5.5399999 0.4059999 29.2170001 5.5400001 0.4210001 0 2 632 -639 
957 29.2169999 5.6839999 0.4059999 29.2170001 5.6840001 0.4210001 0 2 631 -640 
958 29.2169999 5.5399999 0.4209999 29.2170001 5.6840001 0.4210001 0 2 640 -639 
959 29.2169999 5.6839999 0.4209999 29.2650001 5.7320001 0.4210001 0 2 641 -640 
960 29.2649999 5.7319999 0.4059999 29.2650001 5.7320001 0.4210001 0 2 630 -641 
961 29.4089999 5.7319999 0.4059999 29.4090001 5.7320001 0.4210001 0 2 629 -642 
962 29.2649999 5.7319999 0.4209999 29.4090001 5.7320001 0.4210001 0 2 642 -641 
963 29.4089999 5.6839999 0.4209999 29.4570001 5.7320001 0.4210001 0 2 636 -642 
964 29.8769999 5.5399999 0.4059999 29.8770001 5.6840001 0.4060001 0 2 643 -644 
965 29.8289999 5.6839999 0.4059999 29.8770001 5.7320001 0.4060001 0 2 644 -645 
966 29.6849999 5.7319999 0.4059999 29.8290001 5.7320001 0.4060001 0 2 645 -646 
967 29.6369999 5.6839999 0.4059999 29.6850001 5.7320001 0.4060001 0 2 646 -647 
968 29.6369999 5.5399999 0.4059999 29.6370001 5.6840001 0.4060001 0 2 647 -648 
969 29.6369999 5.4919999 0.4059999 29.6850001 5.5400001 0.4060001 0 2 648 -649 
970 29.6849999 5.4919999 0.4059999 29.8290001 5.4920001 0.4060001 0 2 649 -650 
971 29.8289999 5.4919999 0.4059999 29.8770001 5.5400001 0.4060001 0 2 650 -643 
972 29.8769999 5.5399999 0.4059999 29.8770001 5.5400001 0.4210001 0 2 643 -651 
973 29.8769999 5.5399999 0.4209999 29.8770001 5.6840001 0.4210001 0 2 651 -652 
974 29.8769999 5.6839999 0.4059999 29.8770001 5.6840001 0.4210001 0 2 644 -652 
975 29.8289999 5.4919999 0.4209999 29.8770001 5.5400001 0.4210001 0 2 653 -651 
976 29.8289999 5.4919999 0.4059999 29.8290001 5.4920001 0.4210001 0 2 650 -653 
977 29.6849999 5.4919999 0.4059999 29.6850001 5.4920001 0.4210001 0 2 649 -654 
978 29.6849999 5.4919999 0.4209999 29.8290001 5.4920001 0.4210001 0 2 654 -653 
979 29.6369999 5.4919999 0.4209999 29.6850001 5.5400001 0.4210001 0 2 655 -654 
980 29.6369999 5.5399999 0.4059999 29.6370001 5.5400001 0.4210001 0 2 648 -655 
981 29.6369999 5.6839999 0.4059999 29.6370001 5.6840001 0.4210001 0 2 647 -656 
982 29.6369999 5.5399999 0.4209999 29.6370001 5.6840001 0.4210001 0 2 656 -655 
983 29.6369999 5.6839999 0.4209999 29.6850001 5.7320001 0.4210001 0 2 657 -656 
984 29.6849999 5.7319999 0.4059999 29.6850001 5.7320001 0.4210001 0 2 646 -657 
985 29.8289999 5.7319999 0.4059999 29.8290001 5.7320001 0.4210001 0 2 645 -658 
986 29.6849999 5.7319999 0.4209999 29.8290001 5.7320001 0.4210001 0 2 658 -657 
987 29.8289999 5.6839999 0.4209999 29.8770001 5.7320001 0.4210001 0 2 652 -658 
988 25.3199999 7.3799999 0.4059999 25.3200001 7.9300001 0.4060001 0 2 659 -660 
989 25.3199999 7.3799999 0.4059999 25.9400001 7.3800001 0.4060001 0 2 660 -661 
990 25.9399999 7.3799999 0.4059999 25.9400001 7.9300001 0.4060001 0 2 661 -662 
991 25.3199999 7.929999899999999 0.4059999 25.9400001 7.9300001 0.4060001 0 2 662 -659 
992 25.3199999 7.929999899999999 0.4059999 25.3200001 7.9300001 0.4210001 0 2 659 -663 
993 25.3199999 7.3799999 0.4209999 25.3200001 7.9300001 0.4210001 0 2 663 -664 
994 25.3199999 7.3799999 0.4059999 25.3200001 7.3800001 0.4210001 0 2 660 -664 
995 25.9399999 7.929999899999999 0.4059999 25.9400001 7.9300001 0.4210001 0 2 662 -665 
996 25.3199999 7.929999899999999 0.4209999 25.9400001 7.9300001 0.4210001 0 2 665 -663 
997 25.9399999 7.3799999 0.4059999 25.9400001 7.3800001 0.4210001 0 2 661 -666 
998 25.9399999 7.3799999 0.4209999 25.9400001 7.9300001 0.4210001 0 2 666 -665 
999 25.3199999 7.3799999 0.4209999 25.9400001 7.3800001 0.4210001 0 2 664 -666 
1000 25.3199999 8.1899999 0.4059999 25.3200001 8.7400001 0.4060001 0 2 667 -668 
1001 25.3199999 8.1899999 0.4059999 25.9400001 8.190000099999999 0.4060001 0 2 668 -669 
1002 25.9399999 8.1899999 0.4059999 25.9400001 8.7400001 0.4060001 0 2 669 -670 
1003 25.3199999 8.739999900000001 0.4059999 25.9400001 8.7400001 0.4060001 0 2 670 -667 
1004 25.3199999 8.739999900000001 0.4059999 25.3200001 8.7400001 0.4210001 0 2 667 -671 
1005 25.3199999 8.1899999 0.4209999 25.3200001 8.7400001 0.4210001 0 2 671 -672 
1006 25.3199999 8.1899999 0.4059999 25.3200001 8.190000099999999 0.4210001 0 2 668 -672 
1007 25.9399999 8.739999900000001 0.4059999 25.9400001 8.7400001 0.4210001 0 2 670 -673 
1008 25.3199999 8.739999900000001 0.4209999 25.9400001 8.7400001 0.4210001 0 2 673 -671 
1009 25.9399999 8.1899999 0.4059999 25.9400001 8.190000099999999 0.4210001 0 2 669 -674 
1010 25.9399999 8.1899999 0.4209999 25.9400001 8.7400001 0.4210001 0 2 674 -673 
1011 25.3199999 8.1899999 0.4209999 25.9400001 8.190000099999999 0.4210001 0 2 672 -674 
1012 26.2599999 7.3799999 0.4059999 26.2600001 7.9300001 0.4060001 0 2 675 -676 
1013 26.2599999 7.3799999 0.4059999 26.8800001 7.3800001 0.4060001 0 2 676 -677 
1014 26.8799999 7.3799999 0.4059999 26.8800001 7.9300001 0.4060001 0 2 677 -678 
1015 26.2599999 7.929999899999999 0.4059999 26.8800001 7.9300001 0.4060001 0 2 678 -675 
1016 26.2599999 7.929999899999999 0.4059999 26.2600001 7.9300001 0.4210001 0 2 675 -679 
1017 26.2599999 7.3799999 0.4209999 26.2600001 7.9300001 0.4210001 0 2 679 -680 
1018 26.2599999 7.3799999 0.4059999 26.2600001 7.3800001 0.4210001 0 2 676 -680 
1019 26.8799999 7.929999899999999 0.4059999 26.8800001 7.9300001 0.4210001 0 2 678 -681 
1020 26.2599999 7.929999899999999 0.4209999 26.8800001 7.9300001 0.4210001 0 2 681 -679 
1021 26.8799999 7.3799999 0.4059999 26.8800001 7.3800001 0.4210001 0 2 677 -682 
1022 26.8799999 7.3799999 0.4209999 26.8800001 7.9300001 0.4210001 0 2 682 -681 
1023 26.2599999 7.3799999 0.4209999 26.8800001 7.3800001 0.4210001 0 2 680 -682 
1024 26.2599999 8.1899999 0.4059999 26.2600001 8.7400001 0.4060001 0 2 683 -684 
1025 26.2599999 8.1899999 0.4059999 26.8800001 8.190000099999999 0.4060001 0 2 684 -685 
1026 26.8799999 8.1899999 0.4059999 26.8800001 8.7400001 0.4060001 0 2 685 -686 
1027 26.2599999 8.739999900000001 0.4059999 26.8800001 8.7400001 0.4060001 0 2 686 -683 
1028 26.2599999 8.739999900000001 0.4059999 26.2600001 8.7400001 0.4210001 0 2 683 -687 
1029 26.2599999 8.1899999 0.4209999 26.2600001 8.7400001 0.4210001 0 2 687 -688 
1030 26.2599999 8.1899999 0.4059999 26.2600001 8.190000099999999 0.4210001 0 2 684 -688 
1031 26.8799999 8.739999900000001 0.4059999 26.8800001 8.7400001 0.4210001 0 2 686 -689 
1032 26.2599999 8.739999900000001 0.4209999 26.8800001 8.7400001 0.4210001 0 2 689 -687 
1033 26.8799999 8.1899999 0.4059999 26.8800001 8.190000099999999 0.4210001 0 2 685 -690 
1034 26.8799999 8.1899999 0.4209999 26.8800001 8.7400001 0.4210001 0 2 690 -689 
1035 26.2599999 8.1899999 0.4209999 26.8800001 8.190000099999999 0.4210001 0 2 688 -690 
1036 25.2349999 9.1199999 0.4059999 25.4450001 9.330000099999999 0.4060001 0 2 691 -691 
1037 25.4449999 9.2249999 0.4059999 25.4450001 9.225000099999999 0.4210001 0 2 691 -692 
1038 25.2349999 9.1199999 0.4209999 25.4450001 9.330000099999999 0.4210001 0 2 692 -692 
1039 25.5849999 9.1199999 0.4059999 25.7950001 9.330000099999999 0.4060001 0 2 693 -693 
1040 25.7949999 9.2249999 0.4059999 25.7950001 9.225000099999999 0.4210001 0 2 693 -694 
1041 25.5849999 9.1199999 0.4209999 25.7950001 9.330000099999999 0.4210001 0 2 694 -694 
1042 25.9349999 9.1199999 0.4059999 26.1450001 9.330000099999999 0.4060001 0 2 695 -695 
1043 26.1449999 9.2249999 0.4059999 26.1450001 9.225000099999999 0.4210001 0 2 695 -696 
1044 25.9349999 9.1199999 0.4209999 26.1450001 9.330000099999999 0.4210001 0 2 696 -696 
1045 26.2849999 9.1199999 0.4059999 26.4950001 9.330000099999999 0.4060001 0 2 697 -697 
1046 26.4949999 9.2249999 0.4059999 26.4950001 9.225000099999999 0.4210001 0 2 697 -698 
1047 26.2849999 9.1199999 0.4209999 26.4950001 9.330000099999999 0.4210001 0 2 698 -698 
1048 25.2349999 9.469999899999999 0.4059999 25.4450001 9.680000099999999 0.4060001 0 2 699 -699 
1049 25.4449999 9.5749999 0.4059999 25.4450001 9.575000099999999 0.4210001 0 2 699 -700 
1050 25.2349999 9.469999899999999 0.4209999 25.4450001 9.680000099999999 0.4210001 0 2 700 -700 
1051 25.5849999 9.469999899999999 0.4059999 25.7950001 9.680000099999999 0.4060001 0 2 701 -701 
1052 25.7949999 9.5749999 0.4059999 25.7950001 9.575000099999999 0.4210001 0 2 701 -702 
1053 25.5849999 9.469999899999999 0.4209999 25.7950001 9.680000099999999 0.4210001 0 2 702 -702 
1054 25.9349999 9.469999899999999 0.4059999 26.1450001 9.680000099999999 0.4060001 0 2 703 -703 
1055 26.1449999 9.5749999 0.4059999 26.1450001 9.575000099999999 0.4210001 0 2 703 -704 
1056 25.9349999 9.469999899999999 0.4209999 26.1450001 9.680000099999999 0.4210001 0 2 704 -704 
1057 26.2849999 9.469999899999999 0.4059999 26.4950001 9.680000099999999 0.4060001 0 2 705 -705 
1058 26.4949999 9.5749999 0.4059999 26.4950001 9.575000099999999 0.4210001 0 2 705 -706 
1059 26.2849999 9.469999899999999 0.4209999 26.4950001 9.680000099999999 0.4210001 0 2 706 -706 
1060 27.4099999 8.7479999 0.4059999 27.4100001 8.892000099999999 0.4060001 0 2 707 -708 
1061 27.3619999 8.8919999 0.4059999 27.4100001 8.940000099999999 0.4060001 0 2 708 -709 
1062 27.2179999 8.9399999 0.4059999 27.3620001 8.940000099999999 0.4060001 0 2 709 -710 
1063 27.1699999 8.8919999 0.4059999 27.2180001 8.940000099999999 0.4060001 0 2 710 -711 
1064 27.1699999 8.7479999 0.4059999 27.1700001 8.892000099999999 0.4060001 0 2 711 -712 
1065 27.1699999 8.6999999 0.4059999 27.2180001 8.748000099999999 0.4060001 0 2 712 -713 
1066 27.2179999 8.6999999 0.4059999 27.3620001 8.700000099999999 0.4060001 0 2 713 -714 
1067 27.3619999 8.6999999 0.4059999 27.4100001 8.748000099999999 0.4060001 0 2 714 -707 
1068 27.4099999 8.7479999 0.4059999 27.4100001 8.748000099999999 0.4210001 0 2 707 -715 
1069 27.4099999 8.7479999 0.4209999 27.4100001 8.892000099999999 0.4210001 0 2 715 -716 
1070 27.4099999 8.8919999 0.4059999 27.4100001 8.892000099999999 0.4210001 0 2 708 -716 
1071 27.3619999 8.6999999 0.4209999 27.4100001 8.748000099999999 0.4210001 0 2 717 -715 
1072 27.3619999 8.6999999 0.4059999 27.3620001 8.700000099999999 0.4210001 0 2 714 -717 
1073 27.2179999 8.6999999 0.4059999 27.2180001 8.700000099999999 0.4210001 0 2 713 -718 
1074 27.2179999 8.6999999 0.4209999 27.3620001 8.700000099999999 0.4210001 0 2 718 -717 
1075 27.1699999 8.6999999 0.4209999 27.2180001 8.748000099999999 0.4210001 0 2 719 -718 
1076 27.1699999 8.7479999 0.4059999 27.1700001 8.748000099999999 0.4210001 0 2 712 -719 
1077 27.1699999 8.8919999 0.4059999 27.1700001 8.892000099999999 0.4210001 0 2 711 -720 
1078 27.1699999 8.7479999 0.4209999 27.1700001 8.892000099999999 0.4210001 0 2 720 -719 
1079 27.1699999 8.8919999 0.4209999 27.2180001 8.940000099999999 0.4210001 0 2 721 -720 
1080 27.2179999 8.9399999 0.4059999 27.2180001 8.940000099999999 0.4210001 0 2 710 -721 
1081 27.3619999 8.9399999 0.4059999 27.3620001 8.940000099999999 0.4210001 0 2 709 -722 
1082 27.2179999 8.9399999 0.4209999 27.3620001 8.940000099999999 0.4210001 0 2 722 -721 
1083 27.3619999 8.8919999 0.4209999 27.4100001 8.940000099999999 0.4210001 0 2 716 -722 
1084 26.9099999 9.2249999 0.4059999 26.9100001 9.395000099999999 0.4060001 0 2 723 -724 
1085 26.9099999 9.2249999 0.4059999 27.2600001 9.225000099999999 0.4060001 0 2 724 -725 
1086 27.2599999 9.2249999 0.4059999 27.2600001 9.395000099999999 0.4060001 0 2 725 -726 
1087 26.9099999 9.3949999 0.4059999 27.2600001 9.395000099999999 0.4060001 0 2 726 -723 
1088 26.9099999 9.3949999 0.4059999 26.9100001 9.395000099999999 0.4210001 0 2 723 -727 
1089 26.9099999 9.2249999 0.4209999 26.9100001 9.395000099999999 0.4210001 0 2 727 -728 
1090 26.9099999 9.2249999 0.4059999 26.9100001 9.225000099999999 0.4210001 0 2 724 -728 
1091 27.2599999 9.3949999 0.4059999 27.2600001 9.395000099999999 0.4210001 0 2 726 -729 
1092 26.9099999 9.3949999 0.4209999 27.2600001 9.395000099999999 0.4210001 0 2 729 -727 
1093 27.2599999 9.2249999 0.4059999 27.2600001 9.225000099999999 0.4210001 0 2 725 -730 
1094 27.2599999 9.2249999 0.4209999 27.2600001 9.395000099999999 0.4210001 0 2 730 -729 
1095 26.9099999 9.2249999 0.4209999 27.2600001 9.225000099999999 0.4210001 0 2 728 -730 
1096 26.9099999 9.624999900000001 0.4059999 26.9100001 9.795000099999999 0.4060001 0 2 731 -732 
1097 26.9099999 9.624999900000001 0.4059999 27.2600001 9.625000099999999 0.4060001 0 2 732 -733 
1098 27.2599999 9.624999900000001 0.4059999 27.2600001 9.795000099999999 0.4060001 0 2 733 -734 
1099 26.9099999 9.794999900000001 0.4059999 27.2600001 9.795000099999999 0.4060001 0 2 734 -731 
1100 26.9099999 9.794999900000001 0.4059999 26.9100001 9.795000099999999 0.4210001 0 2 731 -735 
1101 26.9099999 9.624999900000001 0.4209999 26.9100001 9.795000099999999 0.4210001 0 2 735 -736 
1102 26.9099999 9.624999900000001 0.4059999 26.9100001 9.625000099999999 0.4210001 0 2 732 -736 
1103 27.2599999 9.794999900000001 0.4059999 27.2600001 9.795000099999999 0.4210001 0 2 734 -737 
1104 26.9099999 9.794999900000001 0.4209999 27.2600001 9.795000099999999 0.4210001 0 2 737 -735 
1105 27.2599999 9.624999900000001 0.4059999 27.2600001 9.625000099999999 0.4210001 0 2 733 -738 
1106 27.2599999 9.624999900000001 0.4209999 27.2600001 9.795000099999999 0.4210001 0 2 738 -737 
1107 26.9099999 9.624999900000001 0.4209999 27.2600001 9.625000099999999 0.4210001 0 2 736 -738 
1108 27.8299999 8.7479999 0.4059999 27.8300001 8.892000099999999 0.4060001 0 2 739 -740 
1109 27.7819999 8.8919999 0.4059999 27.8300001 8.940000099999999 0.4060001 0 2 740 -741 
1110 27.6379999 8.9399999 0.4059999 27.7820001 8.940000099999999 0.4060001 0 2 741 -742 
1111 27.5899999 8.8919999 0.4059999 27.6380001 8.940000099999999 0.4060001 0 2 742 -743 
1112 27.5899999 8.7479999 0.4059999 27.5900001 8.892000099999999 0.4060001 0 2 743 -744 
1113 27.5899999 8.6999999 0.4059999 27.6380001 8.748000099999999 0.4060001 0 2 744 -745 
1114 27.6379999 8.6999999 0.4059999 27.7820001 8.700000099999999 0.4060001 0 2 745 -746 
1115 27.7819999 8.6999999 0.4059999 27.8300001 8.748000099999999 0.4060001 0 2 746 -739 
1116 27.8299999 8.7479999 0.4059999 27.8300001 8.748000099999999 0.4210001 0 2 739 -747 
1117 27.8299999 8.7479999 0.4209999 27.8300001 8.892000099999999 0.4210001 0 2 747 -748 
1118 27.8299999 8.8919999 0.4059999 27.8300001 8.892000099999999 0.4210001 0 2 740 -748 
1119 27.7819999 8.6999999 0.4209999 27.8300001 8.748000099999999 0.4210001 0 2 749 -747 
1120 27.7819999 8.6999999 0.4059999 27.7820001 8.700000099999999 0.4210001 0 2 746 -749 
1121 27.6379999 8.6999999 0.4059999 27.6380001 8.700000099999999 0.4210001 0 2 745 -750 
1122 27.6379999 8.6999999 0.4209999 27.7820001 8.700000099999999 0.4210001 0 2 750 -749 
1123 27.5899999 8.6999999 0.4209999 27.6380001 8.748000099999999 0.4210001 0 2 751 -750 
1124 27.5899999 8.7479999 0.4059999 27.5900001 8.748000099999999 0.4210001 0 2 744 -751 
1125 27.5899999 8.8919999 0.4059999 27.5900001 8.892000099999999 0.4210001 0 2 743 -752 
1126 27.5899999 8.7479999 0.4209999 27.5900001 8.892000099999999 0.4210001 0 2 752 -751 
1127 27.5899999 8.8919999 0.4209999 27.6380001 8.940000099999999 0.4210001 0 2 753 -752 
1128 27.6379999 8.9399999 0.4059999 27.6380001 8.940000099999999 0.4210001 0 2 742 -753 
1129 27.7819999 8.9399999 0.4059999 27.7820001 8.940000099999999 0.4210001 0 2 741 -754 
1130 27.6379999 8.9399999 0.4209999 27.7820001 8.940000099999999 0.4210001 0 2 754 -753 
1131 27.7819999 8.8919999 0.4209999 27.8300001 8.940000099999999 0.4210001 0 2 748 -754 
1132 28.0599999 8.959999900000001 0.4059999 28.0600001 9.1850001 0.4060001 0 2 755 -756 
1133 28.0599999 8.959999900000001 0.4059999 28.2400001 8.9600001 0.4060001 0 2 756 -757 
1134 28.2399999 8.959999900000001 0.4059999 28.2400001 9.1850001 0.4060001 0 2 757 -758 
1135 28.0599999 9.184999900000001 0.4059999 28.2400001 9.1850001 0.4060001 0 2 758 -755 
1136 28.0599999 9.184999900000001 0.4059999 28.0600001 9.1850001 0.4210001 0 2 755 -759 
1137 28.0599999 8.959999900000001 0.4209999 28.0600001 9.1850001 0.4210001 0 2 759 -760 
1138 28.0599999 8.959999900000001 0.4059999 28.0600001 8.9600001 0.4210001 0 2 756 -760 
1139 28.2399999 9.184999900000001 0.4059999 28.2400001 9.1850001 0.4210001 0 2 758 -761 
1140 28.0599999 9.184999900000001 0.4209999 28.2400001 9.1850001 0.4210001 0 2 761 -759 
1141 28.2399999 8.959999900000001 0.4059999 28.2400001 8.9600001 0.4210001 0 2 757 -762 
1142 28.2399999 8.959999900000001 0.4209999 28.2400001 9.1850001 0.4210001 0 2 762 -761 
1143 28.0599999 8.959999900000001 0.4209999 28.2400001 8.9600001 0.4210001 0 2 760 -762 
1144 28.4399999 8.959999900000001 0.4059999 28.4400001 9.1850001 0.4060001 0 2 763 -764 
1145 28.4399999 8.959999900000001 0.4059999 28.6200001 8.9600001 0.4060001 0 2 764 -765 
1146 28.6199999 8.959999900000001 0.4059999 28.6200001 9.1850001 0.4060001 0 2 765 -766 
1147 28.4399999 9.184999900000001 0.4059999 28.6200001 9.1850001 0.4060001 0 2 766 -763 
1148 28.4399999 9.184999900000001 0.4059999 28.4400001 9.1850001 0.4210001 0 2 763 -767 
1149 28.4399999 8.959999900000001 0.4209999 28.4400001 9.1850001 0.4210001 0 2 767 -768 
1150 28.4399999 8.959999900000001 0.4059999 28.4400001 8.9600001 0.4210001 0 2 764 -768 
1151 28.6199999 9.184999900000001 0.4059999 28.6200001 9.1850001 0.4210001 0 2 766 -769 
1152 28.4399999 9.184999900000001 0.4209999 28.6200001 9.1850001 0.4210001 0 2 769 -767 
1153 28.6199999 8.959999900000001 0.4059999 28.6200001 8.9600001 0.4210001 0 2 765 -770 
1154 28.6199999 8.959999900000001 0.4209999 28.6200001 9.1850001 0.4210001 0 2 770 -769 
1155 28.4399999 8.959999900000001 0.4209999 28.6200001 8.9600001 0.4210001 0 2 768 -770 
1156 27.4599999 9.2249999 0.4059999 27.4600001 9.395000099999999 0.4060001 0 2 771 -772 
1157 27.4599999 9.2249999 0.4059999 27.8100001 9.225000099999999 0.4060001 0 2 772 -773 
1158 27.8099999 9.2249999 0.4059999 27.8100001 9.395000099999999 0.4060001 0 2 773 -774 
1159 27.4599999 9.3949999 0.4059999 27.8100001 9.395000099999999 0.4060001 0 2 774 -771 
1160 27.4599999 9.3949999 0.4059999 27.4600001 9.395000099999999 0.4210001 0 2 771 -775 
1161 27.4599999 9.2249999 0.4209999 27.4600001 9.395000099999999 0.4210001 0 2 775 -776 
1162 27.4599999 9.2249999 0.4059999 27.4600001 9.225000099999999 0.4210001 0 2 772 -776 
1163 27.8099999 9.3949999 0.4059999 27.8100001 9.395000099999999 0.4210001 0 2 774 -777 
1164 27.4599999 9.3949999 0.4209999 27.8100001 9.395000099999999 0.4210001 0 2 777 -775 
1165 27.8099999 9.2249999 0.4059999 27.8100001 9.225000099999999 0.4210001 0 2 773 -778 
1166 27.8099999 9.2249999 0.4209999 27.8100001 9.395000099999999 0.4210001 0 2 778 -777 
1167 27.4599999 9.2249999 0.4209999 27.8100001 9.225000099999999 0.4210001 0 2 776 -778 
1168 27.4599999 9.624999900000001 0.4059999 27.4600001 9.795000099999999 0.4060001 0 2 779 -780 
1169 27.4599999 9.624999900000001 0.4059999 27.8100001 9.625000099999999 0.4060001 0 2 780 -781 
1170 27.8099999 9.624999900000001 0.4059999 27.8100001 9.795000099999999 0.4060001 0 2 781 -782 
1171 27.4599999 9.794999900000001 0.4059999 27.8100001 9.795000099999999 0.4060001 0 2 782 -779 
1172 27.4599999 9.794999900000001 0.4059999 27.4600001 9.795000099999999 0.4210001 0 2 779 -783 
1173 27.4599999 9.624999900000001 0.4209999 27.4600001 9.795000099999999 0.4210001 0 2 783 -784 
1174 27.4599999 9.624999900000001 0.4059999 27.4600001 9.625000099999999 0.4210001 0 2 780 -784 
1175 27.8099999 9.794999900000001 0.4059999 27.8100001 9.795000099999999 0.4210001 0 2 782 -785 
1176 27.4599999 9.794999900000001 0.4209999 27.8100001 9.795000099999999 0.4210001 0 2 785 -783 
1177 27.8099999 9.624999900000001 0.4059999 27.8100001 9.625000099999999 0.4210001 0 2 781 -786 
1178 27.8099999 9.624999900000001 0.4209999 27.8100001 9.795000099999999 0.4210001 0 2 786 -785 
1179 27.4599999 9.624999900000001 0.4209999 27.8100001 9.625000099999999 0.4210001 0 2 784 -786 
1180 28.0599999 9.334999900000001 0.4059999 28.0600001 9.5600001 0.4060001 0 2 787 -788 
1181 28.0599999 9.334999900000001 0.4059999 28.2400001 9.3350001 0.4060001 0 2 788 -789 
1182 28.2399999 9.334999900000001 0.4059999 28.2400001 9.5600001 0.4060001 0 2 789 -790 
1183 28.0599999 9.559999900000001 0.4059999 28.2400001 9.5600001 0.4060001 0 2 790 -787 
1184 28.0599999 9.559999900000001 0.4059999 28.0600001 9.5600001 0.4210001 0 2 787 -791 
1185 28.0599999 9.334999900000001 0.4209999 28.0600001 9.5600001 0.4210001 0 2 791 -792 
1186 28.0599999 9.334999900000001 0.4059999 28.0600001 9.3350001 0.4210001 0 2 788 -792 
1187 28.2399999 9.559999900000001 0.4059999 28.2400001 9.5600001 0.4210001 0 2 790 -793 
1188 28.0599999 9.559999900000001 0.4209999 28.2400001 9.5600001 0.4210001 0 2 793 -791 
1189 28.2399999 9.334999900000001 0.4059999 28.2400001 9.3350001 0.4210001 0 2 789 -794 
1190 28.2399999 9.334999900000001 0.4209999 28.2400001 9.5600001 0.4210001 0 2 794 -793 
1191 28.0599999 9.334999900000001 0.4209999 28.2400001 9.3350001 0.4210001 0 2 792 -794 
1192 28.4399999 9.334999900000001 0.4059999 28.4400001 9.5600001 0.4060001 0 2 795 -796 
1193 28.4399999 9.334999900000001 0.4059999 28.6200001 9.3350001 0.4060001 0 2 796 -797 
1194 28.6199999 9.334999900000001 0.4059999 28.6200001 9.5600001 0.4060001 0 2 797 -798 
1195 28.4399999 9.559999900000001 0.4059999 28.6200001 9.5600001 0.4060001 0 2 798 -795 
1196 28.4399999 9.559999900000001 0.4059999 28.4400001 9.5600001 0.4210001 0 2 795 -799 
1197 28.4399999 9.334999900000001 0.4209999 28.4400001 9.5600001 0.4210001 0 2 799 -800 
1198 28.4399999 9.334999900000001 0.4059999 28.4400001 9.3350001 0.4210001 0 2 796 -800 
1199 28.6199999 9.559999900000001 0.4059999 28.6200001 9.5600001 0.4210001 0 2 798 -801 
1200 28.4399999 9.559999900000001 0.4209999 28.6200001 9.5600001 0.4210001 0 2 801 -799 
1201 28.6199999 9.334999900000001 0.4059999 28.6200001 9.3350001 0.4210001 0 2 797 -802 
1202 28.6199999 9.334999900000001 0.4209999 28.6200001 9.5600001 0.4210001 0 2 802 -801 
1203 28.4399999 9.334999900000001 0.4209999 28.6200001 9.3350001 0.4210001 0 2 800 -802 
1204 28.8199999 8.959999900000001 0.4059999 28.8200001 9.1850001 0.4060001 0 2 803 -804 
1205 28.8199999 8.959999900000001 0.4059999 29.0000001 8.9600001 0.4060001 0 2 804 -805 
1206 28.9999999 8.959999900000001 0.4059999 29.0000001 9.1850001 0.4060001 0 2 805 -806 
1207 28.8199999 9.184999900000001 0.4059999 29.0000001 9.1850001 0.4060001 0 2 806 -803 
1208 28.8199999 9.184999900000001 0.4059999 28.8200001 9.1850001 0.4210001 0 2 803 -807 
1209 28.8199999 8.959999900000001 0.4209999 28.8200001 9.1850001 0.4210001 0 2 807 -808 
1210 28.8199999 8.959999900000001 0.4059999 28.8200001 8.9600001 0.4210001 0 2 804 -808 
1211 28.9999999 9.184999900000001 0.4059999 29.0000001 9.1850001 0.4210001 0 2 806 -809 
1212 28.8199999 9.184999900000001 0.4209999 29.0000001 9.1850001 0.4210001 0 2 809 -807 
1213 28.9999999 8.959999900000001 0.4059999 29.0000001 8.9600001 0.4210001 0 2 805 -810 
1214 28.9999999 8.959999900000001 0.4209999 29.0000001 9.1850001 0.4210001 0 2 810 -809 
1215 28.8199999 8.959999900000001 0.4209999 29.0000001 8.9600001 0.4210001 0 2 808 -810 
1216 28.8199999 9.334999900000001 0.4059999 28.8200001 9.5600001 0.4060001 0 2 811 -812 
1217 28.8199999 9.334999900000001 0.4059999 29.0000001 9.3350001 0.4060001 0 2 812 -813 
1218 28.9999999 9.334999900000001 0.4059999 29.0000001 9.5600001 0.4060001 0 2 813 -814 
1219 28.8199999 9.559999900000001 0.4059999 29.0000001 9.5600001 0.4060001 0 2 814 -811 
1220 28.8199999 9.559999900000001 0.4059999 28.8200001 9.5600001 0.4210001 0 2 811 -815 
1221 28.8199999 9.334999900000001 0.4209999 28.8200001 9.5600001 0.4210001 0 2 815 -816 
1222 28.8199999 9.334999900000001 0.4059999 28.8200001 9.3350001 0.4210001 0 2 812 -816 
1223 28.9999999 9.559999900000001 0.4059999 29.0000001 9.5600001 0.4210001 0 2 814 -817 
1224 28.8199999 9.559999900000001 0.4209999 29.0000001 9.5600001 0.4210001 0 2 817 -815 
1225 28.9999999 9.334999900000001 0.4059999 29.0000001 9.3350001 0.4210001 0 2 813 -818 
1226 28.9999999 9.334999900000001 0.4209999 29.0000001 9.5600001 0.4210001 0 2 818 -817 
1227 28.8199999 9.334999900000001 0.4209999 29.0000001 9.3350001 0.4210001 0 2 816 -818 
1 29.9999999 5.4899999 -1.000000000002735e-07 30.0000001 5.6600001 0.0150001 0 4 -1 -2 3 -4 
2 29.3699999 5.4899999 -1e-07 30.0000001 5.6600001 1e-07 0 6 5 1 6 7 8 9 
3 29.7699999 5.6599999 -1.000000000002735e-07 30.0000001 5.6600001 0.0150001 0 4 -6 4 10 -11 
4 29.3699999 5.4899999 0.0149999 30.0000001 5.6600001 0.0150001 0 6 12 3 10 13 14 15 
5 29.7699999 5.4899999 -1.000000000002735e-07 30.0000001 5.4900001 0.0150001 0 4 -5 16 12 2 
6 29.3699999 5.4899999 -1.000000000002735e-07 29.7700001 5.4900001 0.0150001 0 4 17 15 -16 -9 
7 29.3699999 5.4899999 -1.000000000002735e-07 29.3700001 5.6600001 0.0150001 0 4 18 14 -17 -8 
8 29.3699999 5.6599999 -1.000000000002735e-07 29.7700001 5.6600001 0.0150001 0 4 11 13 -18 -7 
9 28.8799999 9.834999900000001 -1e-07 29.0600001 10.0000001 1e-07 0 4 19 20 21 22 
10 28.8799999 9.999999900000001 -1.000000000002735e-07 29.0600001 10.0000001 0.0150001 0 4 -19 -23 24 -25 
11 29.0599999 9.834999900000001 -1.000000000002735e-07 29.0600001 10.0000001 0.0150001 0 4 -22 26 27 23 
12 28.8799999 9.834999900000001 -1.000000000002735e-07 29.0600001 9.8350001 0.0150001 0 4 28 29 -26 -21 
13 28.8799999 9.834999900000001 -1.000000000002735e-07 28.8800001 10.0000001 0.0150001 0 4 -20 25 30 -28 
14 28.8799999 9.834999900000001 0.0149999 29.0600001 10.0000001 0.0150001 0 4 24 30 29 27 
15 28.4999999 9.834999900000001 -1e-07 28.6800001 10.0000001 1e-07 0 4 31 32 33 34 
16 28.4999999 9.999999900000001 -1.000000000002735e-07 28.6800001 10.0000001 0.0150001 0 4 -31 -35 36 -37 
17 28.6799999 9.834999900000001 -1.000000000002735e-07 28.6800001 10.0000001 0.0150001 0 4 -34 38 39 35 
18 28.4999999 9.834999900000001 -1.000000000002735e-07 28.6800001 9.8350001 0.0150001 0 4 40 41 -38 -33 
19 28.4999999 9.834999900000001 -1.000000000002735e-07 28.5000001 10.0000001 0.0150001 0 4 -32 37 42 -40 
20 28.4999999 9.834999900000001 0.0149999 28.6800001 10.0000001 0.0150001 0 4 36 42 41 39 
21 29.2599999 9.834999900000001 -1e-07 29.4400001 10.0000001 1e-07 0 4 43 44 45 46 
22 29.2599999 9.999999900000001 -1.000000000002735e-07 29.4400001 10.0000001 0.0150001 0 4 -43 -47 48 -49 
23 29.4399999 9.834999900000001 -1.000000000002735e-07 29.4400001 10.0000001 0.0150001 0 4 -46 50 51 47 
24 29.2599999 9.834999900000001 -1.000000000002735e-07 29.4400001 9.8350001 0.0150001 0 4 52 53 -50 -45 
25 29.2599999 9.834999900000001 -1.000000000002735e-07 29.2600001 10.0000001 0.0150001 0 4 -44 49 54 -52 
26 29.2599999 9.834999900000001 0.0149999 29.4400001 10.0000001 0.0150001 0 4 48 54 53 51 
27 29.9299999 6.6599999 -1e-07 30.0000001 6.900000100000001 1e-07 0 6 55 56 57 58 59 60 
28 29.9779999 6.6599999 -1.000000000002735e-07 30.0000001 6.6600001 0.0150001 0 4 -55 61 62 63 
29 29.9299999 6.6599999 -1.000000000002735e-07 29.97800010000002 6.7080001 0.0150001 0 4 60 61 -64 -65 
30 29.9299999 6.7079999 -1.000000000002735e-07 29.9300001 6.852000100000001 0.0150001 0 4 66 67 -65 -59 
31 29.9299999 6.85199989999999 -1.000000000002735e-07 29.9780001 6.900000100000001 0.0150001 0 4 58 66 -68 -69 
32 29.9779999 6.8999999 -1.000000000002735e-07 30.0000001 6.900000100000001 0.0150001 0 4 -57 70 71 -69 
33 29.9999999 6.6599999 -1.000000000002735e-07 30.0000001 6.900000100000001 0.0150001 0 4 -56 -63 72 -70 
34 29.9299999 6.6599999 0.0149999 30.0000001 6.900000100000001 0.0150001 0 6 62 72 71 68 67 64 
35 29.3699999 6.0899999 -1e-07 30.0000001 6.2600001 1e-07 0 6 73 74 75 76 77 78 
36 29.7699999 6.0899999 -1.000000000002735e-07 30.0000001 6.0900001 0.0150001 0 4 -73 79 80 81 
37 29.3699999 6.0899999 -1.000000000002735e-07 29.7700001 6.0900001 0.0150001 0 4 82 83 -79 -78 
38 29.3699999 6.0899999 -1.000000000002735e-07 29.3700001 6.2600001 0.0150001 0 4 84 85 -82 -77 
39 29.3699999 6.2599999 -1.000000000002735e-07 29.7700001 6.2600001 0.0150001 0 4 86 87 -84 -76 
40 29.7699999 6.2599999 -1.000000000002735e-07 30.0000001 6.2600001 0.0150001 0 4 -75 88 89 -86 
41 29.9999999 6.0899999 -1.000000000002735e-07 30.0000001 6.2600001 0.0150001 0 4 -74 -81 90 -88 
42 29.3699999 6.0899999 0.0149999 30.0000001 6.2600001 0.0150001 0 6 80 90 89 87 85 83 
43 25.1059999 6.1749999 -1e-07 25.3060001 6.4750001 1e-07 0 4 91 92 93 94 
44 25.1059999 6.1749999 -1.000000000002735e-07 25.1060001 6.4750001 0.0150001 0 4 95 96 -97 -91 
45 25.1059999 6.474999899999999 -1.000000000002735e-07 25.3060001 6.4750001 0.0150001 0 4 98 99 -95 -94 
46 25.3059999 6.1749999 -1.000000000002735e-07 25.3060001 6.4750001 0.0150001 0 4 100 101 -98 -93 
47 25.1059999 6.1749999 -1.000000000002735e-07 25.3060001 6.1750001 0.0150001 0 4 97 102 -100 -92 
48 25.1059999 6.1749999 0.0149999 25.3060001 6.4750001 0.0150001 0 4 96 102 101 99 
49 25.5809999 6.174999899999999 -1e-07 25.7810001 6.525000100000001 1e-07 0 4 103 104 105 106 
50 25.5809999 6.174999899999999 -1.000000000002735e-07 25.5810001 6.525000100000001 0.0150001 0 4 107 108 -109 -103 
51 25.5809999 6.5249999 -1.000000000002735e-07 25.7810001 6.525000100000001 0.0150001 0 4 110 111 -107 -106 
52 25.7809999 6.1749999 -1.000000000002735e-07 25.7810001 6.525000100000001 0.0150001 0 4 112 113 -110 -105 
53 25.5809999 6.1749999 -1.000000000002735e-07 25.7810001 6.1750001 0.0150001 0 4 109 114 -112 -104 
54 25.5809999 6.174999899999999 0.0149999 25.7810001 6.525000100000001 0.0150001 0 4 108 114 113 111 
55 26.0559999 6.174999899999999 -1e-07 26.2560001 6.525000100000001 1e-07 0 4 115 116 117 118 
56 26.0559999 6.174999899999999 -1.000000000002735e-07 26.0560001 6.525000100000001 0.0150001 0 4 119 120 -121 -115 
57 26.0559999 6.5249999 -1.000000000002735e-07 26.2560001 6.525000100000001 0.0150001 0 4 122 123 -119 -118 
58 26.2559999 6.1749999 -1.000000000002735e-07 26.2560001 6.525000100000001 0.0150001 0 4 124 125 -122 -117 
59 26.0559999 6.1749999 -1.000000000002735e-07 26.2560001 6.1750001 0.0150001 0 4 121 126 -124 -116 
60 26.0559999 6.174999899999999 0.0149999 26.2560001 6.525000100000001 0.0150001 0 4 120 126 125 123 
61 26.5309999 6.174999899999999 -1e-07 26.7310001 6.525000100000001 1e-07 0 4 127 128 129 130 
62 26.5309999 6.174999899999999 -1.000000000002735e-07 26.5310001 6.525000100000001 0.0150001 0 4 131 132 -133 -127 
63 26.5309999 6.5249999 -1.000000000002735e-07 26.7310001 6.525000100000001 0.0150001 0 4 134 135 -131 -130 
64 26.7309999 6.1749999 -1.000000000002735e-07 26.7310001 6.525000100000001 0.0150001 0 4 136 137 -134 -129 
65 26.5309999 6.1749999 -1.000000000002735e-07 26.7310001 6.1750001 0.0150001 0 4 133 138 -136 -128 
66 26.5309999 6.174999899999999 0.0149999 26.7310001 6.525000100000001 0.0150001 0 4 132 138 137 135 
67 27.0059999 6.1749999 -1e-07 27.2060001 6.4750001 1e-07 0 4 139 140 141 142 
68 27.0059999 6.1749999 -1.000000000002735e-07 27.0060001 6.4750001 0.0150001 0 4 143 144 -145 -139 
69 27.0059999 6.474999899999999 -1.000000000002735e-07 27.2060001 6.4750001 0.0150001 0 4 146 147 -143 -142 
70 27.2059999 6.1749999 -1.000000000002735e-07 27.2060001 6.4750001 0.0150001 0 4 148 149 -146 -141 
71 27.0059999 6.1749999 -1.000000000002735e-07 27.2060001 6.1750001 0.0150001 0 4 145 150 -148 -140 
72 27.0059999 6.1749999 0.0149999 27.2060001 6.4750001 0.0150001 0 4 144 150 149 147 
73 28.5199999 5.349999899999999 -1e-07 28.7600001 5.5900001 1e-07 0 8 151 152 153 154 155 156 157 158 
74 28.7599999 5.397999899999999 -1.000000000002735e-07 28.7600001 5.5420001 0.0150001 0 4 159 160 -161 -151 
75 28.7119999 5.349999899999999 -1.000000000002735e-07 28.7600001 5.39800010000002 0.0150001 0 4 158 159 -162 -163 
76 28.5679999 5.349999899999999 -1.000000000002735e-07 28.7120001 5.3500001 0.0150001 0 4 164 165 -163 -157 
77 28.5199999 5.349999899999999 -1.000000000002735e-07 28.56800010000002 5.3980001 0.0150001 0 4 156 164 -166 -167 
78 28.5199999 5.397999899999999 -1.000000000002735e-07 28.5200001 5.5420001 0.0150001 0 4 168 169 -167 -155 
79 28.5199999 5.54199989999999 -1.000000000002735e-07 28.5680001 5.5900001 0.0150001 0 4 154 168 -170 -171 
80 28.5679999 5.5899999 -1.000000000002735e-07 28.7120001 5.5900001 0.0150001 0 4 172 173 -171 -153 
81 28.7119999 5.5419999 -1.000000000002735e-07 28.7600001 5.5900001 0.0150001 0 4 152 172 -174 -161 
82 28.5199999 5.349999899999999 0.0149999 28.7600001 5.5900001 0.0150001 0 8 160 174 173 170 169 166 165 162 
83 27.4809999 6.1749999 -1e-07 27.6810001 6.4750001 1e-07 0 4 175 176 177 178 
84 27.4809999 6.1749999 -1.000000000002735e-07 27.4810001 6.4750001 0.0150001 0 4 179 180 -181 -175 
85 27.4809999 6.474999899999999 -1.000000000002735e-07 27.6810001 6.4750001 0.0150001 0 4 182 183 -179 -178 
86 27.6809999 6.1749999 -1.000000000002735e-07 27.6810001 6.4750001 0.0150001 0 4 184 185 -182 -177 
87 27.4809999 6.1749999 -1.000000000002735e-07 27.6810001 6.1750001 0.0150001 0 4 181 186 -184 -176 
88 27.4809999 6.1749999 0.0149999 27.6810001 6.4750001 0.0150001 0 4 180 186 185 183 
89 28.5199999 5.8199999 -1e-07 28.7600001 6.0600001 1e-07 0 8 187 188 189 190 191 192 193 194 
90 28.7599999 5.8679999 -1.000000000002735e-07 28.7600001 6.0120001 0.0150001 0 4 195 196 -197 -187 
91 28.7119999 5.8199999 -1.000000000002735e-07 28.7600001 5.86800010000002 0.0150001 0 4 194 195 -198 -199 
92 28.5679999 5.8199999 -1.000000000002735e-07 28.7120001 5.820000100000001 0.0150001 0 4 200 201 -199 -193 
93 28.5199999 5.8199999 -1.000000000002735e-07 28.56800010000002 5.868000100000001 0.0150001 0 4 192 200 -202 -203 
94 28.5199999 5.8679999 -1.000000000002735e-07 28.5200001 6.0120001 0.0150001 0 4 204 205 -203 -191 
95 28.5199999 6.01199989999999 -1.000000000002735e-07 28.5680001 6.0600001 0.0150001 0 4 190 204 -206 -207 
96 28.5679999 6.059999899999999 -1.000000000002735e-07 28.7120001 6.0600001 0.0150001 0 4 208 209 -207 -189 
97 28.7119999 6.011999899999999 -1.000000000002735e-07 28.7600001 6.0600001 0.0150001 0 4 188 208 -210 -197 
98 28.5199999 5.8199999 0.0149999 28.7600001 6.0600001 0.0150001 0 8 196 210 209 206 205 202 201 198 
99 28.5199999 6.2899999 -1e-07 28.7600001 6.530000100000001 1e-07 0 8 211 212 213 214 215 216 217 218 
100 28.7599999 6.3379999 -1.000000000002735e-07 28.7600001 6.4820001 0.0150001 0 4 219 220 -221 -211 
101 28.7119999 6.2899999 -1.000000000002735e-07 28.7600001 6.33800010000002 0.0150001 0 4 218 219 -222 -223 
102 28.5679999 6.2899999 -1.000000000002735e-07 28.7120001 6.2900001 0.0150001 0 4 224 225 -223 -217 
103 28.5199999 6.2899999 -1.000000000002735e-07 28.56800010000002 6.3380001 0.0150001 0 4 216 224 -226 -227 
104 28.5199999 6.3379999 -1.000000000002735e-07 28.5200001 6.4820001 0.0150001 0 4 228 229 -227 -215 
105 28.5199999 6.48199989999999 -1.000000000002735e-07 28.5680001 6.530000100000001 0.0150001 0 4 214 228 -230 -231 
106 28.5679999 6.5299999 -1.000000000002735e-07 28.7120001 6.530000100000001 0.0150001 0 4 232 233 -231 -213 
107 28.7119999 6.4819999 -1.000000000002735e-07 28.7600001 6.530000100000001 0.0150001 0 4 212 232 -234 -221 
108 28.5199999 6.2899999 0.0149999 28.7600001 6.530000100000001 0.0150001 0 8 220 234 233 230 229 226 225 222 
109 28.9399999 5.349999899999999 -1e-07 29.1800001 5.5900001 1e-07 0 8 235 236 237 238 239 240 241 242 
110 29.1799999 5.397999899999999 -1.000000000002735e-07 29.1800001 5.5420001 0.0150001 0 4 243 244 -245 -235 
111 29.1319999 5.349999899999999 -1.000000000002735e-07 29.1800001 5.39800010000002 0.0150001 0 4 242 243 -246 -247 
112 28.9879999 5.349999899999999 -1.000000000002735e-07 29.1320001 5.3500001 0.0150001 0 4 248 249 -247 -241 
113 28.9399999 5.349999899999999 -1.000000000002735e-07 28.98800010000001 5.3980001 0.0150001 0 4 240 248 -250 -251 
114 28.9399999 5.397999899999999 -1.000000000002735e-07 28.9400001 5.5420001 0.0150001 0 4 252 253 -251 -239 
115 28.9399999 5.54199989999999 -1.000000000002735e-07 28.9880001 5.5900001 0.0150001 0 4 238 252 -254 -255 
116 28.9879999 5.5899999 -1.000000000002735e-07 29.1320001 5.5900001 0.0150001 0 4 256 257 -255 -237 
117 29.1319999 5.5419999 -1.000000000002735e-07 29.1800001 5.5900001 0.0150001 0 4 236 256 -258 -245 
118 28.9399999 5.349999899999999 0.0149999 29.1800001 5.5900001 0.0150001 0 8 244 258 257 254 253 250 249 246 
119 28.9399999 5.8199999 -1e-07 29.1800001 6.0600001 1e-07 0 8 259 260 261 262 263 264 265 266 
120 29.1799999 5.8679999 -1.000000000002735e-07 29.1800001 6.0120001 0.0150001 0 4 267 268 -269 -259 
121 29.1319999 5.8199999 -1.000000000002735e-07 29.1800001 5.86800010000002 0.0150001 0 4 266 267 -270 -271 
122 28.9879999 5.8199999 -1.000000000002735e-07 29.1320001 5.820000100000001 0.0150001 0 4 272 273 -271 -265 
123 28.9399999 5.8199999 -1.000000000002735e-07 28.98800010000001 5.868000100000001 0.0150001 0 4 264 272 -274 -275 
124 28.9399999 5.8679999 -1.000000000002735e-07 28.9400001 6.0120001 0.0150001 0 4 276 277 -275 -263 
125 28.9399999 6.01199989999999 -1.000000000002735e-07 28.9880001 6.0600001 0.0150001 0 4 262 276 -278 -279 
126 28.9879999 6.059999899999999 -1.000000000002735e-07 29.1320001 6.0600001 0.0150001 0 4 280 281 -279 -261 
127 29.1319999 6.011999899999999 -1.000000000002735e-07 29.1800001 6.0600001 0.0150001 0 4 260 280 -282 -269 
128 28.9399999 5.8199999 0.0149999 29.1800001 6.0600001 0.0150001 0 8 268 282 281 278 277 274 273 270 
129 28.9399999 6.2899999 -1e-07 29.1800001 6.530000100000001 1e-07 0 8 283 284 285 286 287 288 289 290 
130 29.1799999 6.3379999 -1.000000000002735e-07 29.1800001 6.4820001 0.0150001 0 4 291 292 -293 -283 
131 29.1319999 6.2899999 -1.000000000002735e-07 29.1800001 6.33800010000002 0.0150001 0 4 290 291 -294 -295 
132 28.9879999 6.2899999 -1.000000000002735e-07 29.1320001 6.2900001 0.0150001 0 4 296 297 -295 -289 
133 28.9399999 6.2899999 -1.000000000002735e-07 28.98800010000001 6.3380001 0.0150001 0 4 288 296 -298 -299 
134 28.9399999 6.3379999 -1.000000000002735e-07 28.9400001 6.4820001 0.0150001 0 4 300 301 -299 -287 
135 28.9399999 6.48199989999999 -1.000000000002735e-07 28.9880001 6.530000100000001 0.0150001 0 4 286 300 -302 -303 
136 28.9879999 6.5299999 -1.000000000002735e-07 29.1320001 6.530000100000001 0.0150001 0 4 304 305 -303 -285 
137 29.1319999 6.4819999 -1.000000000002735e-07 29.1800001 6.530000100000001 0.0150001 0 4 284 304 -306 -293 
138 28.9399999 6.2899999 0.0149999 29.1800001 6.530000100000001 0.0150001 0 8 292 306 305 302 301 298 297 294 
139 27.3559999 6.7049999 -1e-07 27.7060001 6.945000100000001 1e-07 0 4 307 308 309 310 
140 27.3559999 6.7049999 -1.000000000002735e-07 27.3560001 6.945000100000001 0.0150001 0 4 311 312 -313 -307 
141 27.3559999 6.9449999 -1.000000000002735e-07 27.7060001 6.945000100000001 0.0150001 0 4 314 315 -311 -310 
142 27.7059999 6.7049999 -1.000000000002735e-07 27.7060001 6.945000100000001 0.0150001 0 4 316 317 -314 -309 
143 27.3559999 6.7049999 -1.000000000002735e-07 27.7060001 6.7050001 0.0150001 0 4 313 318 -316 -308 
144 27.3559999 6.7049999 0.0149999 27.7060001 6.945000100000001 0.0150001 0 4 312 318 317 315 
145 28.0699999 6.3999999 -1e-07 28.3100001 6.6400001 1e-07 0 8 319 320 321 322 323 324 325 326 
146 28.3099999 6.4479999 -1.000000000002735e-07 28.3100001 6.5920001 0.0150001 0 4 327 328 -329 -319 
147 28.2619999 6.3999999 -1.000000000002735e-07 28.3100001 6.44800010000002 0.0150001 0 4 326 327 -330 -331 
148 28.1179999 6.3999999 -1.000000000002735e-07 28.2620001 6.400000100000001 0.0150001 0 4 332 333 -331 -325 
149 28.0699999 6.3999999 -1.000000000002735e-07 28.11800010000001 6.448000100000001 0.0150001 0 4 324 332 -334 -335 
150 28.0699999 6.4479999 -1.000000000002735e-07 28.0700001 6.5920001 0.0150001 0 4 336 337 -335 -323 
151 28.0699999 6.59199989999999 -1.000000000002735e-07 28.1180001 6.6400001 0.0150001 0 4 322 336 -338 -339 
152 28.1179999 6.639999899999999 -1.000000000002735e-07 28.2620001 6.6400001 0.0150001 0 4 340 341 -339 -321 
153 28.2619999 6.591999899999999 -1.000000000002735e-07 28.3100001 6.6400001 0.0150001 0 4 320 340 -342 -329 
154 28.0699999 6.3999999 0.0149999 28.3100001 6.6400001 0.0150001 0 8 328 342 341 338 337 334 333 330 
155 28.0699999 6.8199999 -1e-07 28.3100001 7.0600001 1e-07 0 8 343 344 345 346 347 348 349 350 
156 28.3099999 6.8679999 -1.000000000002735e-07 28.3100001 7.0120001 0.0150001 0 4 351 352 -353 -343 
157 28.2619999 6.8199999 -1.000000000002735e-07 28.3100001 6.86800010000002 0.0150001 0 4 350 351 -354 -355 
158 28.1179999 6.8199999 -1.000000000002735e-07 28.2620001 6.820000100000001 0.0150001 0 4 356 357 -355 -349 
159 28.0699999 6.8199999 -1.000000000002735e-07 28.11800010000001 6.868000100000001 0.0150001 0 4 348 356 -358 -359 
160 28.0699999 6.8679999 -1.000000000002735e-07 28.0700001 7.0120001 0.0150001 0 4 360 361 -359 -347 
161 28.0699999 7.01199989999999 -1.000000000002735e-07 28.1180001 7.0600001 0.0150001 0 4 346 360 -362 -363 
162 28.1179999 7.059999899999999 -1.000000000002735e-07 28.2620001 7.0600001 0.0150001 0 4 364 365 -363 -345 
163 28.2619999 7.011999899999999 -1.000000000002735e-07 28.3100001 7.0600001 0.0150001 0 4 344 364 -366 -353 
164 28.0699999 6.8199999 0.0149999 28.3100001 7.0600001 0.0150001 0 8 352 366 365 362 361 358 357 354 
165 27.3559999 7.2049999 -1e-07 27.7060001 7.445000100000001 1e-07 0 4 367 368 369 370 
166 27.3559999 7.2049999 -1.000000000002735e-07 27.3560001 7.445000100000001 0.0150001 0 4 371 372 -373 -367 
167 27.3559999 7.4449999 -1.000000000002735e-07 27.7060001 7.445000100000001 0.0150001 0 4 374 375 -371 -370 
168 27.7059999 7.2049999 -1.000000000002735e-07 27.7060001 7.445000100000001 0.0150001 0 4 376 377 -374 -369 
169 27.3559999 7.2049999 -1.000000000002735e-07 27.7060001 7.2050001 0.0150001 0 4 373 378 -376 -368 
170 27.3559999 7.2049999 0.0149999 27.7060001 7.445000100000001 0.0150001 0 4 372 378 377 375 
171 28.0699999 7.229999899999999 -1e-07 28.3100001 7.4700001 1e-07 0 8 379 380 381 382 383 384 385 386 
172 28.3099999 7.277999899999999 -1.000000000002735e-07 28.3100001 7.4220001 0.0150001 0 4 387 388 -389 -379 
173 28.2619999 7.229999899999999 -1.000000000002735e-07 28.3100001 7.278000100000019 0.0150001 0 4 386 387 -390 -391 
174 28.1179999 7.2299999 -1.000000000002735e-07 28.2620001 7.230000100000001 0.0150001 0 4 392 393 -391 -385 
175 28.0699999 7.229999899999999 -1.000000000002735e-07 28.11800010000001 7.2780001 0.0150001 0 4 384 392 -394 -395 
176 28.0699999 7.277999899999999 -1.000000000002735e-07 28.0700001 7.4220001 0.0150001 0 4 396 397 -395 -383 
177 28.0699999 7.42199989999999 -1.000000000002735e-07 28.1180001 7.4700001 0.0150001 0 4 382 396 -398 -399 
178 28.1179999 7.469999899999999 -1.000000000002735e-07 28.2620001 7.4700001 0.0150001 0 4 400 401 -399 -381 
179 28.2619999 7.421999899999999 -1.000000000002735e-07 28.3100001 7.4700001 0.0150001 0 4 380 400 -402 -389 
180 28.0699999 7.229999899999999 0.0149999 28.3100001 7.4700001 0.0150001 0 8 388 402 401 398 397 394 393 390 
181 29.5099999 6.6599999 -1e-07 29.7500001 6.900000100000001 1e-07 0 8 403 404 405 406 407 408 409 410 
182 29.7499999 6.7079999 -1.000000000002735e-07 29.7500001 6.852000100000001 0.0150001 0 4 411 412 -413 -403 
183 29.7019999 6.6599999 -1.000000000002735e-07 29.7500001 6.70800010000002 0.0150001 0 4 410 411 -414 -415 
184 29.5579999 6.6599999 -1.000000000002735e-07 29.7020001 6.6600001 0.0150001 0 4 416 417 -415 -409 
185 29.5099999 6.6599999 -1.000000000002735e-07 29.55800010000002 6.7080001 0.0150001 0 4 408 416 -418 -419 
186 29.5099999 6.7079999 -1.000000000002735e-07 29.5100001 6.852000100000001 0.0150001 0 4 420 421 -419 -407 
187 29.5099999 6.85199989999999 -1.000000000002735e-07 29.5580001 6.900000100000001 0.0150001 0 4 406 420 -422 -423 
188 29.5579999 6.8999999 -1.000000000002735e-07 29.7020001 6.900000100000001 0.0150001 0 4 424 425 -423 -405 
189 29.7019999 6.8519999 -1.000000000002735e-07 29.7500001 6.900000100000001 0.0150001 0 4 404 424 -426 -413 
190 29.5099999 6.6599999 0.0149999 29.7500001 6.900000100000001 0.0150001 0 8 412 426 425 422 421 418 417 414 
191 25.1059999 8.174999900000001 -1e-07 25.3060001 8.475000099999999 1e-07 0 4 427 428 429 430 
192 25.1059999 8.174999900000001 -1.000000000002735e-07 25.1060001 8.475000099999999 0.0150001 0 4 431 432 -433 -427 
193 25.1059999 8.4749999 -1.000000000002735e-07 25.3060001 8.475000099999999 0.0150001 0 4 434 435 -431 -430 
194 25.3059999 8.174999900000001 -1.000000000002735e-07 25.3060001 8.475000099999999 0.0150001 0 4 436 437 -434 -429 
195 25.1059999 8.174999900000001 -1.000000000002735e-07 25.3060001 8.1750001 0.0150001 0 4 433 438 -436 -428 
196 25.1059999 8.174999900000001 0.0149999 25.3060001 8.475000099999999 0.0150001 0 4 432 438 437 435 
197 25.5809999 8.124999900000001 -1e-07 25.7810001 8.475000099999999 1e-07 0 4 439 440 441 442 
198 25.5809999 8.124999900000001 -1.000000000002735e-07 25.5810001 8.475000099999999 0.0150001 0 4 443 444 -445 -439 
199 25.5809999 8.4749999 -1.000000000002735e-07 25.7810001 8.475000099999999 0.0150001 0 4 446 447 -443 -442 
200 25.7809999 8.124999900000001 -1.000000000002735e-07 25.7810001 8.475000099999999 0.0150001 0 4 448 449 -446 -441 
201 25.5809999 8.124999900000001 -1.000000000002735e-07 25.7810001 8.125000099999999 0.0150001 0 4 445 450 -448 -440 
202 25.5809999 8.124999900000001 0.0149999 25.7810001 8.475000099999999 0.0150001 0 4 444 450 449 447 
203 26.0559999 8.124999900000001 -1e-07 26.2560001 8.475000099999999 1e-07 0 4 451 452 453 454 
204 26.0559999 8.124999900000001 -1.000000000002735e-07 26.0560001 8.475000099999999 0.0150001 0 4 455 456 -457 -451 
205 26.0559999 8.4749999 -1.000000000002735e-07 26.2560001 8.475000099999999 0.0150001 0 4 458 459 -455 -454 
206 26.2559999 8.124999900000001 -1.000000000002735e-07 26.2560001 8.475000099999999 0.0150001 0 4 460 461 -458 -453 
207 26.0559999 8.124999900000001 -1.000000000002735e-07 26.2560001 8.125000099999999 0.0150001 0 4 457 462 -460 -452 
208 26.0559999 8.124999900000001 0.0149999 26.2560001 8.475000099999999 0.0150001 0 4 456 462 461 459 
209 26.5309999 8.124999900000001 -1e-07 26.7310001 8.475000099999999 1e-07 0 4 463 464 465 466 
210 26.5309999 8.124999900000001 -1.000000000002735e-07 26.5310001 8.475000099999999 0.0150001 0 4 467 468 -469 -463 
211 26.5309999 8.4749999 -1.000000000002735e-07 26.7310001 8.475000099999999 0.0150001 0 4 470 471 -467 -466 
212 26.7309999 8.124999900000001 -1.000000000002735e-07 26.7310001 8.475000099999999 0.0150001 0 4 472 473 -470 -465 
213 26.5309999 8.124999900000001 -1.000000000002735e-07 26.7310001 8.125000099999999 0.0150001 0 4 469 474 -472 -464 
214 26.5309999 8.124999900000001 0.0149999 26.7310001 8.475000099999999 0.0150001 0 4 468 474 473 471 
215 27.0059999 8.174999900000001 -1e-07 27.2060001 8.475000099999999 1e-07 0 4 475 476 477 478 
216 27.0059999 8.174999900000001 -1.000000000002735e-07 27.0060001 8.475000099999999 0.0150001 0 4 479 480 -481 -475 
217 27.0059999 8.4749999 -1.000000000002735e-07 27.2060001 8.475000099999999 0.0150001 0 4 482 483 -479 -478 
218 27.2059999 8.174999900000001 -1.000000000002735e-07 27.2060001 8.475000099999999 0.0150001 0 4 484 485 -482 -477 
219 27.0059999 8.174999900000001 -1.000000000002735e-07 27.2060001 8.1750001 0.0150001 0 4 481 486 -484 -476 
220 27.0059999 8.174999900000001 0.0149999 27.2060001 8.475000099999999 0.0150001 0 4 480 486 485 483 
221 26.4699999 9.3499999 -1e-07 26.7100001 9.590000099999999 1e-07 0 8 487 488 489 490 491 492 493 494 
222 26.7099999 9.3979999 -1.000000000002735e-07 26.7100001 9.542000099999999 0.0150001 0 4 495 496 -497 -487 
223 26.6619999 9.3499999 -1.000000000002735e-07 26.7100001 9.398000100000019 0.0150001 0 4 494 495 -498 -499 
224 26.5179999 9.3499999 -1.000000000002735e-07 26.6620001 9.350000099999999 0.0150001 0 4 500 501 -499 -493 
225 26.4699999 9.3499999 -1.000000000002735e-07 26.51800010000002 9.398000099999999 0.0150001 0 4 492 500 -502 -503 
226 26.4699999 9.3979999 -1.000000000002735e-07 26.4700001 9.542000099999999 0.0150001 0 4 504 505 -503 -491 
227 26.4699999 9.54199989999999 -1.000000000002735e-07 26.5180001 9.590000099999999 0.0150001 0 4 490 504 -506 -507 
228 26.5179999 9.5899999 -1.000000000002735e-07 26.6620001 9.590000099999999 0.0150001 0 4 508 509 -507 -489 
229 26.66199989999999 9.5419999 -1.000000000002735e-07 26.7100001 9.590000099999999 0.0150001 0 4 488 508 -510 -497 
230 26.4699999 9.3499999 0.0149999 26.7100001 9.590000099999999 0.0150001 0 8 496 510 509 506 505 502 501 498 
231 26.8899999 9.3499999 -1e-07 27.1300001 9.590000099999999 1e-07 0 8 511 512 513 514 515 516 517 518 
232 27.1299999 9.3979999 -1.000000000002735e-07 27.1300001 9.542000099999999 0.0150001 0 4 519 520 -521 -511 
233 27.0819999 9.3499999 -1.000000000002735e-07 27.1300001 9.398000100000019 0.0150001 0 4 518 519 -522 -523 
234 26.9379999 9.3499999 -1.000000000002735e-07 27.0820001 9.350000099999999 0.0150001 0 4 524 525 -523 -517 
235 26.8899999 9.3499999 -1.000000000002735e-07 26.93800010000001 9.398000099999999 0.0150001 0 4 516 524 -526 -527 
236 26.8899999 9.3979999 -1.000000000002735e-07 26.8900001 9.542000099999999 0.0150001 0 4 528 529 -527 -515 
237 26.8899999 9.54199989999999 -1.000000000002735e-07 26.9380001 9.590000099999999 0.0150001 0 4 514 528 -530 -531 
238 26.9379999 9.5899999 -1.000000000002735e-07 27.0820001 9.590000099999999 0.0150001 0 4 532 533 -531 -513 
239 27.0819999 9.5419999 -1.000000000002735e-07 27.1300001 9.590000099999999 0.0150001 0 4 512 532 -534 -521 
240 26.8899999 9.3499999 0.0149999 27.1300001 9.590000099999999 0.0150001 0 8 520 534 533 530 529 526 525 522 
241 27.3559999 7.7049999 -1e-07 27.7060001 7.945000100000001 1e-07 0 4 535 536 537 538 
242 27.3559999 7.7049999 -1.000000000002735e-07 27.3560001 7.945000100000001 0.0150001 0 4 539 540 -541 -535 
243 27.3559999 7.9449999 -1.000000000002735e-07 27.7060001 7.945000100000001 0.0150001 0 4 542 543 -539 -538 
244 27.7059999 7.7049999 -1.000000000002735e-07 27.7060001 7.945000100000001 0.0150001 0 4 544 545 -542 -537 
245 27.3559999 7.7049999 -1.000000000002735e-07 27.7060001 7.7050001 0.0150001 0 4 541 546 -544 -536 
246 27.3559999 7.7049999 0.0149999 27.7060001 7.945000100000001 0.0150001 0 4 540 546 545 543 
247 28.0699999 7.6499999 -1e-07 28.3100001 7.8900001 1e-07 0 8 547 548 549 550 551 552 553 554 
248 28.3099999 7.6979999 -1.000000000002735e-07 28.3100001 7.8420001 0.0150001 0 4 555 556 -557 -547 
249 28.2619999 7.6499999 -1.000000000002735e-07 28.3100001 7.69800010000002 0.0150001 0 4 554 555 -558 -559 
250 28.1179999 7.6499999 -1.000000000002735e-07 28.2620001 7.650000100000001 0.0150001 0 4 560 561 -559 -553 
251 28.0699999 7.6499999 -1.000000000002735e-07 28.11800010000001 7.698000100000001 0.0150001 0 4 552 560 -562 -563 
252 28.0699999 7.6979999 -1.000000000002735e-07 28.0700001 7.8420001 0.0150001 0 4 564 565 -563 -551 
253 28.0699999 7.84199989999999 -1.000000000002735e-07 28.1180001 7.8900001 0.0150001 0 4 550 564 -566 -567 
254 28.1179999 7.889999899999999 -1.000000000002735e-07 28.2620001 7.8900001 0.0150001 0 4 568 569 -567 -549 
255 28.2619999 7.841999899999999 -1.000000000002735e-07 28.3100001 7.8900001 0.0150001 0 4 548 568 -570 -557 
256 28.0699999 7.6499999 0.0149999 28.3100001 7.8900001 0.0150001 0 8 556 570 569 566 565 562 561 558 
257 28.5299999 7.5249999 -1e-07 28.8800001 7.695000100000001 1e-07 0 4 571 572 573 574 
258 28.5299999 7.5249999 -1.000000000002735e-07 28.5300001 7.695000100000001 0.0150001 0 4 575 576 -577 -571 
259 28.5299999 7.6949999 -1.000000000002735e-07 28.8800001 7.695000100000001 0.0150001 0 4 578 579 -575 -574 
260 28.8799999 7.5249999 -1.000000000002735e-07 28.8800001 7.695000100000001 0.0150001 0 4 580 581 -578 -573 
261 28.5299999 7.5249999 -1.000000000002735e-07 28.8800001 7.525000100000001 0.0150001 0 4 577 582 -580 -572 
262 28.5299999 7.5249999 0.0149999 28.8800001 7.695000100000001 0.0150001 0 4 576 582 581 579 
263 28.5299999 7.9249999 -1e-07 28.8800001 8.0950001 1e-07 0 4 583 584 585 586 
264 28.5299999 7.9249999 -1.000000000002735e-07 28.5300001 8.0950001 0.0150001 0 4 587 588 -589 -583 
265 28.5299999 8.094999900000001 -1.000000000002735e-07 28.8800001 8.0950001 0.0150001 0 4 590 591 -587 -586 
266 28.8799999 7.9249999 -1.000000000002735e-07 28.8800001 8.0950001 0.0150001 0 4 592 593 -590 -585 
267 28.5299999 7.9249999 -1.000000000002735e-07 28.8800001 7.9250001 0.0150001 0 4 589 594 -592 -584 
268 28.5299999 7.9249999 0.0149999 28.8800001 8.0950001 0.0150001 0 4 588 594 593 591 
269 27.4809999 8.174999900000001 -1e-07 27.6810001 8.475000099999999 1e-07 0 4 595 596 597 598 
270 27.4809999 8.174999900000001 -1.000000000002735e-07 27.4810001 8.475000099999999 0.0150001 0 4 599 600 -601 -595 
271 27.4809999 8.4749999 -1.000000000002735e-07 27.6810001 8.475000099999999 0.0150001 0 4 602 603 -599 -598 
272 27.6809999 8.174999900000001 -1.000000000002735e-07 27.6810001 8.475000099999999 0.0150001 0 4 604 605 -602 -597 
273 27.4809999 8.174999900000001 -1.000000000002735e-07 27.6810001 8.1750001 0.0150001 0 4 601 606 -604 -596 
274 27.4809999 8.174999900000001 0.0149999 27.6810001 8.475000099999999 0.0150001 0 4 600 606 605 603 
275 28.5299999 8.3249999 -1e-07 28.8800001 8.495000099999999 1e-07 0 4 607 608 609 610 
276 28.5299999 8.3249999 -1.000000000002735e-07 28.5300001 8.495000099999999 0.0150001 0 4 611 612 -613 -607 
277 28.5299999 8.4949999 -1.000000000002735e-07 28.8800001 8.495000099999999 0.0150001 0 4 614 615 -611 -610 
278 28.8799999 8.3249999 -1.000000000002735e-07 28.8800001 8.495000099999999 0.0150001 0 4 616 617 -614 -609 
279 28.5299999 8.3249999 -1.000000000002735e-07 28.8800001 8.325000099999999 0.0150001 0 4 613 618 -616 -608 
280 28.5299999 8.3249999 0.0149999 28.8800001 8.495000099999999 0.0150001 0 4 612 618 617 615 
281 29.0799999 7.5249999 -1e-07 29.4300001 7.695000100000001 1e-07 0 4 619 620 621 622 
282 29.0799999 7.5249999 -1.000000000002735e-07 29.0800001 7.695000100000001 0.0150001 0 4 623 624 -625 -619 
283 29.0799999 7.6949999 -1.000000000002735e-07 29.4300001 7.695000100000001 0.0150001 0 4 626 627 -623 -622 
284 29.4299999 7.5249999 -1.000000000002735e-07 29.4300001 7.695000100000001 0.0150001 0 4 628 629 -626 -621 
285 29.0799999 7.5249999 -1.000000000002735e-07 29.4300001 7.525000100000001 0.0150001 0 4 625 630 -628 -620 
286 29.0799999 7.5249999 0.0149999 29.4300001 7.695000100000001 0.0150001 0 4 624 630 629 627 
287 29.0799999 7.9249999 -1e-07 29.4300001 8.0950001 1e-07 0 4 631 632 633 634 
288 29.0799999 7.9249999 -1.000000000002735e-07 29.0800001 8.0950001 0.0150001 0 4 635 636 -637 -631 
289 29.0799999 8.094999900000001 -1.000000000002735e-07 29.4300001 8.0950001 0.0150001 0 4 638 639 -635 -634 
290 29.4299999 7.9249999 -1.000000000002735e-07 29.4300001 8.0950001 0.0150001 0 4 640 641 -638 -633 
291 29.0799999 7.9249999 -1.000000000002735e-07 29.4300001 7.9250001 0.0150001 0 4 637 642 -640 -632 
292 29.0799999 7.9249999 0.0149999 29.4300001 8.0950001 0.0150001 0 4 636 642 641 639 
293 29.0799999 8.3249999 -1e-07 29.4300001 8.495000099999999 1e-07 0 4 643 644 645 646 
294 29.0799999 8.3249999 -1.000000000002735e-07 29.0800001 8.495000099999999 0.0150001 0 4 647 648 -649 -643 
295 29.0799999 8.4949999 -1.000000000002735e-07 29.4300001 8.495000099999999 0.0150001 0 4 650 651 -647 -646 
296 29.4299999 8.3249999 -1.000000000002735e-07 29.4300001 8.495000099999999 0.0150001 0 4 652 653 -650 -645 
297 29.0799999 8.3249999 -1.000000000002735e-07 29.4300001 8.325000099999999 0.0150001 0 4 649 654 -652 -644 
298 29.0799999 8.3249999 0.0149999 29.4300001 8.495000099999999 0.0150001 0 4 648 654 653 651 
299 29.6449999 8.0199999 -1e-07 29.8850001 8.260000099999999 1e-07 0 8 655 656 657 658 659 660 661 662 
300 29.8849999 8.0679999 -1.000000000002735e-07 29.8850001 8.212000099999999 0.0150001 0 4 663 664 -665 -655 
301 29.8369999 8.0199999 -1.000000000002735e-07 29.8850001 8.068000100000019 0.0150001 0 4 662 663 -666 -667 
302 29.6929999 8.0199999 -1.000000000002735e-07 29.8370001 8.020000099999999 0.0150001 0 4 668 669 -667 -661 
303 29.6449999 8.0199999 -1.000000000002735e-07 29.69300010000002 8.068000099999999 0.0150001 0 4 660 668 -670 -671 
304 29.6449999 8.0679999 -1.000000000002735e-07 29.6450001 8.212000099999999 0.0150001 0 4 672 673 -671 -659 
305 29.6449999 8.21199989999999 -1.000000000002735e-07 29.6930001 8.260000099999999 0.0150001 0 4 658 672 -674 -675 
306 29.6929999 8.2599999 -1.000000000002735e-07 29.8370001 8.260000099999999 0.0150001 0 4 676 677 -675 -657 
307 29.8369999 8.2119999 -1.000000000002735e-07 29.8850001 8.260000099999999 0.0150001 0 4 656 676 -678 -665 
308 29.6449999 8.0199999 0.0149999 29.8850001 8.260000099999999 0.0150001 0 8 664 678 677 674 673 670 669 666 
309 29.6449999 8.4399999 -1e-07 29.8850001 8.680000099999999 1e-07 0 8 679 680 681 682 683 684 685 686 
310 29.8849999 8.4879999 -1.000000000002735e-07 29.8850001 8.632000099999999 0.0150001 0 4 687 688 -689 -679 
311 29.8369999 8.4399999 -1.000000000002735e-07 29.8850001 8.488000100000018 0.0150001 0 4 686 687 -690 -691 
312 29.6929999 8.4399999 -1.000000000002735e-07 29.8370001 8.440000099999999 0.0150001 0 4 692 693 -691 -685 
313 29.6449999 8.4399999 -1.000000000002735e-07 29.69300010000002 8.488000099999999 0.0150001 0 4 684 692 -694 -695 
314 29.6449999 8.4879999 -1.000000000002735e-07 29.6450001 8.632000099999999 0.0150001 0 4 696 697 -695 -683 
315 29.6449999 8.63199989999999 -1.000000000002735e-07 29.6930001 8.680000099999999 0.0150001 0 4 682 696 -698 -699 
316 29.6929999 8.6799999 -1.000000000002735e-07 29.8370001 8.680000099999999 0.0150001 0 4 700 701 -699 -681 
317 29.8369999 8.6319999 -1.000000000002735e-07 29.8850001 8.680000099999999 0.0150001 0 4 680 700 -702 -689 
318 29.6449999 8.4399999 0.0149999 29.8850001 8.680000099999999 0.0150001 0 8 688 702 701 698 697 694 693 690 
319 28.1199999 8.774999900000001 -1e-07 28.3600001 9.0150001 1e-07 0 8 703 704 705 706 707 708 709 710 
320 28.3599999 8.822999900000001 -1.000000000002735e-07 28.3600001 8.9670001 0.0150001 0 4 711 712 -713 -703 
321 28.3119999 8.774999900000001 -1.000000000002735e-07 28.3600001 8.823000100000019 0.0150001 0 4 710 711 -714 -715 
322 28.1679999 8.774999900000001 -1.000000000002735e-07 28.3120001 8.7750001 0.0150001 0 4 716 717 -715 -709 
323 28.1199999 8.774999900000001 -1.000000000002735e-07 28.16800010000001 8.8230001 0.0150001 0 4 708 716 -718 -719 
324 28.1199999 8.822999900000001 -1.000000000002735e-07 28.1200001 8.9670001 0.0150001 0 4 720 721 -719 -707 
325 28.1199999 8.96699989999999 -1.000000000002735e-07 28.1680001 9.0150001 0.0150001 0 4 706 720 -722 -723 
326 28.1679999 9.014999900000001 -1.000000000002735e-07 28.3120001 9.0150001 0.0150001 0 4 724 725 -723 -705 
327 28.3119999 8.966999900000001 -1.000000000002735e-07 28.3600001 9.0150001 0.0150001 0 4 704 724 -726 -713 
328 28.1199999 8.774999900000001 0.0149999 28.3600001 9.0150001 0.0150001 0 8 712 726 725 722 721 718 717 714 
329 28.5399999 8.774999900000001 -1e-07 28.7800001 9.0150001 1e-07 0 8 727 728 729 730 731 732 733 734 
330 28.7799999 8.822999900000001 -1.000000000002735e-07 28.7800001 8.9670001 0.0150001 0 4 735 736 -737 -727 
331 28.7319999 8.774999900000001 -1.000000000002735e-07 28.7800001 8.823000100000019 0.0150001 0 4 734 735 -738 -739 
332 28.5879999 8.774999900000001 -1.000000000002735e-07 28.7320001 8.7750001 0.0150001 0 4 740 741 -739 -733 
333 28.5399999 8.774999900000001 -1.000000000002735e-07 28.58800010000002 8.8230001 0.0150001 0 4 732 740 -742 -743 
334 28.5399999 8.822999900000001 -1.000000000002735e-07 28.5400001 8.9670001 0.0150001 0 4 744 745 -743 -731 
335 28.5399999 8.96699989999999 -1.000000000002735e-07 28.5880001 9.0150001 0.0150001 0 4 730 744 -746 -747 
336 28.5879999 9.014999900000001 -1.000000000002735e-07 28.7320001 9.0150001 0.0150001 0 4 748 749 -747 -729 
337 28.73199989999999 8.966999900000001 -1.000000000002735e-07 28.7800001 9.0150001 0.0150001 0 4 728 748 -750 -737 
338 28.5399999 8.774999900000001 0.0149999 28.7800001 9.0150001 0.0150001 0 8 736 750 749 746 745 742 741 738 
339 28.4999999 9.459999900000001 -1e-07 28.6800001 9.6850001 1e-07 0 4 751 752 753 754 
340 28.4999999 9.459999900000001 -1.000000000002735e-07 28.5000001 9.6850001 0.0150001 0 4 755 756 -757 -751 
341 28.4999999 9.684999900000001 -1.000000000002735e-07 28.6800001 9.6850001 0.0150001 0 4 758 759 -755 -754 
342 28.6799999 9.459999900000001 -1.000000000002735e-07 28.6800001 9.6850001 0.0150001 0 4 760 761 -758 -753 
343 28.4999999 9.459999900000001 -1.000000000002735e-07 28.6800001 9.4600001 0.0150001 0 4 757 762 -760 -752 
344 28.4999999 9.459999900000001 0.0149999 28.6800001 9.6850001 0.0150001 0 4 756 762 761 759 
345 29.2449999 8.874999900000001 -1e-07 29.4850001 9.1150001 1e-07 0 8 763 764 765 766 767 768 769 770 
346 29.4849999 8.922999900000001 -1.000000000002735e-07 29.4850001 9.0670001 0.0150001 0 4 771 772 -773 -763 
347 29.4369999 8.874999900000001 -1.000000000002735e-07 29.4850001 8.923000100000019 0.0150001 0 4 770 771 -774 -775 
348 29.2929999 8.874999900000001 -1.000000000002735e-07 29.4370001 8.875000099999999 0.0150001 0 4 776 777 -775 -769 
349 29.2449999 8.874999900000001 -1.000000000002735e-07 29.29300010000001 8.923000099999999 0.0150001 0 4 768 776 -778 -779 
350 29.2449999 8.922999900000001 -1.000000000002735e-07 29.2450001 9.0670001 0.0150001 0 4 780 781 -779 -767 
351 29.2449999 9.06699989999999 -1.000000000002735e-07 29.2930001 9.1150001 0.0150001 0 4 766 780 -782 -783 
352 29.2929999 9.114999900000001 -1.000000000002735e-07 29.4370001 9.1150001 0.0150001 0 4 784 785 -783 -765 
353 29.4369999 9.066999900000001 -1.000000000002735e-07 29.4850001 9.1150001 0.0150001 0 4 764 784 -786 -773 
354 29.2449999 8.874999900000001 0.0149999 29.4850001 9.1150001 0.0150001 0 8 772 786 785 782 781 778 777 774 
355 29.6649999 8.874999900000001 -1e-07 29.9050001 9.1150001 1e-07 0 8 787 788 789 790 791 792 793 794 
356 29.9049999 8.922999900000001 -1.000000000002735e-07 29.9050001 9.0670001 0.0150001 0 4 795 796 -797 -787 
357 29.8569999 8.874999900000001 -1.000000000002735e-07 29.9050001 8.923000100000019 0.0150001 0 4 794 795 -798 -799 
358 29.7129999 8.874999900000001 -1.000000000002735e-07 29.8570001 8.875000099999999 0.0150001 0 4 800 801 -799 -793 
359 29.6649999 8.874999900000001 -1.000000000002735e-07 29.71300010000002 8.923000099999999 0.0150001 0 4 792 800 -802 -803 
360 29.6649999 8.922999900000001 -1.000000000002735e-07 29.6650001 9.0670001 0.0150001 0 4 804 805 -803 -791 
361 29.6649999 9.06699989999999 -1.000000000002735e-07 29.7130001 9.1150001 0.0150001 0 4 790 804 -806 -807 
362 29.7129999 9.114999900000001 -1.000000000002735e-07 29.8570001 9.1150001 0.0150001 0 4 808 809 -807 -789 
363 29.85699989999999 9.066999900000001 -1.000000000002735e-07 29.9050001 9.1150001 0.0150001 0 4 788 808 -810 -797 
364 29.6649999 8.874999900000001 0.0149999 29.9050001 9.1150001 0.0150001 0 8 796 810 809 806 805 802 801 798 
365 28.8799999 9.459999900000001 -1e-07 29.0600001 9.6850001 1e-07 0 4 811 812 813 814 
366 28.8799999 9.459999900000001 -1.000000000002735e-07 28.8800001 9.6850001 0.0150001 0 4 815 816 -817 -811 
367 28.8799999 9.684999900000001 -1.000000000002735e-07 29.0600001 9.6850001 0.0150001 0 4 818 819 -815 -814 
368 29.0599999 9.459999900000001 -1.000000000002735e-07 29.0600001 9.6850001 0.0150001 0 4 820 821 -818 -813 
369 28.8799999 9.459999900000001 -1.000000000002735e-07 29.0600001 9.4600001 0.0150001 0 4 817 822 -820 -812 
370 28.8799999 9.459999900000001 0.0149999 29.0600001 9.6850001 0.0150001 0 4 816 822 821 819 
371 29.2599999 9.459999900000001 -1e-07 29.4400001 9.6850001 1e-07 0 4 823 824 825 826 
372 29.2599999 9.459999900000001 -1.000000000002735e-07 29.2600001 9.6850001 0.0150001 0 4 827 828 -829 -823 
373 29.2599999 9.684999900000001 -1.000000000002735e-07 29.4400001 9.6850001 0.0150001 0 4 830 831 -827 -826 
374 29.4399999 9.459999900000001 -1.000000000002735e-07 29.4400001 9.6850001 0.0150001 0 4 832 833 -830 -825 
375 29.2599999 9.459999900000001 -1.000000000002735e-07 29.4400001 9.4600001 0.0150001 0 4 829 834 -832 -824 
376 29.2599999 9.459999900000001 0.0149999 29.4400001 9.6850001 0.0150001 0 4 828 834 833 831 
377 24.9999999 9.120477175198001 0.4059999 25.0000001 9.329522824802 0.4210001 0 4 -835 -836 837 838 
378 24.99999989999998 9.120477175198001 0.4059999 25.0950001 9.329522824802 0.4060001 0 3 835 839 840 
379 24.99999989999998 9.120477175198165 0.4059999 25.0950001 9.225000100000042 0.4210001 0 4 -841 838 839 842 
380 24.99999989999998 9.120477175198001 0.4209999 25.0950001 9.329522824802 0.4210001 0 3 837 841 843 
381 24.99999989999996 9.2249999 0.4059999 25.0950001 9.329522824801836 0.4210001 0 4 -836 -843 -842 840 
382 25.5849999 9.819999900000001 0.4059999 25.7950001 10.00000010000025 0.4060001 0 3 844 845 846 
383 25.76348459228324 9.924999900000001 0.4059999 25.7950001 10.00000010000025 0.4210001 0 4 -847 -848 -849 844 
384 25.5849999 9.819999900000001 0.4059999 25.7950001 10.00000010000025 0.4210001 0 4 -850 851 846 849 
385 25.616515207717 9.999999900000001 0.4059999 25.763484792283 10.0000001 0.4210001 0 4 -845 -847 852 851 
386 25.5849999 9.819999900000001 0.4209999 25.7950001 10.00000010000025 0.4210001 0 3 848 852 850 
387 26.2849999 9.819999900000001 0.4059999 26.4950001 10.00000010000025 0.4060001 0 3 853 854 855 
388 26.46348459228324 9.924999900000001 0.4059999 26.4950001 10.00000010000025 0.4210001 0 4 -856 -857 -858 853 
389 26.2849999 9.819999900000001 0.4059999 26.4950001 10.00000010000025 0.4210001 0 4 -859 860 855 858 
390 26.316515207717 9.999999900000001 0.4059999 26.463484792283 10.0000001 0.4210001 0 4 -854 -856 861 860 
391 26.2849999 9.819999900000001 0.4209999 26.4950001 10.00000010000025 0.4210001 0 3 857 861 859 
392 24.99999989999998 9.470477175198001 0.4059999 25.0950001 9.679522824802 0.4060001 0 3 862 863 864 
393 24.9999999 9.470477175198001 0.4059999 25.0000001 9.679522824802 0.4210001 0 4 -862 -865 866 867 
394 24.99999989999996 9.5749999 0.4059999 25.0950001 9.679522824801836 0.4210001 0 4 -865 -868 -869 864 
395 24.99999989999998 9.470477175198164 0.4059999 25.0950001 9.575000100000041 0.4210001 0 4 -870 867 863 869 
396 24.99999989999998 9.470477175198001 0.4209999 25.0950001 9.679522824802 0.4210001 0 3 866 870 868 
397 24.99999989999998 9.820477175198 0.4059999 25.0950001 10.00000010000025 0.4060001 0 4 871 872 873 874 
398 24.9999999 9.820477175198 0.4059999 25.0000001 10.0000001 0.4210001 0 4 -871 875 876 877 
399 24.9999999 9.999999900000001 0.4059999 25.063484792283 10.0000001 0.4210001 0 4 -874 -878 879 -875 
400 25.06348459228324 9.924999900000001 0.4059999 25.0950001 10.00000010000025 0.4210001 0 4 -878 -880 -881 873 
401 24.99999989999998 9.820477175198166 0.4059999 25.0950001 9.925000100000043 0.4210001 0 4 -882 877 872 881 
402 24.99999989999998 9.820477175198 0.4209999 25.0950001 10.00000010000025 0.4210001 0 4 876 882 880 879 
403 25.2349999 9.819999900000001 0.4059999 25.4450001 10.00000010000025 0.4060001 0 3 883 884 885 
404 25.41348459228324 9.924999900000001 0.4059999 25.4450001 10.00000010000025 0.4210001 0 4 -886 -887 -888 883 
405 25.2349999 9.819999900000001 0.4059999 25.4450001 10.00000010000025 0.4210001 0 4 -889 890 885 888 
406 25.266515207717 9.999999900000001 0.4059999 25.413484792283 10.0000001 0.4210001 0 4 -884 -886 891 890 
407 25.2349999 9.819999900000001 0.4209999 25.4450001 10.00000010000025 0.4210001 0 3 887 891 889 
408 28.3169999 5.501999899999999 0.4059999 28.5570001 5.7420001 0.4060001 0 8 892 893 894 895 896 897 898 899 
409 28.5569999 5.5499999 0.4059999 28.5570001 5.6940001 0.4210001 0 4 900 901 -902 -892 
410 28.5089999 5.501999899999999 0.4059999 28.5570001 5.55000010000002 0.4210001 0 4 899 900 -903 -904 
411 28.3649999 5.501999899999999 0.4059999 28.5090001 5.5020001 0.4210001 0 4 905 906 -904 -898 
412 28.3169999 5.501999899999999 0.4059999 28.36500010000001 5.5500001 0.4210001 0 4 897 905 -907 -908 
413 28.3169999 5.5499999 0.4059999 28.3170001 5.6940001 0.4210001 0 4 909 910 -908 -896 
414 28.3169999 5.69399989999999 0.4059999 28.3650001 5.7420001 0.4210001 0 4 895 909 -911 -912 
415 28.3649999 5.7419999 0.4059999 28.5090001 5.7420001 0.4210001 0 4 913 914 -912 -894 
416 28.5089999 5.6939999 0.4059999 28.5570001 5.7420001 0.4210001 0 4 893 913 -915 -902 
417 28.3169999 5.501999899999999 0.4209999 28.5570001 5.7420001 0.4210001 0 8 901 915 914 911 910 907 906 903 
418 28.7469999 5.501999899999999 0.4059999 28.9870001 5.7420001 0.4060001 0 8 916 917 918 919 920 921 922 923 
419 28.9869999 5.5499999 0.4059999 28.9870001 5.6940001 0.4210001 0 4 924 925 -926 -916 
420 28.9389999 5.501999899999999 0.4059999 28.9870001 5.55000010000002 0.4210001 0 4 923 924 -927 -928 
421 28.7949999 5.501999899999999 0.4059999 28.9390001 5.5020001 0.4210001 0 4 929 930 -928 -922 
422 28.7469999 5.501999899999999 0.4059999 28.79500010000002 5.5500001 0.4210001 0 4 921 929 -931 -932 
423 28.7469999 5.5499999 0.4059999 28.7470001 5.6940001 0.4210001 0 4 933 934 -932 -920 
424 28.7469999 5.69399989999999 0.4059999 28.7950001 5.7420001 0.4210001 0 4 919 933 -935 -936 
425 28.7949999 5.7419999 0.4059999 28.9390001 5.7420001 0.4210001 0 4 937 938 -936 -918 
426 28.9389999 5.6939999 0.4059999 28.9870001 5.7420001 0.4210001 0 4 917 937 -939 -926 
427 28.7469999 5.501999899999999 0.4209999 28.9870001 5.7420001 0.4210001 0 8 925 939 938 935 934 931 930 927 
428 29.2169999 5.4919999 0.4059999 29.4570001 5.7320001 0.4060001 0 8 940 941 942 943 944 945 946 947 
429 29.4569999 5.5399999 0.4059999 29.4570001 5.6840001 0.4210001 0 4 948 949 -950 -940 
430 29.4089999 5.4919999 0.4059999 29.4570001 5.54000010000002 0.4210001 0 4 947 948 -951 -952 
431 29.2649999 5.4919999 0.4059999 29.4090001 5.4920001 0.4210001 0 4 953 954 -952 -946 
432 29.2169999 5.4919999 0.4059999 29.26500010000002 5.5400001 0.4210001 0 4 945 953 -955 -956 
433 29.2169999 5.5399999 0.4059999 29.2170001 5.6840001 0.4210001 0 4 957 958 -956 -944 
434 29.2169999 5.68399989999999 0.4059999 29.2650001 5.7320001 0.4210001 0 4 943 957 -959 -960 
435 29.2649999 5.7319999 0.4059999 29.4090001 5.7320001 0.4210001 0 4 961 962 -960 -942 
436 29.40899989999999 5.6839999 0.4059999 29.4570001 5.7320001 0.4210001 0 4 941 961 -963 -950 
437 29.2169999 5.4919999 0.4209999 29.4570001 5.7320001 0.4210001 0 8 949 963 962 959 958 955 954 951 
438 29.6369999 5.4919999 0.4059999 29.8770001 5.7320001 0.4060001 0 8 964 965 966 967 968 969 970 971 
439 29.8769999 5.5399999 0.4059999 29.8770001 5.6840001 0.4210001 0 4 972 973 -974 -964 
440 29.8289999 5.4919999 0.4059999 29.8770001 5.54000010000002 0.4210001 0 4 971 972 -975 -976 
441 29.6849999 5.4919999 0.4059999 29.8290001 5.4920001 0.4210001 0 4 977 978 -976 -970 
442 29.6369999 5.4919999 0.4059999 29.68500010000001 5.5400001 0.4210001 0 4 969 977 -979 -980 
443 29.6369999 5.5399999 0.4059999 29.6370001 5.6840001 0.4210001 0 4 981 982 -980 -968 
444 29.6369999 5.68399989999999 0.4059999 29.6850001 5.7320001 0.4210001 0 4 967 981 -983 -984 
445 29.6849999 5.7319999 0.4059999 29.8290001 5.7320001 0.4210001 0 4 985 986 -984 -966 
446 29.8289999 5.6839999 0.4059999 29.8770001 5.7320001 0.4210001 0 4 965 985 -987 -974 
447 29.6369999 5.4919999 0.4209999 29.8770001 5.7320001 0.4210001 0 8 973 987 986 983 982 979 978 975 
448 25.3199999 7.3799999 0.4059999 25.9400001 7.9300001 0.4060001 0 4 988 989 990 991 
449 25.3199999 7.3799999 0.4059999 25.3200001 7.9300001 0.4210001 0 4 992 993 -994 -988 
450 25.3199999 7.929999899999999 0.4059999 25.9400001 7.9300001 0.4210001 0 4 995 996 -992 -991 
451 25.9399999 7.3799999 0.4059999 25.9400001 7.9300001 0.4210001 0 4 997 998 -995 -990 
452 25.3199999 7.3799999 0.4059999 25.9400001 7.3800001 0.4210001 0 4 994 999 -997 -989 
453 25.3199999 7.3799999 0.4209999 25.9400001 7.9300001 0.4210001 0 4 993 999 998 996 
454 25.3199999 8.1899999 0.4059999 25.9400001 8.7400001 0.4060001 0 4 1000 1001 1002 1003 
455 25.3199999 8.1899999 0.4059999 25.3200001 8.7400001 0.4210001 0 4 1004 1005 -1006 -1000 
456 25.3199999 8.739999900000001 0.4059999 25.9400001 8.7400001 0.4210001 0 4 1007 1008 -1004 -1003 
457 25.9399999 8.1899999 0.4059999 25.9400001 8.7400001 0.4210001 0 4 1009 1010 -1007 -1002 
458 25.3199999 8.1899999 0.4059999 25.9400001 8.190000099999999 0.4210001 0 4 1006 1011 -1009 -1001 
459 25.3199999 8.1899999 0.4209999 25.9400001 8.7400001 0.4210001 0 4 1005 1011 1010 1008 
460 26.2599999 7.3799999 0.4059999 26.8800001 7.9300001 0.4060001 0 4 1012 1013 1014 1015 
461 26.2599999 7.3799999 0.4059999 26.2600001 7.9300001 0.4210001 0 4 1016 1017 -1018 -1012 
462 26.2599999 7.929999899999999 0.4059999 26.8800001 7.9300001 0.4210001 0 4 1019 1020 -1016 -1015 
463 26.8799999 7.3799999 0.4059999 26.8800001 7.9300001 0.4210001 0 4 1021 1022 -1019 -1014 
464 26.2599999 7.3799999 0.4059999 26.8800001 7.3800001 0.4210001 0 4 1018 1023 -1021 -1013 
465 26.2599999 7.3799999 0.4209999 26.8800001 7.9300001 0.4210001 0 4 1017 1023 1022 1020 
466 26.2599999 8.1899999 0.4059999 26.8800001 8.7400001 0.4060001 0 4 1024 1025 1026 1027 
467 26.2599999 8.1899999 0.4059999 26.2600001 8.7400001 0.4210001 0 4 1028 1029 -1030 -1024 
468 26.2599999 8.739999900000001 0.4059999 26.8800001 8.7400001 0.4210001 0 4 1031 1032 -1028 -1027 
469 26.8799999 8.1899999 0.4059999 26.8800001 8.7400001 0.4210001 0 4 1033 1034 -1031 -1026 
470 26.2599999 8.1899999 0.4059999 26.8800001 8.190000099999999 0.4210001 0 4 1030 1035 -1033 -1025 
471 26.2599999 8.1899999 0.4209999 26.8800001 8.7400001 0.4210001 0 4 1029 1035 1034 1032 
472 25.2349999 9.1199999 0.4059999 25.4450001 9.330000099999999 0.4060001 0 1 1036 
473 25.2349999 9.1199999 0.4059999 25.4450001 9.330000099999999 0.4210001 0 4 1036 1037 -1038 -1037 
474 25.2349999 9.1199999 0.4209999 25.4450001 9.330000099999999 0.4210001 0 1 1038 
475 25.5849999 9.1199999 0.4059999 25.7950001 9.330000099999999 0.4060001 0 1 1039 
476 25.5849999 9.1199999 0.4059999 25.7950001 9.330000099999999 0.4210001 0 4 1039 1040 -1041 -1040 
477 25.5849999 9.1199999 0.4209999 25.7950001 9.330000099999999 0.4210001 0 1 1041 
478 25.9349999 9.1199999 0.4059999 26.1450001 9.330000099999999 0.4060001 0 1 1042 
479 25.9349999 9.1199999 0.4059999 26.1450001 9.330000099999999 0.4210001 0 4 1042 1043 -1044 -1043 
480 25.9349999 9.1199999 0.4209999 26.1450001 9.330000099999999 0.4210001 0 1 1044 
481 26.2849999 9.1199999 0.4059999 26.4950001 9.330000099999999 0.4060001 0 1 1045 
482 26.2849999 9.1199999 0.4059999 26.4950001 9.330000099999999 0.4210001 0 4 1045 1046 -1047 -1046 
483 26.2849999 9.1199999 0.4209999 26.4950001 9.330000099999999 0.4210001 0 1 1047 
484 25.2349999 9.469999899999999 0.4059999 25.4450001 9.680000099999999 0.4060001 0 1 1048 
485 25.2349999 9.469999899999999 0.4059999 25.4450001 9.680000099999999 0.4210001 0 4 1048 1049 -1050 -1049 
486 25.2349999 9.469999899999999 0.4209999 25.4450001 9.680000099999999 0.4210001 0 1 1050 
487 25.5849999 9.469999899999999 0.4059999 25.7950001 9.680000099999999 0.4060001 0 1 1051 
488 25.5849999 9.469999899999999 0.4059999 25.7950001 9.680000099999999 0.4210001 0 4 1051 1052 -1053 -1052 
489 25.5849999 9.469999899999999 0.4209999 25.7950001 9.680000099999999 0.4210001 0 1 1053 
490 25.9349999 9.469999899999999 0.4059999 26.1450001 9.680000099999999 0.4060001 0 1 1054 
491 25.9349999 9.469999899999999 0.4059999 26.1450001 9.680000099999999 0.4210001 0 4 1054 1055 -1056 -1055 
492 25.9349999 9.469999899999999 0.4209999 26.1450001 9.680000099999999 0.4210001 0 1 1056 
493 26.2849999 9.469999899999999 0.4059999 26.4950001 9.680000099999999 0.4060001 0 1 1057 
494 26.2849999 9.469999899999999 0.4059999 26.4950001 9.680000099999999 0.4210001 0 4 1057 1058 -1059 -1058 
495 26.2849999 9.469999899999999 0.4209999 26.4950001 9.680000099999999 0.4210001 0 1 1059 
496 27.1699999 8.6999999 0.4059999 27.4100001 8.940000099999999 0.4060001 0 8 1060 1061 1062 1063 1064 1065 1066 1067 
497 27.4099999 8.7479999 0.4059999 27.4100001 8.892000099999999 0.4210001 0 4 1068 1069 -1070 -1060 
498 27.3619999 8.6999999 0.4059999 27.4100001 8.748000100000018 0.4210001 0 4 1067 1068 -1071 -1072 
499 27.2179999 8.6999999 0.4059999 27.3620001 8.700000099999999 0.4210001 0 4 1073 1074 -1072 -1066 
500 27.1699999 8.6999999 0.4059999 27.21800010000002 8.748000099999999 0.4210001 0 4 1065 1073 -1075 -1076 
501 27.1699999 8.7479999 0.4059999 27.1700001 8.892000099999999 0.4210001 0 4 1077 1078 -1076 -1064 
502 27.1699999 8.891999899999989 0.4059999 27.2180001 8.940000099999999 0.4210001 0 4 1063 1077 -1079 -1080 
503 27.2179999 8.9399999 0.4059999 27.3620001 8.940000099999999 0.4210001 0 4 1081 1082 -1080 -1062 
504 27.36199989999999 8.8919999 0.4059999 27.4100001 8.940000099999999 0.4210001 0 4 1061 1081 -1083 -1070 
505 27.1699999 8.6999999 0.4209999 27.4100001 8.940000099999999 0.4210001 0 8 1069 1083 1082 1079 1078 1075 1074 1071 
506 26.9099999 9.2249999 0.4059999 27.2600001 9.395000099999999 0.4060001 0 4 1084 1085 1086 1087 
507 26.9099999 9.2249999 0.4059999 26.9100001 9.395000099999999 0.4210001 0 4 1088 1089 -1090 -1084 
508 26.9099999 9.3949999 0.4059999 27.2600001 9.395000099999999 0.4210001 0 4 1091 1092 -1088 -1087 
509 27.2599999 9.2249999 0.4059999 27.2600001 9.395000099999999 0.4210001 0 4 1093 1094 -1091 -1086 
510 26.9099999 9.2249999 0.4059999 27.2600001 9.225000099999999 0.4210001 0 4 1090 1095 -1093 -1085 
511 26.9099999 9.2249999 0.4209999 27.2600001 9.395000099999999 0.4210001 0 4 1089 1095 1094 1092 
512 26.9099999 9.624999900000001 0.4059999 27.2600001 9.795000099999999 0.4060001 0 4 1096 1097 1098 1099 
513 26.9099999 9.624999900000001 0.4059999 26.9100001 9.795000099999999 0.4210001 0 4 1100 1101 -1102 -1096 
514 26.9099999 9.794999900000001 0.4059999 27.2600001 9.795000099999999 0.4210001 0 4 1103 1104 -1100 -1099 
515 27.2599999 9.624999900000001 0.4059999 27.2600001 9.795000099999999 0.4210001 0 4 1105 1106 -1103 -1098 
516 26.9099999 9.624999900000001 0.4059999 27.2600001 9.625000099999999 0.4210001 0 4 1102 1107 -1105 -1097 
517 26.9099999 9.624999900000001 0.4209999 27.2600001 9.795000099999999 0.4210001 0 4 1101 1107 1106 1104 
518 27.5899999 8.6999999 0.4059999 27.8300001 8.940000099999999 0.4060001 0 8 1108 1109 1110 1111 1112 1113 1114 1115 
519 27.8299999 8.7479999 0.4059999 27.8300001 8.892000099999999 0.4210001 0 4 1116 1117 -1118 -1108 
520 27.7819999 8.6999999 0.4059999 27.8300001 8.748000100000018 0.4210001 0 4 1115 1116 -1119 -1120 
521 27.6379999 8.6999999 0.4059999 27.7820001 8.700000099999999 0.4210001 0 4 1121 1122 -1120 -1114 
522 27.5899999 8.6999999 0.4059999 27.63800010000002 8.748000099999999 0.4210001 0 4 1113 1121 -1123 -1124 
523 27.5899999 8.7479999 0.4059999 27.5900001 8.892000099999999 0.4210001 0 4 1125 1126 -1124 -1112 
524 27.5899999 8.891999899999989 0.4059999 27.6380001 8.940000099999999 0.4210001 0 4 1111 1125 -1127 -1128 
525 27.6379999 8.9399999 0.4059999 27.7820001 8.940000099999999 0.4210001 0 4 1129 1130 -1128 -1110 
526 27.7819999 8.8919999 0.4059999 27.8300001 8.940000099999999 0.4210001 0 4 1109 1129 -1131 -1118 
527 27.5899999 8.6999999 0.4209999 27.8300001 8.940000099999999 0.4210001 0 8 1117 1131 1130 1127 1126 1123 1122 1119 
528 28.0599999 8.959999900000001 0.4059999 28.2400001 9.1850001 0.4060001 0 4 1132 1133 1134 1135 
529 28.0599999 8.959999900000001 0.4059999 28.0600001 9.1850001 0.4210001 0 4 1136 1137 -1138 -1132 
530 28.0599999 9.184999900000001 0.4059999 28.2400001 9.1850001 0.4210001 0 4 1139 1140 -1136 -1135 
531 28.2399999 8.959999900000001 0.4059999 28.2400001 9.1850001 0.4210001 0 4 1141 1142 -1139 -1134 
532 28.0599999 8.959999900000001 0.4059999 28.2400001 8.9600001 0.4210001 0 4 1138 1143 -1141 -1133 
533 28.0599999 8.959999900000001 0.4209999 28.2400001 9.1850001 0.4210001 0 4 1137 1143 1142 1140 
534 28.4399999 8.959999900000001 0.4059999 28.6200001 9.1850001 0.4060001 0 4 1144 1145 1146 1147 
535 28.4399999 8.959999900000001 0.4059999 28.4400001 9.1850001 0.4210001 0 4 1148 1149 -1150 -1144 
536 28.4399999 9.184999900000001 0.4059999 28.6200001 9.1850001 0.4210001 0 4 1151 1152 -1148 -1147 
537 28.6199999 8.959999900000001 0.4059999 28.6200001 9.1850001 0.4210001 0 4 1153 1154 -1151 -1146 
538 28.4399999 8.959999900000001 0.4059999 28.6200001 8.9600001 0.4210001 0 4 1150 1155 -1153 -1145 
539 28.4399999 8.959999900000001 0.4209999 28.6200001 9.1850001 0.4210001 0 4 1149 1155 1154 1152 
540 27.4599999 9.2249999 0.4059999 27.8100001 9.395000099999999 0.4060001 0 4 1156 1157 1158 1159 
541 27.4599999 9.2249999 0.4059999 27.4600001 9.395000099999999 0.4210001 0 4 1160 1161 -1162 -1156 
542 27.4599999 9.3949999 0.4059999 27.8100001 9.395000099999999 0.4210001 0 4 1163 1164 -1160 -1159 
543 27.8099999 9.2249999 0.4059999 27.8100001 9.395000099999999 0.4210001 0 4 1165 1166 -1163 -1158 
544 27.4599999 9.2249999 0.4059999 27.8100001 9.225000099999999 0.4210001 0 4 1162 1167 -1165 -1157 
545 27.4599999 9.2249999 0.4209999 27.8100001 9.395000099999999 0.4210001 0 4 1161 1167 1166 1164 
546 27.4599999 9.624999900000001 0.4059999 27.8100001 9.795000099999999 0.4060001 0 4 1168 1169 1170 1171 
547 27.4599999 9.624999900000001 0.4059999 27.4600001 9.795000099999999 0.4210001 0 4 1172 1173 -1174 -1168 
548 27.4599999 9.794999900000001 0.4059999 27.8100001 9.795000099999999 0.4210001 0 4 1175 1176 -1172 -1171 
549 27.8099999 9.624999900000001 0.4059999 27.8100001 9.795000099999999 0.4210001 0 4 1177 1178 -1175 -1170 
550 27.4599999 9.624999900000001 0.4059999 27.8100001 9.625000099999999 0.4210001 0 4 1174 1179 -1177 -1169 
551 27.4599999 9.624999900000001 0.4209999 27.8100001 9.795000099999999 0.4210001 0 4 1173 1179 1178 1176 
552 28.0599999 9.334999900000001 0.4059999 28.2400001 9.5600001 0.4060001 0 4 1180 1181 1182 1183 
553 28.0599999 9.334999900000001 0.4059999 28.0600001 9.5600001 0.4210001 0 4 1184 1185 -1186 -1180 
554 28.0599999 9.559999900000001 0.4059999 28.2400001 9.5600001 0.4210001 0 4 1187 1188 -1184 -1183 
555 28.2399999 9.334999900000001 0.4059999 28.2400001 9.5600001 0.4210001 0 4 1189 1190 -1187 -1182 
556 28.0599999 9.334999900000001 0.4059999 28.2400001 9.3350001 0.4210001 0 4 1186 1191 -1189 -1181 
557 28.0599999 9.334999900000001 0.4209999 28.2400001 9.5600001 0.4210001 0 4 1185 1191 1190 1188 
558 28.4399999 9.334999900000001 0.4059999 28.6200001 9.5600001 0.4060001 0 4 1192 1193 1194 1195 
559 28.4399999 9.334999900000001 0.4059999 28.4400001 9.5600001 0.4210001 0 4 1196 1197 -1198 -1192 
560 28.4399999 9.559999900000001 0.4059999 28.6200001 9.5600001 0.4210001 0 4 1199 1200 -1196 -1195 
561 28.6199999 9.334999900000001 0.4059999 28.6200001 9.5600001 0.4210001 0 4 1201 1202 -1199 -1194 
562 28.4399999 9.334999900000001 0.4059999 28.6200001 9.3350001 0.4210001 0 4 1198 1203 -1201 -1193 
563 28.4399999 9.334999900000001 0.4209999 28.6200001 9.5600001 0.4210001 0 4 1197 1203 1202 1200 
564 28.8199999 8.959999900000001 0.4059999 29.0000001 9.1850001 0.4060001 0 4 1204 1205 1206 1207 
565 28.8199999 8.959999900000001 0.4059999 28.8200001 9.1850001 0.4210001 0 4 1208 1209 -1210 -1204 
566 28.8199999 9.184999900000001 0.4059999 29.0000001 9.1850001 0.4210001 0 4 1211 1212 -1208 -1207 
567 28.9999999 8.959999900000001 0.4059999 29.0000001 9.1850001 0.4210001 0 4 1213 1214 -1211 -1206 
568 28.8199999 8.959999900000001 0.4059999 29.0000001 8.9600001 0.4210001 0 4 1210 1215 -1213 -1205 
569 28.8199999 8.959999900000001 0.4209999 29.0000001 9.1850001 0.4210001 0 4 1209 1215 1214 1212 
570 28.8199999 9.334999900000001 0.4059999 29.0000001 9.5600001 0.4060001 0 4 1216 1217 1218 1219 
571 28.8199999 9.334999900000001 0.4059999 28.8200001 9.5600001 0.4210001 0 4 1220 1221 -1222 -1216 
572 28.8199999 9.559999900000001 0.4059999 29.0000001 9.5600001 0.4210001 0 4 1223 1224 -1220 -1219 
573 28.9999999 9.334999900000001 0.4059999 29.0000001 9.5600001 0.4210001 0 4 1225 1226 -1223 -1218 
574 28.8199999 9.334999900000001 0.4059999 29.0000001 9.3350001 0.4210001 0 4 1222 1227 -1225 -1217 
575 28.8199999 9.334999900000001 0.4209999 29.0000001 9.5600001 0.4210001 0 4 1221 1227 1226 1224 
1 29.3699999 5.4899999 -1.000000000002735e-07 30.0000001 5.6600001 0.0150001 0 8 -1 -2 -3 4 -5 -6 -7 -8 
2 28.8799999 9.834999900000001 -1.000000000002735e-07 29.0600001 10.0000001 0.0150001 0 6 -9 -10 -11 -12 -13 14 
3 28.4999999 9.834999900000001 -1.000000000002735e-07 28.6800001 10.0000001 0.0150001 0 6 -15 -16 -17 -18 -19 20 
4 29.2599999 9.834999900000001 -1.000000000002735e-07 29.4400001 10.0000001 0.0150001 0 6 -21 -22 -23 -24 -25 26 
5 29.9299999 6.6599999 -1.000000000002735e-07 30.0000001 6.900000100000001 0.0150001 0 8 -27 -28 29 -30 31 -32 -33 34 
6 29.3699999 6.0899999 -1.000000000002735e-07 30.0000001 6.2600001 0.0150001 0 8 -35 -36 -37 -38 -39 -40 -41 42 
7 25.1059999 6.1749999 -1.000000000002735e-07 25.3060001 6.4750001 0.0150001 0 6 -43 -44 -45 -46 -47 48 
8 25.5809999 6.174999899999999 -1.000000000002735e-07 25.7810001 6.525000100000001 0.0150001 0 6 -49 -50 -51 -52 -53 54 
9 26.0559999 6.174999899999999 -1.000000000002735e-07 26.2560001 6.525000100000001 0.0150001 0 6 -55 -56 -57 -58 -59 60 
10 26.5309999 6.174999899999999 -1.000000000002735e-07 26.7310001 6.525000100000001 0.0150001 0 6 -61 -62 -63 -64 -65 66 
11 27.0059999 6.1749999 -1.000000000002735e-07 27.2060001 6.4750001 0.0150001 0 6 -67 -68 -69 -70 -71 72 
12 28.5199999 5.349999899999999 -1.000000000002735e-07 28.7600001 5.5900001 0.0150001 0 10 -73 -74 75 -76 77 -78 79 -80 81 82 
13 27.4809999 6.1749999 -1.000000000002735e-07 27.6810001 6.4750001 0.0150001 0 6 -83 -84 -85 -86 -87 88 
14 28.5199999 5.8199999 -1.000000000002735e-07 28.7600001 6.0600001 0.0150001 0 10 -89 -90 91 -92 93 -94 95 -96 97 98 
15 28.5199999 6.2899999 -1.000000000002735e-07 28.7600001 6.530000100000001 0.0150001 0 10 -99 -100 101 -102 103 -104 105 -106 107 108 
16 28.9399999 5.349999899999999 -1.000000000002735e-07 29.1800001 5.5900001 0.0150001 0 10 -109 -110 111 -112 113 -114 115 -116 117 118 
17 28.9399999 5.8199999 -1.000000000002735e-07 29.1800001 6.0600001 0.0150001 0 10 -119 -120 121 -122 123 -124 125 -126 127 128 
18 28.9399999 6.2899999 -1.000000000002735e-07 29.1800001 6.530000100000001 0.0150001 0 10 -129 -130 131 -132 133 -134 135 -136 137 138 
19 27.3559999 6.7049999 -1.000000000002735e-07 27.7060001 6.945000100000001 0.0150001 0 6 -139 -140 -141 -142 -143 144 
20 28.0699999 6.3999999 -1.000000000002735e-07 28.3100001 6.6400001 0.0150001 0 10 -145 -146 147 -148 149 -150 151 -152 153 154 
21 28.0699999 6.8199999 -1.000000000002735e-07 28.3100001 7.0600001 0.0150001 0 10 -155 -156 157 -158 159 -160 161 -162 163 164 
22 27.3559999 7.2049999 -1.000000000002735e-07 27.7060001 7.445000100000001 0.0150001 0 6 -165 -166 -167 -168 -169 170 
23 28.0699999 7.229999899999999 -1.000000000002735e-07 28.3100001 7.4700001 0.0150001 0 10 -171 -172 173 -174 175 -176 177 -178 179 180 
24 29.5099999 6.6599999 -1.000000000002735e-07 29.7500001 6.900000100000001 0.0150001 0 10 -181 -182 183 -184 185 -186 187 -188 189 190 
25 25.1059999 8.174999900000001 -1.000000000002735e-07 25.3060001 8.475000099999999 0.0150001 0 6 -191 -192 -193 -194 -195 196 
26 25.5809999 8.124999900000001 -1.000000000002735e-07 25.7810001 8.475000099999999 0.0150001 0 6 -197 -198 -199 -200 -201 202 
27 26.0559999 8.124999900000001 -1.000000000002735e-07 26.2560001 8.475000099999999 0.0150001 0 6 -203 -204 -205 -206 -207 208 
28 26.5309999 8.124999900000001 -1.000000000002735e-07 26.7310001 8.475000099999999 0.0150001 0 6 -209 -210 -211 -212 -213 214 
29 27.0059999 8.174999900000001 -1.000000000002735e-07 27.2060001 8.475000099999999 0.0150001 0 6 -215 -216 -217 -218 -219 220 
30 26.4699999 9.3499999 -1.000000000002735e-07 26.7100001 9.590000099999999 0.0150001 0 10 -221 -222 223 -224 225 -226 227 -228 229 230 
31 26.8899999 9.3499999 -1.000000000002735e-07 27.1300001 9.590000099999999 0.0150001 0 10 -231 -232 233 -234 235 -236 237 -238 239 240 
32 27.3559999 7.7049999 -1.000000000002735e-07 27.7060001 7.945000100000001 0.0150001 0 6 -241 -242 -243 -244 -245 246 
33 28.0699999 7.6499999 -1.000000000002735e-07 28.3100001 7.8900001 0.0150001 0 10 -247 -248 249 -250 251 -252 253 -254 255 256 
34 28.5299999 7.5249999 -1.000000000002735e-07 28.8800001 7.695000100000001 0.0150001 0 6 -257 -258 -259 -260 -261 262 
35 28.5299999 7.9249999 -1.000000000002735e-07 28.8800001 8.0950001 0.0150001 0 6 -263 -264 -265 -266 -267 268 
36 27.4809999 8.174999900000001 -1.000000000002735e-07 27.6810001 8.475000099999999 0.0150001 0 6 -269 -270 -271 -272 -273 274 
37 28.5299999 8.3249999 -1.000000000002735e-07 28.8800001 8.495000099999999 0.0150001 0 6 -275 -276 -277 -278 -279 280 
38 29.0799999 7.5249999 -1.000000000002735e-07 29.4300001 7.695000100000001 0.0150001 0 6 -281 -282 -283 -284 -285 286 
39 29.0799999 7.9249999 -1.000000000002735e-07 29.4300001 8.0950001 0.0150001 0 6 -287 -288 -289 -290 -291 292 
40 29.0799999 8.3249999 -1.000000000002735e-07 29.4300001 8.495000099999999 0.0150001 0 6 -293 -294 -295 -296 -297 298 
41 29.6449999 8.0199999 -1.000000000002735e-07 29.8850001 8.260000099999999 0.0150001 0 10 -299 -300 301 -302 303 -304 305 -306 307 308 
42 29.6449999 8.4399999 -1.000000000002735e-07 29.8850001 8.680000099999999 0.0150001 0 10 -309 -310 311 -312 313 -314 315 -316 317 318 
43 28.1199999 8.774999900000001 -1.000000000002735e-07 28.3600001 9.0150001 0.0150001 0 10 -319 -320 321 -322 323 -324 325 -326 327 328 
44 28.5399999 8.774999900000001 -1.000000000002735e-07 28.7800001 9.0150001 0.0150001 0 10 -329 -330 331 -332 333 -334 335 -336 337 338 
45 28.4999999 9.459999900000001 -1.000000000002735e-07 28.6800001 9.6850001 0.0150001 0 6 -339 -340 -341 -342 -343 344 
46 29.2449999 8.874999900000001 -1.000000000002735e-07 29.4850001 9.1150001 0.0150001 0 10 -345 -346 347 -348 349 -350 351 -352 353 354 
47 29.6649999 8.874999900000001 -1.000000000002735e-07 29.9050001 9.1150001 0.0150001 0 10 -355 -356 357 -358 359 -360 361 -362 363 364 
48 28.8799999 9.459999900000001 -1.000000000002735e-07 29.0600001 9.6850001 0.0150001 0 6 -365 -366 -367 -368 -369 370 
49 29.2599999 9.459999900000001 -1.000000000002735e-07 29.4400001 9.6850001 0.0150001 0 6 -371 -372 -373 -374 -375 376 
50 24.99999989999996 9.120477175198001 0.4059999 25.0950001 9.329522824802 0.4210001 0 5 -377 -378 379 380 381 
51 25.5849999 9.819999900000001 0.4059999 25.7950001 10.00000010000025 0.4210001 0 5 -382 383 384 -385 386 
52 26.2849999 9.819999900000001 0.4059999 26.4950001 10.00000010000025 0.4210001 0 5 -387 388 389 -390 391 
53 24.99999989999996 9.470477175198001 0.4059999 25.0950001 9.679522824802 0.4210001 0 5 -392 -393 394 395 396 
54 24.99999989999998 9.820477175198 0.4059999 25.0950001 10.00000010000025 0.4210001 0 6 -397 -398 -399 400 401 402 
55 25.2349999 9.819999900000001 0.4059999 25.4450001 10.00000010000025 0.4210001 0 5 -403 404 405 -406 407 
56 28.3169999 5.501999899999999 0.4059999 28.5570001 5.7420001 0.4210001 0 10 -408 -409 410 -411 412 -413 414 -415 416 417 
57 28.7469999 5.501999899999999 0.4059999 28.9870001 5.7420001 0.4210001 0 10 -418 -419 420 -421 422 -423 424 -425 426 427 
58 29.2169999 5.4919999 0.4059999 29.4570001 5.7320001 0.4210001 0 10 -428 -429 430 -431 432 -433 434 -435 436 437 
59 29.6369999 5.4919999 0.4059999 29.8770001 5.7320001 0.4210001 0 10 -438 -439 440 -441 442 -443 444 -445 446 447 
60 25.3199999 7.3799999 0.4059999 25.9400001 7.9300001 0.4210001 0 6 -448 -449 -450 -451 -452 453 
61 25.3199999 8.1899999 0.4059999 25.9400001 8.7400001 0.4210001 0 6 -454 -455 -456 -457 -458 459 
62 26.2599999 7.3799999 0.4059999 26.8800001 7.9300001 0.4210001 0 6 -460 -461 -462 -463 -464 465 
63 26.2599999 8.1899999 0.4059999 26.8800001 8.7400001 0.4210001 0 6 -466 -467 -468 -469 -470 471 
64 25.2349999 9.1199999 0.4059999 25.4450001 9.330000099999999 0.4210001 0 3 -472 473 474 
65 25.5849999 9.1199999 0.4059999 25.7950001 9.330000099999999 0.4210001 0 3 -475 476 477 
66 25.9349999 9.1199999 0.4059999 26.1450001 9.330000099999999 0.4210001 0 3 -478 479 480 
67 26.2849999 9.1199999 0.4059999 26.4950001 9.330000099999999 0.4210001 0 3 -481 482 483 
68 25.2349999 9.469999899999999 0.4059999 25.4450001 9.680000099999999 0.4210001 0 3 -484 485 486 
69 25.5849999 9.469999899999999 0.4059999 25.7950001 9.680000099999999 0.4210001 0 3 -487 488 489 
70 25.9349999 9.469999899999999 0.4059999 26.1450001 9.680000099999999 0.4210001 0 3 -490 491 492 
71 26.2849999 9.469999899999999 0.4059999 26.4950001 9.680000099999999 0.4210001 0 3 -493 494 495 
72 27.1699999 8.6999999 0.4059999 27.4100001 8.940000099999999 0.4210001 0 10 -496 -497 498 -499 500 -501 502 -503 504 505 
73 26.9099999 9.2249999 0.4059999 27.2600001 9.395000099999999 0.4210001 0 6 -506 -507 -508 -509 -510 511 
74 26.9099999 9.624999900000001 0.4059999 27.2600001 9.795000099999999 0.4210001 0 6 -512 -513 -514 -515 -516 517 
75 27.5899999 8.6999999 0.4059999 27.8300001 8.940000099999999 0.4210001 0 10 -518 -519 520 -521 522 -523 524 -525 526 527 
76 28.0599999 8.959999900000001 0.4059999 28.2400001 9.1850001 0.4210001 0 6 -528 -529 -530 -531 -532 533 
77 28.4399999 8.959999900000001 0.4059999 28.6200001 9.1850001 0.4210001 0 6 -534 -535 -536 -537 -538 539 
78 27.4599999 9.2249999 0.4059999 27.8100001 9.395000099999999 0.4210001 0 6 -540 -541 -542 -543 -544 545 
79 27.4599999 9.624999900000001 0.4059999 27.8100001 9.795000099999999 0.4210001 0 6 -546 -547 -548 -549 -550 551 
80 28.0599999 9.334999900000001 0.4059999 28.2400001 9.5600001 0.4210001 0 6 -552 -553 -554 -555 -556 557 
81 28.4399999 9.334999900000001 0.4059999 28.6200001 9.5600001 0.4210001 0 6 -558 -559 -560 -561 -562 563 
82 28.8199999 8.959999900000001 0.4059999 29.0000001 9.1850001 0.4210001 0 6 -564 -565 -566 -567 -568 569 
83 28.8199999 9.334999900000001 0.4059999 29.0000001 9.5600001 0.4210001 0 6 -570 -571 -572 -573 -574 575 
$EndEntities
$Nodes
2703 4103 1 4103
0 1 0 1
1
30 5.49 0
0 2 0 1
2
30 5.66 0
0 3 0 1
3
30 5.49 0.015
0 4 0 1
4
30 5.66 0.015
0 5 0 1
5
29.77 5.49 0
0 6 0 1
6
29.77 5.66 0
0 7 0 1
7
29.37 5.66 0
0 8 0 1
8
29.37 5.49 0
0 9 0 1
9
29.77 5.66 0.015
0 10 0 1
10
29.77 5.49 0.015
0 11 0 1
11
29.37 5.66 0.015
0 12 0 1
12
29.37 5.49 0.015
0 13 0 1
13
29.06 10 0
0 14 0 1
14
28.88 10 0
0 15 0 1
15
28.88 9.835000000000001 0
0 16 0 1
16
29.06 9.835000000000001 0
0 17 0 1
17
29.06 10 0.015
0 18 0 1
18
28.88 10 0.015
0 19 0 1
19
29.06 9.835000000000001 0.015
0 20 0 1
20
28.88 9.835000000000001 0.015
0 21 0 1
21
28.68 10 0
0 22 0 1
22
28.5 10 0
0 23 0 1
23
28.5 9.835000000000001 0
0 24 0 1
24
28.68 9.835000000000001 0
0 25 0 1
25
28.68 10 0.015
0 26 0 1
26
28.5 10 0.015
0 27 0 1
27
28.68 9.835000000000001 0.015
0 28 0 1
28
28.5 9.835000000000001 0.015
0 29 0 1
29
29.44 10 0
0 30 0 1
30
29.26 10 0
0 31 0 1
31
29.26 9.835000000000001 0
0 32 0 1
32
29.44 9.835000000000001 0
0 33 0 1
33
29.44 10 0.015
0 34 0 1
34
29.26 10 0.015
0 35 0 1
35
29.44 9.835000000000001 0.015
0 36 0 1
36
29.26 9.835000000000001 0.015
0 37 0 1
37
29.978 6.66 0
0 38 0 1
38
30 6.66 0
0 39 0 1
39
30 6.9 0
0 40 0 1
40
29.978 6.9 0
0 41 0 1
41
29.93 6.852 0
0 42 0 1
42
29.93 6.708 0
0 43 0 1
43
29.978 6.66 0.015
0 44 0 1
44
30 6.66 0.015
0 45 0 1
45
29.93 6.708 0.015
0 46 0 1
46
29.93 6.852 0.015
0 47 0 1
47
29.978 6.9 0.015
0 48 0 1
48
30 6.9 0.015
0 49 0 1
49
29.77 6.09 0
0 50 0 1
50
30 6.09 0
0 51 0 1
51
30 6.26 0
0 52 0 1
52
29.77 6.26 0
0 53 0 1
53
29.37 6.26 0
0 54 0 1
54
29.37 6.09 0
0 55 0 1
55
29.77 6.09 0.015
0 56 0 1
56
30 6.09 0.015
0 57 0 1
57
29.37 6.09 0.015
0 58 0 1
58
29.37 6.26 0.015
0 59 0 1
59
29.77 6.26 0.015
0 60 0 1
60
30 6.26 0.015
0 61 0 1
61
25.106 6.475 0
0 62 0 1
62
25.106 6.175 0
0 63 0 1
63
25.306 6.175 0
0 64 0 1
64
25.306 6.475 0
0 65 0 1
65
25.106 6.475 0.015
0 66 0 1
66
25.106 6.175 0.015
0 67 0 1
67
25.306 6.475 0.015
0 68 0 1
68
25.306 6.175 0.015
0 69 0 1
69
25.581 6.525 0
0 70 0 1
70
25.581 6.175 0
0 71 0 1
71
25.781 6.175 0
0 72 0 1
72
25.781 6.525 0
0 73 0 1
73
25.581 6.525 0.015
0 74 0 1
74
25.581 6.175 0.015
0 75 0 1
75
25.781 6.525 0.015
0 76 0 1
76
25.781 6.175 0.015
0 77 0 1
77
26.056 6.525 0
0 78 0 1
78
26.056 6.175 0
0 79 0 1
79
26.256 6.175 0
0 80 0 1
80
26.256 6.525 0
0 81 0 1
81
26.056 6.525 0.015
0 82 0 1
82
26.056 6.175 0.015
0 83 0 1
83
26.256 6.525 0.015
0 84 0 1
84
26.256 6.175 0.015
0 85 0 1
85
26.531 6.525 0
0 86 0 1
86
26.531 6.175 0
0 87 0 1
87
26.731 6.175 0
0 88 0 1
88
26.731 6.525 0
0 89 0 1
89
26.531 6.525 0.015
0 90 0 1
90
26.531 6.175 0.015
0 91 0 1
91
26.731 6.525 0.015
0 92 0 1
92
26.731 6.175 0.015
0 93 0 1
93
27.006 6.475 0
0 94 0 1
94
27.006 6.175 0
0 95 0 1
95
27.206 6.175 0
0 96 0 1
96
27.206 6.475 0
0 97 0 1
97
27.006 6.475 0.015
0 98 0 1
98
27.006 6.175 0.015
0 99 0 1
99
27.206 6.475 0.015
0 100 0 1
100
27.206 6.175 0.015
0 101 0 1
101
28.76 5.398 0
0 102 0 1
102
28.76 5.542 0
0 103 0 1
103
28.712 5.59 0
0 104 0 1
104
28.568 5.59 0
0 105 0 1
105
28.52 5.542 0
0 106 0 1
106
28.52 5.398 0
0 107 0 1
107
28.568 5.35 0
0 108 0 1
108
28.712 5.35 0
0 109 0 1
109
28.76 5.398 0.015
0 110 0 1
110
28.76 5.542 0.015
0 111 0 1
111
28.712 5.35 0.015
0 112 0 1
112
28.568 5.35 0.015
0 113 0 1
113
28.52 5.398 0.015
0 114 0 1
114
28.52 5.542 0.015
0 115 0 1
115
28.568 5.59 0.015
0 116 0 1
116
28.712 5.59 0.015
0 117 0 1
117
27.481 6.475 0
0 118 0 1
118
27.481 6.175 0
0 119 0 1
119
27.681 6.175 0
0 120 0 1
120
27.681 6.475 0
0 121 0 1
121
27.481 6.475 0.015
0 122 0 1
122
27.481 6.175 0.015
0 123 0 1
123
27.681 6.475 0.015
0 124 0 1
124
27.681 6.175 0.015
0 125 0 1
125
28.76 5.868 0
0 126 0 1
126
28.76 6.012 0
0 127 0 1
127
28.712 6.06 0
0 128 0 1
128
28.568 6.06 0
0 129 0 1
129
28.52 6.012 0
0 130 0 1
130
28.52 5.868 0
0 131 0 1
131
28.568 5.82 0
0 132 0 1
132
28.712 5.82 0
0 133 0 1
133
28.76 5.868 0.015
0 134 0 1
134
28.76 6.012 0.015
0 135 0 1
135
28.712 5.82 0.015
0 136 0 1
136
28.568 5.82 0.015
0 137 0 1
137
28.52 5.868 0.015
0 138 0 1
138
28.52 6.012 0.015
0 139 0 1
139
28.568 6.06 0.015
0 140 0 1
140
28.712 6.06 0.015
0 141 0 1
141
28.76 6.338 0
0 142 0 1
142
28.76 6.482 0
0 143 0 1
143
28.712 6.53 0
0 144 0 1
144
28.568 6.53 0
0 145 0 1
145
28.52 6.482 0
0 146 0 1
146
28.52 6.338 0
0 147 0 1
147
28.568 6.29 0
0 148 0 1
148
28.712 6.29 0
0 149 0 1
149
28.76 6.338 0.015
0 150 0 1
150
28.76 6.482 0.015
0 151 0 1
151
28.712 6.29 0.015
0 152 0 1
152
28.568 6.29 0.015
0 153 0 1
153
28.52 6.338 0.015
0 154 0 1
154
28.52 6.482 0.015
0 155 0 1
155
28.568 6.53 0.015
0 156 0 1
156
28.712 6.53 0.015
0 157 0 1
157
29.18 5.398 0
0 158 0 1
158
29.18 5.542 0
0 159 0 1
159
29.132 5.59 0
0 160 0 1
160
28.988 5.59 0
0 161 0 1
161
28.94 5.542 0
0 162 0 1
162
28.94 5.398 0
0 163 0 1
163
28.988 5.35 0
0 164 0 1
164
29.132 5.35 0
0 165 0 1
165
29.18 5.398 0.015
0 166 0 1
166
29.18 5.542 0.015
0 167 0 1
167
29.132 5.35 0.015
0 168 0 1
168
28.988 5.35 0.015
0 169 0 1
169
28.94 5.398 0.015
0 170 0 1
170
28.94 5.542 0.015
0 171 0 1
171
28.988 5.59 0.015
0 172 0 1
172
29.132 5.59 0.015
0 173 0 1
173
29.18 5.868 0
0 174 0 1
174
29.18 6.012 0
0 175 0 1
175
29.132 6.06 0
0 176 0 1
176
28.988 6.06 0
0 177 0 1
177
28.94 6.012 0
0 178 0 1
178
28.94 5.868 0
0 179 0 1
179
28.988 5.82 0
0 180 0 1
180
29.132 5.82 0
0 181 0 1
181
29.18 5.868 0.015
0 182 0 1
182
29.18 6.012 0.015
0 183 0 1
183
29.132 5.82 0.015
0 184 0 1
184
28.988 5.82 0.015
0 185 0 1
185
28.94 5.868 0.015
0 186 0 1
186
28.94 6.012 0.015
0 187 0 1
187
28.988 6.06 0.015
0 188 0 1
188
29.132 6.06 0.015
0 189 0 1
189
29.18 6.338 0
0 190 0 1
190
29.18 6.482 0
0 191 0 1
191
29.132 6.53 0
0 192 0 1
192
28.988 6.53 0
0 193 0 1
193
28.94 6.482 0
0 194 0 1
194
28.94 6.338 0
0 195 0 1
195
28.988 6.29 0
0 196 0 1
196
29.132 6.29 0
0 197 0 1
197
29.18 6.338 0.015
0 198 0 1
198
29.18 6.482 0.015
0 199 0 1
199
29.132 6.29 0.015
0 200 0 1
200
28.988 6.29 0.015
0 201 0 1
201
28.94 6.338 0.015
0 202 0 1
202
28.94 6.482 0.015
0 203 0 1
203
28.988 6.53 0.015
0 204 0 1
204
29.132 6.53 0.015
0 205 0 1
205
27.356 6.945 0
0 206 0 1
206
27.356 6.705 0
0 207 0 1
207
27.706 6.705 0
0 208 0 1
208
27.706 6.945 0
0 209 0 1
209
27.356 6.945 0.015
0 210 0 1
210
27.356 6.705 0.015
0 211 0 1
211
27.706 6.945 0.015
0 212 0 1
212
27.706 6.705 0.015
0 213 0 1
213
28.31 6.448 0
0 214 0 1
214
28.31 6.592 0
0 215 0 1
215
28.262 6.64 0
0 216 0 1
216
28.118 6.64 0
0 217 0 1
217
28.07 6.592 0
0 218 0 1
218
28.07 6.448 0
0 219 0 1
219
28.118 6.4 0
0 220 0 1
220
28.262 6.4 0
0 221 0 1
221
28.31 6.448 0.015
0 222 0 1
222
28.31 6.592 0.015
0 223 0 1
223
28.262 6.4 0.015
0 224 0 1
224
28.118 6.4 0.015
0 225 0 1
225
28.07 6.448 0.015
0 226 0 1
226
28.07 6.592 0.015
0 227 0 1
227
28.118 6.64 0.015
0 228 0 1
228
28.262 6.64 0.015
0 229 0 1
229
28.31 6.868 0
0 230 0 1
230
28.31 7.012 0
0 231 0 1
231
28.262 7.06 0
0 232 0 1
232
28.118 7.06 0
0 233 0 1
233
28.07 7.012 0
0 234 0 1
234
28.07 6.868 0
0 235 0 1
235
28.118 6.82 0
0 236 0 1
236
28.262 6.82 0
0 237 0 1
237
28.31 6.868 0.015
0 238 0 1
238
28.31 7.012 0.015
0 239 0 1
239
28.262 6.82 0.015
0 240 0 1
240
28.118 6.82 0.015
0 241 0 1
241
28.07 6.868 0.015
0 242 0 1
242
28.07 7.012 0.015
0 243 0 1
243
28.118 7.06 0.015
0 244 0 1
244
28.262 7.06 0.015
0 245 0 1
245
27.356 7.445 0
0 246 0 1
246
27.356 7.205 0
0 247 0 1
247
27.706 7.205 0
0 248 0 1
248
27.706 7.445 0
0 249 0 1
249
27.356 7.445 0.015
0 250 0 1
250
27.356 7.205 0.015
0 251 0 1
251
27.706 7.445 0.015
0 252 0 1
252
27.706 7.205 0.015
0 253 0 1
253
28.31 7.278 0
0 254 0 1
254
28.31 7.422 0
0 255 0 1
255
28.262 7.47 0
0 256 0 1
256
28.118 7.47 0
0 257 0 1
257
28.07 7.422 0
0 258 0 1
258
28.07 7.278 0
0 259 0 1
259
28.118 7.23 0
0 260 0 1
260
28.262 7.23 0
0 261 0 1
261
28.31 7.278 0.015
0 262 0 1
262
28.31 7.422 0.015
0 263 0 1
263
28.262 7.23 0.015
0 264 0 1
264
28.118 7.23 0.015
0 265 0 1
265
28.07 7.278 0.015
0 266 0 1
266
28.07 7.422 0.015
0 267 0 1
267
28.118 7.47 0.015
0 268 0 1
268
28.262 7.47 0.015
0 269 0 1
269
29.75 6.708 0
0 270 0 1
270
29.75 6.852 0
0 271 0 1
271
29.702 6.9 0
0 272 0 1
272
29.558 6.9 0
0 273 0 1
273
29.51 6.852 0
0 274 0 1
274
29.51 6.708 0
0 275 0 1
275
29.558 6.66 0
0 276 0 1
276
29.702 6.66 0
0 277 0 1
277
29.75 6.708 0.015
0 278 0 1
278
29.75 6.852 0.015
0 279 0 1
279
29.702 6.66 0.015
0 280 0 1
280
29.558 6.66 0.015
0 281 0 1
281
29.51 6.708 0.015
0 282 0 1
282
29.51 6.852 0.015
0 283 0 1
283
29.558 6.9 0.015
0 284 0 1
284
29.702 6.9 0.015
0 285 0 1
285
25.106 8.475 0
0 286 0 1
286
25.106 8.175000000000001 0
0 287 0 1
287
25.306 8.175000000000001 0
0 288 0 1
288
25.306 8.475 0
0 289 0 1
289
25.106 8.475 0.015
0 290 0 1
290
25.106 8.175000000000001 0.015
0 291 0 1
291
25.306 8.475 0.015
0 292 0 1
292
25.306 8.175000000000001 0.015
0 293 0 1
293
25.581 8.475 0
0 294 0 1
294
25.581 8.125 0
0 295 0 1
295
25.781 8.125 0
0 296 0 1
296
25.781 8.475 0
0 297 0 1
297
25.581 8.475 0.015
0 298 0 1
298
25.581 8.125 0.015
0 299 0 1
299
25.781 8.475 0.015
0 300 0 1
300
25.781 8.125 0.015
0 301 0 1
301
26.056 8.475 0
0 302 0 1
302
26.056 8.125 0
0 303 0 1
303
26.256 8.125 0
0 304 0 1
304
26.256 8.475 0
0 305 0 1
305
26.056 8.475 0.015
0 306 0 1
306
26.056 8.125 0.015
0 307 0 1
307
26.256 8.475 0.015
0 308 0 1
308
26.256 8.125 0.015
0 309 0 1
309
26.531 8.475 0
0 310 0 1
310
26.531 8.125 0
0 311 0 1
311
26.731 8.125 0
0 312 0 1
312
26.731 8.475 0
0 313 0 1
313
26.531 8.475 0.015
0 314 0 1
314
26.531 8.125 0.015
0 315 0 1
315
26.731 8.475 0.015
0 316 0 1
316
26.731 8.125 0.015
0 317 0 1
317
27.006 8.475 0
0 318 0 1
318
27.006 8.175000000000001 0
0 319 0 1
319
27.206 8.175000000000001 0
0 320 0 1
320
27.206 8.475 0
0 321 0 1
321
27.006 8.475 0.015
0 322 0 1
322
27.006 8.175000000000001 0.015
0 323 0 1
323
27.206 8.475 0.015
0 324 0 1
324
27.206 8.175000000000001 0.015
0 325 0 1
325
26.71 9.398 0
0 326 0 1
326
26.71 9.542 0
0 327 0 1
327
26.662 9.59 0
0 328 0 1
328
26.518 9.59 0
0 329 0 1
329
26.47 9.542 0
0 330 0 1
330
26.47 9.398 0
0 331 0 1
331
26.518 9.35 0
0 332 0 1
332
26.662 9.35 0
0 333 0 1
333
26.71 9.398 0.015
0 334 0 1
334
26.71 9.542 0.015
0 335 0 1
335
26.662 9.35 0.015
0 336 0 1
336
26.518 9.35 0.015
0 337 0 1
337
26.47 9.398 0.015
0 338 0 1
338
26.47 9.542 0.015
0 339 0 1
339
26.518 9.59 0.015
0 340 0 1
340
26.662 9.59 0.015
0 341 0 1
341
27.13 9.398 0
0 342 0 1
342
27.13 9.542 0
0 343 0 1
343
27.082 9.59 0
0 344 0 1
344
26.938 9.59 0
0 345 0 1
345
26.89 9.542 0
0 346 0 1
346
26.89 9.398 0
0 347 0 1
347
26.938 9.35 0
0 348 0 1
348
27.082 9.35 0
0 349 0 1
349
27.13 9.398 0.015
0 350 0 1
350
27.13 9.542 0.015
0 351 0 1
351
27.082 9.35 0.015
0 352 0 1
352
26.938 9.35 0.015
0 353 0 1
353
26.89 9.398 0.015
0 354 0 1
354
26.89 9.542 0.015
0 355 0 1
355
26.938 9.59 0.015
0 356 0 1
356
27.082 9.59 0.015
0 357 0 1
357
27.356 7.945 0
0 358 0 1
358
27.356 7.705 0
0 359 0 1
359
27.706 7.705 0
0 360 0 1
360
27.706 7.945 0
0 361 0 1
361
27.356 7.945 0.015
0 362 0 1
362
27.356 7.705 0.015
0 363 0 1
363
27.706 7.945 0.015
0 364 0 1
364
27.706 7.705 0.015
0 365 0 1
365
28.31 7.698 0
0 366 0 1
366
28.31 7.842 0
0 367 0 1
367
28.262 7.89 0
0 368 0 1
368
28.118 7.89 0
0 369 0 1
369
28.07 7.842 0
0 370 0 1
370
28.07 7.698 0
0 371 0 1
371
28.118 7.65 0
0 372 0 1
372
28.262 7.65 0
0 373 0 1
373
28.31 7.698 0.015
0 374 0 1
374
28.31 7.842 0.015
0 375 0 1
375
28.262 7.65 0.015
0 376 0 1
376
28.118 7.65 0.015
0 377 0 1
377
28.07 7.698 0.015
0 378 0 1
378
28.07 7.842 0.015
0 379 0 1
379
28.118 7.89 0.015
0 380 0 1
380
28.262 7.89 0.015
0 381 0 1
381
28.53 7.695 0
0 382 0 1
382
28.53 7.525 0
0 383 0 1
383
28.88 7.525 0
0 384 0 1
384
28.88 7.695 0
0 385 0 1
385
28.53 7.695 0.015
0 386 0 1
386
28.53 7.525 0.015
0 387 0 1
387
28.88 7.695 0.015
0 388 0 1
388
28.88 7.525 0.015
0 389 0 1
389
28.53 8.095000000000001 0
0 390 0 1
390
28.53 7.925 0
0 391 0 1
391
28.88 7.925 0
0 392 0 1
392
28.88 8.095000000000001 0
0 393 0 1
393
28.53 8.095000000000001 0.015
0 394 0 1
394
28.53 7.925 0.015
0 395 0 1
395
28.88 8.095000000000001 0.015
0 396 0 1
396
28.88 7.925 0.015
0 397 0 1
397
27.481 8.475 0
0 398 0 1
398
27.481 8.175000000000001 0
0 399 0 1
399
27.681 8.175000000000001 0
0 400 0 1
400
27.681 8.475 0
0 401 0 1
401
27.481 8.475 0.015
0 402 0 1
402
27.481 8.175000000000001 0.015
0 403 0 1
403
27.681 8.475 0.015
0 404 0 1
404
27.681 8.175000000000001 0.015
0 405 0 1
405
28.53 8.494999999999999 0
0 406 0 1
406
28.53 8.324999999999999 0
0 407 0 1
407
28.88 8.324999999999999 0
0 408 0 1
408
28.88 8.494999999999999 0
0 409 0 1
409
28.53 8.494999999999999 0.015
0 410 0 1
410
28.53 8.324999999999999 0.015
0 411 0 1
411
28.88 8.494999999999999 0.015
0 412 0 1
412
28.88 8.324999999999999 0.015
0 413 0 1
413
29.08 7.695 0
0 414 0 1
414
29.08 7.525 0
0 415 0 1
415
29.43 7.525 0
0 416 0 1
416
29.43 7.695 0
0 417 0 1
417
29.08 7.695 0.015
0 418 0 1
418
29.08 7.525 0.015
0 419 0 1
419
29.43 7.695 0.015
0 420 0 1
420
29.43 7.525 0.015
0 421 0 1
421
29.08 8.095000000000001 0
0 422 0 1
422
29.08 7.925 0
0 423 0 1
423
29.43 7.925 0
0 424 0 1
424
29.43 8.095000000000001 0
0 425 0 1
425
29.08 8.095000000000001 0.015
0 426 0 1
426
29.08 7.925 0.015
0 427 0 1
427
29.43 8.095000000000001 0.015
0 428 0 1
428
29.43 7.925 0.015
0 429 0 1
429
29.08 8.494999999999999 0
0 430 0 1
430
29.08 8.324999999999999 0
0 431 0 1
431
29.43 8.324999999999999 0
0 432 0 1
432
29.43 8.494999999999999 0
0 433 0 1
433
29.08 8.494999999999999 0.015
0 434 0 1
434
29.08 8.324999999999999 0.015
0 435 0 1
435
29.43 8.494999999999999 0.015
0 436 0 1
436
29.43 8.324999999999999 0.015
0 437 0 1
437
29.885 8.068 0
0 438 0 1
438
29.885 8.212 0
0 439 0 1
439
29.837 8.26 0
0 440 0 1
440
29.693 8.26 0
0 441 0 1
441
29.645 8.212 0
0 442 0 1
442
29.645 8.068 0
0 443 0 1
443
29.693 8.02 0
0 444 0 1
444
29.837 8.02 0
0 445 0 1
445
29.885 8.068 0.015
0 446 0 1
446
29.885 8.212 0.015
0 447 0 1
447
29.837 8.02 0.015
0 448 0 1
448
29.693 8.02 0.015
0 449 0 1
449
29.645 8.068 0.015
0 450 0 1
450
29.645 8.212 0.015
0 451 0 1
451
29.693 8.26 0.015
0 452 0 1
452
29.837 8.26 0.015
0 453 0 1
453
29.885 8.488 0
0 454 0 1
454
29.885 8.632 0
0 455 0 1
455
29.837 8.68 0
0 456 0 1
456
29.693 8.68 0
0 457 0 1
457
29.645 8.632 0
0 458 0 1
458
29.645 8.488 0
0 459 0 1
459
29.693 8.44 0
0 460 0 1
460
29.837 8.44 0
0 461 0 1
461
29.885 8.488 0.015
0 462 0 1
462
29.885 8.632 0.015
0 463 0 1
463
29.837 8.44 0.015
0 464 0 1
464
29.693 8.44 0.015
0 465 0 1
465
29.645 8.488 0.015
0 466 0 1
466
29.645 8.632 0.015
0 467 0 1
467
29.693 8.68 0.015
0 468 0 1
468
29.837 8.68 0.015
0 469 0 1
469
28.36 8.823 0
0 470 0 1
470
28.36 8.967000000000001 0
0 471 0 1
471
28.312 9.015000000000001 0
0 472 0 1
472
28.168 9.015000000000001 0
0 473 0 1
473
28.12 8.967000000000001 0
0 474 0 1
474
28.12 8.823 0
0 475 0 1
475
28.168 8.775 0
0 476 0 1
476
28.312 8.775 0
0 477 0 1
477
28.36 8.823 0.015
0 478 0 1
478
28.36 8.967000000000001 0.015
0 479 0 1
479
28.312 8.775 0.015
0 480 0 1
480
28.168 8.775 0.015
0 481 0 1
481
28.12 8.823 0.015
0 482 0 1
482
28.12 8.967000000000001 0.015
0 483 0 1
483
28.168 9.015000000000001 0.015
0 484 0 1
484
28.312 9.015000000000001 0.015
0 485 0 1
485
28.78 8.823 0
0 486 0 1
486
28.78 8.967000000000001 0
0 487 0 1
487
28.732 9.015000000000001 0
0 488 0 1
488
28.588 9.015000000000001 0
0 489 0 1
489
28.54 8.967000000000001 0
0 490 0 1
490
28.54 8.823 0
0 491 0 1
491
28.588 8.775 0
0 492 0 1
492
28.732 8.775 0
0 493 0 1
493
28.78 8.823 0.015
0 494 0 1
494
28.78 8.967000000000001 0.015
0 495 0 1
495
28.732 8.775 0.015
0 496 0 1
496
28.588 8.775 0.015
0 497 0 1
497
28.54 8.823 0.015
0 498 0 1
498
28.54 8.967000000000001 0.015
0 499 0 1
499
28.588 9.015000000000001 0.015
0 500 0 1
500
28.732 9.015000000000001 0.015
0 501 0 1
501
28.5 9.685 0
0 502 0 1
502
28.5 9.460000000000001 0
0 503 0 1
503
28.68 9.460000000000001 0
0 504 0 1
504
28.68 9.685 0
0 505 0 1
505
28.5 9.685 0.015
0 506 0 1
506
28.5 9.460000000000001 0.015
0 507 0 1
507
28.68 9.685 0.015
0 508 0 1
508
28.68 9.460000000000001 0.015
0 509 0 1
509
29.485 8.923 0
0 510 0 1
510
29.485 9.067 0
0 511 0 1
511
29.437 9.115 0
0 512 0 1
512
29.293 9.115 0
0 513 0 1
513
29.245 9.067 0
0 514 0 1
514
29.245 8.923 0
0 515 0 1
515
29.293 8.875 0
0 516 0 1
516
29.437 8.875 0
0 517 0 1
517
29.485 8.923 0.015
0 518 0 1
518
29.485 9.067 0.015
0 519 0 1
519
29.437 8.875 0.015
0 520 0 1
520
29.293 8.875 0.015
0 521 0 1
521
29.245 8.923 0.015
0 522 0 1
522
29.245 9.067 0.015
0 523 0 1
523
29.293 9.115 0.015
0 524 0 1
524
29.437 9.115 0.015
0 525 0 1
525
29.905 8.923 0
0 526 0 1
526
29.905 9.067 0
0 527 0 1
527
29.857 9.115 0
0 528 0 1
528
29.713 9.115 0
0 529 0 1
529
29.665 9.067 0
0 530 0 1
530
29.665 8.923 0
0 531 0 1
531
29.713 8.875 0
0 532 0 1
532
29.857 8.875 0
0 533 0 1
533
29.905 8.923 0.015
0 534 0 1
534
29.905 9.067 0.015
0 535 0 1
535
29.857 8.875 0.015
0 536 0 1
536
29.713 8.875 0.015
0 537 0 1
537
29.665 8.923 0.015
0 538 0 1
538
29.665 9.067 0.015
0 539 0 1
539
29.713 9.115 0.015
0 540 0 1
540
29.857 9.115 0.015
0 541 0 1
541
28.88 9.685 0
0 542 0 1
542
28.88 9.460000000000001 0
0 543 0 1
543
29.06 9.460000000000001 0
0 544 0 1
544
29.06 9.685 0
0 545 0 1
545
28.88 9.685 0.015
0 546 0 1
546
28.88 9.460000000000001 0.015
0 547 0 1
547
29.06 9.685 0.015
0 548 0 1
548
29.06 9.460000000000001 0.015
0 549 0 1
549
29.26 9.685 0
0 550 0 1
550
29.26 9.460000000000001 0
0 551 0 1
551
29.44 9.460000000000001 0
0 552 0 1
552
29.44 9.685 0
0 553 0 1
553
29.26 9.685 0.015
0 554 0 1
554
29.26 9.460000000000001 0.015
0 555 0 1
555
29.44 9.685 0.015
0 556 0 1
556
29.44 9.460000000000001 0.015
0 557 0 1
557
25 9.329522724802001 0.406
0 558 0 1
558
25 9.120477275198001 0.406
0 559 0 1
559
25 9.329522724802001 0.421
0 560 0 1
560
25 9.120477275198001 0.421
0 561 0 1
561
25.095 9.225 0.406
0 562 0 1
562
25.095 9.225 0.421
0 563 0 1
563
25.795 9.925000000000001 0.406
0 564 0 1
564
25.763484692283 10 0.406
0 565 0 1
565
25.616515307717 10 0.406
0 566 0 1
566
25.763484692283 10 0.421
0 567 0 1
567
25.795 9.925000000000001 0.421
0 568 0 1
568
25.616515307717 10 0.421
0 569 0 1
569
26.495 9.925000000000001 0.406
0 570 0 1
570
26.463484692283 10 0.406
0 571 0 1
571
26.316515307717 10 0.406
0 572 0 1
572
26.463484692283 10 0.421
0 573 0 1
573
26.495 9.925000000000001 0.421
0 574 0 1
574
26.316515307717 10 0.421
0 575 0 1
575
25 9.679522724802 0.406
0 576 0 1
576
25 9.470477275198 0.406
0 577 0 1
577
25.095 9.574999999999999 0.406
0 578 0 1
578
25 9.679522724802 0.421
0 579 0 1
579
25 9.470477275198 0.421
0 580 0 1
580
25.095 9.574999999999999 0.421
0 581 0 1
581
25 10 0.406
0 582 0 1
582
25 9.820477275198 0.406
0 583 0 1
583
25.095 9.925000000000001 0.406
0 584 0 1
584
25.063484692283 10 0.406
0 585 0 1
585
25 10 0.421
0 586 0 1
586
25 9.820477275198 0.421
0 587 0 1
587
25.063484692283 10 0.421
0 588 0 1
588
25.095 9.925000000000001 0.421
0 589 0 1
589
25.445 9.925000000000001 0.406
0 590 0 1
590
25.413484692283 10 0.406
0 591 0 1
591
25.266515307717 10 0.406
0 592 0 1
592
25.413484692283 10 0.421
0 593 0 1
593
25.445 9.925000000000001 0.421
0 594 0 1
594
25.266515307717 10 0.421
0 595 0 1
595
28.557 5.55 0.406
0 596 0 1
596
28.557 5.694 0.406
0 597 0 1
597
28.509 5.742 0.406
0 598 0 1
598
28.365 5.742 0.406
0 599 0 1
599
28.317 5.694 0.406
0 600 0 1
600
28.317 5.55 0.406
0 601 0 1
601
28.365 5.502 0.406
0 602 0 1
602
28.509 5.502 0.406
0 603 0 1
603
28.557 5.55 0.421
0 604 0 1
604
28.557 5.694 0.421
0 605 0 1
605
28.509 5.502 0.421
0 606 0 1
606
28.365 5.502 0.421
0 607 0 1
607
28.317 5.55 0.421
0 608 0 1
608
28.317 5.694 0.421
0 609 0 1
609
28.365 5.742 0.421
0 610 0 1
610
28.509 5.742 0.421
0 611 0 1
611
28.987 5.55 0.406
0 612 0 1
612
28.987 5.694 0.406
0 613 0 1
613
28.939 5.742 0.406
0 614 0 1
614
28.795 5.742 0.406
0 615 0 1
615
28.747 5.694 0.406
0 616 0 1
616
28.747 5.55 0.406
0 617 0 1
617
28.795 5.502 0.406
0 618 0 1
618
28.939 5.502 0.406
0 619 0 1
619
28.987 5.55 0.421
0 620 0 1
620
28.987 5.694 0.421
0 621 0 1
621
28.939 5.502 0.421
0 622 0 1
622
28.795 5.502 0.421
0 623 0 1
623
28.747 5.55 0.421
0 624 0 1
624
28.747 5.694 0.421
0 625 0 1
625
28.795 5.742 0.421
0 626 0 1
626
28.939 5.742 0.421
0 627 0 1
627
29.457 5.54 0.406
0 628 0 1
628
29.457 5.684 0.406
0 629 0 1
629
29.409 5.732 0.406
0 630 0 1
630
29.265 5.732 0.406
0 631 0 1
631
29.217 5.684 0.406
0 632 0 1
632
29.217 5.54 0.406
0 633 0 1
633
29.265 5.492 0.406
0 634 0 1
634
29.409 5.492 0.406
0 635 0 1
635
29.457 5.54 0.421
0 636 0 1
636
29.457 5.684 0.421
0 637 0 1
637
29.409 5.492 0.421
0 638 0 1
638
29.265 5.492 0.421
0 639 0 1
639
29.217 5.54 0.421
0 640 0 1
640
29.217 5.684 0.421
0 641 0 1
641
29.265 5.732 0.421
0 642 0 1
642
29.409 5.732 0.421
0 643 0 1
643
29.877 5.54 0.406
0 644 0 1
644
29.877 5.684 0.406
0 645 0 1
645
29.829 5.732 0.406
0 646 0 1
646
29.685 5.732 0.406
0 647 0 1
647
29.637 5.684 0.406
0 648 0 1
648
29.637 5.54 0.406
0 649 0 1
649
29.685 5.492 0.406
0 650 0 1
650
29.829 5.492 0.406
0 651 0 1
651
29.877 5.54 0.421
0 652 0 1
652
29.877 5.684 0.421
0 653 0 1
653
29.829 5.492 0.421
0 654 0 1
654
29.685 5.492 0.421
0 655 0 1
655
29.637 5.54 0.421
0 656 0 1
656
29.637 5.684 0.421
0 657 0 1
657
29.685 5.732 0.421
0 658 0 1
658
29.829 5.732 0.421
0 659 0 1
659
25.32 7.93 0.406
0 660 0 1
660
25.32 7.38 0.406
0 661 0 1
661
25.94 7.38 0.406
0 662 0 1
662
25.94 7.93 0.406
0 663 0 1
663
25.32 7.93 0.421
0 664 0 1
664
25.32 7.38 0.421
0 665 0 1
665
25.94 7.93 0.421
0 666 0 1
666
25.94 7.38 0.421
0 667 0 1
667
25.32 8.74 0.406
0 668 0 1
668
25.32 8.19 0.406
0 669 0 1
669
25.94 8.19 0.406
0 670 0 1
670
25.94 8.74 0.406
0 671 0 1
671
25.32 8.74 0.421
0 672 0 1
672
25.32 8.19 0.421
0 673 0 1
673
25.94 8.74 0.421
0 674 0 1
674
25.94 8.19 0.421
0 675 0 1
675
26.26 7.93 0.406
0 676 0 1
676
26.26 7.38 0.406
0 677 0 1
677
26.88 7.38 0.406
0 678 0 1
678
26.88 7.93 0.406
0 679 0 1
679
26.26 7.93 0.421
0 680 0 1
680
26.26 7.38 0.421
0 681 0 1
681
26.88 7.93 0.421
0 682 0 1
682
26.88 7.38 0.421
0 683 0 1
683
26.26 8.74 0.406
0 684 0 1
684
26.26 8.19 0.406
0 685 0 1
685
26.88 8.19 0.406
0 686 0 1
686
26.88 8.74 0.406
0 687 0 1
687
26.26 8.74 0.421
0 688 0 1
688
26.26 8.19 0.421
0 689 0 1
689
26.88 8.74 0.421
0 690 0 1
690
26.88 8.19 0.421
0 691 0 1
691
25.445 9.225 0.406
0 692 0 1
692
25.445 9.225 0.421
0 693 0 1
693
25.795 9.225 0.406
0 694 0 1
694
25.795 9.225 0.421
0 695 0 1
695
26.145 9.225 0.406
0 696 0 1
696
26.145 9.225 0.421
0 697 0 1
697
26.495 9.225 0.406
0 698 0 1
698
26.495 9.225 0.421
0 699 0 1
699
25.445 9.574999999999999 0.406
0 700 0 1
700
25.445 9.574999999999999 0.421
0 701 0 1
701
25.795 9.574999999999999 0.406
0 702 0 1
702
25.795 9.574999999999999 0.421
0 703 0 1
703
26.145 9.574999999999999 0.406
0 704 0 1
704
26.145 9.574999999999999 0.421
0 705 0 1
705
26.495 9.574999999999999 0.406
0 706 0 1
706
26.495 9.574999999999999 0.421
0 707 0 1
707
27.41 8.747999999999999 0.406
0 708 0 1
708
27.41 8.891999999999999 0.406
0 709 0 1
709
27.362 8.94 0.406
0 710 0 1
710
27.218 8.94 0.406
0 711 0 1
711
27.17 8.891999999999999 0.406
0 712 0 1
712
27.17 8.747999999999999 0.406
0 713 0 1
713
27.218 8.699999999999999 0.406
0 714 0 1
714
27.362 8.699999999999999 0.406
0 715 0 1
715
27.41 8.747999999999999 0.421
0 716 0 1
716
27.41 8.891999999999999 0.421
0 717 0 1
717
27.362 8.699999999999999 0.421
0 718 0 1
718
27.218 8.699999999999999 0.421
0 719 0 1
719
27.17 8.747999999999999 0.421
0 720 0 1
720
27.17 8.891999999999999 0.421
0 721 0 1
721
27.218 8.94 0.421
0 722 0 1
722
27.362 8.94 0.421
0 723 0 1
723
26.91 9.395 0.406
0 724 0 1
724
26.91 9.225 0.406
0 725 0 1
725
27.26 9.225 0.406
0 726 0 1
726
27.26 9.395 0.406
0 727 0 1
727
26.91 9.395 0.421
0 728 0 1
728
26.91 9.225 0.421
0 729 0 1
729
27.26 9.395 0.421
0 730 0 1
730
27.26 9.225 0.421
0 731 0 1
731
26.91 9.795 0.406
0 732 0 1
732
26.91 9.625 0.406
0 733 0 1
733
27.26 9.625 0.406
0 734 0 1
734
27.26 9.795 0.406
0 735 0 1
735
26.91 9.795 0.421
0 736 0 1
736
26.91 9.625 0.421
0 737 0 1
737
27.26 9.795 0.421
0 738 0 1
738
27.26 9.625 0.421
0 739 0 1
739
27.83 8.747999999999999 0.406
0 740 0 1
740
27.83 8.891999999999999 0.406
0 741 0 1
741
27.782 8.94 0.406
0 742 0 1
742
27.638 8.94 0.406
0 743 0 1
743
27.59 8.891999999999999 0.406
0 744 0 1
744
27.59 8.747999999999999 0.406
0 745 0 1
745
27.638 8.699999999999999 0.406
0 746 0 1
746
27.782 8.699999999999999 0.406
0 747 0 1
747
27.83 8.747999999999999 0.421
0 748 0 1
748
27.83 8.891999999999999 0.421
0 749 0 1
749
27.782 8.699999999999999 0.421
0 750 0 1
750
27.638 8.699999999999999 0.421
0 751 0 1
751
27.59 8.747999999999999 0.421
0 752 0 1
752
27.59 8.891999999999999 0.421
0 753 0 1
753
27.638 8.94 0.421
0 754 0 1
754
27.782 8.94 0.421
0 755 0 1
755
28.06 9.185 0.406
0 756 0 1
756
28.06 8.960000000000001 0.406
0 757 0 1
757
28.24 8.960000000000001 0.406
0 758 0 1
758
28.24 9.185 0.406
0 759 0 1
759
28.06 9.185 0.421
0 760 0 1
760
28.06 8.960000000000001 0.421
0 761 0 1
761
28.24 9.185 0.421
0 762 0 1
762
28.24 8.960000000000001 0.421
0 763 0 1
763
28.44 9.185 0.406
0 764 0 1
764
28.44 8.960000000000001 0.406
0 765 0 1
765
28.62 8.960000000000001 0.406
0 766 0 1
766
28.62 9.185 0.406
0 767 0 1
767
28.44 9.185 0.421
0 768 0 1
768
28.44 8.960000000000001 0.421
0 769 0 1
769
28.62 9.185 0.421
0 770 0 1
770
28.62 8.960000000000001 0.421
0 771 0 1
771
27.46 9.395 0.406
0 772 0 1
772
27.46 9.225 0.406
0 773 0 1
773
27.81 9.225 0.406
0 774 0 1
774
27.81 9.395 0.406
0 775 0 1
775
27.46 9.395 0.421
0 776 0 1
776
27.46 9.225 0.421
0 777 0 1
777
27.81 9.395 0.421
0 778 0 1
778
27.81 9.225 0.421
0 779 0 1
779
27.46 9.795 0.406
0 780 0 1
780
27.46 9.625 0.406
0 781 0 1
781
27.81 9.625 0.406
0 782 0 1
782
27.81 9.795 0.406
0 783 0 1
783
27.46 9.795 0.421
0 784 0 1
784
27.46 9.625 0.421
0 785 0 1
785
27.81 9.795 0.421
0 786 0 1
786
27.81 9.625 0.421
0 787 0 1
787
28.06 9.56 0.406
0 788 0 1
788
28.06 9.335000000000001 0.406
0 789 0 1
789
28.24 9.335000000000001 0.406
0 790 0 1
790
28.24 9.56 0.406
0 791 0 1
791
28.06 9.56 0.421
0 792 0 1
792
28.06 9.335000000000001 0.421
0 793 0 1
793
28.24 9.56 0.421
0 794 0 1
794
28.24 9.335000000000001 0.421
0 795 0 1
795
28.44 9.56 0.406
0 796 0 1
796
28.44 9.335000000000001 0.406
0 797 0 1
797
28.62 9.335000000000001 0.406
0 798 0 1
798
28.62 9.56 0.406
0 799 0 1
799
28.44 9.56 0.421
0 800 0 1
800
28.44 9.335000000000001 0.421
0 801 0 1
801
28.62 9.56 0.421
0 802 0 1
802
28.62 9.335000000000001 0.421
0 803 0 1
803
28.82 9.185 0.406
0 804 0 1
804
28.82 8.960000000000001 0.406
0 805 0 1
805
29 8.960000000000001 0.406
0 806 0 1
806
29 9.185 0.406
0 807 0 1
807
28.82 9.185 0.421
0 808 0 1
808
28.82 8.960000000000001 0.421
0 809 0 1
809
29 9.185 0.421
0 810 0 1
810
29 8.960000000000001 0.421
0 811 0 1
811
28.82 9.56 0.406
0 812 0 1
812
28.82 9.335000000000001 0.406
0 813 0 1
813
29 9.335000000000001 0.406
0 814 0 1
814
29 9.56 0.406
0 815 0 1
815
28.82 9.56 0.421
0 816 0 1
816
28.82 9.335000000000001 0.421
0 817 0 1
817
29 9.56 0.421
0 818 0 1
818
29 9.335000000000001 0.421
1 1 0 1
819
30 5.575 0
1 2 0 0
1 3 0 1
820
30 5.575 0.015
1 4 0 0
1 5 0 2
821
822
29.84666666666667 5.49 0
29.92333333333333 5.49 0
1 6 0 2
823
824
29.92333333333333 5.66 0
29.84666666666667 5.66 0
1 7 0 3
825
826
827
29.67 5.66 0
29.57 5.66 0
29.47 5.66 0
1 8 0 1
828
29.37 5.575 0
1 9 0 3
829
830
831
29.47 5.49 0
29.57 5.49 0
29.67 5.49 0
1 10 0 2
832
833
29.92333333333333 5.66 0.015
29.84666666666667 5.66 0.015
1 11 0 0
1 12 0 2
834
835
29.84666666666667 5.49 0.015
29.92333333333333 5.49 0.015
1 13 0 3
836
837
838
29.67 5.66 0.015
29.57 5.66 0.015
29.47 5.66 0.015
1 14 0 1
839
29.37 5.575 0.015
1 15 0 3
840
841
842
29.47 5.49 0.015
29.57 5.49 0.015
29.67 5.49 0.015
1 16 0 0
1 17 0 0
1 18 0 0
1 19 0 1
843
28.97 10 0
1 20 0 1
844
28.88 9.9175 0
1 21 0 1
845
28.97 9.835000000000001 0
1 22 0 1
846
29.06 9.9175 0
1 23 0 0
1 24 0 1
847
28.97 10 0.015
1 25 0 0
1 26 0 0
1 27 0 1
848
29.06 9.9175 0.015
1 28 0 0
1 29 0 1
849
28.97 9.835000000000001 0.015
1 30 0 1
850
28.88 9.9175 0.015
1 31 0 1
851
28.59 10 0
1 32 0 1
852
28.5 9.9175 0
1 33 0 1
853
28.59 9.835000000000001 0
1 34 0 1
854
28.68 9.9175 0
1 35 0 0
1 36 0 1
855
28.59 10 0.015
1 37 0 0
1 38 0 0
1 39 0 1
856
28.68 9.9175 0.015
1 40 0 0
1 41 0 1
857
28.59 9.835000000000001 0.015
1 42 0 1
858
28.5 9.9175 0.015
1 43 0 1
859
29.35 10 0
1 44 0 1
860
29.26 9.9175 0
1 45 0 1
861
29.35 9.835000000000001 0
1 46 0 1
862
29.44 9.9175 0
1 47 0 0
1 48 0 1
863
29.35 10 0.015
1 49 0 0
1 50 0 0
1 51 0 1
864
29.44 9.9175 0.015
1 52 0 0
1 53 0 1
865
29.35 9.835000000000001 0.015
1 54 0 1
866
29.26 9.9175 0.015
1 55 0 0
1 56 0 2
867
868
30 6.74 0
30 6.82 0
1 57 0 0
1 58 0 1
869
29.94405887450305 6.885941125496955 0
1 59 0 1
870
29.93 6.78 0
1 60 0 1
871
29.94405887450305 6.674058874503046 0
1 61 0 0
1 62 0 0
1 63 0 0
1 64 0 1
872
29.94405887450305 6.674058874503046 0.015
1 65 0 0
1 66 0 0
1 67 0 1
873
29.93 6.78 0.015
1 68 0 1
874
29.94405887450305 6.885941125496955 0.015
1 69 0 0
1 70 0 0
1 71 0 0
1 72 0 2
875
876
30 6.74 0.015
30 6.82 0.015
1 73 0 2
877
878
29.84666666666667 6.09 0
29.92333333333333 6.09 0
1 74 0 1
879
30 6.175 0
1 75 0 2
880
881
29.92333333333333 6.26 0
29.84666666666667 6.26 0
1 76 0 3
882
883
884
29.67 6.26 0
29.57 6.26 0
29.47 6.26 0
1 77 0 1
885
29.37 6.175 0
1 78 0 3
886
887
888
29.47 6.09 0
29.57 6.09 0
29.67 6.09 0
1 79 0 0
1 80 0 2
889
890
29.84666666666667 6.09 0.015
29.92333333333333 6.09 0.015
1 81 0 0
1 82 0 0
1 83 0 3
891
892
893
29.47 6.09 0.015
29.57 6.09 0.015
29.67 6.09 0.015
1 84 0 0
1 85 0 1
894
29.37 6.175 0.015
1 86 0 0
1 87 0 3
895
896
897
29.67 6.26 0.015
29.57 6.26 0.015
29.47 6.26 0.015
1 88 0 0
1 89 0 2
898
899
29.92333333333333 6.26 0.015
29.84666666666667 6.26 0.015
1 90 0 1
900
30 6.175 0.015
1 91 0 2
901
902
25.106 6.374999999999999 0
25.106 6.274999999999999 0
1 92 0 1
903
25.206 6.175 0
1 93 0 2
904
905
25.306 6.275 0
25.306 6.375 0
1 94 0 1
906
25.206 6.475 0
1 95 0 0
1 96 0 2
907
908
25.106 6.374999999999999 0.015
25.106 6.274999999999999 0.015
1 97 0 0
1 98 0 0
1 99 0 1
909
25.206 6.475 0.015
1 100 0 0
1 101 0 2
910
911
25.306 6.275 0.015
25.306 6.375 0.015
1 102 0 1
912
25.206 6.175 0.015
1 103 0 3
913
914
915
25.581 6.4375 0
25.581 6.35 0
25.581 6.262499999999999 0
1 104 0 1
916
25.681 6.175 0
1 105 0 3
917
918
919
25.781 6.2625 0
25.781 6.350000000000001 0
25.781 6.4375 0
1 106 0 1
920
25.681 6.525 0
1 107 0 0
1 108 0 3
921
922
923
25.581 6.4375 0.015
25.581 6.35 0.015
25.581 6.262499999999999 0.015
1 109 0 0
1 110 0 0
1 111 0 1
924
25.681 6.525 0.015
1 112 0 0
1 113 0 3
925
926
927
25.781 6.2625 0.015
25.781 6.350000000000001 0.015
25.781 6.4375 0.015
1 114 0 1
928
25.681 6.175 0.015
1 115 0 3
929
930
931
26.056 6.4375 0
26.056 6.35 0
26.056 6.262499999999999 0
1 116 0 1
932
26.156 6.175 0
1 117 0 3
933
934
935
26.256 6.2625 0
26.256 6.350000000000001 0
26.256 6.4375 0
1 118 0 1
936
26.156 6.525 0
1 119 0 0
1 120 0 3
937
938
939
26.056 6.4375 0.015
26.056 6.35 0.015
26.056 6.262499999999999 0.015
1 121 0 0
1 122 0 0
1 123 0 1
940
26.156 6.525 0.015
1 124 0 0
1 125 0 3
941
942
943
26.256 6.2625 0.015
26.256 6.350000000000001 0.015
26.256 6.4375 0.015
1 126 0 1
944
26.156 6.175 0.015
1 127 0 3
945
946
947
26.531 6.4375 0
26.531 6.35 0
26.531 6.262499999999999 0
1 128 0 1
948
26.631 6.175 0
1 129 0 3
949
950
951
26.731 6.2625 0
26.731 6.350000000000001 0
26.731 6.4375 0
1 130 0 1
952
26.631 6.525 0
1 131 0 0
1 132 0 3
953
954
955
26.531 6.4375 0.015
26.531 6.35 0.015
26.531 6.262499999999999 0.015
1 133 0 0
1 134 0 0
1 135 0 1
956
26.631 6.525 0.015
1 136 0 0
1 137 0 3
957
958
959
26.731 6.2625 0.015
26.731 6.350000000000001 0.015
26.731 6.4375 0.015
1 138 0 1
960
26.631 6.175 0.015
1 139 0 2
961
962
27.006 6.374999999999999 0
27.006 6.274999999999999 0
1 140 0 1
963
27.106 6.175 0
1 141 0 2
964
965
27.206 6.275 0
27.206 6.375 0
1 142 0 1
966
27.106 6.475 0
1 143 0 0
1 144 0 2
967
968
27.006 6.374999999999999 0.015
27.006 6.274999999999999 0.015
1 145 0 0
1 146 0 0
1 147 0 1
969
27.106 6.475 0.015
1 148 0 0
1 149 0 2
970
971
27.206 6.275 0.015
27.206 6.375 0.015
1 150 0 1
972
27.106 6.175 0.015
1 151 0 1
973
28.76 5.47 0
1 152 0 1
974
28.74594112549696 5.575941125496954 0
1 153 0 1
975
28.64 5.59 0
1 154 0 1
976
28.53405887450305 5.575941125496954 0
1 155 0 1
977
28.52 5.47 0
1 156 0 1
978
28.53405887450305 5.364058874503045 0
1 157 0 1
979
28.64 5.35 0
1 158 0 1
980
28.74594112549696 5.364058874503045 0
1 159 0 0
1 160 0 1
981
28.76 5.47 0.015
1 161 0 0
1 162 0 1
982
28.74594112549696 5.364058874503045 0.015
1 163 0 0
1 164 0 0
1 165 0 1
983
28.64 5.35 0.015
1 166 0 1
984
28.53405887450305 5.364058874503045 0.015
1 167 0 0
1 168 0 0
1 169 0 1
985
28.52 5.47 0.015
1 170 0 1
986
28.53405887450305 5.575941125496954 0.015
1 171 0 0
1 172 0 0
1 173 0 1
987
28.64 5.59 0.015
1 174 0 1
988
28.74594112549696 5.575941125496954 0.015
1 175 0 2
989
990
27.481 6.374999999999999 0
27.481 6.274999999999999 0
1 176 0 1
991
27.581 6.175 0
1 177 0 2
992
993
27.681 6.275 0
27.681 6.375 0
1 178 0 1
994
27.581 6.475 0
1 179 0 0
1 180 0 2
995
996
27.481 6.374999999999999 0.015
27.481 6.274999999999999 0.015
1 181 0 0
1 182 0 0
1 183 0 1
997
27.581 6.475 0.015
1 184 0 0
1 185 0 2
998
999
27.681 6.275 0.015
27.681 6.375 0.015
1 186 0 1
1000
27.581 6.175 0.015
1 187 0 1
1001
28.76 5.94 0
1 188 0 1
1002
28.74594112549696 6.045941125496954 0
1 189 0 1
1003
28.64 6.06 0
1 190 0 1
1004
28.53405887450305 6.045941125496954 0
1 191 0 1
1005
28.52 5.94 0
1 192 0 1
1006
28.53405887450305 5.834058874503046 0
1 193 0 1
1007
28.64 5.82 0
1 194 0 1
1008
28.74594112549696 5.834058874503046 0
1 195 0 0
1 196 0 1
1009
28.76 5.94 0.015
1 197 0 0
1 198 0 1
1010
28.74594112549696 5.834058874503046 0.015
1 199 0 0
1 200 0 0
1 201 0 1
1011
28.64 5.82 0.015
1 202 0 1
1012
28.53405887450305 5.834058874503046 0.015
1 203 0 0
1 204 0 0
1 205 0 1
1013
28.52 5.94 0.015
1 206 0 1
1014
28.53405887450305 6.045941125496954 0.015
1 207 0 0
1 208 0 0
1 209 0 1
1015
28.64 6.06 0.015
1 210 0 1
1016
28.74594112549696 6.045941125496954 0.015
1 211 0 1
1017
28.76 6.41 0
1 212 0 1
1018
28.74594112549696 6.515941125496955 0
1 213 0 1
1019
28.64 6.53 0
1 214 0 1
1020
28.53405887450305 6.515941125496955 0
1 215 0 1
1021
28.52 6.41 0
1 216 0 1
1022
28.53405887450305 6.304058874503045 0
1 217 0 1
1023
28.64 6.29 0
1 218 0 1
1024
28.74594112549696 6.304058874503045 0
1 219 0 0
1 220 0 1
1025
28.76 6.41 0.015
1 221 0 0
1 222 0 1
1026
28.74594112549696 6.304058874503045 0.015
1 223 0 0
1 224 0 0
1 225 0 1
1027
28.64 6.29 0.015
1 226 0 1
1028
28.53405887450305 6.304058874503045 0.015
1 227 0 0
1 228 0 0
1 229 0 1
1029
28.52 6.41 0.015
1 230 0 1
1030
28.53405887450305 6.515941125496955 0.015
1 231 0 0
1 232 0 0
1 233 0 1
1031
28.64 6.53 0.015
1 234 0 1
1032
28.74594112549696 6.515941125496955 0.015
1 235 0 1
1033
29.18 5.47 0
1 236 0 1
1034
29.16594112549696 5.575941125496954 0
1 237 0 1
1035
29.06 5.59 0
1 238 0 1
1036
28.95405887450304 5.575941125496954 0
1 239 0 1
1037
28.94 5.47 0
1 240 0 1
1038
28.95405887450304 5.364058874503045 0
1 241 0 1
1039
29.06 5.35 0
1 242 0 1
1040
29.16594112549696 5.364058874503045 0
1 243 0 0
1 244 0 1
1041
29.18 5.47 0.015
1 245 0 0
1 246 0 1
1042
29.16594112549696 5.364058874503045 0.015
1 247 0 0
1 248 0 0
1 249 0 1
1043
29.06 5.35 0.015
1 250 0 1
1044
28.95405887450304 5.364058874503045 0.015
1 251 0 0
1 252 0 0
1 253 0 1
1045
28.94 5.47 0.015
1 254 0 1
1046
28.95405887450304 5.575941125496954 0.015
1 255 0 0
1 256 0 0
1 257 0 1
1047
29.06 5.59 0.015
1 258 0 1
1048
29.16594112549696 5.575941125496954 0.015
1 259 0 1
1049
29.18 5.94 0
1 260 0 1
1050
29.16594112549696 6.045941125496954 0
1 261 0 1
1051
29.06 6.06 0
1 262 0 1
1052
28.95405887450304 6.045941125496954 0
1 263 0 1
1053
28.94 5.94 0
1 264 0 1
1054
28.95405887450304 5.834058874503046 0
1 265 0 1
1055
29.06 5.82 0
1 266 0 1
1056
29.16594112549696 5.834058874503046 0
1 267 0 0
1 268 0 1
1057
29.18 5.94 0.015
1 269 0 0
1 270 0 1
1058
29.16594112549696 5.834058874503046 0.015
1 271 0 0
1 272 0 0
1 273 0 1
1059
29.06 5.82 0.015
1 274 0 1
1060
28.95405887450304 5.834058874503046 0.015
1 275 0 0
1 276 0 0
1 277 0 1
1061
28.94 5.94 0.015
1 278 0 1
1062
28.95405887450304 6.045941125496954 0.015
1 279 0 0
1 280 0 0
1 281 0 1
1063
29.06 6.06 0.015
1 282 0 1
1064
29.16594112549696 6.045941125496954 0.015
1 283 0 1
1065
29.18 6.41 0
1 284 0 1
1066
29.16594112549696 6.515941125496955 0
1 285 0 1
1067
29.06 6.53 0
1 286 0 1
1068
28.95405887450304 6.515941125496955 0
1 287 0 1
1069
28.94 6.41 0
1 288 0 1
1070
28.95405887450304 6.304058874503045 0
1 289 0 1
1071
29.06 6.29 0
1 290 0 1
1072
29.16594112549696 6.304058874503045 0
1 291 0 0
1 292 0 1
1073
29.18 6.41 0.015
1 293 0 0
1 294 0 1
1074
29.16594112549696 6.304058874503045 0.015
1 295 0 0
1 296 0 0
1 297 0 1
1075
29.06 6.29 0.015
1 298 0 1
1076
28.95405887450304 6.304058874503045 0.015
1 299 0 0
1 300 0 0
1 301 0 1
1077
28.94 6.41 0.015
1 302 0 1
1078
28.95405887450304 6.515941125496955 0.015
1 303 0 0
1 304 0 0
1 305 0 1
1079
29.06 6.53 0.015
1 306 0 1
1080
29.16594112549696 6.515941125496955 0.015
1 307 0 2
1081
1082
27.356 6.865 0
27.356 6.785 0
1 308 0 3
1083
1084
1085
27.4435 6.705 0
27.531 6.705 0
27.6185 6.705 0
1 309 0 2
1086
1087
27.706 6.785 0
27.706 6.865 0
1 310 0 3
1088
1089
1090
27.6185 6.945 0
27.531 6.945 0
27.4435 6.945 0
1 311 0 0
1 312 0 2
1091
1092
27.356 6.865 0.015
27.356 6.785 0.015
1 313 0 0
1 314 0 0
1 315 0 3
1093
1094
1095
27.6185 6.945 0.015
27.531 6.945 0.015
27.4435 6.945 0.015
1 316 0 0
1 317 0 2
1096
1097
27.706 6.785 0.015
27.706 6.865 0.015
1 318 0 3
1098
1099
1100
27.4435 6.705 0.015
27.531 6.705 0.015
27.6185 6.705 0.015
1 319 0 1
1101
28.31 6.52 0
1 320 0 1
1102
28.29594112549696 6.625941125496954 0
1 321 0 1
1103
28.19 6.64 0
1 322 0 1
1104
28.08405887450304 6.625941125496954 0
1 323 0 1
1105
28.07 6.52 0
1 324 0 1
1106
28.08405887450304 6.414058874503046 0
1 325 0 1
1107
28.19 6.4 0
1 326 0 1
1108
28.29594112549696 6.414058874503046 0
1 327 0 0
1 328 0 1
1109
28.31 6.52 0.015
1 329 0 0
1 330 0 1
1110
28.29594112549696 6.414058874503046 0.015
1 331 0 0
1 332 0 0
1 333 0 1
1111
28.19 6.4 0.015
1 334 0 1
1112
28.08405887450304 6.414058874503046 0.015
1 335 0 0
1 336 0 0
1 337 0 1
1113
28.07 6.52 0.015
1 338 0 1
1114
28.08405887450304 6.625941125496954 0.015
1 339 0 0
1 340 0 0
1 341 0 1
1115
28.19 6.64 0.015
1 342 0 1
1116
28.29594112549696 6.625941125496954 0.015
1 343 0 1
1117
28.31 6.94 0
1 344 0 1
1118
28.29594112549696 7.045941125496954 0
1 345 0 1
1119
28.19 7.06 0
1 346 0 1
1120
28.08405887450304 7.045941125496954 0
1 347 0 1
1121
28.07 6.94 0
1 348 0 1
1122
28.08405887450304 6.834058874503046 0
1 349 0 1
1123
28.19 6.82 0
1 350 0 1
1124
28.29594112549696 6.834058874503046 0
1 351 0 0
1 352 0 1
1125
28.31 6.94 0.015
1 353 0 0
1 354 0 1
1126
28.29594112549696 6.834058874503046 0.015
1 355 0 0
1 356 0 0
1 357 0 1
1127
28.19 6.82 0.015
1 358 0 1
1128
28.08405887450304 6.834058874503046 0.015
1 359 0 0
1 360 0 0
1 361 0 1
1129
28.07 6.94 0.015
1 362 0 1
1130
28.08405887450304 7.045941125496954 0.015
1 363 0 0
1 364 0 0
1 365 0 1
1131
28.19 7.06 0.015
1 366 0 1
1132
28.29594112549696 7.045941125496954 0.015
1 367 0 2
1133
1134
27.356 7.365 0
27.356 7.285 0
1 368 0 3
1135
1136
1137
27.4435 7.205 0
27.531 7.205 0
27.6185 7.205 0
1 369 0 2
1138
1139
27.706 7.285 0
27.706 7.365 0
1 370 0 3
1140
1141
1142
27.6185 7.445 0
27.531 7.445 0
27.4435 7.445 0
1 371 0 0
1 372 0 2
1143
1144
27.356 7.365 0.015
27.356 7.285 0.015
1 373 0 0
1 374 0 0
1 375 0 3
1145
1146
1147
27.6185 7.445 0.015
27.531 7.445 0.015
27.4435 7.445 0.015
1 376 0 0
1 377 0 2
1148
1149
27.706 7.285 0.015
27.706 7.365 0.015
1 378 0 3
1150
1151
1152
27.4435 7.205 0.015
27.531 7.205 0.015
27.6185 7.205 0.015
1 379 0 1
1153
28.31 7.35 0
1 380 0 1
1154
28.29594112549696 7.455941125496954 0
1 381 0 1
1155
28.19 7.47 0
1 382 0 1
1156
28.08405887450304 7.455941125496954 0
1 383 0 1
1157
28.07 7.35 0
1 384 0 1
1158
28.08405887450304 7.244058874503045 0
1 385 0 1
1159
28.19 7.23 0
1 386 0 1
1160
28.29594112549696 7.244058874503045 0
1 387 0 0
1 388 0 1
1161
28.31 7.35 0.015
1 389 0 0
1 390 0 1
1162
28.29594112549696 7.244058874503045 0.015
1 391 0 0
1 392 0 0
1 393 0 1
1163
28.19 7.23 0.015
1 394 0 1
1164
28.08405887450304 7.244058874503045 0.015
1 395 0 0
1 396 0 0
1 397 0 1
1165
28.07 7.35 0.015
1 398 0 1
1166
28.08405887450304 7.455941125496954 0.015
1 399 0 0
1 400 0 0
1 401 0 1
1167
28.19 7.47 0.015
1 402 0 1
1168
28.29594112549696 7.455941125496954 0.015
1 403 0 1
1169
29.75 6.78 0
1 404 0 1
1170
29.73594112549696 6.885941125496955 0
1 405 0 1
1171
29.63 6.9 0
1 406 0 1
1172
29.52405887450304 6.885941125496955 0
1 407 0 1
1173
29.51 6.78 0
1 408 0 1
1174
29.52405887450304 6.674058874503046 0
1 409 0 1
1175
29.63 6.66 0
1 410 0 1
1176
29.73594112549696 6.674058874503046 0
1 411 0 0
1 412 0 1
1177
29.75 6.78 0.015
1 413 0 0
1 414 0 1
1178
29.73594112549696 6.674058874503046 0.015
1 415 0 0
1 416 0 0
1 417 0 1
1179
29.63 6.66 0.015
1 418 0 1
1180
29.52405887450304 6.674058874503046 0.015
1 419 0 0
1 420 0 0
1 421 0 1
1181
29.51 6.78 0.015
1 422 0 1
1182
29.52405887450304 6.885941125496955 0.015
1 423 0 0
1 424 0 0
1 425 0 1
1183
29.63 6.9 0.015
1 426 0 1
1184
29.73594112549696 6.885941125496955 0.015
1 427 0 2
1185
1186
25.106 8.375 0
25.106 8.275 0
1 428 0 1
1187
25.206 8.175000000000001 0
1 429 0 2
1188
1189
25.306 8.275 0
25.306 8.375 0
1 430 0 1
1190
25.206 8.475 0
1 431 0 0
1 432 0 2
1191
1192
25.106 8.375 0.015
25.106 8.275 0.015
1 433 0 0
1 434 0 0
1 435 0 1
1193
25.206 8.475 0.015
1 436 0 0
1 437 0 2
1194
1195
25.306 8.275 0.015
25.306 8.375 0.015
1 438 0 1
1196
25.206 8.175000000000001 0.015
1 439 0 3
1197
1198
1199
25.581 8.387499999999999 0
25.581 8.300000000000001 0
25.581 8.2125 0
1 440 0 1
1200
25.681 8.125 0
1 441 0 3
1201
1202
1203
25.781 8.2125 0
25.781 8.300000000000001 0
25.781 8.387499999999999 0
1 442 0 1
1204
25.681 8.475 0
1 443 0 0
1 444 0 3
1205
1206
1207
25.581 8.387499999999999 0.015
25.581 8.300000000000001 0.015
25.581 8.2125 0.015
1 445 0 0
1 446 0 0
1 447 0 1
1208
25.681 8.475 0.015
1 448 0 0
1 449 0 3
1209
1210
1211
25.781 8.2125 0.015
25.781 8.300000000000001 0.015
25.781 8.387499999999999 0.015
1 450 0 1
1212
25.681 8.125 0.015
1 451 0 3
1213
1214
1215
26.056 8.387499999999999 0
26.056 8.300000000000001 0
26.056 8.2125 0
1 452 0 1
1216
26.156 8.125 0
1 453 0 3
1217
1218
1219
26.256 8.2125 0
26.256 8.300000000000001 0
26.256 8.387499999999999 0
1 454 0 1
1220
26.156 8.475 0
1 455 0 0
1 456 0 3
1221
1222
1223
26.056 8.387499999999999 0.015
26.056 8.300000000000001 0.015
26.056 8.2125 0.015
1 457 0 0
1 458 0 0
1 459 0 1
1224
26.156 8.475 0.015
1 460 0 0
1 461 0 3
1225
1226
1227
26.256 8.2125 0.015
26.256 8.300000000000001 0.015
26.256 8.387499999999999 0.015
1 462 0 1
1228
26.156 8.125 0.015
1 463 0 3
1229
1230
1231
26.531 8.387499999999999 0
26.531 8.300000000000001 0
26.531 8.2125 0
1 464 0 1
1232
26.631 8.125 0
1 465 0 3
1233
1234
1235
26.731 8.2125 0
26.731 8.300000000000001 0
26.731 8.387499999999999 0
1 466 0 1
1236
26.631 8.475 0
1 467 0 0
1 468 0 3
1237
1238
1239
26.531 8.387499999999999 0.015
26.531 8.300000000000001 0.015
26.531 8.2125 0.015
1 469 0 0
1 470 0 0
1 471 0 1
1240
26.631 8.475 0.015
1 472 0 0
1 473 0 3
1241
1242
1243
26.731 8.2125 0.015
26.731 8.300000000000001 0.015
26.731 8.387499999999999 0.015
1 474 0 1
1244
26.631 8.125 0.015
1 475 0 2
1245
1246
27.006 8.375 0
27.006 8.275 0
1 476 0 1
1247
27.106 8.175000000000001 0
1 477 0 2
1248
1249
27.206 8.275 0
27.206 8.375 0
1 478 0 1
1250
27.106 8.475 0
1 479 0 0
1 480 0 2
1251
1252
27.006 8.375 0.015
27.006 8.275 0.015
1 481 0 0
1 482 0 0
1 483 0 1
1253
27.106 8.475 0.015
1 484 0 0
1 485 0 2
1254
1255
27.206 8.275 0.015
27.206 8.375 0.015
1 486 0 1
1256
27.106 8.175000000000001 0.015
1 487 0 1
1257
26.71 9.469999999999999 0
1 488 0 1
1258
26.69594112549695 9.575941125496954 0
1 489 0 1
1259
26.59 9.59 0
1 490 0 1
1260
26.48405887450305 9.575941125496954 0
1 491 0 1
1261
26.47 9.469999999999999 0
1 492 0 1
1262
26.48405887450305 9.364058874503046 0
1 493 0 1
1263
26.59 9.35 0
1 494 0 1
1264
26.69594112549695 9.364058874503046 0
1 495 0 0
1 496 0 1
1265
26.71 9.469999999999999 0.015
1 497 0 0
1 498 0 1
1266
26.69594112549695 9.364058874503046 0.015
1 499 0 0
1 500 0 0
1 501 0 1
1267
26.59 9.35 0.015
1 502 0 1
1268
26.48405887450305 9.364058874503046 0.015
1 503 0 0
1 504 0 0
1 505 0 1
1269
26.47 9.469999999999999 0.015
1 506 0 1
1270
26.48405887450305 9.575941125496954 0.015
1 507 0 0
1 508 0 0
1 509 0 1
1271
26.59 9.59 0.015
1 510 0 1
1272
26.69594112549695 9.575941125496954 0.015
1 511 0 1
1273
27.13 9.469999999999999 0
1 512 0 1
1274
27.11594112549696 9.575941125496954 0
1 513 0 1
1275
27.01 9.59 0
1 514 0 1
1276
26.90405887450304 9.575941125496954 0
1 515 0 1
1277
26.89 9.469999999999999 0
1 516 0 1
1278
26.90405887450304 9.364058874503046 0
1 517 0 1
1279
27.01 9.35 0
1 518 0 1
1280
27.11594112549696 9.364058874503046 0
1 519 0 0
1 520 0 1
1281
27.13 9.469999999999999 0.015
1 521 0 0
1 522 0 1
1282
27.11594112549696 9.364058874503046 0.015
1 523 0 0
1 524 0 0
1 525 0 1
1283
27.01 9.35 0.015
1 526 0 1
1284
26.90405887450304 9.364058874503046 0.015
1 527 0 0
1 528 0 0
1 529 0 1
1285
26.89 9.469999999999999 0.015
1 530 0 1
1286
26.90405887450304 9.575941125496954 0.015
1 531 0 0
1 532 0 0
1 533 0 1
1287
27.01 9.59 0.015
1 534 0 1
1288
27.11594112549696 9.575941125496954 0.015
1 535 0 2
1289
1290
27.356 7.865 0
27.356 7.785 0
1 536 0 3
1291
1292
1293
27.4435 7.705 0
27.531 7.705 0
27.6185 7.705 0
1 537 0 2
1294
1295
27.706 7.785 0
27.706 7.865 0
1 538 0 3
1296
1297
1298
27.6185 7.945 0
27.531 7.945 0
27.4435 7.945 0
1 539 0 0
1 540 0 2
1299
1300
27.356 7.865 0.015
27.356 7.785 0.015
1 541 0 0
1 542 0 0
1 543 0 3
1301
1302
1303
27.6185 7.945 0.015
27.531 7.945 0.015
27.4435 7.945 0.015
1 544 0 0
1 545 0 2
1304
1305
27.706 7.785 0.015
27.706 7.865 0.015
1 546 0 3
1306
1307
1308
27.4435 7.705 0.015
27.531 7.705 0.015
27.6185 7.705 0.015
1 547 0 1
1309
28.31 7.77 0
1 548 0 1
1310
28.29594112549696 7.875941125496954 0
1 549 0 1
1311
28.19 7.89 0
1 550 0 1
1312
28.08405887450304 7.875941125496954 0
1 551 0 1
1313
28.07 7.77 0
1 552 0 1
1314
28.08405887450304 7.664058874503046 0
1 553 0 1
1315
28.19 7.65 0
1 554 0 1
1316
28.29594112549696 7.664058874503046 0
1 555 0 0
1 556 0 1
1317
28.31 7.77 0.015
1 557 0 0
1 558 0 1
1318
28.29594112549696 7.664058874503046 0.015
1 559 0 0
1 560 0 0
1 561 0 1
1319
28.19 7.65 0.015
1 562 0 1
1320
28.08405887450304 7.664058874503046 0.015
1 563 0 0
1 564 0 0
1 565 0 1
1321
28.07 7.77 0.015
1 566 0 1
1322
28.08405887450304 7.875941125496954 0.015
1 567 0 0
1 568 0 0
1 569 0 1
1323
28.19 7.89 0.015
1 570 0 1
1324
28.29594112549696 7.875941125496954 0.015
1 571 0 1
1325
28.53 7.61 0
1 572 0 3
1326
1327
1328
28.6175 7.525 0
28.705 7.525 0
28.7925 7.525 0
1 573 0 1
1329
28.88 7.61 0
1 574 0 3
1330
1331
1332
28.7925 7.695 0
28.705 7.695 0
28.6175 7.695 0
1 575 0 0
1 576 0 1
1333
28.53 7.61 0.015
1 577 0 0
1 578 0 0
1 579 0 3
1334
1335
1336
28.7925 7.695 0.015
28.705 7.695 0.015
28.6175 7.695 0.015
1 580 0 0
1 581 0 1
1337
28.88 7.61 0.015
1 582 0 3
1338
1339
1340
28.6175 7.525 0.015
28.705 7.525 0.015
28.7925 7.525 0.015
1 583 0 1
1341
28.53 8.01 0
1 584 0 3
1342
1343
1344
28.6175 7.925 0
28.705 7.925 0
28.7925 7.925 0
1 585 0 1
1345
28.88 8.01 0
1 586 0 3
1346
1347
1348
28.7925 8.095000000000001 0
28.705 8.095000000000001 0
28.6175 8.095000000000001 0
1 587 0 0
1 588 0 1
1349
28.53 8.01 0.015
1 589 0 0
1 590 0 0
1 591 0 3
1350
1351
1352
28.7925 8.095000000000001 0.015
28.705 8.095000000000001 0.015
28.6175 8.095000000000001 0.015
1 592 0 0
1 593 0 1
1353
28.88 8.01 0.015
1 594 0 3
1354
1355
1356
28.6175 7.925 0.015
28.705 7.925 0.015
28.7925 7.925 0.015
1 595 0 2
1357
1358
27.481 8.375 0
27.481 8.275 0
1 596 0 1
1359
27.581 8.175000000000001 0
1 597 0 2
1360
1361
27.681 8.275 0
27.681 8.375 0
1 598 0 1
1362
27.581 8.475 0
1 599 0 0
1 600 0 2
1363
1364
27.481 8.375 0.015
27.481 8.275 0.015
1 601 0 0
1 602 0 0
1 603 0 1
1365
27.581 8.475 0.015
1 604 0 0
1 605 0 2
1366
1367
27.681 8.275 0.015
27.681 8.375 0.015
1 606 0 1
1368
27.581 8.175000000000001 0.015
1 607 0 1
1369
28.53 8.41 0
1 608 0 3
1370
1371
1372
28.6175 8.324999999999999 0
28.705 8.324999999999999 0
28.7925 8.324999999999999 0
1 609 0 1
1373
28.88 8.409999999999998 0
1 610 0 3
1374
1375
1376
28.7925 8.494999999999999 0
28.705 8.494999999999999 0
28.6175 8.494999999999999 0
1 611 0 0
1 612 0 1
1377
28.53 8.41 0.015
1 613 0 0
1 614 0 0
1 615 0 3
1378
1379
1380
28.7925 8.494999999999999 0.015
28.705 8.494999999999999 0.015
28.6175 8.494999999999999 0.015
1 616 0 0
1 617 0 1
1381
28.88 8.409999999999998 0.015
1 618 0 3
1382
1383
1384
28.6175 8.324999999999999 0.015
28.705 8.324999999999999 0.015
28.7925 8.324999999999999 0.015
1 619 0 1
1385
29.08 7.61 0
1 620 0 3
1386
1387
1388
29.1675 7.525 0
29.255 7.525 0
29.3425 7.525 0
1 621 0 1
1389
29.43 7.61 0
1 622 0 3
1390
1391
1392
29.3425 7.695 0
29.255 7.695 0
29.1675 7.695 0
1 623 0 0
1 624 0 1
1393
29.08 7.61 0.015
1 625 0 0
1 626 0 0
1 627 0 3
1394
1395
1396
29.3425 7.695 0.015
29.255 7.695 0.015
29.1675 7.695 0.015
1 628 0 0
1 629 0 1
1397
29.43 7.61 0.015
1 630 0 3
1398
1399
1400
29.1675 7.525 0.015
29.255 7.525 0.015
29.3425 7.525 0.015
1 631 0 1
1401
29.08 8.01 0
1 632 0 3
1402
1403
1404
29.1675 7.925 0
29.255 7.925 0
29.3425 7.925 0
1 633 0 1
1405
29.43 8.01 0
1 634 0 3
1406
1407
1408
29.3425 8.095000000000001 0
29.255 8.095000000000001 0
29.1675 8.095000000000001 0
1 635 0 0
1 636 0 1
1409
29.08 8.01 0.015
1 637 0 0
1 638 0 0
1 639 0 3
1410
1411
1412
29.3425 8.095000000000001 0.015
29.255 8.095000000000001 0.015
29.1675 8.095000000000001 0.015
1 640 0 0
1 641 0 1
1413
29.43 8.01 0.015
1 642 0 3
1414
1415
1416
29.1675 7.925 0.015
29.255 7.925 0.015
29.3425 7.925 0.015
1 643 0 1
1417
29.08 8.41 0
1 644 0 3
1418
1419
1420
29.1675 8.324999999999999 0
29.255 8.324999999999999 0
29.3425 8.324999999999999 0
1 645 0 1
1421
29.43 8.409999999999998 0
1 646 0 3
1422
1423
1424
29.3425 8.494999999999999 0
29.255 8.494999999999999 0
29.1675 8.494999999999999 0
1 647 0 0
1 648 0 1
1425
29.08 8.41 0.015
1 649 0 0
1 650 0 0
1 651 0 3
1426
1427
1428
29.3425 8.494999999999999 0.015
29.255 8.494999999999999 0.015
29.1675 8.494999999999999 0.015
1 652 0 0
1 653 0 1
1429
29.43 8.409999999999998 0.015
1 654 0 3
1430
1431
1432
29.1675 8.324999999999999 0.015
29.255 8.324999999999999 0.015
29.3425 8.324999999999999 0.015
1 655 0 1
1433
29.885 8.140000000000001 0
1 656 0 1
1434
29.87094112549696 8.245941125496953 0
1 657 0 1
1435
29.765 8.26 0
1 658 0 1
1436
29.65905887450305 8.245941125496953 0
1 659 0 1
1437
29.645 8.140000000000001 0
1 660 0 1
1438
29.65905887450305 8.034058874503046 0
1 661 0 1
1439
29.765 8.02 0
1 662 0 1
1440
29.87094112549696 8.034058874503046 0
1 663 0 0
1 664 0 1
1441
29.885 8.140000000000001 0.015
1 665 0 0
1 666 0 1
1442
29.87094112549696 8.034058874503046 0.015
1 667 0 0
1 668 0 0
1 669 0 1
1443
29.765 8.02 0.015
1 670 0 1
1444
29.65905887450305 8.034058874503046 0.015
1 671 0 0
1 672 0 0
1 673 0 1
1445
29.645 8.140000000000001 0.015
1 674 0 1
1446
29.65905887450305 8.245941125496953 0.015
1 675 0 0
1 676 0 0
1 677 0 1
1447
29.765 8.26 0.015
1 678 0 1
1448
29.87094112549696 8.245941125496953 0.015
1 679 0 1
1449
29.885 8.559999999999999 0
1 680 0 1
1450
29.87094112549696 8.665941125496953 0
1 681 0 1
1451
29.765 8.68 0
1 682 0 1
1452
29.65905887450305 8.665941125496953 0
1 683 0 1
1453
29.645 8.559999999999999 0
1 684 0 1
1454
29.65905887450305 8.454058874503046 0
1 685 0 1
1455
29.765 8.44 0
1 686 0 1
1456
29.87094112549696 8.454058874503046 0
1 687 0 0
1 688 0 1
1457
29.885 8.559999999999999 0.015
1 689 0 0
1 690 0 1
1458
29.87094112549696 8.454058874503046 0.015
1 691 0 0
1 692 0 0
1 693 0 1
1459
29.765 8.44 0.015
1 694 0 1
1460
29.65905887450305 8.454058874503046 0.015
1 695 0 0
1 696 0 0
1 697 0 1
1461
29.645 8.559999999999999 0.015
1 698 0 1
1462
29.65905887450305 8.665941125496953 0.015
1 699 0 0
1 700 0 0
1 701 0 1
1463
29.765 8.68 0.015
1 702 0 1
1464
29.87094112549696 8.665941125496953 0.015
1 703 0 1
1465
28.36 8.895 0
1 704 0 1
1466
28.34594112549696 9.000941125496954 0
1 705 0 1
1467
28.24 9.015000000000001 0
1 706 0 1
1468
28.13405887450304 9.000941125496954 0
1 707 0 1
1469
28.12 8.895 0
1 708 0 1
1470
28.13405887450304 8.789058874503047 0
1 709 0 1
1471
28.24 8.775 0
1 710 0 1
1472
28.34594112549696 8.789058874503047 0
1 711 0 0
1 712 0 1
1473
28.36 8.895 0.015
1 713 0 0
1 714 0 1
1474
28.34594112549696 8.789058874503047 0.015
1 715 0 0
1 716 0 0
1 717 0 1
1475
28.24 8.775 0.015
1 718 0 1
1476
28.13405887450304 8.789058874503047 0.015
1 719 0 0
1 720 0 0
1 721 0 1
1477
28.12 8.895 0.015
1 722 0 1
1478
28.13405887450304 9.000941125496954 0.015
1 723 0 0
1 724 0 0
1 725 0 1
1479
28.24 9.015000000000001 0.015
1 726 0 1
1480
28.34594112549696 9.000941125496954 0.015
1 727 0 1
1481
28.78 8.895 0
1 728 0 1
1482
28.76594112549695 9.000941125496954 0
1 729 0 1
1483
28.66 9.015000000000001 0
1 730 0 1
1484
28.55405887450305 9.000941125496954 0
1 731 0 1
1485
28.54 8.895 0
1 732 0 1
1486
28.55405887450305 8.789058874503047 0
1 733 0 1
1487
28.66 8.775 0
1 734 0 1
1488
28.76594112549695 8.789058874503047 0
1 735 0 0
1 736 0 1
1489
28.78 8.895 0.015
1 737 0 0
1 738 0 1
1490
28.76594112549695 8.789058874503047 0.015
1 739 0 0
1 740 0 0
1 741 0 1
1491
28.66 8.775 0.015
1 742 0 1
1492
28.55405887450305 8.789058874503047 0.015
1 743 0 0
1 744 0 0
1 745 0 1
1493
28.54 8.895 0.015
1 746 0 1
1494
28.55405887450305 9.000941125496954 0.015
1 747 0 0
1 748 0 0
1 749 0 1
1495
28.66 9.015000000000001 0.015
1 750 0 1
1496
28.76594112549695 9.000941125496954 0.015
1 751 0 2
1497
1498
28.5 9.610000000000001 0
28.5 9.535 0
1 752 0 1
1499
28.59 9.460000000000001 0
1 753 0 2
1500
1501
28.68 9.535 0
28.68 9.610000000000001 0
1 754 0 1
1502
28.59 9.685 0
1 755 0 0
1 756 0 2
1503
1504
28.5 9.610000000000001 0.015
28.5 9.535 0.015
1 757 0 0
1 758 0 0
1 759 0 1
1505
28.59 9.685 0.015
1 760 0 0
1 761 0 2
1506
1507
28.68 9.535 0.015
28.68 9.610000000000001 0.015
1 762 0 1
1508
28.59 9.460000000000001 0.015
1 763 0 1
1509
29.485 8.995000000000001 0
1 764 0 1
1510
29.47094112549696 9.100941125496954 0
1 765 0 1
1511
29.365 9.115 0
1 766 0 1
1512
29.25905887450304 9.100941125496954 0
1 767 0 1
1513
29.245 8.995000000000001 0
1 768 0 1
1514
29.25905887450304 8.889058874503046 0
1 769 0 1
1515
29.365 8.875 0
1 770 0 1
1516
29.47094112549696 8.889058874503046 0
1 771 0 0
1 772 0 1
1517
29.485 8.995000000000001 0.015
1 773 0 0
1 774 0 1
1518
29.47094112549696 8.889058874503046 0.015
1 775 0 0
1 776 0 0
1 777 0 1
1519
29.365 8.875 0.015
1 778 0 1
1520
29.25905887450304 8.889058874503046 0.015
1 779 0 0
1 780 0 0
1 781 0 1
1521
29.245 8.995000000000001 0.015
1 782 0 1
1522
29.25905887450304 9.100941125496954 0.015
1 783 0 0
1 784 0 0
1 785 0 1
1523
29.365 9.115 0.015
1 786 0 1
1524
29.47094112549696 9.100941125496954 0.015
1 787 0 1
1525
29.905 8.995000000000001 0
1 788 0 1
1526
29.89094112549695 9.100941125496954 0
1 789 0 1
1527
29.785 9.115 0
1 790 0 1
1528
29.67905887450305 9.100941125496954 0
1 791 0 1
1529
29.665 8.995000000000001 0
1 792 0 1
1530
29.67905887450305 8.889058874503046 0
1 793 0 1
1531
29.785 8.875 0
1 794 0 1
1532
29.89094112549695 8.889058874503046 0
1 795 0 0
1 796 0 1
1533
29.905 8.995000000000001 0.015
1 797 0 0
1 798 0 1
1534
29.89094112549695 8.889058874503046 0.015
1 799 0 0
1 800 0 0
1 801 0 1
1535
29.785 8.875 0.015
1 802 0 1
1536
29.67905887450305 8.889058874503046 0.015
1 803 0 0
1 804 0 0
1 805 0 1
1537
29.665 8.995000000000001 0.015
1 806 0 1
1538
29.67905887450305 9.100941125496954 0.015
1 807 0 0
1 808 0 0
1 809 0 1
1539
29.785 9.115 0.015
1 810 0 1
1540
29.89094112549695 9.100941125496954 0.015
1 811 0 2
1541
1542
28.88 9.610000000000001 0
28.88 9.535 0
1 812 0 1
1543
28.97 9.460000000000001 0
1 813 0 2
1544
1545
29.06 9.535 0
29.06 9.610000000000001 0
1 814 0 1
1546
28.97 9.685 0
1 815 0 0
1 816 0 2
1547
1548
28.88 9.610000000000001 0.015
28.88 9.535 0.015
1 817 0 0
1 818 0 0
1 819 0 1
1549
28.97 9.685 0.015
1 820 0 0
1 821 0 2
1550
1551
29.06 9.535 0.015
29.06 9.610000000000001 0.015
1 822 0 1
1552
28.97 9.460000000000001 0.015
1 823 0 2
1553
1554
29.26 9.610000000000001 0
29.26 9.535 0
1 824 0 1
1555
29.35 9.460000000000001 0
1 825 0 2
1556
1557
29.44 9.535 0
29.44 9.610000000000001 0
1 826 0 1
1558
29.35 9.685 0
1 827 0 0
1 828 0 2
1559
1560
29.26 9.610000000000001 0.015
29.26 9.535 0.015
1 829 0 0
1 830 0 0
1 831 0 1
1561
29.35 9.685 0.015
1 832 0 0
1 833 0 2
1562
1563
29.44 9.535 0.015
29.44 9.610000000000001 0.015
1 834 0 1
1564
29.35 9.460000000000001 0.015
1 835 0 2
1565
1566
25 9.259840908267334 0.406
25 9.190159091732667 0.406
1 836 0 0
1 837 0 2
1567
1568
25 9.259840908267334 0.421
25 9.190159091732667 0.421
1 838 0 0
1 839 0 1
1569
25.06770135133959 9.154377765540866 0.406
1 840 0 1
1570
25.06770135133959 9.295622234459133 0.406
1 841 0 1
1571
25.06770135133959 9.154377765540866 0.421
1 842 0 0
1 843 0 1
1572
25.06770135133959 9.295622234459133 0.421
1 844 0 0
1 845 0 1
1573
25.69 10 0.406
1 846 0 4
1574
1575
1576
1577
25.58500349900866 9.925857192845804 0.406
25.61530058233619 9.851209777065742 0.406
25.68957140000643 9.820000874755809 0.406
25.76409452409144 9.850602409315472 0.406
1 847 0 0
1 848 0 0
1 849 0 0
1 850 0 4
1578
1579
1580
1581
25.58500349900866 9.925857192845804 0.421
25.61530058233619 9.851209777065742 0.421
25.68957140000643 9.820000874755809 0.421
25.76409452409144 9.850602409315472 0.421
1 851 0 0
1 852 0 1
1582
25.69 10 0.421
1 853 0 0
1 854 0 1
1583
26.39 10 0.406
1 855 0 4
1584
1585
1586
1587
26.28500349900866 9.925857192845806 0.406
26.31530058233619 9.851209777065742 0.406
26.38957140000643 9.820000874755809 0.406
26.46409452409144 9.850602409315472 0.406
1 856 0 0
1 857 0 0
1 858 0 0
1 859 0 4
1588
1589
1590
1591
26.28500349900866 9.925857192845806 0.421
26.31530058233619 9.851209777065742 0.421
26.38957140000643 9.820000874755809 0.421
26.46409452409144 9.850602409315472 0.421
1 860 0 0
1 861 0 1
1592
26.39 10 0.421
1 862 0 2
1593
1594
25 9.609840908267334 0.406
25 9.540159091732667 0.406
1 863 0 1
1595
25.06770135133959 9.504377765540866 0.406
1 864 0 1
1596
25.06770135133959 9.645622234459132 0.406
1 865 0 0
1 866 0 2
1597
1598
25 9.609840908267334 0.421
25 9.540159091732667 0.421
1 867 0 0
1 868 0 1
1599
25.06770135133959 9.645622234459132 0.421
1 869 0 0
1 870 0 1
1600
25.06770135133959 9.504377765540866 0.421
1 871 0 1
1601
25 9.910238637599001 0.406
1 872 0 1
1602
25.06770135133959 9.854377765540868 0.406
1 873 0 0
1 874 0 0
1 875 0 0
1 876 0 1
1603
25 9.910238637599001 0.421
1 877 0 0
1 878 0 0
1 879 0 0
1 880 0 0
1 881 0 0
1 882 0 1
1604
25.06770135133959 9.854377765540868 0.421
1 883 0 0
1 884 0 1
1605
25.34 10 0.406
1 885 0 4
1606
1607
1608
1609
25.23500349900866 9.925857192845806 0.406
25.26530058233619 9.851209777065742 0.406
25.33957140000643 9.820000874755809 0.406
25.41409452409144 9.850602409315472 0.406
1 886 0 0
1 887 0 0
1 888 0 0
1 889 0 4
1610
1611
1612
1613
25.23500349900866 9.925857192845806 0.421
25.26530058233619 9.851209777065742 0.421
25.33957140000643 9.820000874755809 0.421
25.41409452409144 9.850602409315472 0.421
1 890 0 0
1 891 0 1
1614
25.34 10 0.421
1 892 0 1
1615
28.557 5.622 0.406
1 893 0 1
1616
28.54294112549696 5.727941125496955 0.406
1 894 0 1
1617
28.437 5.742 0.406
1 895 0 1
1618
28.33105887450304 5.727941125496955 0.406
1 896 0 1
1619
28.317 5.622 0.406
1 897 0 1
1620
28.33105887450304 5.516058874503045 0.406
1 898 0 1
1621
28.437 5.502 0.406
1 899 0 1
1622
28.54294112549696 5.516058874503045 0.406
1 900 0 0
1 901 0 1
1623
28.557 5.622 0.421
1 902 0 0
1 903 0 1
1624
28.54294112549696 5.516058874503045 0.421
1 904 0 0
1 905 0 0
1 906 0 1
1625
28.437 5.502 0.421
1 907 0 1
1626
28.33105887450304 5.516058874503045 0.421
1 908 0 0
1 909 0 0
1 910 0 1
1627
28.317 5.622 0.421
1 911 0 1
1628
28.33105887450304 5.727941125496955 0.421
1 912 0 0
1 913 0 0
1 914 0 1
1629
28.437 5.742 0.421
1 915 0 1
1630
28.54294112549696 5.727941125496955 0.421
1 916 0 1
1631
28.987 5.622 0.406
1 917 0 1
1632
28.97294112549696 5.727941125496955 0.406
1 918 0 1
1633
28.867 5.742 0.406
1 919 0 1
1634
28.76105887450305 5.727941125496955 0.406
1 920 0 1
1635
28.747 5.622 0.406
1 921 0 1
1636
28.76105887450305 5.516058874503045 0.406
1 922 0 1
1637
28.867 5.502 0.406
1 923 0 1
1638
28.97294112549696 5.516058874503045 0.406
1 924 0 0
1 925 0 1
1639
28.987 5.622 0.421
1 926 0 0
1 927 0 1
1640
28.97294112549696 5.516058874503045 0.421
1 928 0 0
1 929 0 0
1 930 0 1
1641
28.867 5.502 0.421
1 931 0 1
1642
28.76105887450305 5.516058874503045 0.421
1 932 0 0
1 933 0 0
1 934 0 1
1643
28.747 5.622 0.421
1 935 0 1
1644
28.76105887450305 5.727941125496955 0.421
1 936 0 0
1 937 0 0
1 938 0 1
1645
28.867 5.742 0.421
1 939 0 1
1646
28.97294112549696 5.727941125496955 0.421
1 940 0 1
1647
29.457 5.612 0.406
1 941 0 1
1648
29.44294112549695 5.717941125496955 0.406
1 942 0 1
1649
29.337 5.732 0.406
1 943 0 1
1650
29.23105887450305 5.717941125496955 0.406
1 944 0 1
1651
29.217 5.612 0.406
1 945 0 1
1652
29.23105887450305 5.506058874503045 0.406
1 946 0 1
1653
29.337 5.492 0.406
1 947 0 1
1654
29.44294112549695 5.506058874503045 0.406
1 948 0 0
1 949 0 1
1655
29.457 5.612 0.421
1 950 0 0
1 951 0 1
1656
29.44294112549695 5.506058874503045 0.421
1 952 0 0
1 953 0 0
1 954 0 1
1657
29.337 5.492 0.421
1 955 0 1
1658
29.23105887450305 5.506058874503045 0.421
1 956 0 0
1 957 0 0
1 958 0 1
1659
29.217 5.612 0.421
1 959 0 1
1660
29.23105887450305 5.717941125496955 0.421
1 960 0 0
1 961 0 0
1 962 0 1
1661
29.337 5.732 0.421
1 963 0 1
1662
29.44294112549695 5.717941125496955 0.421
1 964 0 1
1663
29.877 5.612 0.406
1 965 0 1
1664
29.86294112549696 5.717941125496955 0.406
1 966 0 1
1665
29.757 5.732 0.406
1 967 0 1
1666
29.65105887450304 5.717941125496955 0.406
1 968 0 1
1667
29.637 5.612 0.406
1 969 0 1
1668
29.65105887450304 5.506058874503045 0.406
1 970 0 1
1669
29.757 5.492 0.406
1 971 0 1
1670
29.86294112549696 5.506058874503045 0.406
1 972 0 0
1 973 0 1
1671
29.877 5.612 0.421
1 974 0 0
1 975 0 1
1672
29.86294112549696 5.506058874503045 0.421
1 976 0 0
1 977 0 0
1 978 0 1
1673
29.757 5.492 0.421
1 979 0 1
1674
29.65105887450304 5.506058874503045 0.421
1 980 0 0
1 981 0 0
1 982 0 1
1675
29.637 5.612 0.421
1 983 0 1
1676
29.65105887450304 5.717941125496955 0.421
1 984 0 0
1 985 0 0
1 986 0 1
1677
29.757 5.732 0.421
1 987 0 1
1678
29.86294112549696 5.717941125496955 0.421
1 988 0 5
1679
1680
1681
1682
1683
25.32 7.838333333333333 0.406
25.32 7.746666666666666 0.406
25.32 7.654999999999999 0.406
25.32 7.563333333333333 0.406
25.32 7.471666666666667 0.406
1 989 0 6
1684
1685
1686
1687
1688
1689
25.40857142857143 7.38 0.406
25.49714285714286 7.38 0.406
25.58571428571429 7.38 0.406
25.67428571428572 7.38 0.406
25.76285714285714 7.38 0.406
25.85142857142857 7.38 0.406
1 990 0 5
1690
1691
1692
1693
1694
25.94 7.471666666666667 0.406
25.94 7.563333333333333 0.406
25.94 7.655 0.406
25.94 7.746666666666667 0.406
25.94 7.838333333333333 0.406
1 991 0 6
1695
1696
1697
1698
1699
1700
25.85142857142857 7.93 0.406
25.76285714285714 7.93 0.406
25.67428571428572 7.93 0.406
25.58571428571429 7.93 0.406
25.49714285714286 7.93 0.406
25.40857142857143 7.93 0.406
1 992 0 0
1 993 0 5
1701
1702
1703
1704
1705
25.32 7.838333333333333 0.421
25.32 7.746666666666666 0.421
25.32 7.654999999999999 0.421
25.32 7.563333333333333 0.421
25.32 7.471666666666667 0.421
1 994 0 0
1 995 0 0
1 996 0 6
1706
1707
1708
1709
1710
1711
25.85142857142857 7.93 0.421
25.76285714285714 7.93 0.421
25.67428571428572 7.93 0.421
25.58571428571429 7.93 0.421
25.49714285714286 7.93 0.421
25.40857142857143 7.93 0.421
1 997 0 0
1 998 0 5
1712
1713
1714
1715
1716
25.94 7.471666666666667 0.421
25.94 7.563333333333333 0.421
25.94 7.655 0.421
25.94 7.746666666666667 0.421
25.94 7.838333333333333 0.421
1 999 0 6
1717
1718
1719
1720
1721
1722
25.40857142857143 7.38 0.421
25.49714285714286 7.38 0.421
25.58571428571429 7.38 0.421
25.67428571428572 7.38 0.421
25.76285714285714 7.38 0.421
25.85142857142857 7.38 0.421
1 1000 0 5
1723
1724
1725
1726
1727
25.32 8.648333333333333 0.406
25.32 8.556666666666667 0.406
25.32 8.465 0.406
25.32 8.373333333333333 0.406
25.32 8.281666666666666 0.406
1 1001 0 6
1728
1729
1730
1731
1732
1733
25.40857142857143 8.19 0.406
25.49714285714286 8.19 0.406
25.58571428571429 8.19 0.406
25.67428571428572 8.19 0.406
25.76285714285714 8.19 0.406
25.85142857142857 8.19 0.406
1 1002 0 5
1734
1735
1736
1737
1738
25.94 8.281666666666666 0.406
25.94 8.373333333333333 0.406
25.94 8.465 0.406
25.94 8.556666666666667 0.406
25.94 8.648333333333333 0.406
1 1003 0 6
1739
1740
1741
1742
1743
1744
25.85142857142857 8.74 0.406
25.76285714285714 8.74 0.406
25.67428571428572 8.74 0.406
25.58571428571429 8.74 0.406
25.49714285714286 8.74 0.406
25.40857142857143 8.74 0.406
1 1004 0 0
1 1005 0 5
1745
1746
1747
1748
1749
25.32 8.648333333333333 0.421
25.32 8.556666666666667 0.421
25.32 8.465 0.421
25.32 8.373333333333333 0.421
25.32 8.281666666666666 0.421
1 1006 0 0
1 1007 0 0
1 1008 0 6
1750
1751
1752
1753
1754
1755
25.85142857142857 8.74 0.421
25.76285714285714 8.74 0.421
25.67428571428572 8.74 0.421
25.58571428571429 8.74 0.421
25.49714285714286 8.74 0.421
25.40857142857143 8.74 0.421
1 1009 0 0
1 1010 0 5
1756
1757
1758
1759
1760
25.94 8.281666666666666 0.421
25.94 8.373333333333333 0.421
25.94 8.465 0.421
25.94 8.556666666666667 0.421
25.94 8.648333333333333 0.421
1 1011 0 6
1761
1762
1763
1764
1765
1766
25.40857142857143 8.19 0.421
25.49714285714286 8.19 0.421
25.58571428571429 8.19 0.421
25.67428571428572 8.19 0.421
25.76285714285714 8.19 0.421
25.85142857142857 8.19 0.421
1 1012 0 5
1767
1768
1769
1770
1771
26.26 7.838333333333333 0.406
26.26 7.746666666666666 0.406
26.26 7.654999999999999 0.406
26.26 7.563333333333333 0.406
26.26 7.471666666666667 0.406
1 1013 0 6
1772
1773
1774
1775
1776
1777
26.34857142857143 7.38 0.406
26.43714285714286 7.38 0.406
26.52571428571429 7.38 0.406
26.61428571428571 7.38 0.406
26.70285714285714 7.38 0.406
26.79142857142857 7.38 0.406
1 1014 0 5
1778
1779
1780
1781
1782
26.88 7.471666666666667 0.406
26.88 7.563333333333333 0.406
26.88 7.655 0.406
26.88 7.746666666666667 0.406
26.88 7.838333333333333 0.406
1 1015 0 6
1783
1784
1785
1786
1787
1788
26.79142857142857 7.93 0.406
26.70285714285714 7.93 0.406
26.61428571428571 7.93 0.406
26.52571428571429 7.93 0.406
26.43714285714286 7.93 0.406
26.34857142857143 7.93 0.406
1 1016 0 0
1 1017 0 5
1789
1790
1791
1792
1793
26.26 7.838333333333333 0.421
26.26 7.746666666666666 0.421
26.26 7.654999999999999 0.421
26.26 7.563333333333333 0.421
26.26 7.471666666666667 0.421
1 1018 0 0
1 1019 0 0
1 1020 0 6
1794
1795
1796
1797
1798
1799
26.79142857142857 7.93 0.421
26.70285714285714 7.93 0.421
26.61428571428571 7.93 0.421
26.52571428571429 7.93 0.421
26.43714285714286 7.93 0.421
26.34857142857143 7.93 0.421
1 1021 0 0
1 1022 0 5
1800
1801
1802
1803
1804
26.88 7.471666666666667 0.421
26.88 7.563333333333333 0.421
26.88 7.655 0.421
26.88 7.746666666666667 0.421
26.88 7.838333333333333 0.421
1 1023 0 6
1805
1806
1807
1808
1809
1810
26.34857142857143 7.38 0.421
26.43714285714286 7.38 0.421
26.52571428571429 7.38 0.421
26.61428571428571 7.38 0.421
26.70285714285714 7.38 0.421
26.79142857142857 7.38 0.421
1 1024 0 5
1811
1812
1813
1814
1815
26.26 8.648333333333333 0.406
26.26 8.556666666666667 0.406
26.26 8.465 0.406
26.26 8.373333333333333 0.406
26.26 8.281666666666666 0.406
1 1025 0 6
1816
1817
1818
1819
1820
1821
26.34857142857143 8.19 0.406
26.43714285714286 8.19 0.406
26.52571428571429 8.19 0.406
26.61428571428571 8.19 0.406
26.70285714285714 8.19 0.406
26.79142857142857 8.19 0.406
1 1026 0 5
1822
1823
1824
1825
1826
26.88 8.281666666666666 0.406
26.88 8.373333333333333 0.406
26.88 8.465 0.406
26.88 8.556666666666667 0.406
26.88 8.648333333333333 0.406
1 1027 0 6
1827
1828
1829
1830
1831
1832
26.79142857142857 8.74 0.406
26.70285714285714 8.74 0.406
26.61428571428571 8.74 0.406
26.52571428571429 8.74 0.406
26.43714285714286 8.74 0.406
26.34857142857143 8.74 0.406
1 1028 0 0
1 1029 0 5
1833
1834
1835
1836
1837
26.26 8.648333333333333 0.421
26.26 8.556666666666667 0.421
26.26 8.465 0.421
26.26 8.373333333333333 0.421
26.26 8.281666666666666 0.421
1 1030 0 0
1 1031 0 0
1 1032 0 6
1838
1839
1840
1841
1842
1843
26.79142857142857 8.74 0.421
26.70285714285714 8.74 0.421
26.61428571428571 8.74 0.421
26.52571428571429 8.74 0.421
26.43714285714286 8.74 0.421
26.34857142857143 8.74 0.421
1 1033 0 0
1 1034 0 5
1844
1845
1846
1847
1848
26.88 8.281666666666666 0.421
26.88 8.373333333333333 0.421
26.88 8.465 0.421
26.88 8.556666666666667 0.421
26.88 8.648333333333333 0.421
1 1035 0 6
1849
1850
1851
1852
1853
1854
26.34857142857143 8.19 0.421
26.43714285714286 8.19 0.421
26.52571428571429 8.19 0.421
26.61428571428571 8.19 0.421
26.70285714285714 8.19 0.421
26.79142857142857 8.19 0.421
1 1036 0 6
1855
1856
1857
1858
1859
1860
25.40546642919517 9.307092305659143 0.406
25.31663530193459 9.327367430779091 0.406
25.24539826887025 9.270557792607343 0.406
25.24539826887025 9.179442207392656 0.406
25.31663530193459 9.122632569220908 0.406
25.40546642919517 9.142907694340856 0.406
1 1037 0 0
1 1038 0 6
1861
1862
1863
1864
1865
1866
25.40546642919517 9.307092305659143 0.421
25.31663530193459 9.327367430779091 0.421
25.24539826887025 9.270557792607343 0.421
25.24539826887025 9.179442207392656 0.421
25.31663530193459 9.122632569220908 0.421
25.40546642919517 9.142907694340856 0.421
1 1039 0 6
1867
1868
1869
1870
1871
1872
25.75546642919517 9.307092305659143 0.406
25.66663530193459 9.327367430779091 0.406
25.59539826887025 9.270557792607343 0.406
25.59539826887025 9.179442207392656 0.406
25.66663530193459 9.122632569220908 0.406
25.75546642919517 9.142907694340856 0.406
1 1040 0 0
1 1041 0 6
1873
1874
1875
1876
1877
1878
25.75546642919517 9.307092305659143 0.421
25.66663530193459 9.327367430779091 0.421
25.59539826887025 9.270557792607343 0.421
25.59539826887025 9.179442207392656 0.421
25.66663530193459 9.122632569220908 0.421
25.75546642919517 9.142907694340856 0.421
1 1042 0 6
1879
1880
1881
1882
1883
1884
26.10546642919516 9.307092305659143 0.406
26.01663530193458 9.327367430779091 0.406
25.94539826887025 9.270557792607343 0.406
25.94539826887025 9.179442207392656 0.406
26.01663530193458 9.122632569220908 0.406
26.10546642919517 9.142907694340856 0.406
1 1043 0 0
1 1044 0 6
1885
1886
1887
1888
1889
1890
26.10546642919516 9.307092305659143 0.421
26.01663530193458 9.327367430779091 0.421
25.94539826887025 9.270557792607343 0.421
25.94539826887025 9.179442207392656 0.421
26.01663530193458 9.122632569220908 0.421
26.10546642919517 9.142907694340856 0.421
1 1045 0 6
1891
1892
1893
1894
1895
1896
26.45546642919517 9.307092305659143 0.406
26.36663530193459 9.327367430779091 0.406
26.29539826887025 9.270557792607343 0.406
26.29539826887025 9.179442207392656 0.406
26.36663530193459 9.122632569220908 0.406
26.45546642919517 9.142907694340856 0.406
1 1046 0 0
1 1047 0 6
1897
1898
1899
1900
1901
1902
26.45546642919517 9.307092305659143 0.421
26.36663530193459 9.327367430779091 0.421
26.29539826887025 9.270557792607343 0.421
26.29539826887025 9.179442207392656 0.421
26.36663530193459 9.122632569220908 0.421
26.45546642919517 9.142907694340856 0.421
1 1048 0 6
1903
1904
1905
1906
1907
1908
25.40546642919517 9.657092305659143 0.406
25.31663530193459 9.677367430779091 0.406
25.24539826887025 9.620557792607343 0.406
25.24539826887025 9.529442207392655 0.406
25.31663530193459 9.472632569220908 0.406
25.40546642919517 9.492907694340856 0.406
1 1049 0 0
1 1050 0 6
1909
1910
1911
1912
1913
1914
25.40546642919517 9.657092305659143 0.421
25.31663530193459 9.677367430779091 0.421
25.24539826887025 9.620557792607343 0.421
25.24539826887025 9.529442207392655 0.421
25.31663530193459 9.472632569220908 0.421
25.40546642919517 9.492907694340856 0.421
1 1051 0 6
1915
1916
1917
1918
1919
1920
25.75546642919517 9.657092305659143 0.406
25.66663530193459 9.677367430779091 0.406
25.59539826887025 9.620557792607343 0.406
25.59539826887025 9.529442207392655 0.406
25.66663530193459 9.472632569220908 0.406
25.75546642919517 9.492907694340856 0.406
1 1052 0 0
1 1053 0 6
1921
1922
1923
1924
1925
1926
25.75546642919517 9.657092305659143 0.421
25.66663530193459 9.677367430779091 0.421
25.59539826887025 9.620557792607343 0.421
25.59539826887025 9.529442207392655 0.421
25.66663530193459 9.472632569220908 0.421
25.75546642919517 9.492907694340856 0.421
1 1054 0 6
1927
1928
1929
1930
1931
1932
26.10546642919516 9.657092305659143 0.406
26.01663530193458 9.677367430779091 0.406
25.94539826887025 9.620557792607343 0.406
25.94539826887025 9.529442207392655 0.406
26.01663530193458 9.472632569220908 0.406
26.10546642919517 9.492907694340856 0.406
1 1055 0 0
1 1056 0 6
1933
1934
1935
1936
1937
1938
26.10546642919516 9.657092305659143 0.421
26.01663530193458 9.677367430779091 0.421
25.94539826887025 9.620557792607343 0.421
25.94539826887025 9.529442207392655 0.421
26.01663530193458 9.472632569220908 0.421
26.10546642919517 9.492907694340856 0.421
1 1057 0 6
1939
1940
1941
1942
1943
1944
26.45546642919517 9.657092305659143 0.406
26.36663530193459 9.677367430779091 0.406
26.29539826887025 9.620557792607343 0.406
26.29539826887025 9.529442207392655 0.406
26.36663530193459 9.472632569220908 0.406
26.45546642919517 9.492907694340856 0.406
1 1058 0 0
1 1059 0 6
1945
1946
1947
1948
1949
1950
26.45546642919517 9.657092305659143 0.421
26.36663530193459 9.677367430779091 0.421
26.29539826887025 9.620557792607343 0.421
26.29539826887025 9.529442207392655 0.421
26.36663530193459 9.472632569220908 0.421
26.45546642919517 9.492907694340856 0.421
1 1060 0 1
1951
27.41 8.82 0.406
1 1061 0 1
1952
27.39594112549695 8.925941125496953 0.406
1 1062 0 1
1953
27.29 8.94 0.406
1 1063 0 1
1954
27.18405887450304 8.925941125496953 0.406
1 1064 0 1
1955
27.17 8.82 0.406
1 1065 0 1
1956
27.18405887450304 8.714058874503046 0.406
1 1066 0 1
1957
27.29 8.699999999999999 0.406
1 1067 0 1
1958
27.39594112549695 8.714058874503046 0.406
1 1068 0 0
1 1069 0 1
1959
27.41 8.82 0.421
1 1070 0 0
1 1071 0 1
1960
27.39594112549695 8.714058874503046 0.421
1 1072 0 0
1 1073 0 0
1 1074 0 1
1961
27.29 8.699999999999999 0.421
1 1075 0 1
1962
27.18405887450304 8.714058874503046 0.421
1 1076 0 0
1 1077 0 0
1 1078 0 1
1963
27.17 8.82 0.421
1 1079 0 1
1964
27.18405887450304 8.925941125496953 0.421
1 1080 0 0
1 1081 0 0
1 1082 0 1
1965
27.29 8.94 0.421
1 1083 0 1
1966
27.39594112549695 8.925941125496953 0.421
1 1084 0 1
1967
26.91 9.31 0.406
1 1085 0 3
1968
1969
1970
26.9975 9.225 0.406
27.085 9.225 0.406
27.1725 9.225 0.406
1 1086 0 1
1971
27.26 9.309999999999999 0.406
1 1087 0 3
1972
1973
1974
27.1725 9.395 0.406
27.085 9.395 0.406
26.9975 9.395 0.406
1 1088 0 0
1 1089 0 1
1975
26.91 9.31 0.421
1 1090 0 0
1 1091 0 0
1 1092 0 3
1976
1977
1978
27.1725 9.395 0.421
27.085 9.395 0.421
26.9975 9.395 0.421
1 1093 0 0
1 1094 0 1
1979
27.26 9.309999999999999 0.421
1 1095 0 3
1980
1981
1982
26.9975 9.225 0.421
27.085 9.225 0.421
27.1725 9.225 0.421
1 1096 0 1
1983
26.91 9.710000000000001 0.406
1 1097 0 3
1984
1985
1986
26.9975 9.625 0.406
27.085 9.625 0.406
27.1725 9.625 0.406
1 1098 0 1
1987
27.26 9.709999999999999 0.406
1 1099 0 3
1988
1989
1990
27.1725 9.795 0.406
27.085 9.795 0.406
26.9975 9.795 0.406
1 1100 0 0
1 1101 0 1
1991
26.91 9.710000000000001 0.421
1 1102 0 0
1 1103 0 0
1 1104 0 3
1992
1993
1994
27.1725 9.795 0.421
27.085 9.795 0.421
26.9975 9.795 0.421
1 1105 0 0
1 1106 0 1
1995
27.26 9.709999999999999 0.421
1 1107 0 3
1996
1997
1998
26.9975 9.625 0.421
27.085 9.625 0.421
27.1725 9.625 0.421
1 1108 0 1
1999
27.83 8.82 0.406
1 1109 0 1
2000
27.81594112549696 8.925941125496953 0.406
1 1110 0 1
2001
27.71 8.94 0.406
1 1111 0 1
2002
27.60405887450305 8.925941125496953 0.406
1 1112 0 1
2003
27.59 8.82 0.406
1 1113 0 1
2004
27.60405887450305 8.714058874503046 0.406
1 1114 0 1
2005
27.71 8.699999999999999 0.406
1 1115 0 1
2006
27.81594112549696 8.714058874503046 0.406
1 1116 0 0
1 1117 0 1
2007
27.83 8.82 0.421
1 1118 0 0
1 1119 0 1
2008
27.81594112549696 8.714058874503046 0.421
1 1120 0 0
1 1121 0 0
1 1122 0 1
2009
27.71 8.699999999999999 0.421
1 1123 0 1
2010
27.60405887450305 8.714058874503046 0.421
1 1124 0 0
1 1125 0 0
1 1126 0 1
2011
27.59 8.82 0.421
1 1127 0 1
2012
27.60405887450305 8.925941125496953 0.421
1 1128 0 0
1 1129 0 0
1 1130 0 1
2013
27.71 8.94 0.421
1 1131 0 1
2014
27.81594112549696 8.925941125496953 0.421
1 1132 0 2
2015
2016
28.06 9.110000000000001 0.406
28.06 9.035 0.406
1 1133 0 1
2017
28.15 8.960000000000001 0.406
1 1134 0 2
2018
2019
28.24 9.035 0.406
28.24 9.110000000000001 0.406
1 1135 0 1
2020
28.15 9.185 0.406
1 1136 0 0
1 1137 0 2
2021
2022
28.06 9.110000000000001 0.421
28.06 9.035 0.421
1 1138 0 0
1 1139 0 0
1 1140 0 1
2023
28.15 9.185 0.421
1 1141 0 0
1 1142 0 2
2024
2025
28.24 9.035 0.421
28.24 9.110000000000001 0.421
1 1143 0 1
2026
28.15 8.960000000000001 0.421
1 1144 0 2
2027
2028
28.44 9.110000000000001 0.406
28.44 9.035 0.406
1 1145 0 1
2029
28.53 8.960000000000001 0.406
1 1146 0 2
2030
2031
28.62 9.035 0.406
28.62 9.110000000000001 0.406
1 1147 0 1
2032
28.53 9.185 0.406
1 1148 0 0
1 1149 0 2
2033
2034
28.44 9.110000000000001 0.421
28.44 9.035 0.421
1 1150 0 0
1 1151 0 0
1 1152 0 1
2035
28.53 9.185 0.421
1 1153 0 0
1 1154 0 2
2036
2037
28.62 9.035 0.421
28.62 9.110000000000001 0.421
1 1155 0 1
2038
28.53 8.960000000000001 0.421
1 1156 0 1
2039
27.46 9.31 0.406
1 1157 0 3
2040
2041
2042
27.5475 9.225 0.406
27.635 9.225 0.406
27.7225 9.225 0.406
1 1158 0 1
2043
27.81 9.309999999999999 0.406
1 1159 0 3
2044
2045
2046
27.7225 9.395 0.406
27.635 9.395 0.406
27.5475 9.395 0.406
1 1160 0 0
1 1161 0 1
2047
27.46 9.31 0.421
1 1162 0 0
1 1163 0 0
1 1164 0 3
2048
2049
2050
27.7225 9.395 0.421
27.635 9.395 0.421
27.5475 9.395 0.421
1 1165 0 0
1 1166 0 1
2051
27.81 9.309999999999999 0.421
1 1167 0 3
2052
2053
2054
27.5475 9.225 0.421
27.635 9.225 0.421
27.7225 9.225 0.421
1 1168 0 1
2055
27.46 9.710000000000001 0.406
1 1169 0 3
2056
2057
2058
27.5475 9.625 0.406
27.635 9.625 0.406
27.7225 9.625 0.406
1 1170 0 1
2059
27.81 9.709999999999999 0.406
1 1171 0 3
2060
2061
2062
27.7225 9.795 0.406
27.635 9.795 0.406
27.5475 9.795 0.406
1 1172 0 0
1 1173 0 1
2063
27.46 9.710000000000001 0.421
1 1174 0 0
1 1175 0 0
1 1176 0 3
2064
2065
2066
27.7225 9.795 0.421
27.635 9.795 0.421
27.5475 9.795 0.421
1 1177 0 0
1 1178 0 1
2067
27.81 9.709999999999999 0.421
1 1179 0 3
2068
2069
2070
27.5475 9.625 0.421
27.635 9.625 0.421
27.7225 9.625 0.421
1 1180 0 2
2071
2072
28.06 9.485000000000001 0.406
28.06 9.41 0.406
1 1181 0 1
2073
28.15 9.335000000000001 0.406
1 1182 0 2
2074
2075
28.24 9.41 0.406
28.24 9.485000000000001 0.406
1 1183 0 1
2076
28.15 9.56 0.406
1 1184 0 0
1 1185 0 2
2077
2078
28.06 9.485000000000001 0.421
28.06 9.41 0.421
1 1186 0 0
1 1187 0 0
1 1188 0 1
2079
28.15 9.56 0.421
1 1189 0 0
1 1190 0 2
2080
2081
28.24 9.41 0.421
28.24 9.485000000000001 0.421
1 1191 0 1
2082
28.15 9.335000000000001 0.421
1 1192 0 2
2083
2084
28.44 9.485000000000001 0.406
28.44 9.41 0.406
1 1193 0 1
2085
28.53 9.335000000000001 0.406
1 1194 0 2
2086
2087
28.62 9.41 0.406
28.62 9.485000000000001 0.406
1 1195 0 1
2088
28.53 9.56 0.406
1 1196 0 0
1 1197 0 2
2089
2090
28.44 9.485000000000001 0.421
28.44 9.41 0.421
1 1198 0 0
1 1199 0 0
1 1200 0 1
2091
28.53 9.56 0.421
1 1201 0 0
1 1202 0 2
2092
2093
28.62 9.41 0.421
28.62 9.485000000000001 0.421
1 1203 0 1
2094
28.53 9.335000000000001 0.421
1 1204 0 2
2095
2096
28.82 9.110000000000001 0.406
28.82 9.035 0.406
1 1205 0 1
2097
28.91 8.960000000000001 0.406
1 1206 0 2
2098
2099
29 9.035 0.406
29 9.110000000000001 0.406
1 1207 0 1
2100
28.91 9.185 0.406
1 1208 0 0
1 1209 0 2
2101
2102
28.82 9.110000000000001 0.421
28.82 9.035 0.421
1 1210 0 0
1 1211 0 0
1 1212 0 1
2103
28.91 9.185 0.421
1 1213 0 0
1 1214 0 2
2104
2105
29 9.035 0.421
29 9.110000000000001 0.421
1 1215 0 1
2106
28.91 8.960000000000001 0.421
1 1216 0 2
2107
2108
28.82 9.485000000000001 0.406
28.82 9.41 0.406
1 1217 0 1
2109
28.91 9.335000000000001 0.406
1 1218 0 2
2110
2111
29 9.41 0.406
29 9.485000000000001 0.406
1 1219 0 1
2112
28.91 9.56 0.406
1 1220 0 0
1 1221 0 2
2113
2114
28.82 9.485000000000001 0.421
28.82 9.41 0.421
1 1222 0 0
1 1223 0 0
1 1224 0 1
2115
28.91 9.56 0.421
1 1225 0 0
1 1226 0 2
2116
2117
29 9.41 0.421
29 9.485000000000001 0.421
1 1227 0 1
2118
28.91 9.335000000000001 0.421
2 1 0 0
2 2 0 9
2119
2120
2121
2122
2123
2124
2125
2126
2127
29.88800430759831 5.575059197091061 0
29.71754166666667 5.576446078431372 0
29.80647988459972 5.575250879253739 0
29.62049305555556 5.575172152194211 0
29.52424884259259 5.577210064581388 0
29.445 5.588088235294117 0
29.94510603608811 5.600780952285882 0
29.95126883964532 5.544955248539697 0
29.41605867935409 5.532500000000002 0
2 3 0 0
2 4 0 9
2128
2129
2130
2131
2132
2133
2134
2135
2136
29.88800430759831 5.575059197091061 0.015
29.71754166666667 5.576446078431372 0.015
29.80647988459972 5.575250879253739 0.015
29.62049305555556 5.575172152194211 0.015
29.52424884259259 5.577210064581388 0.015
29.445 5.588088235294117 0.015
29.94510603608811 5.600780952285882 0.015
29.95126883964532 5.544955248539697 0.015
29.41605867935409 5.532500000000002 0.015
2 5 0 0
2 6 0 0
2 7 0 0
2 8 0 0
2 9 0 3
2137
2138
2139
28.96281249999999 9.9175 0
29.01462580695544 9.954454914618909 0
29.01460632585149 9.880321476187991 0
2 10 0 0
2 11 0 0
2 12 0 0
2 13 0 0
2 14 0 3
2140
2141
2142
28.96281249999999 9.9175 0.015
29.01462580695544 9.954454914618909 0.015
29.01460632585149 9.880321476187991 0.015
2 15 0 3
2143
2144
2145
28.5828125 9.9175 0
28.63462580695543 9.954454914618909 0
28.63460632585149 9.880321476187991 0
2 16 0 0
2 17 0 0
2 18 0 0
2 19 0 0
2 20 0 3
2146
2147
2148
28.5828125 9.9175 0.015
28.63462580695543 9.954454914618909 0.015
28.63460632585149 9.880321476187991 0.015
2 21 0 3
2149
2150
2151
29.3428125 9.9175 0
29.39462580695544 9.954454914618909 0
29.39460632585149 9.880321476187991 0
2 22 0 0
2 23 0 0
2 24 0 0
2 25 0 0
2 26 0 3
2152
2153
2154
29.3428125 9.9175 0.015
29.39462580695544 9.954454914618909 0.015
29.39460632585149 9.880321476187991 0.015
2 27 0 4
2155
2156
2157
2158
29.97405772395964 6.858062845626761 0
29.97405772395964 6.701937154373238 0
29.96511207296063 6.798734276530025 0
29.9582571860388 6.744073156730565 0
2 28 0 1
2159
29.989 6.66 0.007500000000000001
2 29 0 0
2 30 0 0
2 31 0 0
2 32 0 1
2160
29.989 6.9 0.007499999999999999
2 33 0 0
2 34 0 4
2161
2162
2163
2164
29.97405772395964 6.858062845626762 0.015
29.97405772395964 6.701937154373238 0.015
29.96511207296064 6.798734276530025 0.015
29.95825718603881 6.744073156730563 0.015
2 35 0 9
2165
2166
2167
2168
2169
2170
2171
2172
2173
29.88800430759831 6.175059197091061 0
29.71754166666667 6.176446078431372 0
29.80647988459972 6.175250879253738 0
29.62049305555556 6.175172152194211 0
29.52424884259259 6.177210064581388 0
29.445 6.188088235294119 0
29.94510603608811 6.200780952285884 0
29.95126883964532 6.144955248539698 0
29.4160586793541 6.132499999999999 0
2 36 0 0
2 37 0 0
2 38 0 0
2 39 0 0
2 40 0 0
2 41 0 0
2 42 0 9
2174
2175
2176
2177
2178
2179
2180
2181
2182
29.88800430759831 6.175059197091061 0.015
29.71754166666667 6.176446078431372 0.015
29.80647988459972 6.175250879253738 0.015
29.62049305555556 6.175172152194211 0.015
29.52424884259259 6.177210064581388 0.015
29.445 6.188088235294119 0.015
29.94510603608811 6.200780952285884 0.015
29.95126883964532 6.144955248539698 0.015
29.4160586793541 6.132499999999999 0.015
2 43 0 5
2183
2184
2185
2186
2187
25.206 6.325000000000001 0
25.23327769679301 6.244989067055394 0
25.178722303207 6.405010932944605 0
25.2405444606414 6.411002186588921 0
25.1714555393586 6.238997813411078 0
2 44 0 0
2 45 0 0
2 46 0 0
2 47 0 0
2 48 0 5
2188
2189
2190
2191
2192
25.206 6.325000000000001 0.015
25.23327769679301 6.244989067055394 0.015
25.178722303207 6.405010932944605 0.015
25.2405444606414 6.411002186588921 0.015
25.1714555393586 6.238997813411078 0.015
2 49 0 8
2193
2194
2195
2196
2197
2198
2199
2200
25.681 6.393750000000001 0
25.681 6.285998600120321 0
25.7134073516083 6.464316293472033 0
25.64506572673712 6.230214522082905 0
25.71708160969901 6.230046857442273 0
25.64709611058921 6.463713486011498 0
25.71788151041666 6.341889880952381 0
25.64411848958333 6.341889880952381 0
2 50 0 0
2 51 0 0
2 52 0 0
2 53 0 0
2 54 0 8
2201
2202
2203
2204
2205
2206
2207
2208
25.681 6.306249999999999 0.015
25.681 6.414001399879679 0.015
25.6485926483917 6.235683706527967 0.015
25.71693427326288 6.469785477917095 0.015
25.64491839030099 6.469953142557728 0.015
25.71490388941078 6.236286513988501 0.015
25.71788151041666 6.358110119047618 0.015
25.64411848958333 6.358110119047618 0.015
2 55 0 8
2209
2210
2211
2212
2213
2214
2215
2216
26.156 6.393750000000001 0
26.156 6.285998600120321 0
26.1884073516083 6.464316293472033 0
26.12006572673712 6.230214522082906 0
26.19208160969901 6.230046857442273 0
26.12209611058922 6.463713486011498 0
26.19288151041667 6.341889880952382 0
26.11911848958334 6.341889880952381 0
2 56 0 0
2 57 0 0
2 58 0 0
2 59 0 0
2 60 0 8
2217
2218
2219
2220
2221
2222
2223
2224
26.156 6.306249999999999 0.015
26.156 6.414001399879679 0.015
26.1235926483917 6.235683706527968 0.015
26.19193427326288 6.469785477917094 0.015
26.11991839030099 6.469953142557726 0.015
26.18990388941079 6.236286513988501 0.015
26.19288151041667 6.358110119047618 0.015
26.11911848958334 6.358110119047618 0.015
2 61 0 8
2225
2226
2227
2228
2229
2230
2231
2232
26.631 6.306249999999999 0
26.631 6.41400139987968 0
26.5985926483917 6.235683706527967 0
26.66693427326288 6.469785477917095 0
26.59491839030099 6.469953142557728 0
26.66490388941079 6.236286513988501 0
26.66788151041667 6.358110119047619 0
26.59411848958333 6.358110119047619 0
2 62 0 0
2 63 0 0
2 64 0 0
2 65 0 0
2 66 0 8
2233
2234
2235
2236
2237
2238
2239
2240
26.631 6.306249999999999 0.015
26.631 6.41400139987968 0.015
26.5985926483917 6.235683706527967 0.015
26.66693427326288 6.469785477917095 0.015
26.59491839030099 6.469953142557728 0.015
26.66490388941079 6.236286513988501 0.015
26.66788151041667 6.358110119047619 0.015
26.59411848958333 6.358110119047619 0.015
2 67 0 5
2241
2242
2243
2244
2245
27.106 6.324999999999999 0
27.133277696793 6.244989067055394 0
27.078722303207 6.405010932944607 0
27.0714555393586 6.238997813411078 0
27.1405444606414 6.411002186588921 0
2 68 0 0
2 69 0 0
2 70 0 0
2 71 0 0
2 72 0 5
2246
2247
2248
2249
2250
27.106 6.324999999999999 0.015
27.133277696793 6.244989067055394 0.015
27.078722303207 6.405010932944607 0.015
27.0714555393586 6.238997813411078 0.015
27.1405444606414 6.411002186588921 0.015
2 73 0 21
2251
2252
2253
2254
2255
2256
2257
2258
2259
2260
2261
2262
2263
2264
2265
2266
2267
2268
2269
2270
2271
28.59463691805139 5.513178130148172 0
28.68286943788081 5.424328225784031 0
28.68399304977539 5.514349186960404 0
28.59575 5.42575 0
28.56078263209241 5.548853209274188 0
28.71880176056296 5.390731183381179 0
28.71853685391185 5.549157504449489 0
28.56142032105071 5.390859026710578 0
28.72497154122953 5.509469832063166 0
28.55496850371807 5.430553311560926 0
28.60070801561572 5.384443368942442 0
28.67923202933187 5.555579774681651 0
28.55461834953668 5.508437774103284 0
28.60100995862319 5.555284704284145 0
28.67840819109433 5.384133445433369 0
28.72479980018083 5.430980375614229 0
28.63965617571345 5.469700692861576 0
28.63897972965857 5.406008228291737 0
28.63975468858255 5.533015414822659 0
28.57690990727555 5.469190236107107 0
28.70271500079667 5.469804718880568 0
2 74 0 0
2 75 0 0
2 76 0 0
2 77 0 0
2 78 0 0
2 79 0 0
2 80 0 0
2 81 0 0
2 82 0 21
2272
2273
2274
2275
2276
2277
2278
2279
2280
2281
2282
2283
2284
2285
2286
2287
2288
2289
2290
2291
2292
28.59432822578403 5.427130562119189 0.015
28.68317813014817 5.515363081948607 0.015
28.68434918696041 5.426006950224613 0.015
28.59575 5.51425 0.015
28.71885320927419 5.549217367907593 0.015
28.56073118338118 5.39119823943704 0.015
28.71915750444949 5.391463146088152 0.015
28.56085902671058 5.548579678949283 0.015
28.60055331156093 5.555031496281933 0.015
28.67946983206317 5.385028458770476 0.015
28.72557977468166 5.430767970668127 0.015
28.55444336894244 5.509291984384283 0.015
28.60098037561423 5.385200199819169 0.015
28.67843777410328 5.555381650463318 0.015
28.55413344543337 5.431591808905671 0.015
28.72528470428415 5.508990041376813 0.015
28.63970069286158 5.470343824286551 0.015
28.57600822829173 5.471020270341425 0.015
28.70301541482266 5.470245311417452 0.015
28.63980471888057 5.407284999203332 0.015
28.63919023610711 5.533090092724445 0.015
2 83 0 5
2293
2294
2295
2296
2297
27.581 6.325 0
27.608277696793 6.244989067055394 0
27.553722303207 6.405010932944606 0
27.5464555393586 6.238997813411078 0
27.6155444606414 6.411002186588921 0
2 84 0 0
2 85 0 0
2 86 0 0
2 87 0 0
2 88 0 5
2298
2299
2300
2301
2302
27.581 6.325 0.015
27.608277696793 6.244989067055394 0.015
27.553722303207 6.405010932944606 0.015
27.5464555393586 6.238997813411078 0.015
27.6155444606414 6.411002186588921 0.015
2 89 0 21
2303
2304
2305
2306
2307
2308
2309
2310
2311
2312
2313
2314
2315
2316
2317
2318
2319
2320
2321
2322
2323
28.59713056211919 5.98567177421597 0
28.68536308194861 5.89682186985183 0
28.59600695022461 5.895650813039598 0
28.68425 5.984249999999997 0
28.56119823943704 6.019268816618821 0
28.7192173679076 5.861146790725813 0
28.56146314608815 5.860842495550513 0
28.71857967894928 6.01914097328942 0
28.55502845877047 5.900530167936834 0
28.72503149628194 5.97944668843907 0
28.60076797066813 5.854420225318352 0
28.67929198438429 6.025556631057555 0
28.60159180890567 6.025866554566631 0
28.55520019981917 5.979019624385771 0
28.67899004137681 5.854715295715857 0
28.72538165046332 5.901562225896716 0
28.64034382428655 5.940299307138424 0
28.64024531141745 5.876984585177343 0
28.64102027034143 6.003991771708261 0
28.57728499920333 5.940195281119433 0
28.70309009272445 5.940809763892892 0
2 90 0 0
2 91 0 0
2 92 0 0
2 93 0 0
2 94 0 0
2 95 0 0
2 96 0 0
2 97 0 0
2 98 0 21
2324
2325
2326
2327
2328
2329
2330
2331
2332
2333
2334
2335
2336
2337
2338
2339
2340
2341
2342
2343
2344
28.59682186985183 5.894636918051393 0.015
28.68567177421597 5.98286943788081 0.015
28.59565081303959 5.983993049775383 0.015
28.68425000000001 5.895750000000003 0.015
28.71926881661882 6.01880176056296 0.015
28.56114679072581 5.860782632092407 0.015
28.71914097328942 5.86142032105072 0.015
28.56084249555051 6.018536853911845 0.015
28.60053016793683 6.024971541229521 0.015
28.67944668843908 5.85496850371807 0.015
28.55442022531835 5.979232029331871 0.015
28.72555663105756 5.900708015615719 0.015
28.67901962438577 6.024799800180829 0.015
28.60156222589672 5.854618349536685 0.015
28.72586655456664 5.978408191094329 0.015
28.55471529571586 5.901009958623185 0.015
28.64029930713843 5.939656175713449 0.015
28.70399177170827 5.938979729658577 0.015
28.57698458517734 5.939754688582547 0.015
28.64019528111943 6.002715000796665 0.015
28.6408097638929 5.87690990727556 0.015
2 99 0 21
2345
2346
2347
2348
2349
2350
2351
2352
2353
2354
2355
2356
2357
2358
2359
2360
2361
2362
2363
2364
2365
28.59463691805139 6.453178130148173 0
28.68286943788081 6.364328225784035 0
28.59575 6.365750000000003 0
28.68399304977539 6.454349186960405 0
28.56078263209241 6.488853209274188 0
28.71880176056296 6.330731183381181 0
28.56142032105072 6.330859026710581 0
28.71853685391185 6.489157504449489 0
28.72497154122953 6.449469832063167 0
28.55496850371807 6.370553311560929 0
28.60070801561572 6.324443368942445 0
28.67923202933187 6.495579774681651 0
28.55461834953668 6.448437774103285 0
28.60100995862319 6.495284704284144 0
28.72479980018083 6.370980375614232 0
28.67840819109433 6.324133445433372 0
28.63965617571345 6.409700692861578 0
28.63975468858255 6.473015414822658 0
28.63897972965857 6.346008228291742 0
28.57690990727555 6.40919023610711 0
28.70271500079667 6.40980471888057 0
2 100 0 0
2 101 0 0
2 102 0 0
2 103 0 0
2 104 0 0
2 105 0 0
2 106 0 0
2 107 0 0
2 108 0 21
2366
2367
2368
2369
2370
2371
2372
2373
2374
2375
2376
2377
2378
2379
2380
2381
2382
2383
2384
2385
2386
28.59463691805139 6.366821869851828 0.015
28.68286943788081 6.455671774215967 0.015
28.59575 6.454249999999996 0.015
28.68399304977539 6.365650813039596 0.015
28.71880176056296 6.48926881661882 0.015
28.56078263209241 6.331146790725812 0.015
28.56142032105072 6.48914097328942 0.015
28.71853685391185 6.330842495550512 0.015
28.55496850371807 6.449446688439071 0.015
28.72497154122953 6.370530167936833 0.015
28.60070801561572 6.495556631057556 0.015
28.67923202933187 6.324420225318351 0.015
28.55461834953668 6.371562225896716 0.015
28.60100995862319 6.324715295715857 0.015
28.67840819109433 6.49586655456663 0.015
28.72479980018083 6.44901962438577 0.015
28.63965617571345 6.410299307138423 0.015
28.63897972965857 6.473991771708262 0.015
28.63975468858255 6.346984585177342 0.015
28.57690990727555 6.410809763892891 0.015
28.70271500079667 6.410195281119432 0.015
2 109 0 21
2387
2388
2389
2390
2391
2392
2393
2394
2395
2396
2397
2398
2399
2400
2401
2402
2403
2404
2405
2406
2407
29.10567177421597 5.512869437880812 0
29.01682186985182 5.424636918051394 0
29.01565081303959 5.513993049775386 0
29.10425 5.425750000000002 0
29.13926881661882 5.548801760562961 0
28.98114679072581 5.390782632092407 0
28.98084249555051 5.548536853911847 0
29.13914097328942 5.391420321050718 0
29.02053016793683 5.554971541229524 0
29.09944668843907 5.384968503718067 0
28.97442022531835 5.509232029331873 0
29.14555663105756 5.430708015615718 0
29.02156222589672 5.384618349536684 0
29.09901962438577 5.554799800180832 0
28.97471529571585 5.431009958623186 0
29.14586655456663 5.508408191094329 0
29.06029930713843 5.46965617571345 0
28.99698458517734 5.469754688582548 0
29.12399177170827 5.468979729658576 0
29.06019528111943 5.532715000796667 0
29.06080976389289 5.406909907275558 0
2 110 0 0
2 111 0 0
2 112 0 0
2 113 0 0
2 114 0 0
2 115 0 0
2 116 0 0
2 117 0 0
2 118 0 21
2408
2409
2410
2411
2412
2413
2414
2415
2416
2417
2418
2419
2420
2421
2422
2423
2424
2425
2426
2427
2428
29.10532771095964 5.427165933108157 0.015
29.01678649886286 5.515707145204937 0.015
29.10425 5.514249999999999 0.015
29.01565081303959 5.426006950224616 0.015
29.13921147274277 5.391204134601866 0.015
28.98114089556098 5.549274711783648 0.015
28.98084249555051 5.391463146088154 0.015
29.13857967894928 5.549140973289421 0.015
29.02053016793683 5.385028458770477 0.015
29.14503149628193 5.509446688439072 0.015
29.09929198438428 5.555556631057557 0.015
28.97442022531835 5.430767970668128 0.015
29.02151152747919 5.555874807797389 0.015
28.97470704248509 5.509070322803292 0.015
29.14537339723256 5.431642507323192 0.015
29.09893934295929 5.385208453049927 0.015
29.05996730217378 5.470675829251187 0.015
29.06095216942343 5.534027498437215 0.015
28.99692198031328 5.470371369692026 0.015
29.12283656877719 5.471172923386039 0.015
29.06006922284486 5.407347604067394 0.015
2 119 0 21
2429
2430
2431
2432
2433
2434
2435
2436
2437
2438
2439
2440
2441
2442
2443
2444
2445
2446
2447
2448
2449
29.10536308194861 5.983178130148172 0
29.01713056211919 5.894328225784031 0
29.10425 5.895749999999999 0
29.01600695022461 5.984349186960406 0
29.13921736790759 6.018853209274186 0
28.98119823943704 5.860731183381181 0
29.13857967894928 5.860859026710576 0
28.98146314608815 6.019157504449489 0
29.14503149628193 5.900553311560927 0
28.97502845877048 5.979469832063168 0
29.02076797066813 6.025579774681653 0
29.09929198438428 5.85444336894244 0
29.02159180890567 5.854133445433368 0
29.09899004137682 6.025284704284145 0
29.14538165046332 5.978437774103283 0
28.97520019981917 5.900980375614231 0
29.06034382428655 5.939700692861575 0
29.06024531141745 6.003015414822658 0
29.06102027034142 5.876008228291733 0
29.12309009272445 5.939190236107106 0
28.99728499920333 5.939804718880569 0
2 120 0 0
2 121 0 0
2 122 0 0
2 123 0 0
2 124 0 0
2 125 0 0
2 126 0 0
2 127 0 0
2 128 0 21
2450
2451
2452
2453
2454
2455
2456
2457
2458
2459
2460
2461
2462
2463
2464
2465
2466
2467
2468
2469
2470
29.10321350113714 5.894292854795063 0.015
29.01467228904036 5.982834066891844 0.015
29.10434918696041 5.983993049775387 0.015
29.01575 5.895749999999999 0.015
29.13885910443902 5.860725288216352 0.015
28.98078852725723 6.018795865398131 0.015
29.13915750444949 6.018536853911848 0.015
28.98142032105072 5.860859026710577 0.015
28.97496850371807 5.900553311560927 0.015
29.09946983206316 6.024971541229526 0.015
29.14557977468165 5.979232029331873 0.015
29.02070801561572 5.854443368942441 0.015
29.02106065704071 6.024791546950073 0.015
28.97462660276744 5.978357492676806 0.015
29.09848847252081 5.854125192202609 0.015
29.1452929575149 5.900929677196709 0.015
29.06003269782621 5.939324170748812 0.015
29.05904783057657 5.87597250156278 0.015
29.12307801968672 5.939628630307975 0.015
29.05993077715514 6.002652395932607 0.015
28.99716343122281 5.938827076613959 0.015
2 129 0 21
2471
2472
2473
2474
2475
2476
2477
2478
2479
2480
2481
2482
2483
2484
2485
2486
2487
2488
2489
2490
2491
29.10286943788081 6.455671774215968 0
29.01463691805139 6.366821869851827 0
29.10399304977538 6.365650813039592 0
29.01575 6.454250000000001 0
29.13880176056296 6.48926881661882 0
28.98078263209241 6.331146790725813 0
28.98142032105072 6.489140973289422 0
29.13853685391184 6.33084249555051 0
29.14497154122952 6.370530167936832 0
28.97496850371807 6.449446688439073 0
29.02070801561572 6.495556631057559 0
29.09923202933187 6.324420225318345 0
29.02100995862319 6.324715295715854 0
29.09840819109433 6.495866554566632 0
29.14479980018083 6.449019624385769 0
28.97461834953668 6.371562225896716 0
29.05965617571345 6.410299307138423 0
29.05975468858255 6.34698458517734 0
29.05897972965857 6.473991771708265 0
28.99690990727555 6.410809763892892 0
29.12271500079667 6.410195281119431 0
2 130 0 0
2 131 0 0
2 132 0 0
2 133 0 0
2 134 0 0
2 135 0 0
2 136 0 0
2 137 0 0
2 138 0 21
2492
2493
2494
2495
2496
2497
2498
2499
2500
2501
2502
2503
2504
2505
2506
2507
2508
2509
2510
2511
2512
29.10567177421597 6.367130562119192 0.015
29.01682186985182 6.455363081948608 0.015
29.10425 6.454250000000002 0.015
29.01565081303959 6.366006950224612 0.015
29.13926881661882 6.33119823943704 0.015
28.98114679072581 6.489217367907593 0.015
28.98084249555051 6.331463146088153 0.015
29.13914097328942 6.488579678949283 0.015
29.02053016793683 6.325028458770476 0.015
29.09944668843907 6.495031496281936 0.015
28.97442022531835 6.370767970668126 0.015
29.14555663105756 6.449291984384284 0.015
29.02156222589672 6.495381650463319 0.015
29.09901962438577 6.32520019981917 0.015
28.97471529571585 6.448990041376813 0.015
29.14586655456663 6.371591808905674 0.015
29.06029930713842 6.410343824286553 0.015
28.99698458517734 6.410245311417452 0.015
29.12399177170826 6.411020270341428 0.015
29.06080976389289 6.473090092724448 0.015
29.06019528111943 6.347284999203334 0.015
2 139 0 10
2513
2514
2515
2516
2517
2518
2519
2520
2521
2522
27.47289285714286 6.825 0
27.59287832684016 6.825 0
27.5318441947219 6.772486632552012 0
27.5317140200632 6.876576502362061 0
27.63771285322924 6.87816249571948 0
27.63771285322924 6.77183750428052 0
27.42538392857143 6.876962890625 0
27.42538392857143 6.773037109375 0
27.65800851618862 6.825 0
27.40083570320099 6.825 0
2 140 0 0
2 141 0 0
2 142 0 0
2 143 0 0
2 144 0 10
2523
2524
2525
2526
2527
2528
2529
2530
2531
2532
27.47289285714286 6.825 0.015
27.59287832684016 6.825 0.015
27.5318441947219 6.772486632552012 0.015
27.5317140200632 6.876576502362061 0.015
27.63771285322924 6.87816249571948 0.015
27.63771285322924 6.77183750428052 0.015
27.42538392857143 6.876962890625 0.015
27.42538392857143 6.773037109375 0.015
27.65800851618862 6.825 0.015
27.40083570320099 6.825 0.015
2 145 0 21
2533
2534
2535
2536
2537
2538
2539
2540
2541
2542
2543
2544
2545
2546
2547
2548
2549
2550
2551
2552
2553
28.14713056211919 6.474328225784031 0
28.23536308194861 6.563178130148172 0
28.14600695022461 6.564349186960407 0
28.23425 6.47575 0
28.26921736790759 6.598853209274187 0
28.11119823943704 6.44073118338118 0
28.26857967894928 6.440859026710578 0
28.11146314608815 6.59915750444949 0
28.10502845877048 6.559469832063168 0
28.27503149628193 6.480553311560927 0
28.22929198438428 6.434443368942443 0
28.15076797066813 6.605579774681653 0
28.15159180890567 6.434133445433369 0
28.22899004137681 6.605284704284145 0
28.10520019981917 6.480980375614231 0
28.27538165046332 6.558437774103283 0
28.19034382428655 6.519700692861576 0
28.19102027034143 6.456008228291736 0
28.19024531141745 6.583015414822659 0
28.25309009272445 6.519190236107106 0
28.12728499920333 6.519804718880569 0
2 146 0 0
2 147 0 0
2 148 0 0
2 149 0 0
2 150 0 0
2 151 0 0
2 152 0 0
2 153 0 0
2 154 0 21
2554
2555
2556
2557
2558
2559
2560
2561
2562
2563
2564
2565
2566
2567
2568
2569
2570
2571
2572
2573
2574
28.23321350113714 6.474292854795063 0.015
28.14467228904036 6.562834066891843 0.015
28.14575 6.47575 0.015
28.2343491869604 6.563993049775387 0.015
28.11078852725723 6.598795865398132 0.015
28.26885910443902 6.440725288216353 0.015
28.26915750444949 6.598536853911847 0.015
28.11142032105072 6.440859026710578 0.015
28.10496850371807 6.480553311560927 0.015
28.22946983206317 6.604971541229524 0.015
28.27557977468165 6.559232029331873 0.015
28.15070801561572 6.434443368942443 0.015
28.22848847252081 6.43412519220261 0.015
28.10462660276744 6.558357492676806 0.015
28.2752929575149 6.480929677196709 0.015
28.15106065704071 6.604791546950072 0.015
28.19003269782621 6.519324170748813 0.015
28.25307801968672 6.519628630307975 0.015
28.18904783057657 6.455972501562783 0.015
28.12716343122281 6.518827076613959 0.015
28.18993077715514 6.582652395932606 0.015
2 155 0 21
2575
2576
2577
2578
2579
2580
2581
2582
2583
2584
2585
2586
2587
2588
2589
2590
2591
2592
2593
2594
2595
28.14463691805139 6.896821869851828 0
28.23286943788081 6.985671774215969 0
28.23399304977539 6.895650813039594 0
28.14575 6.984250000000001 0
28.26880176056296 7.01926881661882 0
28.11078263209241 6.861146790725813 0
28.26853685391185 6.860842495550511 0
28.11142032105072 7.019140973289422 0
28.10496850371807 6.979446688439073 0
28.27497154122952 6.900530167936832 0
28.22923202933187 6.854420225318348 0
28.15070801561572 7.025556631057558 0
28.22840819109433 7.025866554566631 0
28.10461834953668 6.901562225896717 0
28.15100995862318 6.854715295715855 0
28.27479980018083 6.979019624385769 0
28.18965617571345 6.940299307138424 0
28.18897972965857 7.003991771708264 0
28.18975468858255 6.876984585177341 0
28.25271500079667 6.940195281119432 0
28.12690990727555 6.940809763892894 0
2 156 0 0
2 157 0 0
2 158 0 0
2 159 0 0
2 160 0 0
2 161 0 0
2 162 0 0
2 163 0 0
2 164 0 21
2596
2597
2598
2599
2600
2601
2602
2603
2604
2605
2606
2607
2608
2609
2610
2611
2612
2613
2614
2615
2616
28.23570714520494 6.896786498862859 0.015
28.14716593310816 6.985327710959639 0.015
28.14600695022461 6.895650813039594 0.015
28.23425 6.984250000000001 0.015
28.11120413460187 7.019211472742764 0.015
28.26927471178365 6.861140895560985 0.015
28.26914097328942 7.018579678949282 0.015
28.11146314608815 6.860842495550511 0.015
28.22944668843907 7.025031496281934 0.015
28.10502845877048 6.900530167936832 0.015
28.15076797066813 6.854420225318348 0.015
28.27555663105755 6.979291984384283 0.015
28.27587480779739 6.901511527479196 0.015
28.10520845304993 6.978939342959292 0.015
28.22907032280329 6.854707042485096 0.015
28.15164250732319 7.025373397232558 0.015
28.19067582925119 6.939967302173788 0.015
28.25402749843721 6.940952169423436 0.015
28.19037136969203 6.876921980313281 0.015
28.19117292338604 7.00283656877719 0.015
28.12734760406739 6.940069222844857 0.015
2 165 0 10
2617
2618
2619
2620
2621
2622
2623
2624
2625
2626
27.47289285714286 7.325 0
27.59287832684016 7.325 0
27.5318441947219 7.272486632552012 0
27.5317140200632 7.376576502362061 0
27.63771285322924 7.37816249571948 0
27.63771285322924 7.27183750428052 0
27.42538392857143 7.376962890625 0
27.42538392857143 7.273037109375 0
27.65800851618862 7.325 0
27.40083570320099 7.325 0
2 166 0 0
2 167 0 0
2 168 0 0
2 169 0 0
2 170 0 10
2627
2628
2629
2630
2631
2632
2633
2634
2635
2636
27.47289285714286 7.325 0.015
27.59287832684016 7.325 0.015
27.5318441947219 7.272486632552012 0.015
27.5317140200632 7.376576502362061 0.015
27.63771285322924 7.37816249571948 0.015
27.63771285322924 7.27183750428052 0.015
27.42538392857143 7.376962890625 0.015
27.42538392857143 7.273037109375 0.015
27.65800851618862 7.325 0.015
27.40083570320099 7.325 0.015
2 171 0 21
2637
2638
2639
2640
2641
2642
2643
2644
2645
2646
2647
2648
2649
2650
2651
2652
2653
2654
2655
2656
2657
28.14713056211919 7.304328225784031 0
28.23536308194861 7.393178130148173 0
28.14600695022461 7.394349186960406 0
28.23425 7.30575 0
28.11119823943704 7.27073118338118 0
28.26921736790759 7.428853209274187 0
28.26857967894928 7.270859026710578 0
28.11146314608815 7.429157504449489 0
28.10502845877048 7.389469832063168 0
28.27503149628193 7.310553311560927 0
28.22929198438428 7.264443368942443 0
28.15076797066813 7.435579774681653 0
28.22899004137681 7.435284704284145 0
28.15159180890567 7.264133445433369 0
28.10520019981917 7.31098037561423 0
28.27538165046332 7.388437774103283 0
28.19034382428655 7.349700692861576 0
28.19024531141745 7.413015414822659 0
28.19102027034143 7.286008228291737 0
28.25309009272445 7.349190236107107 0
28.12728499920333 7.349804718880569 0
2 172 0 0
2 173 0 0
2 174 0 0
2 175 0 0
2 176 0 0
2 177 0 0
2 178 0 0
2 179 0 0
2 180 0 21
2658
2659
2660
2661
2662
2663
2664
2665
2666
2667
2668
2669
2670
2671
2672
2673
2674
2675
2676
2677
2678
28.14463691805139 7.306821869851827 0.015
28.23286943788081 7.395671774215969 0.015
28.23399304977539 7.305650813039595 0.015
28.14575 7.394249999999999 0.015
28.26880176056296 7.42926881661882 0.015
28.11078263209241 7.271146790725812 0.015
28.11142032105072 7.429140973289421 0.015
28.26853685391185 7.270842495550511 0.015
28.27497154122952 7.310530167936833 0.015
28.10496850371807 7.389446688439071 0.015
28.22923202933187 7.264420225318348 0.015
28.15070801561572 7.435556631057556 0.015
28.10461834953668 7.311562225896716 0.015
28.27479980018083 7.38901962438577 0.015
28.22840819109433 7.435866554566631 0.015
28.15100995862318 7.264715295715855 0.015
28.18965617571345 7.350299307138424 0.015
28.18975468858255 7.286984585177342 0.015
28.18897972965857 7.413991771708262 0.015
28.25271500079667 7.350195281119431 0.015
28.12690990727555 7.350809763892892 0.015
2 181 0 21
2679
2680
2681
2682
2683
2684
2685
2686
2687
2688
2689
2690
2691
2692
2693
2694
2695
2696
2697
2698
2699
29.67317813014817 6.825363081948609 0
29.58432822578403 6.737130562119191 0
29.58575 6.824250000000007 0
29.67434918696041 6.736006950224612 0
29.70885320927419 6.859217367907593 0
29.55073118338118 6.701198239437038 0
29.55085902671058 6.858579678949285 0
29.70915750444949 6.701463146088154 0
29.59055331156093 6.865031496281936 0
29.66946983206317 6.695028458770476 0
29.71557977468165 6.740767970668126 0
29.54444336894245 6.819291984384286 0
29.66843777410329 6.865381650463318 0
29.71528470428414 6.818990041376814 0
29.54413344543337 6.741591808905673 0
29.59098037561423 6.695200199819169 0
29.62970069286158 6.780343824286553 0
29.56600822829174 6.78102027034143 0
29.69301541482266 6.780245311417453 0
29.62919023610711 6.843090092724447 0
29.62980471888057 6.717284999203334 0
2 182 0 0
2 183 0 0
2 184 0 0
2 185 0 0
2 186 0 0
2 187 0 0
2 188 0 0
2 189 0 0
2 190 0 21
2700
2701
2702
2703
2704
2705
2706
2707
2708
2709
2710
2711
2712
2713
2714
2715
2716
2717
2718
2719
2720
29.67536308194861 6.736821869851825 0.015
29.5871305621192 6.825671774215968 0.015
29.58600695022462 6.735650813039589 0.015
29.67425 6.824250000000002 0.015
29.55119823943704 6.859268816618821 0.015
29.70921736790759 6.701146790725812 0.015
29.55146314608816 6.700842495550507 0.015
29.70857967894928 6.859140973289422 0.015
29.54502845877048 6.740530167936831 0.015
29.71503149628193 6.819446688439073 0.015
29.66929198438428 6.865556631057556 0.015
29.59076797066813 6.694420225318344 0.015
29.71538165046332 6.741562225896716 0.015
29.66899004137682 6.694715295715852 0.015
29.54520019981917 6.81901962438577 0.015
29.59159180890568 6.865866554566629 0.015
29.63034382428656 6.78029930713842 0.015
29.63024531141745 6.716984585177339 0.015
29.63102027034143 6.843991771708258 0.015
29.69309009272445 6.780809763892893 0.015
29.56728499920334 6.78019528111943 0.015
2 191 0 5
2721
2722
2723
2724
2725
25.206 8.325000000000001 0
25.178722303207 8.405010932944606 0
25.23327769679301 8.244989067055394 0
25.2405444606414 8.411002186588922 0
25.1714555393586 8.238997813411078 0
2 192 0 0
2 193 0 0
2 194 0 0
2 195 0 0
2 196 0 5
2726
2727
2728
2729
2730
25.206 8.325000000000001 0.015
25.178722303207 8.405010932944606 0.015
25.23327769679301 8.244989067055394 0.015
25.2405444606414 8.411002186588922 0.015
25.1714555393586 8.238997813411078 0.015
2 197 0 8
2731
2732
2733
2734
2735
2736
2737
2738
25.681 8.34375 0
25.681 8.23599860012032 0
25.7134073516083 8.414316293472032 0
25.71693427326288 8.180214522082904 0
25.64491839030099 8.180046857442271 0
25.64709611058921 8.413713486011497 0
25.64411848958333 8.291889880952381 0
25.71788151041667 8.291889880952381 0
2 198 0 0
2 199 0 0
2 200 0 0
2 201 0 0
2 202 0 8
2739
2740
2741
2742
2743
2744
2745
2746
25.681 8.34375 0.015
25.681 8.23599860012032 0.015
25.7134073516083 8.414316293472032 0.015
25.71693427326288 8.180214522082906 0.015
25.64491839030099 8.180046857442273 0.015
25.64709611058921 8.413713486011499 0.015
25.64411848958333 8.291889880952381 0.015
25.71788151041666 8.291889880952381 0.015
2 203 0 8
2747
2748
2749
2750
2751
2752
2753
2754
26.156 8.34375 0
26.156 8.23599860012032 0
26.1884073516083 8.414316293472032 0
26.19193427326288 8.180214522082906 0
26.11991839030099 8.180046857442274 0
26.12209611058922 8.413713486011499 0
26.11911848958334 8.291889880952381 0
26.19288151041667 8.291889880952381 0
2 204 0 0
2 205 0 0
2 206 0 0
2 207 0 0
2 208 0 8
2755
2756
2757
2758
2759
2760
2761
2762
26.156 8.34375 0.015
26.156 8.23599860012032 0.015
26.1884073516083 8.414316293472032 0.015
26.19193427326288 8.180214522082906 0.015
26.11991839030099 8.180046857442274 0.015
26.12209611058922 8.413713486011499 0.015
26.11911848958334 8.291889880952381 0.015
26.19288151041667 8.291889880952381 0.015
2 209 0 8
2763
2764
2765
2766
2767
2768
2769
2770
26.631 8.34375 0
26.631 8.23599860012032 0
26.6634073516083 8.414316293472032 0
26.66693427326288 8.180214522082906 0
26.59491839030099 8.180046857442273 0
26.59709611058921 8.413713486011499 0
26.59411848958333 8.291889880952381 0
26.66788151041667 8.291889880952381 0
2 210 0 0
2 211 0 0
2 212 0 0
2 213 0 0
2 214 0 8
2771
2772
2773
2774
2775
2776
2777
2778
26.631 8.34375 0.015
26.631 8.23599860012032 0.015
26.6634073516083 8.414316293472032 0.015
26.66693427326288 8.180214522082906 0.015
26.59491839030099 8.180046857442273 0.015
26.59709611058921 8.413713486011499 0.015
26.59411848958333 8.291889880952381 0.015
26.66788151041667 8.291889880952381 0.015
2 215 0 5
2779
2780
2781
2782
2783
27.106 8.325000000000001 0
27.078722303207 8.405010932944606 0
27.133277696793 8.244989067055394 0
27.0714555393586 8.238997813411078 0
27.1405444606414 8.411002186588922 0
2 216 0 0
2 217 0 0
2 218 0 0
2 219 0 0
2 220 0 5
2784
2785
2786
2787
2788
27.106 8.325000000000001 0.015
27.078722303207 8.405010932944606 0.015
27.133277696793 8.244989067055394 0.015
27.0714555393586 8.238997813411078 0.015
27.1405444606414 8.411002186588922 0.015
2 221 0 21
2789
2790
2791
2792
2793
2794
2795
2796
2797
2798
2799
2800
2801
2802
2803
2804
2805
2806
2807
2808
2809
26.54713056211919 9.515671774215971 0
26.6353630819486 9.42682186985183 0
26.54600695022461 9.425650813039596 0
26.63425 9.514250000000001 0
26.66921736790759 9.391146790725813 0
26.51119823943704 9.549268816618818 0
26.51146314608815 9.390842495550512 0
26.66857967894928 9.549140973289422 0
26.67503149628194 9.509446688439073 0
26.50502845877048 9.430530167936833 0
26.62929198438428 9.555556631057557 0
26.55076797066813 9.384420225318349 0
26.50520019981917 9.50901962438577 0
26.55159180890567 9.555866554566631 0
26.62899004137681 9.384715295715857 0
26.67538165046332 9.431562225896716 0
26.59034382428655 9.470299307138426 0
26.59102027034143 9.533991771708264 0
26.59024531141745 9.406984585177343 0
26.52728499920333 9.470195281119432 0
26.65309009272444 9.470809763892895 0
2 222 0 0
2 223 0 0
2 224 0 0
2 225 0 0
2 226 0 0
2 227 0 0
2 228 0 0
2 229 0 0
2 230 0 21
2810
2811
2812
2813
2814
2815
2816
2817
2818
2819
2820
2821
2822
2823
2824
2825
2826
2827
2828
2829
2830
26.54463691805139 9.426821869851826 0.015
26.63286943788081 9.515671774215967 0.015
26.63399304977539 9.425650813039594 0.015
26.54575 9.514250000000001 0.015
26.66880176056296 9.549268816618818 0.015
26.51078263209241 9.391146790725813 0.015
26.51142032105072 9.549140973289422 0.015
26.66853685391185 9.390842495550512 0.015
26.50496850371806 9.509446688439072 0.015
26.67497154122952 9.430530167936832 0.015
26.55070801561572 9.555556631057557 0.015
26.62923202933187 9.384420225318348 0.015
26.67479980018083 9.509019624385768 0.015
26.50461834953668 9.431562225896716 0.015
26.62840819109433 9.555866554566631 0.015
26.55100995862319 9.384715295715855 0.015
26.58965617571345 9.470299307138424 0.015
26.58897972965857 9.533991771708264 0.015
26.58975468858255 9.406984585177341 0.015
26.52690990727556 9.470809763892891 0.015
26.65271500079667 9.47019528111943 0.015
2 231 0 21
2831
2832
2833
2834
2835
2836
2837
2838
2839
2840
2841
2842
2843
2844
2845
2846
2847
2848
2849
2850
2851
27.05532771095964 9.512834066891843 0
26.96678649886286 9.424292854795063 0
27.05425 9.425749999999997 0
26.96565081303959 9.51399304977539 0
27.08921147274276 9.548795865398132 0
26.93114089556099 9.390725288216352 0
27.08857967894928 9.390859026710578 0
26.93084249555051 9.548536853911848 0
27.09503149628193 9.430553311560926 0
26.97053016793683 9.554971541229527 0
26.92442022531835 9.509232029331875 0
27.04929198438428 9.384443368942442 0
27.09537339723256 9.508357492676806 0
27.04893934295929 9.554791546950073 0
26.9247070424851 9.43092967719671 0
26.97151152747919 9.384125192202609 0
27.00996730217379 9.469324170748813 0
27.01095216942344 9.405972501562783 0
26.94692198031328 9.469628630307975 0
27.07283656877719 9.468827076613959 0
27.01006922284486 9.532652395932608 0
2 232 0 0
2 233 0 0
2 234 0 0
2 235 0 0
2 236 0 0
2 237 0 0
2 238 0 0
2 239 0 0
2 240 0 21
2852
2853
2854
2855
2856
2857
2858
2859
2860
2861
2862
2863
2864
2865
2866
2867
2868
2869
2870
2871
2872
27.05567177421597 9.42713056211919 0.015
26.96682186985183 9.51536308194861 0.015
27.05425 9.514250000000004 0.015
26.96565081303959 9.426006950224611 0.015
27.08926881661882 9.39119823943704 0.015
26.93114679072581 9.549217367907593 0.015
26.93084249555051 9.391463146088153 0.015
27.08914097328942 9.548579678949283 0.015
26.97053016793683 9.385028458770476 0.015
27.04944668843907 9.555031496281936 0.015
27.09555663105755 9.509291984384284 0.015
26.92442022531835 9.430767970668127 0.015
26.92471529571586 9.508990041376814 0.015
27.09586655456663 9.431591808905672 0.015
27.04901962438577 9.385200199819169 0.015
26.97156222589672 9.555381650463319 0.015
27.01029930713842 9.470343824286552 0.015
26.94698458517734 9.470245311417452 0.015
27.07399177170826 9.471020270341427 0.015
27.01019528111943 9.407284999203332 0.015
27.01080976389289 9.533090092724446 0.015
2 241 0 10
2873
2874
2875
2876
2877
2878
2879
2880
2881
2882
27.47289285714286 7.825 0
27.59287832684016 7.825 0
27.5318441947219 7.772486632552012 0
27.5317140200632 7.876576502362061 0
27.63771285322924 7.87816249571948 0
27.63771285322924 7.77183750428052 0
27.42538392857143 7.876962890625 0
27.42538392857143 7.773037109375 0
27.65800851618862 7.825 0
27.40083570320099 7.825 0
2 242 0 0
2 243 0 0
2 244 0 0
2 245 0 0
2 246 0 10
2883
2884
2885
2886
2887
2888
2889
2890
2891
2892
27.47289285714286 7.825 0.015
27.59287832684016 7.825 0.015
27.5318441947219 7.772486632552012 0.015
27.5317140200632 7.876576502362061 0.015
27.63771285322924 7.87816249571948 0.015
27.63771285322924 7.77183750428052 0.015
27.42538392857143 7.876962890625 0.015
27.42538392857143 7.773037109375 0.015
27.65800851618862 7.825 0.015
27.40083570320099 7.825 0.015
2 247 0 21
2893
2894
2895
2896
2897
2898
2899
2900
2901
2902
2903
2904
2905
2906
2907
2908
2909
2910
2911
2912
2913
28.23286943788081 7.815671774215969 0
28.14463691805139 7.726821869851828 0
28.23399304977539 7.725650813039594 0
28.14575 7.814250000000001 0
28.26880176056296 7.84926881661882 0
28.11078263209241 7.691146790725814 0
28.26853685391185 7.690842495550511 0
28.11142032105072 7.849140973289422 0
28.10496850371807 7.809446688439073 0
28.27497154122952 7.730530167936832 0
28.22923202933187 7.684420225318348 0
28.15070801561572 7.855556631057558 0
28.22840819109433 7.855866554566631 0
28.15100995862318 7.684715295715855 0
28.10461834953668 7.731562225896717 0
28.27479980018083 7.809019624385769 0
28.18965617571345 7.770299307138425 0
28.18897972965857 7.833991771708265 0
28.18975468858255 7.706984585177342 0
28.12690990727555 7.770809763892894 0
28.25271500079667 7.770195281119431 0
2 248 0 0
2 249 0 0
2 250 0 0
2 251 0 0
2 252 0 0
2 253 0 0
2 254 0 0
2 255 0 0
2 256 0 21
2914
2915
2916
2917
2918
2919
2920
2921
2922
2923
2924
2925
2926
2927
2928
2929
2930
2931
2932
2933
2934
28.23570714520494 7.726786498862859 0.015
28.14716593310816 7.81532771095964 0.015
28.23425 7.814250000000001 0.015
28.14600695022461 7.725650813039594 0.015
28.26927471178365 7.691140895560985 0.015
28.11120413460187 7.849211472742764 0.015
28.11146314608815 7.690842495550511 0.015
28.26914097328942 7.848579678949283 0.015
28.10502845877048 7.730530167936832 0.015
28.22944668843907 7.855031496281934 0.015
28.15076797066813 7.684420225318347 0.015
28.27555663105755 7.809291984384283 0.015
28.22907032280329 7.684707042485096 0.015
28.10520845304993 7.808939342959293 0.015
28.27587480779739 7.731511527479196 0.015
28.15164250732319 7.855373397232558 0.015
28.19067582925119 7.769967302173788 0.015
28.25402749843721 7.770952169423436 0.015
28.19037136969203 7.706921980313281 0.015
28.19117292338604 7.832836568777191 0.015
28.12734760406739 7.770069222844858 0.015
2 257 0 6
2935
2936
2937
2938
2939
2940
28.75731802721088 7.613216911764706 0
28.65345505842999 7.612479236570167 0
28.81823761074609 7.588749379853983 0
28.58999024896573 7.58627539768012 0
28.58418906147914 7.639750926850057 0
28.82561112759139 7.640393258323738 0
2 258 0 0
2 259 0 0
2 260 0 0
2 261 0 0
2 262 0 6
2941
2942
2943
2944
2945
2946
28.75731802721088 7.613216911764706 0.015
28.65345505842999 7.612479236570167 0.015
28.81823761074609 7.588749379853983 0.015
28.58999024896573 7.58627539768012 0.015
28.58418906147914 7.639750926850057 0.015
28.82561112759139 7.640393258323738 0.015
2 263 0 6
2947
2948
2949
2950
2951
2952
28.65268197278911 8.013216911764706 0
28.75654494157001 8.008439881076892 0
28.59176238925391 7.988749379853981 0
28.82000975103427 8.033772453092842 0
28.82581093852085 7.980442466833947 0
28.58438887240861 8.040393258323737 0
2 264 0 0
2 265 0 0
2 266 0 0
2 267 0 0
2 268 0 6
2953
2954
2955
2956
2957
2958
28.75731802721089 8.013216911764706 0.015
28.65345505842999 8.008439881076892 0.015
28.81823761074609 7.988749379853982 0.015
28.58999024896573 8.033772453092842 0.015
28.58418906147914 7.980442466833947 0.015
28.82561112759139 8.040393258323737 0.015
2 269 0 5
2959
2960
2961
2962
2963
27.581 8.324999999999999 0
27.608277696793 8.244989067055394 0
27.553722303207 8.405010932944606 0
27.5464555393586 8.238997813411078 0
27.6155444606414 8.411002186588922 0
2 270 0 0
2 271 0 0
2 272 0 0
2 273 0 0
2 274 0 5
2964
2965
2966
2967
2968
27.581 8.324999999999999 0.015
27.553722303207 8.405010932944606 0.015
27.608277696793 8.244989067055394 0.015
27.6155444606414 8.411002186588922 0.015
27.5464555393586 8.238997813411078 0.015
2 275 0 6
2969
2970
2971
2972
2973
2974
28.75731802721088 8.413216911764705 0
28.65345505842999 8.412479236570165 0
28.81823761074609 8.388749379853982 0
28.58999024896573 8.386275397680119 0
28.58418906147914 8.439750926850056 0
28.82561112759139 8.440393258323736 0
2 276 0 0
2 277 0 0
2 278 0 0
2 279 0 0
2 280 0 6
2975
2976
2977
2978
2979
2980
28.75731802721088 8.413216911764705 0.015
28.65345505842999 8.412479236570165 0.015
28.81823761074609 8.388749379853982 0.015
28.58999024896573 8.386275397680119 0.015
28.58418906147914 8.439750926850056 0.015
28.82561112759139 8.440393258323738 0.015
2 281 0 6
2981
2982
2983
2984
2985
2986
29.30731802721088 7.613216911764707 0
29.20345505842999 7.612479236570168 0
29.36823761074609 7.588749379853986 0
29.13999024896573 7.586275397680121 0
29.13418906147914 7.639750926850058 0
29.37561112759139 7.640393258323739 0
2 282 0 0
2 283 0 0
2 284 0 0
2 285 0 0
2 286 0 6
2987
2988
2989
2990
2991
2992
29.20268197278912 7.606783088235295 0.015
29.30654494157001 7.607520763429833 0.015
29.14176238925391 7.631250620146018 0.015
29.37000975103427 7.633724602319879 0.015
29.37581093852085 7.580249073149942 0.015
29.1343888724086 7.579606741676263 0.015
2 287 0 6
2993
2994
2995
2996
2997
2998
29.30731802721088 8.013216911764706 0
29.20345505842999 8.008439881076892 0
29.36823761074609 7.988749379853984 0
29.13999024896573 8.03377245309284 0
29.13418906147914 7.980442466833947 0
29.37561112759139 8.040393258323739 0
2 288 0 0
2 289 0 0
2 290 0 0
2 291 0 0
2 292 0 6
2999
3000
3001
3002
3003
3004
29.20268197278912 8.006783088235295 0.015
29.30654494157001 8.007520763429833 0.015
29.14176238925391 8.031250620146018 0.015
29.37000975103427 8.033724602319879 0.015
29.37581093852085 7.980249073149943 0.015
29.1343888724086 7.979606741676262 0.015
2 293 0 6
3005
3006
3007
3008
3009
3010
29.30731802721088 8.413216911764707 0
29.20345505842999 8.408439881076891 0
29.36823761074609 8.388749379853984 0
29.13999024896573 8.433772453092841 0
29.13418906147914 8.380442466833946 0
29.37561112759139 8.440393258323738 0
2 294 0 0
2 295 0 0
2 296 0 0
2 297 0 0
2 298 0 6
3011
3012
3013
3014
3015
3016
29.30731802721088 8.413216911764705 0.015
29.20345505842999 8.408439881076891 0.015
29.36823761074609 8.388749379853984 0.015
29.13999024896573 8.433772453092841 0.015
29.13418906147914 8.380442466833946 0.015
29.37561112759139 8.440393258323738 0.015
2 299 0 21
3017
3018
3019
3020
3021
3022
3023
3024
3025
3026
3027
3028
3029
3030
3031
3032
3033
3034
3035
3036
3037
29.7196369180514 8.183178130148177 0
29.80786943788081 8.094328225784032 0
29.72075 8.095750000000001 0
29.80899304977538 8.184349186960407 0
29.68578263209241 8.218853209274188 0
29.84380176056296 8.060731183381181 0
29.68642032105072 8.060859026710578 0
29.84353685391184 8.219157504449489 0
29.67996850371807 8.100553311560928 0
29.84997154122953 8.179469832063168 0
29.72570801561572 8.054443368942442 0
29.80423202933187 8.225579774681654 0
29.84979980018083 8.100980375614231 0
29.67961834953669 8.178437774103285 0
29.80340819109433 8.054133445433369 0
29.72600995862319 8.225284704284148 0
29.76465617571345 8.139700692861579 0
29.76397972965858 8.076008228291736 0
29.76475468858255 8.20301541482266 0
29.70190990727556 8.13919023610711 0
29.82771500079667 8.139804718880569 0
2 300 0 0
2 301 0 0
2 302 0 0
2 303 0 0
2 304 0 0
2 305 0 0
2 306 0 0
2 307 0 0
2 308 0 21
3038
3039
3040
3041
3042
3043
3044
3045
3046
3047
3048
3049
3050
3051
3052
3053
3054
3055
3056
3057
3058
29.72182186985183 8.094636918051391 0.015
29.81067177421597 8.182869437880811 0.015
29.80925 8.095749999999999 0.015
29.72065081303959 8.183993049775387 0.015
29.84426881661882 8.218801760562961 0.015
29.68614679072581 8.060782632092405 0.015
29.68584249555051 8.218536853911848 0.015
29.84414097328942 8.061420321050717 0.015
29.72553016793683 8.224971541229525 0.015
29.80444668843908 8.054968503718065 0.015
29.85055663105756 8.100708015615718 0.015
29.67942022531835 8.179232029331873 0.015
29.67971529571586 8.101009958623184 0.015
29.72656222589672 8.054618349536682 0.015
29.85086655456663 8.178408191094329 0.015
29.80401962438577 8.224799800180833 0.015
29.76529930713842 8.139656175713448 0.015
29.70198458517734 8.139754688582547 0.015
29.82899177170826 8.138979729658574 0.015
29.76519528111943 8.202715000796667 0.015
29.7658097638929 8.076909907275553 0.015
2 309 0 21
3059
3060
3061
3062
3063
3064
3065
3066
3067
3068
3069
3070
3071
3072
3073
3074
3075
3076
3077
3078
3079
29.7196369180514 8.603178130148175 0
29.80786943788081 8.514328225784032 0
29.72075 8.515750000000001 0
29.80899304977539 8.604349186960407 0
29.68578263209241 8.638853209274188 0
29.84380176056296 8.480731183381181 0
29.68642032105072 8.480859026710577 0
29.84353685391184 8.639157504449489 0
29.84997154122952 8.599469832063168 0
29.67996850371807 8.520553311560928 0
29.72570801561572 8.474443368942444 0
29.80423202933187 8.645579774681652 0
29.67961834953669 8.598437774103285 0
29.84979980018083 8.520980375614231 0
29.80340819109433 8.474133445433369 0
29.72600995862319 8.645284704284146 0
29.76465617571345 8.559700692861577 0
29.76397972965858 8.496008228291737 0
29.76475468858255 8.623015414822659 0
29.70190990727556 8.559190236107108 0
29.82771500079667 8.559804718880569 0
2 310 0 0
2 311 0 0
2 312 0 0
2 313 0 0
2 314 0 0
2 315 0 0
2 316 0 0
2 317 0 0
2 318 0 21
3080
3081
3082
3083
3084
3085
3086
3087
3088
3089
3090
3091
3092
3093
3094
3095
3096
3097
3098
3099
3100
29.71932822578403 8.517130562119187 0.015
29.80817813014817 8.605363081948607 0.015
29.80934918696041 8.516006950224613 0.015
29.72075 8.604250000000002 0.015
29.84385320927419 8.639217367907595 0.015
29.68573118338118 8.481198239437038 0.015
29.68585902671058 8.638579678949283 0.015
29.84415750444949 8.481463146088153 0.015
29.72555331156093 8.645031496281936 0.015
29.80446983206317 8.475028458770476 0.015
29.85057977468165 8.520767970668128 0.015
29.67944336894244 8.599291984384282 0.015
29.67913344543337 8.52159180890567 0.015
29.72598037561423 8.475200199819167 0.015
29.85028470428415 8.598990041376814 0.015
29.80343777410328 8.645381650463319 0.015
29.76470069286158 8.560343824286551 0.015
29.70100822829174 8.561020270341423 0.015
29.82801541482266 8.560245311417452 0.015
29.76480471888057 8.497284999203332 0.015
29.76419023610711 8.623090092724448 0.015
2 319 0 21
3101
3102
3103
3104
3105
3106
3107
3108
3109
3110
3111
3112
3113
3114
3115
3116
3117
3118
3119
3120
3121
28.28536308194861 8.938178130148172 0
28.19713056211919 8.849328225784031 0
28.19600695022461 8.939349186960406 0
28.28425 8.85075 0
28.31921736790759 8.973853209274187 0
28.16119823943704 8.81573118338118 0
28.31857967894928 8.815859026710578 0
28.16146314608815 8.974157504449488 0
28.32503149628193 8.855553311560927 0
28.15502845877047 8.934469832063167 0
28.20076797066813 8.980579774681651 0
28.27929198438428 8.809443368942443 0
28.27899004137682 8.980284704284143 0
28.15520019981917 8.85598037561423 0
28.20159180890567 8.809133445433369 0
28.32538165046332 8.933437774103282 0
28.24034382428655 8.894700692861575 0
28.24102027034143 8.831008228291736 0
28.24024531141745 8.958015414822658 0
28.17728499920333 8.894804718880568 0
28.30309009272445 8.894190236107107 0
2 320 0 0
2 321 0 0
2 322 0 0
2 323 0 0
2 324 0 0
2 325 0 0
2 326 0 0
2 327 0 0
2 328 0 21
3122
3123
3124
3125
3126
3127
3128
3129
3130
3131
3132
3133
3134
3135
3136
3137
3138
3139
3140
3141
3142
28.28536308194861 8.938178130148172 0.015
28.19713056211919 8.849328225784031 0.015
28.28425 8.850750000000001 0.015
28.19600695022461 8.939349186960406 0.015
28.31921736790759 8.973853209274189 0.015
28.16119823943704 8.81573118338118 0.015
28.16146314608815 8.974157504449488 0.015
28.31857967894928 8.81585902671058 0.015
28.32503149628193 8.855553311560929 0.015
28.15502845877048 8.934469832063167 0.015
28.20076797066812 8.980579774681651 0.015
28.27929198438428 8.809443368942445 0.015
28.27899004137682 8.980284704284145 0.015
28.15520019981917 8.85598037561423 0.015
28.20159180890567 8.809133445433369 0.015
28.32538165046332 8.933437774103284 0.015
28.24034382428655 8.894700692861576 0.015
28.24024531141745 8.958015414822658 0.015
28.24102027034143 8.83100822829174 0.015
28.17728499920333 8.894804718880568 0.015
28.30309009272445 8.894190236107107 0.015
2 329 0 21
3143
3144
3145
3146
3147
3148
3149
3150
3151
3152
3153
3154
3155
3156
3157
3158
3159
3160
3161
3162
3163
28.61429285479506 8.93821350113714 0
28.70283406689184 8.849672289040363 0
28.70399304977539 8.939349186960404 0
28.61575 8.850750000000001 0
28.73879586539813 8.815788527257235 0
28.58072528821635 8.973859104439017 0
28.58085902671058 8.816420321050719 0
28.73853685391185 8.974157504449488 0
28.62055331156093 8.809968503718068 0
28.74497154122952 8.934469832063167 0
28.57444336894244 8.855708015615718 0
28.69923202933187 8.980579774681651 0
28.57412519220261 8.933488472520805 0
28.62092967719671 8.980292957514903 0
28.69835749267681 8.809626602767443 0
28.74479154695008 8.856060657040707 0
28.65932417074881 8.895032697826212 0
28.59597250156278 8.894047830576566 0
28.65962863030797 8.958078019686718 0
28.65882707661396 8.832163431222813 0
28.72265239593261 8.894930777155142 0
2 330 0 0
2 331 0 0
2 332 0 0
2 333 0 0
2 334 0 0
2 335 0 0
2 336 0 0
2 337 0 0
2 338 0 21
3164
3165
3166
3167
3168
3169
3170
3171
3172
3173
3174
3175
3176
3177
3178
3179
3180
3181
3182
3183
3184
28.61429285479507 8.851786498862859 0.015
28.70283406689185 8.940327710959638 0.015
28.61575 8.939249999999998 0.015
28.70399304977539 8.850650813039596 0.015
28.73879586539814 8.974211472742764 0.015
28.58072528821635 8.816140895560984 0.015
28.58085902671058 8.973579678949282 0.015
28.73853685391185 8.815842495550513 0.015
28.62055331156093 8.980031496281933 0.015
28.74497154122953 8.855530167936832 0.015
28.69923202933187 8.80942022531835 0.015
28.57444336894244 8.934291984384281 0.015
28.57412519220261 8.856511527479194 0.015
28.69835749267681 8.980373397232558 0.015
28.74479154695008 8.933939342959292 0.015
28.62092967719671 8.809707042485098 0.015
28.65932417074882 8.894967302173788 0.015
28.59597250156278 8.895952169423433 0.015
28.65962863030798 8.831921980313282 0.015
28.65882707661396 8.957836568777189 0.015
28.72265239593261 8.895069222844858 0.015
2 339 0 5
3185
3186
3187
3188
3189
28.59043755941065 9.572500000000002 0
28.56046559153604 9.512852099014513 0
28.56046559153604 9.632147900985492 0
28.62045051803312 9.633392394328729 0
28.62045051803312 9.511607605671276 0
2 340 0 0
2 341 0 0
2 342 0 0
2 343 0 0
2 344 0 5
3190
3191
3192
3193
3194
28.59043755941065 9.572500000000002 0.015
28.56046559153604 9.512852099014513 0.015
28.56046559153604 9.63214790098549 0.015
28.62045051803312 9.633392394328727 0.015
28.62045051803312 9.511607605671276 0.015
2 345 0 21
3195
3196
3197
3198
3199
3200
3201
3202
3203
3204
3205
3206
3207
3208
3209
3210
3211
3212
3213
3214
3215
29.31929285479506 8.951786498862859 0
29.40783406689184 9.040327710959639 0
29.32075 9.039250000000001 0
29.40899304977539 8.950650813039594 0
29.44379586539813 9.074211472742764 0
29.28572528821635 8.916140895560984 0
29.28585902671058 9.073579678949283 0
29.44353685391185 8.91584249555051 0
29.32555331156093 9.080031496281936 0
29.44997154122952 8.955530167936832 0
29.27944336894245 9.034291984384282 0
29.40423202933187 8.909420225318348 0
29.40335749267681 9.08037339723256 0
29.27912519220261 8.956511527479194 0
29.32592967719671 8.909707042485095 0
29.44979154695007 9.033939342959293 0
29.36432417074881 8.994967302173787 0
29.30097250156278 8.995952169423434 0
29.36462863030798 8.93192198031328 0
29.36382707661396 9.057836568777192 0
29.42765239593261 8.995069222844858 0
2 346 0 0
2 347 0 0
2 348 0 0
2 349 0 0
2 350 0 0
2 351 0 0
2 352 0 0
2 353 0 0
2 354 0 21
3216
3217
3218
3219
3220
3221
3222
3223
3224
3225
3226
3227
3228
3229
3230
3231
3232
3233
3234
3235
3236
29.41032771095964 8.952165933108157 0.015
29.32178649886286 9.040707145204937 0.015
29.3206508130396 8.951006950224613 0.015
29.40925 9.039250000000001 0.015
29.28614089556098 9.07427471178365 0.015
29.44421147274277 8.916204134601868 0.015
29.28584249555051 8.916463146088152 0.015
29.44357967894928 9.074140973289422 0.015
29.45003149628193 9.034446688439072 0.015
29.32553016793683 8.910028458770475 0.015
29.40429198438428 9.080556631057558 0.015
29.27942022531835 8.955767970668127 0.015
29.2797070424851 9.034070322803291 0.015
29.45037339723256 8.956642507323194 0.015
29.32651152747919 9.08087480779739 0.015
29.40393934295929 8.910208453049927 0.015
29.36496730217379 8.995675829251187 0.015
29.30192198031328 8.995371369692027 0.015
29.36595216942343 9.059027498437215 0.015
29.36506922284486 8.932347604067393 0.015
29.42783656877719 8.996172923386039 0.015
2 355 0 21
3237
3238
3239
3240
3241
3242
3243
3244
3245
3246
3247
3248
3249
3250
3251
3252
3253
3254
3255
3256
3257
29.74216593310816 9.040327710959644 0
29.83070714520493 8.951786498862861 0
29.82925 9.039249999999999 0
29.74100695022461 8.9506508130396 0
29.86427471178365 8.916140895560984 0
29.70620413460187 9.074211472742768 0
29.70646314608815 8.915842495550514 0
29.86414097328942 9.073579678949283 0
29.82444668843907 9.080031496281935 0
29.70002845877048 8.955530167936837 0
29.87055663105756 9.034291984384282 0
29.74576797066813 8.909420225318353 0
29.70020845304993 9.033939342959297 0
29.87087480779739 8.956511527479194 0
29.74664250732319 9.080373397232561 0
29.82407032280329 8.909707042485097 0
29.78567582925119 8.994967302173793 0
29.84902749843722 8.995952169423433 0
29.78537136969202 8.931921980313284 0
29.72234760406739 8.995069222844862 0
29.78617292338604 9.057836568777194 0
2 356 0 0
2 357 0 0
2 358 0 0
2 359 0 0
2 360 0 0
2 361 0 0
2 362 0 0
2 363 0 0
2 364 0 21
3258
3259
3260
3261
3262
3263
3264
3265
3266
3267
3268
3269
3270
3271
3272
3273
3274
3275
3276
3277
3278
29.74182186985183 8.949636918051391 0.015
29.83067177421597 9.037869437880811 0.015
29.82925 8.950750000000003 0.015
29.74065081303959 9.038993049775383 0.015
29.86426881661882 9.073801760562962 0.015
29.70614679072582 8.915782632092409 0.015
29.70584249555051 9.073536853911847 0.015
29.86414097328942 8.916420321050717 0.015
29.82444668843907 8.909968503718067 0.015
29.74553016793683 9.079971541229522 0.015
29.69942022531835 9.034232029331871 0.015
29.87055663105756 8.95570801561572 0.015
29.69971529571585 8.956009958623184 0.015
29.74656222589672 8.909618349536682 0.015
29.87086655456663 9.033408191094329 0.015
29.82401962438577 9.079799800180831 0.015
29.78529930713842 8.994656175713448 0.015
29.84899177170827 8.993979729658577 0.015
29.72198458517734 8.994754688582546 0.015
29.78580976389289 8.931909907275555 0.015
29.78519528111943 9.057715000796666 0.015
2 365 0 5
3279
3280
3281
3282
3283
28.97043755941064 9.572500000000002 0
28.94046559153604 9.512852099014513 0
28.94046559153604 9.63214790098549 0
29.00045051803312 9.511607605671276 0
29.00045051803312 9.633392394328727 0
2 366 0 0
2 367 0 0
2 368 0 0
2 369 0 0
2 370 0 5
3284
3285
3286
3287
3288
28.97043755941064 9.572500000000002 0.015
28.94046559153604 9.512852099014513 0.015
28.94046559153604 9.63214790098549 0.015
29.00045051803312 9.511607605671276 0.015
29.00045051803312 9.633392394328727 0.015
2 371 0 5
3289
3290
3291
3292
3293
29.35043755941065 9.572500000000002 0
29.32046559153605 9.512852099014513 0
29.32046559153605 9.63214790098549 0
29.38045051803313 9.633392394328729 0
29.38045051803313 9.511607605671276 0
2 372 0 0
2 373 0 0
2 374 0 0
2 375 0 0
2 376 0 5
3294
3295
3296
3297
3298
29.35043755941065 9.572500000000002 0.015
29.32046559153605 9.512852099014513 0.015
29.32046559153605 9.63214790098549 0.015
29.38045051803313 9.633392394328729 0.015
29.38045051803313 9.511607605671276 0.015
2 377 0 0
2 378 0 1
3299
25.04111111111109 9.225000000000001 0.406
2 379 0 0
2 380 0 1
3300
25.04111111111109 9.225000000000001 0.421
2 381 0 0
2 382 0 3
3301
3302
3303
25.70584557546863 9.891417819533419 0.406
25.65059076598906 9.940944075503911 0.406
25.7246438988409 9.955175039384581 0.406
2 383 0 0
2 384 0 0
2 385 0 0
2 386 0 3
3304
3305
3306
25.70584557546864 9.891417819533462 0.421
25.65059076598906 9.940944075504063 0.421
25.7246438988409 9.955175039384596 0.421
2 387 0 3
3307
3308
3309
26.40584557546863 9.891417819533419 0.406
26.35059076598906 9.940944075503911 0.406
26.4246438988409 9.955175039384581 0.406
2 388 0 0
2 389 0 0
2 390 0 0
2 391 0 3
3310
3311
3312
26.40584557546864 9.891417819533464 0.421
26.35059076598906 9.940944075504063 0.421
26.4246438988409 9.955175039384597 0.421
2 392 0 1
3313
25.04111111111109 9.575000000000001 0.406
2 393 0 0
2 394 0 0
2 395 0 0
2 396 0 1
3314
25.04111111111109 9.575000000000001 0.421
2 397 0 1
3315
25.03737007966252 9.957755276371151 0.406
2 398 0 0
2 399 0 0
2 400 0 0
2 401 0 0
2 402 0 1
3316
25.0373700796624 9.957755276371106 0.421
2 403 0 3
3317
3318
3319
25.35584557546863 9.891417819533419 0.406
25.30059076598906 9.940944075503911 0.406
25.3746438988409 9.955175039384581 0.406
2 404 0 0
2 405 0 0
2 406 0 0
2 407 0 3
3320
3321
3322
25.35584557546863 9.891417819533462 0.421
25.30059076598906 9.940944075504062 0.421
25.3746438988409 9.955175039384596 0.421
2 408 0 21
3323
3324
3325
3326
3327
3328
3329
3330
3331
3332
3333
3334
3335
3336
3337
3338
3339
3340
3341
3342
3343
28.48270714520494 5.66521350113714 0.406
28.39416593310816 5.576672289040359 0.406
28.39300695022461 5.666349186960407 0.406
28.48125 5.577749999999997 0.406
28.51627471178365 5.700859104439016 0.406
28.35820413460187 5.542788527257235 0.406
28.35846314608815 5.70115750444949 0.406
28.51614097328942 5.543420321050716 0.406
28.35202845877048 5.661469832063168 0.406
28.47644668843907 5.536968503718064 0.406
28.52255663105755 5.582708015615716 0.406
28.39776797066813 5.707579774681653 0.406
28.39864250732319 5.53662660276744 0.406
28.35220845304993 5.583060657040708 0.406
28.47607032280329 5.707292957514905 0.406
28.52287480779739 5.660488472520805 0.406
28.43767582925119 5.62203269782621 0.406
28.43737136969203 5.685078019686719 0.406
28.50102749843721 5.621047830576562 0.406
28.43817292338604 5.559163431222806 0.406
28.3743476040674 5.621930777155142 0.406
2 409 0 0
2 410 0 0
2 411 0 0
2 412 0 0
2 413 0 0
2 414 0 0
2 415 0 0
2 416 0 0
2 417 0 21
3344
3345
3346
3347
3348
3349
3350
3351
3352
3353
3354
3355
3356
3357
3358
3359
3360
3361
3362
3363
3364
28.48232771095964 5.579165933108156 0.421
28.39378649886286 5.667707145204937 0.421
28.48125 5.66625 0.421
28.39265081303959 5.578006950224611 0.421
28.51621147274276 5.543204134601868 0.421
28.35814089556098 5.701274711783649 0.421
28.51557967894928 5.701140973289422 0.421
28.35784249555051 5.543463146088152 0.421
28.52203149628193 5.661446688439073 0.421
28.39753016793683 5.537028458770473 0.421
28.35142022531835 5.582767970668126 0.421
28.47629198438428 5.707556631057558 0.421
28.47593934295929 5.537208453049926 0.421
28.52237339723256 5.583642507323193 0.421
28.3517070424851 5.66107032280329 0.421
28.39851152747919 5.70787480779739 0.421
28.43696730217379 5.622675829251186 0.421
28.43795216942343 5.686027498437216 0.421
28.37392198031328 5.622371369692026 0.421
28.43706922284486 5.559347604067392 0.421
28.49983656877719 5.62317292338604 0.421
2 418 0 21
3365
3366
3367
3368
3369
3370
3371
3372
3373
3374
3375
3376
3377
3378
3379
3380
3381
3382
3383
3384
3385
28.82378649886286 5.667707145204936 0.406
28.91232771095964 5.579165933108157 0.406
28.82265081303959 5.578006950224614 0.406
28.91125 5.666249999999999 0.406
28.78814089556099 5.701274711783649 0.406
28.94621147274276 5.543204134601867 0.406
28.78784249555051 5.543463146088153 0.406
28.94557967894928 5.70114097328942 0.406
28.95203149628193 5.661446688439072 0.406
28.82753016793683 5.537028458770477 0.406
28.78142022531835 5.582767970668128 0.406
28.90629198438428 5.707556631057556 0.406
28.95237339723256 5.583642507323193 0.406
28.8285115274792 5.707874807797389 0.406
28.7817070424851 5.661070322803291 0.406
28.90593934295929 5.537208453049928 0.406
28.86696730217379 5.622675829251187 0.406
28.80392198031328 5.622371369692026 0.406
28.86795216942344 5.686027498437213 0.406
28.92983656877719 5.623172923386039 0.406
28.86706922284486 5.559347604067394 0.406
2 419 0 0
2 420 0 0
2 421 0 0
2 422 0 0
2 423 0 0
2 424 0 0
2 425 0 0
2 426 0 0
2 427 0 21
3386
3387
3388
3389
3390
3391
3392
3393
3394
3395
3396
3397
3398
3399
3400
3401
3402
3403
3404
3405
3406
28.82378649886286 5.576292854795062 0.421
28.91232771095964 5.664834066891841 0.421
28.82265081303959 5.665993049775384 0.421
28.91125 5.577749999999998 0.421
28.78814089556099 5.542725288216351 0.421
28.94621147274276 5.700795865398134 0.421
28.78784249555051 5.700536853911846 0.421
28.94557967894928 5.542859026710579 0.421
28.82753016793683 5.706971541229521 0.421
28.95203149628193 5.582553311560927 0.421
28.90629198438428 5.536443368942443 0.421
28.78142022531835 5.661232029331871 0.421
28.7817070424851 5.582929677196708 0.421
28.90593934295929 5.70679154695007 0.421
28.95237339723256 5.660357492676806 0.421
28.8285115274792 5.53612519220261 0.421
28.86696730217379 5.62132417074881 0.421
28.80392198031328 5.621628630307972 0.421
28.86795216942344 5.557972501562784 0.421
28.92983656877719 5.620827076613958 0.421
28.86706922284486 5.684652395932605 0.421
2 428 0 21
3407
3408
3409
3410
3411
3412
3413
3414
3415
3416
3417
3418
3419
3420
3421
3422
3423
3424
3425
3426
3427
29.29378649886286 5.657707145204936 0.406
29.38232771095964 5.569165933108159 0.406
29.38125 5.656249999999997 0.406
29.2926508130396 5.568006950224615 0.406
29.41621147274277 5.533204134601868 0.406
29.25814089556098 5.691274711783649 0.406
29.25784249555051 5.533463146088154 0.406
29.41557967894928 5.69114097328942 0.406
29.42203149628194 5.651446688439071 0.406
29.29753016793683 5.527028458770478 0.406
29.25142022531835 5.572767970668128 0.406
29.37629198438428 5.697556631057554 0.406
29.37593934295929 5.527208453049929 0.406
29.2985115274792 5.697874807797389 0.406
29.2517070424851 5.651070322803291 0.406
29.42237339723256 5.573642507323193 0.406
29.33696730217379 5.612675829251186 0.406
29.27392198031328 5.612371369692026 0.406
29.33795216942344 5.67602749843721 0.406
29.39983656877719 5.613172923386037 0.406
29.33706922284486 5.549347604067394 0.406
2 429 0 0
2 430 0 0
2 431 0 0
2 432 0 0
2 433 0 0
2 434 0 0
2 435 0 0
2 436 0 0
2 437 0 21
3428
3429
3430
3431
3432
3433
3434
3435
3436
3437
3438
3439
3440
3441
3442
3443
3444
3445
3446
3447
3448
29.29382186985183 5.566636918051394 0.421
29.38267177421597 5.654869437880806 0.421
29.29265081303959 5.655993049775383 0.421
29.38125 5.56775 0.421
29.25814679072581 5.532782632092407 0.421
29.41626881661882 5.69080176056296 0.421
29.25784249555051 5.690536853911844 0.421
29.41614097328942 5.533420321050719 0.421
29.37644668843907 5.526968503718068 0.421
29.29753016793683 5.69697154122952 0.421
29.25142022531834 5.651232029331871 0.421
29.42255663105756 5.572708015615717 0.421
29.25171529571585 5.573009958623185 0.421
29.37601962438577 5.696799800180828 0.421
29.29856222589672 5.526618349536685 0.421
29.42286655456663 5.650408191094327 0.421
29.33729930713842 5.611656175713446 0.421
29.27398458517734 5.611754688582547 0.421
29.40099177170826 5.610979729658572 0.421
29.3378097638929 5.548909907275558 0.421
29.33719528111943 5.674715000796664 0.421
2 438 0 21
3449
3450
3451
3452
3453
3454
3455
3456
3457
3458
3459
3460
3461
3462
3463
3464
3465
3466
3467
3468
3469
29.80267177421597 5.65486943788081 0.406
29.71382186985183 5.566636918051389 0.406
29.71265081303959 5.655993049775387 0.406
29.80125 5.567749999999993 0.406
29.83626881661882 5.69080176056296 0.406
29.67814679072581 5.532782632092408 0.406
29.67784249555051 5.690536853911847 0.406
29.83614097328942 5.533420321050715 0.406
29.71753016793684 5.696971541229525 0.406
29.79644668843907 5.526968503718062 0.406
29.84255663105755 5.572708015615714 0.406
29.67142022531835 5.651232029331872 0.406
29.67171529571586 5.573009958623185 0.406
29.84286655456663 5.650408191094328 0.406
29.71856222589672 5.52661834953668 0.406
29.79601962438577 5.696799800180831 0.406
29.75729930713842 5.611656175713446 0.406
29.69398458517734 5.611754688582547 0.406
29.82099177170825 5.610979729658571 0.406
29.75780976389289 5.548909907275549 0.406
29.75719528111943 5.674715000796667 0.406
2 439 0 0
2 440 0 0
2 441 0 0
2 442 0 0
2 443 0 0
2 444 0 0
2 445 0 0
2 446 0 0
2 447 0 21
3470
3471
3472
3473
3474
3475
3476
3477
3478
3479
3480
3481
3482
3483
3484
3485
3486
3487
3488
3489
3490
29.80267177421597 5.569130562119188 0.421
29.71382186985183 5.657363081948608 0.421
29.80125 5.656250000000002 0.421
29.71265081303959 5.56800695022461 0.421
29.83626881661882 5.53319823943704 0.421
29.67814679072581 5.691217367907593 0.421
29.83614097328942 5.690579678949283 0.421
29.67784249555051 5.533463146088153 0.421
29.79644668843907 5.697031496281936 0.421
29.71753016793683 5.527028458770476 0.421
29.67142022531835 5.572767970668126 0.421
29.84255663105755 5.651291984384283 0.421
29.84286655456663 5.573591808905672 0.421
29.79601962438577 5.52720019981917 0.421
29.67171529571586 5.650990041376814 0.421
29.71856222589672 5.697381650463319 0.421
29.75729930713842 5.612343824286552 0.421
29.82099177170826 5.613020270341424 0.421
29.69398458517734 5.612245311417452 0.421
29.75780976389289 5.675090092724448 0.421
29.75719528111943 5.549284999203333 0.421
2 448 0 45
3491
3492
3493
3494
3495
3496
3497
3498
3499
3500
3501
3502
3503
3504
3505
3506
3507
3508
3509
3510
3511
3512
3513
3514
3515
3516
3517
3518
3519
3520
3521
3522
3523
3524
3525
3526
3527
3528
3529
3530
3531
3532
3533
3534
3535
25.63 7.654999999999999 0.406
25.49186145246629 7.5521443001443 0.406
25.77226982974716 7.535105509648276 0.406
25.48773017025284 7.774894490351724 0.406
25.76813854753371 7.757855699855699 0.406
25.637236603881 7.796789658904377 0.406
25.622763396119 7.513210341095623 0.406
25.43670928314916 7.654999999999999 0.406
25.82329071685084 7.655 0.406
25.42099596892313 7.481766089995824 0.406
25.83900403107688 7.828233910004173 0.406
25.4207073213833 7.829650204743802 0.406
25.8392926786167 7.4803497952562 0.406
25.7147765372511 7.842946896995888 0.406
25.5452234627489 7.467053103004111 0.406
25.71695013462758 7.468395784523219 0.406
25.54304986537242 7.841604215476782 0.406
25.53335464157458 7.64060772794236 0.406
25.72664535842542 7.669392272057639 0.406
25.68484394306802 7.584467068645639 0.406
25.57515605693198 7.72553293135436 0.406
25.40691179939762 7.572807916648804 0.406
25.85350831032469 7.575263963625553 0.406
25.40649168967531 7.734736036374447 0.406
25.85308820060239 7.737192083351196 0.406
25.66889066504839 7.72553293135436 0.406
25.59110933495161 7.584467068645639 0.406
25.63 7.870354531841959 0.406
25.63 7.439645468158041 0.406
25.78094154144501 7.445510303789553 0.406
25.479058458555 7.864489696210448 0.406
25.78094154144501 7.864489696210446 0.406
25.479058458555 7.445510303789551 0.406
25.77030228919456 7.610880862733558 0.406
25.48969771080544 7.699119137266441 0.406
25.55325924937998 7.532153761208403 0.406
25.70674075062002 7.777846238791597 0.406
25.8861195279723 7.435104112242477 0.406
25.88773980870254 7.871888692278795 0.406
25.37226019129746 7.438111307721202 0.406
25.3738804720277 7.874895887757525 0.406
25.89128738962258 7.790149984694721 0.406
25.36871261037742 7.51985001530528 0.406
25.36871261037742 7.790149984694724 0.406
25.89128738962258 7.51985001530528 0.406
2 449 0 0
2 450 0 0
2 451 0 0
2 452 0 0
2 453 0 45
3536
3537
3538
3539
3540
3541
3542
3543
3544
3545
3546
3547
3548
3549
3550
3551
3552
3553
3554
3555
3556
3557
3558
3559
3560
3561
3562
3563
3564
3565
3566
3567
3568
3569
3570
3571
3572
3573
3574
3575
3576
3577
3578
3579
3580
25.63 7.654999999999999 0.421
25.49186145246629 7.5521443001443 0.421
25.77226982974716 7.535105509648276 0.421
25.48773017025284 7.774894490351724 0.421
25.76813854753371 7.757855699855699 0.421
25.637236603881 7.796789658904377 0.421
25.622763396119 7.513210341095623 0.421
25.43670928314916 7.654999999999999 0.421
25.82329071685084 7.655 0.421
25.42099596892313 7.481766089995824 0.421
25.83900403107688 7.828233910004173 0.421
25.4207073213833 7.829650204743802 0.421
25.8392926786167 7.4803497952562 0.421
25.7147765372511 7.842946896995888 0.421
25.5452234627489 7.467053103004111 0.421
25.71695013462758 7.468395784523219 0.421
25.54304986537242 7.841604215476782 0.421
25.53335464157458 7.64060772794236 0.421
25.72664535842542 7.669392272057639 0.421
25.68484394306802 7.584467068645639 0.421
25.57515605693198 7.72553293135436 0.421
25.40691179939762 7.572807916648804 0.421
25.85350831032469 7.575263963625553 0.421
25.40649168967531 7.734736036374447 0.421
25.85308820060239 7.737192083351196 0.421
25.66889066504839 7.72553293135436 0.421
25.59110933495161 7.584467068645639 0.421
25.63 7.870354531841959 0.421
25.63 7.439645468158041 0.421
25.78094154144501 7.445510303789553 0.421
25.479058458555 7.864489696210448 0.421
25.78094154144501 7.864489696210446 0.421
25.479058458555 7.445510303789551 0.421
25.77030228919456 7.610880862733558 0.421
25.48969771080544 7.699119137266441 0.421
25.55325924937998 7.532153761208403 0.421
25.70674075062002 7.777846238791597 0.421
25.8861195279723 7.435104112242477 0.421
25.88773980870254 7.871888692278795 0.421
25.37226019129746 7.438111307721202 0.421
25.3738804720277 7.874895887757525 0.421
25.89128738962258 7.790149984694721 0.421
25.36871261037742 7.51985001530528 0.421
25.36871261037742 7.790149984694724 0.421
25.89128738962258 7.51985001530528 0.421
2 454 0 44
3581
3582
3583
3584
3585
3586
3587
3588
3589
3590
3591
3592
3593
3594
3595
3596
3597
3598
3599
3600
3601
3602
3603
3604
3605
3606
3607
3608
3609
3610
3611
3612
3613
3614
3615
3616
3617
3618
3619
3620
3621
3622
3623
3624
25.63 8.465 0.406
25.76813854753371 8.362144300144301 0.406
25.77226982974716 8.584894490351724 0.406
25.48438287641596 8.357387336348721 0.406
25.48773017025285 8.584894490351724 0.406
25.63 8.60606586270872 0.406
25.63480613785273 8.322105299671531 0.406
25.43670928314916 8.465 0.406
25.82329071685084 8.465 0.406
25.4207073213833 8.290349795256198 0.406
25.8392926786167 8.6396502047438 0.406
25.4207073213833 8.639650204743802 0.406
25.83900403107688 8.291766089995827 0.406
25.71695013462758 8.65160421547678 0.406
25.54304986537242 8.651604215476782 0.406
25.71468615578697 8.277012009954188 0.406
25.54892773152064 8.278025357598016 0.406
25.72664535842542 8.450607727942362 0.406
25.53335464157458 8.45060772794236 0.406
25.68484394306802 8.535532931354361 0.406
25.57515605693198 8.535532931354361 0.406
25.85308820060239 8.382807916648806 0.406
25.40691179939762 8.382807916648805 0.406
25.40649168967531 8.544736036374447 0.406
25.85350831032469 8.544736036374447 0.406
25.66889066504839 8.394467068645641 0.406
25.57544594839597 8.378636147498163 0.406
25.63 8.249645468158041 0.406
25.63 8.680354531841958 0.406
25.479058458555 8.674489696210449 0.406
25.78094154144501 8.255510303789553 0.406
25.479058458555 8.255510303789551 0.406
25.78094154144501 8.674489696210445 0.406
25.77030228919457 8.509119137266442 0.406
25.48969771080544 8.509119137266442 0.406
25.70674075062002 8.342153761208403 0.406
25.88773980870254 8.248111307721205 0.406
25.37388047202771 8.245104112242476 0.406
25.3738804720277 8.684895887757524 0.406
25.8861195279723 8.684895887757524 0.406
25.36871261037742 8.600149984694724 0.406
25.89128738962258 8.600149984694719 0.406
25.89128738962258 8.329850015305281 0.406
25.36871261037742 8.329850015305276 0.406
2 455 0 0
2 456 0 0
2 457 0 0
2 458 0 0
2 459 0 44
3625
3626
3627
3628
3629
3630
3631
3632
3633
3634
3635
3636
3637
3638
3639
3640
3641
3642
3643
3644
3645
3646
3647
3648
3649
3650
3651
3652
3653
3654
3655
3656
3657
3658
3659
3660
3661
3662
3663
3664
3665
3666
3667
3668
25.63 8.465 0.421
25.76813854753371 8.362144300144301 0.421
25.77226982974716 8.584894490351724 0.421
25.48438287641596 8.357387336348721 0.421
25.48773017025285 8.584894490351724 0.421
25.63 8.60606586270872 0.421
25.63480613785273 8.322105299671531 0.421
25.43670928314916 8.465 0.421
25.82329071685084 8.465 0.421
25.4207073213833 8.290349795256198 0.421
25.8392926786167 8.6396502047438 0.421
25.4207073213833 8.639650204743802 0.421
25.83900403107688 8.291766089995827 0.421
25.71695013462758 8.65160421547678 0.421
25.54304986537242 8.651604215476782 0.421
25.71468615578697 8.277012009954188 0.421
25.54892773152064 8.278025357598016 0.421
25.72664535842542 8.450607727942362 0.421
25.53335464157458 8.45060772794236 0.421
25.68484394306802 8.535532931354361 0.421
25.57515605693198 8.535532931354361 0.421
25.85308820060239 8.382807916648806 0.421
25.40691179939762 8.382807916648805 0.421
25.40649168967531 8.544736036374447 0.421
25.85350831032469 8.544736036374447 0.421
25.66889066504839 8.394467068645641 0.421
25.57544594839597 8.378636147498163 0.421
25.63 8.680354531841958 0.421
25.63 8.249645468158041 0.421
25.479058458555 8.674489696210449 0.421
25.78094154144501 8.255510303789553 0.421
25.479058458555 8.255510303789551 0.421
25.78094154144501 8.674489696210445 0.421
25.77030228919457 8.509119137266442 0.421
25.48969771080544 8.509119137266442 0.421
25.70674075062002 8.342153761208403 0.421
25.88773980870254 8.248111307721205 0.421
25.37388047202771 8.245104112242476 0.421
25.3738804720277 8.684895887757524 0.421
25.8861195279723 8.684895887757524 0.421
25.36871261037742 8.600149984694724 0.421
25.89128738962258 8.600149984694719 0.421
25.89128738962258 8.329850015305281 0.421
25.36871261037742 8.329850015305276 0.421
2 460 0 44
3669
3670
3671
3672
3673
3674
3675
3676
3677
3678
3679
3680
3681
3682
3683
3684
3685
3686
3687
3688
3689
3690
3691
3692
3693
3694
3695
3696
3697
3698
3699
3700
3701
3702
3703
3704
3705
3706
3707
3708
3709
3710
3711
3712
26.57 7.655 0.406
26.42438287641596 7.762612663651279 0.406
26.71226982974716 7.535105509648275 0.406
26.42773017025284 7.535105509648276 0.406
26.70813854753371 7.7578556998557 0.406
26.57 7.51393413729128 0.406
26.57480613785273 7.797894700328468 0.406
26.37670928314916 7.654999999999999 0.406
26.76329071685084 7.654999999999999 0.406
26.77900403107687 7.828233910004173 0.406
26.36070732138331 7.480349795256199 0.406
26.36070732138331 7.829650204743801 0.406
26.7792926786167 7.480349795256199 0.406
26.65695013462758 7.468395784523218 0.406
26.48892773152064 7.841974642401984 0.406
26.65468615578697 7.842987990045811 0.406
26.48304986537242 7.468395784523219 0.406
26.66664535842542 7.669392272057641 0.406
26.47335464157458 7.669392272057641 0.406
26.62484394306802 7.584467068645639 0.406
26.51515605693198 7.58446706864564 0.406
26.79308820060238 7.737192083351195 0.406
26.34649168967531 7.575263963625553 0.406
26.34691179939762 7.737192083351194 0.406
26.79350831032469 7.575263963625553 0.406
26.60889066504839 7.72553293135436 0.406
26.51544594839597 7.741363852501838 0.406
26.57 7.439645468158041 0.406
26.57 7.870354531841959 0.406
26.419058458555 7.864489696210448 0.406
26.720941541445 7.864489696210447 0.406
26.720941541445 7.445510303789552 0.406
26.419058458555 7.445510303789552 0.406
26.71030228919456 7.610880862733558 0.406
26.42969771080544 7.610880862733557 0.406
26.64674075062002 7.777846238791597 0.406
26.31388047202771 7.435104112242478 0.406
26.82773980870254 7.871888692278795 0.406
26.31388047202771 7.874895887757523 0.406
26.8261195279723 7.435104112242477 0.406
26.30871261037742 7.790149984694719 0.406
26.83128738962258 7.51985001530528 0.406
26.30871261037742 7.51985001530528 0.406
26.83128738962258 7.790149984694719 0.406
2 461 0 0
2 462 0 0
2 463 0 0
2 464 0 0
2 465 0 44
3713
3714
3715
3716
3717
3718
3719
3720
3721
3722
3723
3724
3725
3726
3727
3728
3729
3730
3731
3732
3733
3734
3735
3736
3737
3738
3739
3740
3741
3742
3743
3744
3745
3746
3747
3748
3749
3750
3751
3752
3753
3754
3755
3756
26.57 7.655 0.421
26.42438287641596 7.762612663651279 0.421
26.71226982974716 7.535105509648275 0.421
26.42773017025284 7.535105509648276 0.421
26.70813854753371 7.7578556998557 0.421
26.57 7.51393413729128 0.421
26.57480613785273 7.797894700328468 0.421
26.37670928314916 7.654999999999999 0.421
26.76329071685084 7.654999999999999 0.421
26.77900403107687 7.828233910004173 0.421
26.36070732138331 7.480349795256199 0.421
26.36070732138331 7.829650204743801 0.421
26.7792926786167 7.480349795256199 0.421
26.48892773152064 7.841974642401984 0.421
26.65695013462758 7.468395784523218 0.421
26.65468615578697 7.842987990045811 0.421
26.48304986537242 7.468395784523219 0.421
26.66664535842542 7.669392272057641 0.421
26.47335464157458 7.669392272057641 0.421
26.62484394306802 7.584467068645639 0.421
26.51515605693198 7.58446706864564 0.421
26.79308820060238 7.737192083351195 0.421
26.34649168967531 7.575263963625553 0.421
26.34691179939762 7.737192083351194 0.421
26.79350831032469 7.575263963625553 0.421
26.60889066504839 7.72553293135436 0.421
26.51544594839597 7.741363852501838 0.421
26.57 7.439645468158041 0.421
26.57 7.870354531841959 0.421
26.419058458555 7.864489696210448 0.421
26.720941541445 7.864489696210447 0.421
26.720941541445 7.445510303789552 0.421
26.419058458555 7.445510303789552 0.421
26.71030228919456 7.610880862733558 0.421
26.42969771080544 7.610880862733557 0.421
26.64674075062002 7.777846238791597 0.421
26.31388047202771 7.435104112242478 0.421
26.82773980870254 7.871888692278795 0.421
26.31388047202771 7.874895887757523 0.421
26.8261195279723 7.435104112242477 0.421
26.30871261037742 7.790149984694719 0.421
26.83128738962258 7.51985001530528 0.421
26.30871261037742 7.51985001530528 0.421
26.83128738962258 7.790149984694719 0.421
2 466 0 45
3757
3758
3759
3760
3761
3762
3763
3764
3765
3766
3767
3768
3769
3770
3771
3772
3773
3774
3775
3776
3777
3778
3779
3780
3781
3782
3783
3784
3785
3786
3787
3788
3789
3790
3791
3792
3793
3794
3795
3796
3797
3798
3799
3800
3801
26.57 8.465 0.406
26.42773017025284 8.584894490351724 0.406
26.71226982974716 8.345105509648276 0.406
26.43186145246629 8.362144300144299 0.406
26.70813854753371 8.5678556998557 0.406
26.562763396119 8.323210341095622 0.406
26.577236603881 8.606789658904377 0.406
26.37670928314916 8.465 0.406
26.76329071685084 8.465 0.406
26.36099596892313 8.291766089995825 0.406
26.77900403107687 8.638233910004175 0.406
26.36070732138331 8.639650204743802 0.406
26.7792926786167 8.290349795256198 0.406
26.65695013462758 8.278395784523218 0.406
26.48304986537242 8.651604215476782 0.406
26.4852234627489 8.277053103004111 0.406
26.6547765372511 8.652946896995889 0.406
26.47335464157458 8.450607727942359 0.406
26.66664535842542 8.479392272057641 0.406
26.51515605693198 8.535532931354359 0.406
26.62484394306802 8.394467068645639 0.406
26.34649168967531 8.544736036374447 0.406
26.79350831032469 8.385263963625553 0.406
26.34691179939762 8.382807916648805 0.406
26.79308820060238 8.547192083351195 0.406
26.53110933495161 8.394467068645639 0.406
26.60889066504839 8.535532931354359 0.406
26.57 8.249645468158041 0.406
26.57 8.680354531841958 0.406
26.419058458555 8.674489696210449 0.406
26.419058458555 8.255510303789553 0.406
26.720941541445 8.674489696210449 0.406
26.720941541445 8.255510303789551 0.406
26.42969771080544 8.509119137266442 0.406
26.71030228919456 8.420880862733558 0.406
26.64674075062002 8.587846238791597 0.406
26.49325924937998 8.342153761208403 0.406
26.82773980870254 8.681888692278797 0.406
26.31388047202771 8.684895887757524 0.406
26.82611952797229 8.245104112242478 0.406
26.31226019129746 8.248111307721205 0.406
26.83128738962258 8.329850015305279 0.406
26.30871261037742 8.329850015305279 0.406
26.30871261037742 8.600149984694719 0.406
26.83128738962258 8.600149984694719 0.406
2 467 0 0
2 468 0 0
2 469 0 0
2 470 0 0
2 471 0 45
3802
3803
3804
3805
3806
3807
3808
3809
3810
3811
3812
3813
3814
3815
3816
3817
3818
3819
3820
3821
3822
3823
3824
3825
3826
3827
3828
3829
3830
3831
3832
3833
3834
3835
3836
3837
3838
3839
3840
3841
3842
3843
3844
3845
3846
26.57 8.465 0.421
26.42773017025284 8.584894490351724 0.421
26.71226982974716 8.345105509648276 0.421
26.43186145246629 8.362144300144299 0.421
26.70813854753371 8.5678556998557 0.421
26.577236603881 8.606789658904377 0.421
26.562763396119 8.323210341095622 0.421
26.37670928314916 8.465 0.421
26.76329071685084 8.465 0.421
26.77900403107687 8.638233910004175 0.421
26.36099596892313 8.291766089995825 0.421
26.36070732138331 8.639650204743802 0.421
26.7792926786167 8.290349795256198 0.421
26.48304986537242 8.651604215476782 0.421
26.65695013462758 8.278395784523218 0.421
26.6547765372511 8.652946896995889 0.421
26.4852234627489 8.277053103004111 0.421
26.66664535842542 8.479392272057641 0.421
26.47335464157458 8.450607727942359 0.421
26.51515605693198 8.535532931354361 0.421
26.62484394306802 8.394467068645641 0.421
26.34649168967531 8.544736036374447 0.421
26.79350831032469 8.385263963625553 0.421
26.79308820060238 8.547192083351195 0.421
26.34691179939762 8.382807916648806 0.421
26.60889066504839 8.535532931354361 0.421
26.53110933495161 8.394467068645641 0.421
26.57 8.680354531841958 0.421
26.57 8.249645468158041 0.421
26.419058458555 8.674489696210447 0.421
26.720941541445 8.674489696210447 0.421
26.419058458555 8.255510303789553 0.421
26.720941541445 8.255510303789551 0.421
26.71030228919456 8.420880862733558 0.421
26.42969771080544 8.509119137266442 0.421
26.49325924937999 8.342153761208403 0.421
26.64674075062002 8.587846238791597 0.421
26.82773980870254 8.681888692278795 0.421
26.31226019129746 8.248111307721205 0.421
26.31388047202771 8.684895887757524 0.421
26.82611952797229 8.245104112242478 0.421
26.83128738962258 8.329850015305279 0.421
26.30871261037742 8.60014998469472 0.421
26.83128738962258 8.600149984694719 0.421
26.30871261037742 8.329850015305279 0.421
2 472 0 1
3847
25.34 9.225 0.406
2 473 0 0
2 474 0 1
3848
25.34 9.225 0.421
2 475 0 1
3849
25.69 9.225 0.406
2 476 0 0
2 477 0 1
3850
25.69 9.225 0.421
2 478 0 1
3851
26.04 9.225 0.406
2 479 0 0
2 480 0 1
3852
26.04 9.225 0.421
2 481 0 1
3853
26.39 9.225 0.406
2 482 0 0
2 483 0 1
3854
26.39 9.225 0.421
2 484 0 1
3855
25.34 9.574999999999999 0.406
2 485 0 0
2 486 0 1
3856
25.34 9.574999999999999 0.421
2 487 0 1
3857
25.69 9.574999999999999 0.406
2 488 0 0
2 489 0 1
3858
25.69 9.574999999999999 0.421
2 490 0 1
3859
26.04 9.574999999999999 0.406
2 491 0 0
2 492 0 1
3860
26.04 9.574999999999999 0.421
2 493 0 1
3861
26.39 9.574999999999999 0.406
2 494 0 0
2 495 0 1
3862
26.39 9.574999999999999 0.421
2 496 0 21
3863
3864
3865
3866
3867
3868
3869
3870
3871
3872
3873
3874
3875
3876
3877
3878
3879
3880
3881
3882
3883
27.24467228904036 8.777165933108158 0.406
27.33321350113714 8.865707145204937 0.406
27.24575 8.86425 0.406
27.33434918696041 8.776006950224613 0.406
27.36885910443901 8.899274711783647 0.406
27.21078852725724 8.741204134601867 0.406
27.21142032105072 8.899140973289422 0.406
27.36915750444949 8.741463146088153 0.406
27.20496850371807 8.859446688439073 0.406
27.32946983206317 8.735028458770476 0.406
27.37557977468165 8.780767970668126 0.406
27.25070801561572 8.905556631057557 0.406
27.20462660276744 8.781642507323193 0.406
27.25106065704071 8.735208453049928 0.406
27.3284884725208 8.905874807797389 0.406
27.3752929575149 8.859070322803291 0.406
27.29003269782621 8.820675829251186 0.406
27.28904783057657 8.884027498437217 0.406
27.35307801968672 8.820371369692026 0.406
27.22716343122281 8.82117292338604 0.406
27.28993077715514 8.757347604067393 0.406
2 497 0 0
2 498 0 0
2 499 0 0
2 500 0 0
2 501 0 0
2 502 0 0
2 503 0 0
2 504 0 0
2 505 0 21
3884
3885
3886
3887
3888
3889
3890
3891
3892
3893
3894
3895
3896
3897
3898
3899
3900
3901
3902
3903
3904
27.24678649886286 8.865707145204937 0.421
27.33532771095964 8.777165933108158 0.421
27.2456508130396 8.776006950224611 0.421
27.33425 8.86425 0.421
27.36921147274277 8.741204134601867 0.421
27.21114089556098 8.899274711783649 0.421
27.21084249555051 8.741463146088151 0.421
27.36857967894928 8.899140973289422 0.421
27.37503149628193 8.859446688439073 0.421
27.25053016793683 8.735028458770474 0.421
27.20442022531835 8.780767970668126 0.421
27.32929198438428 8.905556631057557 0.421
27.37537339723256 8.781642507323193 0.421
27.2047070424851 8.859070322803291 0.421
27.32893934295929 8.735208453049927 0.421
27.2515115274792 8.905874807797391 0.421
27.28996730217379 8.820675829251186 0.421
27.22692198031328 8.820371369692026 0.421
27.29095216942343 8.884027498437217 0.421
27.29006922284486 8.757347604067393 0.421
27.35283656877719 8.82117292338604 0.421
2 506 0 6
3905
3906
3907
3908
3909
3910
27.13731802721088 9.313216911764705 0.406
27.03345505842999 9.308439881076891 0.406
27.19823761074609 9.288749379853982 0.406
26.96999024896573 9.333772453092841 0.406
26.96418906147915 9.280442466833946 0.406
27.2056111275914 9.340393258323738 0.406
2 507 0 0
2 508 0 0
2 509 0 0
2 510 0 0
2 511 0 6
3911
3912
3913
3914
3915
3916
27.03268197278912 9.313216911764705 0.421
27.13654494157001 9.312479236570168 0.421
26.97176238925391 9.288749379853982 0.421
27.20000975103427 9.286275397680122 0.421
27.20581093852086 9.339750926850058 0.421
26.96438887240861 9.340393258323738 0.421
2 512 0 6
3917
3918
3919
3920
3921
3922
27.13731802721088 9.706783088235294 0.406
27.03345505842999 9.707520763429832 0.406
27.19823761074609 9.731250620146017 0.406
26.96999024896573 9.733724602319878 0.406
26.96418906147915 9.680249073149943 0.406
27.2056111275914 9.679606741676261 0.406
2 513 0 0
2 514 0 0
2 515 0 0
2 516 0 0
2 517 0 6
3923
3924
3925
3926
3927
3928
27.13731802721088 9.706783088235294 0.421
27.03345505842999 9.707520763429832 0.421
27.19823761074609 9.731250620146017 0.421
26.96999024896573 9.733724602319878 0.421
26.96418906147915 9.680249073149943 0.421
27.2056111275914 9.679606741676263 0.421
2 518 0 21
3929
3930
3931
3932
3933
3934
3935
3936
3937
3938
3939
3940
3941
3942
3943
3944
3945
3946
3947
3948
3949
27.66716593310816 8.865327710959638 0.406
27.75570714520494 8.776786498862858 0.406
27.66600695022461 8.775650813039595 0.406
27.75425 8.864250000000002 0.406
27.63120413460187 8.899211472742765 0.406
27.78927471178365 8.741140895560983 0.406
27.78914097328942 8.898579678949282 0.406
27.63146314608816 8.740842495550512 0.406
27.74944668843907 8.905031496281934 0.406
27.62502845877048 8.780530167936833 0.406
27.79555663105756 8.859291984384281 0.406
27.67076797066813 8.734420225318349 0.406
27.79587480779739 8.781511527479195 0.406
27.62520845304993 8.858939342959292 0.406
27.74907032280329 8.734707042485095 0.406
27.6716425073232 8.905373397232559 0.406
27.71067582925119 8.819967302173788 0.406
27.77402749843721 8.820952169423435 0.406
27.71037136969203 8.756921980313281 0.406
27.71117292338604 8.88283656877719 0.406
27.6473476040674 8.820069222844857 0.406
2 519 0 0
2 520 0 0
2 521 0 0
2 522 0 0
2 523 0 0
2 524 0 0
2 525 0 0
2 526 0 0
2 527 0 21
3950
3951
3952
3953
3954
3955
3956
3957
3958
3959
3960
3961
3962
3963
3964
3965
3966
3967
3968
3969
3970
27.75536308194861 8.776821869851826 0.421
27.66713056211919 8.865671774215967 0.421
27.75425 8.86425 0.421
27.66600695022462 8.77565081303959 0.421
27.63119823943704 8.89926881661882 0.421
27.78921736790759 8.741146790725812 0.421
27.78857967894928 8.899140973289422 0.421
27.63146314608816 8.74084249555051 0.421
27.62502845877048 8.780530167936831 0.421
27.79503149628193 8.859446688439073 0.421
27.67076797066813 8.734420225318345 0.421
27.74929198438428 8.905556631057559 0.421
27.79538165046332 8.781562225896716 0.421
27.74899004137681 8.734715295715853 0.421
27.67159180890567 8.90586655456663 0.421
27.62520019981917 8.859019624385768 0.421
27.71034382428655 8.820299307138422 0.421
27.71102027034143 8.883991771708265 0.421
27.71024531141745 8.756984585177339 0.421
27.64728499920334 8.82019528111943 0.421
27.77309009272444 8.820809763892893 0.421
2 528 0 5
3971
3972
3973
3974
3975
28.14956244058935 9.0725 0.406
28.17953440846395 9.132147900985489 0.406
28.17953440846395 9.012852099014511 0.406
28.11954948196687 9.011607605671273 0.406
28.11954948196687 9.133392394328725 0.406
2 529 0 0
2 530 0 0
2 531 0 0
2 532 0 0
2 533 0 5
3976
3977
3978
3979
3980
28.14956244058935 9.0725 0.421
28.17953440846395 9.132147900985489 0.421
28.17953440846395 9.012852099014511 0.421
28.11954948196687 9.011607605671273 0.421
28.11954948196687 9.133392394328725 0.421
2 534 0 5
3981
3982
3983
3984
3985
28.52956244058936 9.0725 0.406
28.55953440846396 9.132147900985487 0.406
28.55953440846396 9.012852099014513 0.406
28.49954948196688 9.011607605671275 0.406
28.49954948196688 9.133392394328723 0.406
2 535 0 0
2 536 0 0
2 537 0 0
2 538 0 0
2 539 0 5
3986
3987
3988
3989
3990
28.52956244058936 9.0725 0.421
28.55953440846396 9.132147900985487 0.421
28.55953440846396 9.012852099014513 0.421
28.49954948196688 9.011607605671275 0.421
28.49954948196688 9.133392394328723 0.421
2 540 0 6
3991
3992
3993
3994
3995
3996
27.68731802721089 9.313216911764705 0.406
27.58345505842999 9.312479236570168 0.406
27.74823761074609 9.288749379853982 0.406
27.51999024896573 9.286275397680122 0.406
27.51418906147915 9.339750926850058 0.406
27.75561112759139 9.340393258323736 0.406
2 541 0 0
2 542 0 0
2 543 0 0
2 544 0 0
2 545 0 6
3997
3998
3999
4000
4001
4002
27.68731802721089 9.313216911764705 0.421
27.58345505842999 9.312479236570168 0.421
27.74823761074609 9.288749379853982 0.421
27.51999024896573 9.286275397680122 0.421
27.51418906147915 9.339750926850058 0.421
27.75561112759139 9.340393258323738 0.421
2 546 0 6
4003
4004
4005
4006
4007
4008
27.68731802721089 9.713216911764704 0.406
27.58345505842999 9.712479236570166 0.406
27.74823761074609 9.688749379853981 0.406
27.51999024896573 9.68627539768012 0.406
27.51418906147914 9.739750926850057 0.406
27.75561112759139 9.740393258323737 0.406
2 547 0 0
2 548 0 0
2 549 0 0
2 550 0 0
2 551 0 6
4009
4010
4011
4012
4013
4014
27.68731802721089 9.713216911764706 0.421
27.58345505842999 9.712479236570166 0.421
27.74823761074609 9.688749379853981 0.421
27.51999024896573 9.68627539768012 0.421
27.51418906147914 9.739750926850057 0.421
27.75561112759139 9.740393258323737 0.421
2 552 0 5
4015
4016
4017
4018
4019
28.15043755941064 9.447500000000002 0.406
28.12046559153604 9.387852099014513 0.406
28.12046559153604 9.50714790098549 0.406
28.18045051803312 9.386607605671276 0.406
28.18045051803312 9.508392394328727 0.406
2 553 0 0
2 554 0 0
2 555 0 0
2 556 0 0
2 557 0 5
4020
4021
4022
4023
4024
28.15043755941064 9.447500000000002 0.421
28.12046559153604 9.387852099014513 0.421
28.12046559153604 9.50714790098549 0.421
28.18045051803312 9.386607605671276 0.421
28.18045051803312 9.508392394328727 0.421
2 558 0 5
4025
4026
4027
4028
4029
28.53043755941065 9.447500000000002 0.406
28.50046559153605 9.387852099014513 0.406
28.50046559153605 9.50714790098549 0.406
28.56045051803313 9.386607605671276 0.406
28.56045051803313 9.508392394328725 0.406
2 559 0 0
2 560 0 0
2 561 0 0
2 562 0 0
2 563 0 5
4030
4031
4032
4033
4034
28.53043755941065 9.447500000000002 0.421
28.50046559153605 9.387852099014513 0.421
28.50046559153605 9.50714790098549 0.421
28.56045051803313 9.386607605671276 0.421
28.56045051803313 9.508392394328725 0.421
2 564 0 5
4035
4036
4037
4038
4039
28.90956244058935 9.0725 0.406
28.93953440846396 9.132147900985489 0.406
28.93953440846396 9.012852099014511 0.406
28.87954948196688 9.011607605671275 0.406
28.87954948196688 9.133392394328725 0.406
2 565 0 0
2 566 0 0
2 567 0 0
2 568 0 0
2 569 0 5
4040
4041
4042
4043
4044
28.90956244058935 9.0725 0.421
28.93953440846396 9.132147900985489 0.421
28.93953440846396 9.012852099014511 0.421
28.87954948196688 9.011607605671275 0.421
28.87954948196688 9.133392394328725 0.421
2 570 0 5
4045
4046
4047
4048
4049
28.91043755941065 9.447500000000002 0.406
28.88046559153604 9.387852099014513 0.406
28.88046559153604 9.50714790098549 0.406
28.94045051803312 9.508392394328727 0.406
28.94045051803312 9.386607605671276 0.406
2 571 0 0
2 572 0 0
2 573 0 0
2 574 0 0
2 575 0 5
4050
4051
4052
4053
4054
28.91043755941065 9.447500000000002 0.421
28.88046559153604 9.387852099014513 0.421
28.88046559153604 9.50714790098549 0.421
28.94045051803312 9.508392394328727 0.421
28.94045051803312 9.386607605671276 0.421
3 1 0 0
3 2 0 2
4055
4056
29.04486877528382 9.877607158729331 0.007499999999999999
28.93760416666667 9.862500000000002 0.007500000000000001
3 3 0 0
3 4 0 0
3 5 0 2
4057
4058
29.98837069098687 6.786244758843341 0.007499999999999872
29.95410496999948 6.7180034370346 0.007500000000000066
3 6 0 0
3 7 0 0
3 8 0 0
3 9 0 0
3 10 0 1
4059
26.58563946343367 6.506651047519243 0.007500000000000001
3 11 0 0
3 12 0 0
3 13 0 1
4060
27.623425898931 6.281663022351798 0.007499999999999998
3 14 0 0
3 15 0 0
3 16 0 0
3 17 0 0
3 18 0 0
3 19 0 2
4061
4062
27.37912797619047 6.754345703124999 0.007500000000000001
27.68323761774308 6.896054165239826 0.007499999999999999
3 20 0 0
3 21 0 0
3 22 0 2
4063
4064
27.46686598287821 7.399513130995686 0.007500000000000001
27.56044806490729 7.227495544184001 0.007499999999999997
3 23 0 0
3 24 0 0
3 25 0 0
3 26 0 0
3 27 0 3
4065
4066
4067
26.11063946343367 8.143348952480761 0.007500000000000001
26.23346911720276 8.425605431157342 0.007499999999999999
26.23464475775429 8.172571507360969 0.0075
3 28 0 0
3 29 0 1
4068
27.06115184645287 8.196332604470362 0.007500000000000001
3 30 0 0
3 31 0 0
3 32 0 0
3 33 0 0
3 34 0 1
4069
28.61838137330304 7.649076721140074 0.007499999999999999
3 35 0 0
3 36 0 2
4070
4071
27.50281851311954 8.229665937803693 0.007499999999999999
27.65675923226433 8.231663022351798 0.0075
3 37 0 1
4072
28.65865168614333 8.354159745523386 0.007499999999999998
3 38 0 0
3 39 0 0
3 40 0 0
3 41 0 0
3 42 0 0
3 43 0 1
4073
28.34846055015444 8.931812591367763 0.007500000000000001
3 44 0 0
3 45 0 3
4074
4075
4076
28.66015017267771 9.502202535223761 0.007499999999999999
28.59030536985639 9.650180098438071 0.007500000000000044
28.65014585313688 9.572500000000002 0.007500000000000001
3 46 0 0
3 47 0 0
3 48 0 0
3 49 0 0
3 50 0 1
4077
25.06793748748356 9.201459255180291 0.4135
3 51 0 0
3 52 0 0
3 53 0 1
4078
25.02256711711319 9.644995289176153 0.4134999999999999
3 54 0 1
4079
25.03361825731516 9.98591842545704 0.4135000000000014
3 55 0 1
4080
25.40498003318669 9.889006742949638 0.4135000000000003
3 56 0 0
3 57 0 0
3 58 0 0
3 59 0 0
3 60 0 2
4081
4082
25.44516084500435 7.593317405597701 0.4135
25.75672050193992 7.483003865987016 0.4135
3 61 0 4
4083
4084
4085
4086
25.46159091475643 8.718163232070149 0.4135
25.33796015734258 8.238923592969716 0.4135000000000001
25.50412302216387 8.296974332578761 0.4135
25.9111694367749 8.522134234347037 0.4135
3 62 0 1
4087
26.66985515131356 7.792896642897703 0.4135
3 63 0 2
4088
4089
26.40159091475643 8.71816323207015 0.4135
26.4787751429975 8.402406365577434 0.4135
3 64 0 0
3 65 0 0
3 66 0 0
3 67 0 2
4090
4091
26.35067785693495 9.175691592204521 0.4135
26.44682214306506 9.197635898113619 0.4135
3 68 0 1
4092
25.30067785693494 9.624308407795477 0.4135
3 69 0 0
3 70 0 0
3 71 0 1
4093
26.44682214306506 9.54763589811362 0.4135
3 72 0 0
3 73 0 0
3 74 0 3
4094
4095
4096
26.92806302049305 9.671749691049984 0.4135
27.1316060090703 9.7655943627451 0.4135
27.22128291277916 9.706952453940758 0.4134999999999999
3 75 0 0
3 76 0 1
4097
28.21984480282131 9.142382633661828 0.4135
3 77 0 0
3 78 0 2
4098
4099
27.53921145629162 9.312835187033448 0.4134999999999999
27.68160600907029 9.367738970588235 0.4135
3 79 0 1
4100
27.55031510246524 9.674584878083429 0.4135
3 80 0 0
3 81 0 0
3 82 0 3
4101
4102
4103
28.84985414686312 9.0725 0.4135
28.94969894968444 9.104882633661832 0.4135
28.97984480282132 9.002617366338169 0.4135
3 83 0 0
$EndNodes
$Elements
2703 19884 1 19884
0 1 15 1
1 1 
0 2 15 1
2 2 
0 3 15 1
3 3 
0 4 15 1
4 4 
0 5 15 1
5 5 
0 6 15 1
6 6 
0 7 15 1
7 7 
0 8 15 1
8 8 
0 9 15 1
9 9 
0 10 15 1
10 10 
0 11 15 1
11 11 
0 12 15 1
12 12 
0 13 15 1
13 13 
0 14 15 1
14 14 
0 15 15 1
15 15 
0 16 15 1
16 16 
0 17 15 1
17 17 
0 18 15 1
18 18 
0 19 15 1
19 19 
0 20 15 1
20 20 
0 21 15 1
21 21 
0 22 15 1
22 22 
0 23 15 1
23 23 
0 24 15 1
24 24 
0 25 15 1
25 25 
0 26 15 1
26 26 
0 27 15 1
27 27 
0 28 15 1
28 28 
0 29 15 1
29 29 
0 30 15 1
30 30 
0 31 15 1
31 31 
0 32 15 1
32 32 
0 33 15 1
33 33 
0 34 15 1
34 34 
0 35 15 1
35 35 
0 36 15 1
36 36 
0 37 15 1
37 37 
0 38 15 1
38 38 
0 39 15 1
39 39 
0 40 15 1
40 40 
0 41 15 1
41 41 
0 42 15 1
42 42 
0 43 15 1
43 43 
0 44 15 1
44 44 
0 45 15 1
45 45 
0 46 15 1
46 46 
0 47 15 1
47 47 
0 48 15 1
48 48 
0 49 15 1
49 49 
0 50 15 1
50 50 
0 51 15 1
51 51 
0 52 15 1
52 52 
0 53 15 1
53 53 
0 54 15 1
54 54 
0 55 15 1
55 55 
0 56 15 1
56 56 
0 57 15 1
57 57 
0 58 15 1
58 58 
0 59 15 1
59 59 
0 60 15 1
60 60 
0 61 15 1
61 61 
0 62 15 1
62 62 
0 63 15 1
63 63 
0 64 15 1
64 64 
0 65 15 1
65 65 
0 66 15 1
66 66 
0 67 15 1
67 67 
0 68 15 1
68 68 
0 69 15 1
69 69 
0 70 15 1
70 70 
0 71 15 1
71 71 
0 72 15 1
72 72 
0 73 15 1
73 73 
0 74 15 1
74 74 
0 75 15 1
75 75 
0 76 15 1
76 76 
0 77 15 1
77 77 
0 78 15 1
78 78 
0 79 15 1
79 79 
0 80 15 1
80 80 
0 81 15 1
81 81 
0 82 15 1
82 82 
0 83 15 1
83 83 
0 84 15 1
84 84 
0 85 15 1
85 85 
0 86 15 1
86 86 
0 87 15 1
87 87 
0 88 15 1
88 88 
0 89 15 1
89 89 
0 90 15 1
90 90 
0 91 15 1
91 91 
0 92 15 1
92 92 
0 93 15 1
93 93 
0 94 15 1
94 94 
0 95 15 1
95 95 
0 96 15 1
96 96 
0 97 15 1
97 97 
0 98 15 1
98 98 
0 99 15 1
99 99 
0 100 15 1
100 100 
0 101 15 1
101 101 
0 102 15 1
102 102 
0 103 15 1
103 103 
0 104 15 1
104 104 
0 105 15 1
105 105 
0 106 15 1
106 106 
0 107 15 1
107 107 
0 108 15 1
108 108 
0 109 15 1
109 109 
0 110 15 1
110 110 
0 111 15 1
111 111 
0 112 15 1
112 112 
0 113 15 1
113 113 
0 114 15 1
114 114 
0 115 15 1
115 115 
0 116 15 1
116 116 
0 117 15 1
117 117 
0 118 15 1
118 118 
0 119 15 1
119 119 
0 120 15 1
120 120 
0 121 15 1
121 121 
0 122 15 1
122 122 
0 123 15 1
123 123 
0 124 15 1
124 124 
0 125 15 1
125 125 
0 126 15 1
126 126 
0 127 15 1
127 127 
0 128 15 1
128 128 
0 129 15 1
129 129 
0 130 15 1
130 130 
0 131 15 1
131 131 
0 132 15 1
132 132 
0 133 15 1
133 133 
0 134 15 1
134 134 
0 135 15 1
135 135 
0 136 15 1
136 136 
0 137 15 1
137 137 
0 138 15 1
138 138 
0 139 15 1
139 139 
0 140 15 1
140 140 
0 141 15 1
141 141 
0 142 15 1
142 142 
0 143 15 1
143 143 
0 144 15 1
144 144 
0 145 15 1
145 145 
0 146 15 1
146 146 
0 147 15 1
147 147 
0 148 15 1
148 148 
0 149 15 1
149 149 
0 150 15 1
150 150 
0 151 15 1
151 151 
0 152 15 1
152 152 
0 153 15 1
153 153 
0 154 15 1
154 154 
0 155 15 1
155 155 
0 156 15 1
156 156 
0 157 15 1
157 157 
0 158 15 1
158 158 
0 159 15 1
159 159 
0 160 15 1
160 160 
0 161 15 1
161 161 
0 162 15 1
162 162 
0 163 15 1
163 163 
0 164 15 1
164 164 
0 165 15 1
165 165 
0 166 15 1
166 166 
0 167 15 1
167 167 
0 168 15 1
168 168 
0 169 15 1
169 169 
0 170 15 1
170 170 
0 171 15 1
171 171 
0 172 15 1
172 172 
0 173 15 1
173 173 
0 174 15 1
174 174 
0 175 15 1
175 175 
0 176 15 1
176 176 
0 177 15 1
177 177 
0 178 15 1
178 178 
0 179 15 1
179 179 
0 180 15 1
180 180 
0 181 15 1
181 181 
0 182 15 1
182 182 
0 183 15 1
183 183 
0 184 15 1
184 184 
0 185 15 1
185 185 
0 186 15 1
186 186 
0 187 15 1
187 187 
0 188 15 1
188 188 
0 189 15 1
189 189 
0 190 15 1
190 190 
0 191 15 1
191 191 
0 192 15 1
192 192 
0 193 15 1
193 193 
0 194 15 1
194 194 
0 195 15 1
195 195 
0 196 15 1
196 196 
0 197 15 1
197 197 
0 198 15 1
198 198 
0 199 15 1
199 199 
0 200 15 1
200 200 
0 201 15 1
201 201 
0 202 15 1
202 202 
0 203 15 1
203 203 
0 204 15 1
204 204 
0 205 15 1
205 205 
0 206 15 1
206 206 
0 207 15 1
207 207 
0 208 15 1
208 208 
0 209 15 1
209 209 
0 210 15 1
210 210 
0 211 15 1
211 211 
0 212 15 1
212 212 
0 213 15 1
213 213 
0 214 15 1
214 214 
0 215 15 1
215 215 
0 216 15 1
216 216 
0 217 15 1
217 217 
0 218 15 1
218 218 
0 219 15 1
219 219 
0 220 15 1
220 220 
0 221 15 1
221 221 
0 222 15 1
222 222 
0 223 15 1
223 223 
0 224 15 1
224 224 
0 225 15 1
225 225 
0 226 15 1
226 226 
0 227 15 1
227 227 
0 228 15 1
228 228 
0 229 15 1
229 229 
0 230 15 1
230 230 
0 231 15 1
231 231 
0 232 15 1
232 232 
0 233 15 1
233 233 
0 234 15 1
234 234 
0 235 15 1
235 235 
0 236 15 1
236 236 
0 237 15 1
237 237 
0 238 15 1
238 238 
0 239 15 1
239 239 
0 240 15 1
240 240 
0 241 15 1
241 241 
0 242 15 1
242 242 
0 243 15 1
243 243 
0 244 15 1
244 244 
0 245 15 1
245 245 
0 246 15 1
246 246 
0 247 15 1
247 247 
0 248 15 1
248 248 
0 249 15 1
249 249 
0 250 15 1
250 250 
0 251 15 1
251 251 
0 252 15 1
252 252 
0 253 15 1
253 253 
0 254 15 1
254 254 
0 255 15 1
255 255 
0 256 15 1
256 256 
0 257 15 1
257 257 
0 258 15 1
258 258 
0 259 15 1
259 259 
0 260 15 1
260 260 
0 261 15 1
261 261 
0 262 15 1
262 262 
0 263 15 1
263 263 
0 264 15 1
264 264 
0 265 15 1
265 265 
0 266 15 1
266 266 
0 267 15 1
267 267 
0 268 15 1
268 268 
0 269 15 1
269 269 
0 270 15 1
270 270 
0 271 15 1
271 271 
0 272 15 1
272 272 
0 273 15 1
273 273 
0 274 15 1
274 274 
0 275 15 1
275 275 
0 276 15 1
276 276 
0 277 15 1
277 277 
0 278 15 1
278 278 
0 279 15 1
279 279 
0 280 15 1
280 280 
0 281 15 1
281 281 
0 282 15 1
282 282 
0 283 15 1
283 283 
0 284 15 1
284 284 
0 285 15 1
285 285 
0 286 15 1
286 286 
0 287 15 1
287 287 
0 288 15 1
288 288 
0 289 15 1
289 289 
0 290 15 1
290 290 
0 291 15 1
291 291 
0 292 15 1
292 292 
0 293 15 1
293 293 
0 294 15 1
294 294 
0 295 15 1
295 295 
0 296 15 1
296 296 
0 297 15 1
297 297 
0 298 15 1
298 298 
0 299 15 1
299 299 
0 300 15 1
300 300 
0 301 15 1
301 301 
0 302 15 1
302 302 
0 303 15 1
303 303 
0 304 15 1
304 304 
0 305 15 1
305 305 
0 306 15 1
306 306 
0 307 15 1
307 307 
0 308 15 1
308 308 
0 309 15 1
309 309 
0 310 15 1
310 310 
0 311 15 1
311 311 
0 312 15 1
312 312 
0 313 15 1
313 313 
0 314 15 1
314 314 
0 315 15 1
315 315 
0 316 15 1
316 316 
0 317 15 1
317 317 
0 318 15 1
318 318 
0 319 15 1
319 319 
0 320 15 1
320 320 
0 321 15 1
321 321 
0 322 15 1
322 322 
0 323 15 1
323 323 
0 324 15 1
324 324 
0 325 15 1
325 325 
0 326 15 1
326 326 
0 327 15 1
327 327 
0 328 15 1
328 328 
0 329 15 1
329 329 
0 330 15 1
330 330 
0 331 15 1
331 331 
0 332 15 1
332 332 
0 333 15 1
333 333 
0 334 15 1
334 334 
0 335 15 1
335 335 
0 336 15 1
336 336 
0 337 15 1
337 337 
0 338 15 1
338 338 
0 339 15 1
339 339 
0 340 15 1
340 340 
0 341 15 1
341 341 
0 342 15 1
342 342 
0 343 15 1
343 343 
0 344 15 1
344 344 
0 345 15 1
345 345 
0 346 15 1
346 346 
0 347 15 1
347 347 
0 348 15 1
348 348 
0 349 15 1
349 349 
0 350 15 1
350 350 
0 351 15 1
351 351 
0 352 15 1
352 352 
0 353 15 1
353 353 
0 354 15 1
354 354 
0 355 15 1
355 355 
0 356 15 1
356 356 
0 357 15 1
357 357 
0 358 15 1
358 358 
0 359 15 1
359 359 
0 360 15 1
360 360 
0 361 15 1
361 361 
0 362 15 1
362 362 
0 363 15 1
363 363 
0 364 15 1
364 364 
0 365 15 1
365 365 
0 366 15 1
366 366 
0 367 15 1
367 367 
0 368 15 1
368 368 
0 369 15 1
369 369 
0 370 15 1
370 370 
0 371 15 1
371 371 
0 372 15 1
372 372 
0 373 15 1
373 373 
0 374 15 1
374 374 
0 375 15 1
375 375 
0 376 15 1
376 376 
0 377 15 1
377 377 
0 378 15 1
378 378 
0 379 15 1
379 379 
0 380 15 1
380 380 
0 381 15 1
381 381 
0 382 15 1
382 382 
0 383 15 1
383 383 
0 384 15 1
384 384 
0 385 15 1
385 385 
0 386 15 1
386 386 
0 387 15 1
387 387 
0 388 15 1
388 388 
0 389 15 1
389 389 
0 390 15 1
390 390 
0 391 15 1
391 391 
0 392 15 1
392 392 
0 393 15 1
393 393 
0 394 15 1
394 394 
0 395 15 1
395 395 
0 396 15 1
396 396 
0 397 15 1
397 397 
0 398 15 1
398 398 
0 399 15 1
399 399 
0 400 15 1
400 400 
0 401 15 1
401 401 
0 402 15 1
402 402 
0 403 15 1
403 403 
0 404 15 1
404 404 
0 405 15 1
405 405 
0 406 15 1
406 406 
0 407 15 1
407 407 
0 408 15 1
408 408 
0 409 15 1
409 409 
0 410 15 1
410 410 
0 411 15 1
411 411 
0 412 15 1
412 412 
0 413 15 1
413 413 
0 414 15 1
414 414 
0 415 15 1
415 415 
0 416 15 1
416 416 
0 417 15 1
417 417 
0 418 15 1
418 418 
0 419 15 1
419 419 
0 420 15 1
420 420 
0 421 15 1
421 421 
0 422 15 1
422 422 
0 423 15 1
423 423 
0 424 15 1
424 424 
0 425 15 1
425 425 
0 426 15 1
426 426 
0 427 15 1
427 427 
0 428 15 1
428 428 
0 429 15 1
429 429 
0 430 15 1
430 430 
0 431 15 1
431 431 
0 432 15 1
432 432 
0 433 15 1
433 433 
0 434 15 1
434 434 
0 435 15 1
435 435 
0 436 15 1
436 436 
0 437 15 1
437 437 
0 438 15 1
438 438 
0 439 15 1
439 439 
0 440 15 1
440 440 
0 441 15 1
441 441 
0 442 15 1
442 442 
0 443 15 1
443 443 
0 444 15 1
444 444 
0 445 15 1
445 445 
0 446 15 1
446 446 
0 447 15 1
447 447 
0 448 15 1
448 448 
0 449 15 1
449 449 
0 450 15 1
450 450 
0 451 15 1
451 451 
0 452 15 1
452 452 
0 453 15 1
453 453 
0 454 15 1
454 454 
0 455 15 1
455 455 
0 456 15 1
456 456 
0 457 15 1
457 457 
0 458 15 1
458 458 
0 459 15 1
459 459 
0 460 15 1
460 460 
0 461 15 1
461 461 
0 462 15 1
462 462 
0 463 15 1
463 463 
0 464 15 1
464 464 
0 465 15 1
465 465 
0 466 15 1
466 466 
0 467 15 1
467 467 
0 468 15 1
468 468 
0 469 15 1
469 469 
0 470 15 1
470 470 
0 471 15 1
471 471 
0 472 15 1
472 472 
0 473 15 1
473 473 
0 474 15 1
474 474 
0 475 15 1
475 475 
0 476 15 1
476 476 
0 477 15 1
477 477 
0 478 15 1
478 478 
0 479 15 1
479 479 
0 480 15 1
480 480 
0 481 15 1
481 481 
0 482 15 1
482 482 
0 483 15 1
483 483 
0 484 15 1
484 484 
0 485 15 1
485 485 
0 486 15 1
486 486 
0 487 15 1
487 487 
0 488 15 1
488 488 
0 489 15 1
489 489 
0 490 15 1
490 490 
0 491 15 1
491 491 
0 492 15 1
492 492 
0 493 15 1
493 493 
0 494 15 1
494 494 
0 495 15 1
495 495 
0 496 15 1
496 496 
0 497 15 1
497 497 
0 498 15 1
498 498 
0 499 15 1
499 499 
0 500 15 1
500 500 
0 501 15 1
501 501 
0 502 15 1
502 502 
0 503 15 1
503 503 
0 504 15 1
504 504 
0 505 15 1
505 505 
0 506 15 1
506 506 
0 507 15 1
507 507 
0 508 15 1
508 508 
0 509 15 1
509 509 
0 510 15 1
510 510 
0 511 15 1
511 511 
0 512 15 1
512 512 
0 513 15 1
513 513 
0 514 15 1
514 514 
0 515 15 1
515 515 
0 516 15 1
516 516 
0 517 15 1
517 517 
0 518 15 1
518 518 
0 519 15 1
519 519 
0 520 15 1
520 520 
0 521 15 1
521 521 
0 522 15 1
522 522 
0 523 15 1
523 523 
0 524 15 1
524 524 
0 525 15 1
525 525 
0 526 15 1
526 526 
0 527 15 1
527 527 
0 528 15 1
528 528 
0 529 15 1
529 529 
0 530 15 1
530 530 
0 531 15 1
531 531 
0 532 15 1
532 532 
0 533 15 1
533 533 
0 534 15 1
534 534 
0 535 15 1
535 535 
0 536 15 1
536 536 
0 537 15 1
537 537 
0 538 15 1
538 538 
0 539 15 1
539 539 
0 540 15 1
540 540 
0 541 15 1
541 541 
0 542 15 1
542 542 
0 543 15 1
543 543 
0 544 15 1
544 544 
0 545 15 1
545 545 
0 546 15 1
546 546 
0 547 15 1
547 547 
0 548 15 1
548 548 
0 549 15 1
549 549 
0 550 15 1
550 550 
0 551 15 1
551 551 
0 552 15 1
552 552 
0 553 15 1
553 553 
0 554 15 1
554 554 
0 555 15 1
555 555 
0 556 15 1
556 556 
0 557 15 1
557 557 
0 558 15 1
558 558 
0 559 15 1
559 559 
0 560 15 1
560 560 
0 561 15 1
561 561 
0 562 15 1
562 562 
0 563 15 1
563 563 
0 564 15 1
564 564 
0 565 15 1
565 565 
0 566 15 1
566 566 
0 567 15 1
567 567 
0 568 15 1
568 568 
0 569 15 1
569 569 
0 570 15 1
570 570 
0 571 15 1
571 571 
0 572 15 1
572 572 
0 573 15 1
573 573 
0 574 15 1
574 574 
0 575 15 1
575 575 
0 576 15 1
576 576 
0 577 15 1
577 577 
0 578 15 1
578 578 
0 579 15 1
579 579 
0 580 15 1
580 580 
0 581 15 1
581 581 
0 582 15 1
582 582 
0 583 15 1
583 583 
0 584 15 1
584 584 
0 585 15 1
585 585 
0 586 15 1
586 586 
0 587 15 1
587 587 
0 588 15 1
588 588 
0 589 15 1
589 589 
0 590 15 1
590 590 
0 591 15 1
591 591 
0 592 15 1
592 592 
0 593 15 1
593 593 
0 594 15 1
594 594 
0 595 15 1
595 595 
0 596 15 1
596 596 
0 597 15 1
597 597 
0 598 15 1
598 598 
0 599 15 1
599 599 
0 600 15 1
600 600 
0 601 15 1
601 601 
0 602 15 1
602 602 
0 603 15 1
603 603 
0 604 15 1
604 604 
0 605 15 1
605 605 
0 606 15 1
606 606 
0 607 15 1
607 607 
0 608 15 1
608 608 
0 609 15 1
609 609 
0 610 15 1
610 610 
0 611 15 1
611 611 
0 612 15 1
612 612 
0 613 15 1
613 613 
0 614 15 1
614 614 
0 615 15 1
615 615 
0 616 15 1
616 616 
0 617 15 1
617 617 
0 618 15 1
618 618 
0 619 15 1
619 619 
0 620 15 1
620 620 
0 621 15 1
621 621 
0 622 15 1
622 622 
0 623 15 1
623 623 
0 624 15 1
624 624 
0 625 15 1
625 625 
0 626 15 1
626 626 
0 627 15 1
627 627 
0 628 15 1
628 628 
0 629 15 1
629 629 
0 630 15 1
630 630 
0 631 15 1
631 631 
0 632 15 1
632 632 
0 633 15 1
633 633 
0 634 15 1
634 634 
0 635 15 1
635 635 
0 636 15 1
636 636 
0 637 15 1
637 637 
0 638 15 1
638 638 
0 639 15 1
639 639 
0 640 15 1
640 640 
0 641 15 1
641 641 
0 642 15 1
642 642 
0 643 15 1
643 643 
0 644 15 1
644 644 
0 645 15 1
645 645 
0 646 15 1
646 646 
0 647 15 1
647 647 
0 648 15 1
648 648 
0 649 15 1
649 649 
0 650 15 1
650 650 
0 651 15 1
651 651 
0 652 15 1
652 652 
0 653 15 1
653 653 
0 654 15 1
654 654 
0 655 15 1
655 655 
0 656 15 1
656 656 
0 657 15 1
657 657 
0 658 15 1
658 658 
0 659 15 1
659 659 
0 660 15 1
660 660 
0 661 15 1
661 661 
0 662 15 1
662 662 
0 663 15 1
663 663 
0 664 15 1
664 664 
0 665 15 1
665 665 
0 666 15 1
666 666 
0 667 15 1
667 667 
0 668 15 1
668 668 
0 669 15 1
669 669 
0 670 15 1
670 670 
0 671 15 1
671 671 
0 672 15 1
672 672 
0 673 15 1
673 673 
0 674 15 1
674 674 
0 675 15 1
675 675 
0 676 15 1
676 676 
0 677 15 1
677 677 
0 678 15 1
678 678 
0 679 15 1
679 679 
0 680 15 1
680 680 
0 681 15 1
681 681 
0 682 15 1
682 682 
0 683 15 1
683 683 
0 684 15 1
684 684 
0 685 15 1
685 685 
0 686 15 1
686 686 
0 687 15 1
687 687 
0 688 15 1
688 688 
0 689 15 1
689 689 
0 690 15 1
690 690 
0 691 15 1
691 691 
0 692 15 1
692 692 
0 693 15 1
693 693 
0 694 15 1
694 694 
0 695 15 1
695 695 
0 696 15 1
696 696 
0 697 15 1
697 697 
0 698 15 1
698 698 
0 699 15 1
699 699 
0 700 15 1
700 700 
0 701 15 1
701 701 
0 702 15 1
702 702 
0 703 15 1
703 703 
0 704 15 1
704 704 
0 705 15 1
705 705 
0 706 15 1
706 706 
0 707 15 1
707 707 
0 708 15 1
708 708 
0 709 15 1
709 709 
0 710 15 1
710 710 
0 711 15 1
711 711 
0 712 15 1
712 712 
0 713 15 1
713 713 
0 714 15 1
714 714 
0 715 15 1
715 715 
0 716 15 1
716 716 
0 717 15 1
717 717 
0 718 15 1
718 718 
0 719 15 1
719 719 
0 720 15 1
720 720 
0 721 15 1
721 721 
0 722 15 1
722 722 
0 723 15 1
723 723 
0 724 15 1
724 724 
0 725 15 1
725 725 
0 726 15 1
726 726 
0 727 15 1
727 727 
0 728 15 1
728 728 
0 729 15 1
729 729 
0 730 15 1
730 730 
0 731 15 1
731 731 
0 732 15 1
732 732 
0 733 15 1
733 733 
0 734 15 1
734 734 
0 735 15 1
735 735 
0 736 15 1
736 736 
0 737 15 1
737 737 
0 738 15 1
738 738 
0 739 15 1
739 739 
0 740 15 1
740 740 
0 741 15 1
741 741 
0 742 15 1
742 742 
0 743 15 1
743 743 
0 744 15 1
744 744 
0 745 15 1
745 745 
0 746 15 1
746 746 
0 747 15 1
747 747 
0 748 15 1
748 748 
0 749 15 1
749 749 
0 750 15 1
750 750 
0 751 15 1
751 751 
0 752 15 1
752 752 
0 753 15 1
753 753 
0 754 15 1
754 754 
0 755 15 1
755 755 
0 756 15 1
756 756 
0 757 15 1
757 757 
0 758 15 1
758 758 
0 759 15 1
759 759 
0 760 15 1
760 760 
0 761 15 1
761 761 
0 762 15 1
762 762 
0 763 15 1
763 763 
0 764 15 1
764 764 
0 765 15 1
765 765 
0 766 15 1
766 766 
0 767 15 1
767 767 
0 768 15 1
768 768 
0 769 15 1
769 769 
0 770 15 1
770 770 
0 771 15 1
771 771 
0 772 15 1
772 772 
0 773 15 1
773 773 
0 774 15 1
774 774 
0 775 15 1
775 775 
0 776 15 1
776 776 
0 777 15 1
777 777 
0 778 15 1
778 778 
0 779 15 1
779 779 
0 780 15 1
780 780 
0 781 15 1
781 781 
0 782 15 1
782 782 
0 783 15 1
783 783 
0 784 15 1
784 784 
0 785 15 1
785 785 
0 786 15 1
786 786 
0 787 15 1
787 787 
0 788 15 1
788 788 
0 789 15 1
789 789 
0 790 15 1
790 790 
0 791 15 1
791 791 
0 792 15 1
792 792 
0 793 15 1
793 793 
0 794 15 1
794 794 
0 795 15 1
795 795 
0 796 15 1
796 796 
0 797 15 1
797 797 
0 798 15 1
798 798 
0 799 15 1
799 799 
0 800 15 1
800 800 
0 801 15 1
801 801 
0 802 15 1
802 802 
0 803 15 1
803 803 
0 804 15 1
804 804 
0 805 15 1
805 805 
0 806 15 1
806 806 
0 807 15 1
807 807 
0 808 15 1
808 808 
0 809 15 1
809 809 
0 810 15 1
810 810 
0 811 15 1
811 811 
0 812 15 1
812 812 
0 813 15 1
813 813 
0 814 15 1
814 814 
0 815 15 1
815 815 
0 816 15 1
816 816 
0 817 15 1
817 817 
0 818 15 1
818 818 
1 1 1 2
819 1 819 
820 819 2 
1 2 1 1
821 3 1 
1 3 1 2
822 3 820 
823 820 4 
1 4 1 1
824 2 4 
1 5 1 3
825 5 821 
826 821 822 
827 822 1 
1 6 1 3
828 2 823 
829 823 824 
830 824 6 
1 7 1 4
831 6 825 
832 825 826 
833 826 827 
834 827 7 
1 8 1 2
835 7 828 
836 828 8 
1 9 1 4
837 8 829 
838 829 830 
839 830 831 
840 831 5 
1 10 1 3
841 4 832 
842 832 833 
843 833 9 
1 11 1 1
844 6 9 
1 12 1 3
845 10 834 
846 834 835 
847 835 3 
1 13 1 4
848 9 836 
849 836 837 
850 837 838 
851 838 11 
1 14 1 2
852 11 839 
853 839 12 
1 15 1 4
854 12 840 
855 840 841 
856 841 842 
857 842 10 
1 16 1 1
858 5 10 
1 17 1 1
859 8 12 
1 18 1 1
860 7 11 
1 19 1 2
861 13 843 
862 843 14 
1 20 1 2
863 14 844 
864 844 15 
1 21 1 2
865 15 845 
866 845 16 
1 22 1 2
867 16 846 
868 846 13 
1 23 1 1
869 17 13 
1 24 1 2
870 17 847 
871 847 18 
1 25 1 1
872 14 18 
1 26 1 1
873 16 19 
1 27 1 2
874 19 848 
875 848 17 
1 28 1 1
876 15 20 
1 29 1 2
877 20 849 
878 849 19 
1 30 1 2
879 18 850 
880 850 20 
1 31 1 2
881 21 851 
882 851 22 
1 32 1 2
883 22 852 
884 852 23 
1 33 1 2
885 23 853 
886 853 24 
1 34 1 2
887 24 854 
888 854 21 
1 35 1 1
889 25 21 
1 36 1 2
890 25 855 
891 855 26 
1 37 1 1
892 22 26 
1 38 1 1
893 24 27 
1 39 1 2
894 27 856 
895 856 25 
1 40 1 1
896 23 28 
1 41 1 2
897 28 857 
898 857 27 
1 42 1 2
899 26 858 
900 858 28 
1 43 1 2
901 29 859 
902 859 30 
1 44 1 2
903 30 860 
904 860 31 
1 45 1 2
905 31 861 
906 861 32 
1 46 1 2
907 32 862 
908 862 29 
1 47 1 1
909 33 29 
1 48 1 2
910 33 863 
911 863 34 
1 49 1 1
912 30 34 
1 50 1 1
913 32 35 
1 51 1 2
914 35 864 
915 864 33 
1 52 1 1
916 31 36 
1 53 1 2
917 36 865 
918 865 35 
1 54 1 2
919 34 866 
920 866 36 
1 55 1 1
921 37 38 
1 56 1 3
922 38 867 
923 867 868 
924 868 39 
1 57 1 1
925 39 40 
1 58 1 2
926 40 869 
927 869 41 
1 59 1 2
928 41 870 
929 870 42 
1 60 1 2
930 42 871 
931 871 37 
1 61 1 1
932 37 43 
1 62 1 1
933 43 44 
1 63 1 1
934 44 38 
1 64 1 2
935 45 872 
936 872 43 
1 65 1 1
937 42 45 
1 66 1 1
938 41 46 
1 67 1 2
939 46 873 
940 873 45 
1 68 1 2
941 47 874 
942 874 46 
1 69 1 1
943 40 47 
1 70 1 1
944 39 48 
1 71 1 1
945 48 47 
1 72 1 3
946 44 875 
947 875 876 
948 876 48 
1 73 1 3
949 49 877 
950 877 878 
951 878 50 
1 74 1 2
952 50 879 
953 879 51 
1 75 1 3
954 51 880 
955 880 881 
956 881 52 
1 76 1 4
957 52 882 
958 882 883 
959 883 884 
960 884 53 
1 77 1 2
961 53 885 
962 885 54 
1 78 1 4
963 54 886 
964 886 887 
965 887 888 
966 888 49 
1 79 1 1
967 49 55 
1 80 1 3
968 55 889 
969 889 890 
970 890 56 
1 81 1 1
971 56 50 
1 82 1 1
972 54 57 
1 83 1 4
973 57 891 
974 891 892 
975 892 893 
976 893 55 
1 84 1 1
977 53 58 
1 85 1 2
978 58 894 
979 894 57 
1 86 1 1
980 52 59 
1 87 1 4
981 59 895 
982 895 896 
983 896 897 
984 897 58 
1 88 1 1
985 51 60 
1 89 1 3
986 60 898 
987 898 899 
988 899 59 
1 90 1 2
989 56 900 
990 900 60 
1 91 1 3
991 61 901 
992 901 902 
993 902 62 
1 92 1 2
994 62 903 
995 903 63 
1 93 1 3
996 63 904 
997 904 905 
998 905 64 
1 94 1 2
999 64 906 
1000 906 61 
1 95 1 1
1001 61 65 
1 96 1 3
1002 65 907 
1003 907 908 
1004 908 66 
1 97 1 1
1005 62 66 
1 98 1 1
1006 64 67 
1 99 1 2
1007 67 909 
1008 909 65 
1 100 1 1
1009 63 68 
1 101 1 3
1010 68 910 
1011 910 911 
1012 911 67 
1 102 1 2
1013 66 912 
1014 912 68 
1 103 1 4
1015 69 913 
1016 913 914 
1017 914 915 
1018 915 70 
1 104 1 2
1019 70 916 
1020 916 71 
1 105 1 4
1021 71 917 
1022 917 918 
1023 918 919 
1024 919 72 
1 106 1 2
1025 72 920 
1026 920 69 
1 107 1 1
1027 69 73 
1 108 1 4
1028 73 921 
1029 921 922 
1030 922 923 
1031 923 74 
1 109 1 1
1032 70 74 
1 110 1 1
1033 72 75 
1 111 1 2
1034 75 924 
1035 924 73 
1 112 1 1
1036 71 76 
1 113 1 4
1037 76 925 
1038 925 926 
1039 926 927 
1040 927 75 
1 114 1 2
1041 74 928 
1042 928 76 
1 115 1 4
1043 77 929 
1044 929 930 
1045 930 931 
1046 931 78 
1 116 1 2
1047 78 932 
1048 932 79 
1 117 1 4
1049 79 933 
1050 933 934 
1051 934 935 
1052 935 80 
1 118 1 2
1053 80 936 
1054 936 77 
1 119 1 1
1055 77 81 
1 120 1 4
1056 81 937 
1057 937 938 
1058 938 939 
1059 939 82 
1 121 1 1
1060 78 82 
1 122 1 1
1061 80 83 
1 123 1 2
1062 83 940 
1063 940 81 
1 124 1 1
1064 79 84 
1 125 1 4
1065 84 941 
1066 941 942 
1067 942 943 
1068 943 83 
1 126 1 2
1069 82 944 
1070 944 84 
1 127 1 4
1071 85 945 
1072 945 946 
1073 946 947 
1074 947 86 
1 128 1 2
1075 86 948 
1076 948 87 
1 129 1 4
1077 87 949 
1078 949 950 
1079 950 951 
1080 951 88 
1 130 1 2
1081 88 952 
1082 952 85 
1 131 1 1
1083 85 89 
1 132 1 4
1084 89 953 
1085 953 954 
1086 954 955 
1087 955 90 
1 133 1 1
1088 86 90 
1 134 1 1
1089 88 91 
1 135 1 2
1090 91 956 
1091 956 89 
1 136 1 1
1092 87 92 
1 137 1 4
1093 92 957 
1094 957 958 
1095 958 959 
1096 959 91 
1 138 1 2
1097 90 960 
1098 960 92 
1 139 1 3
1099 93 961 
1100 961 962 
1101 962 94 
1 140 1 2
1102 94 963 
1103 963 95 
1 141 1 3
1104 95 964 
1105 964 965 
1106 965 96 
1 142 1 2
1107 96 966 
1108 966 93 
1 143 1 1
1109 93 97 
1 144 1 3
1110 97 967 
1111 967 968 
1112 968 98 
1 145 1 1
1113 94 98 
1 146 1 1
1114 96 99 
1 147 1 2
1115 99 969 
1116 969 97 
1 148 1 1
1117 95 100 
1 149 1 3
1118 100 970 
1119 970 971 
1120 971 99 
1 150 1 2
1121 98 972 
1122 972 100 
1 151 1 2
1123 101 973 
1124 973 102 
1 152 1 2
1125 102 974 
1126 974 103 
1 153 1 2
1127 103 975 
1128 975 104 
1 154 1 2
1129 104 976 
1130 976 105 
1 155 1 2
1131 105 977 
1132 977 106 
1 156 1 2
1133 106 978 
1134 978 107 
1 157 1 2
1135 107 979 
1136 979 108 
1 158 1 2
1137 108 980 
1138 980 101 
1 159 1 1
1139 101 109 
1 160 1 2
1140 109 981 
1141 981 110 
1 161 1 1
1142 102 110 
1 162 1 2
1143 111 982 
1144 982 109 
1 163 1 1
1145 108 111 
1 164 1 1
1146 107 112 
1 165 1 2
1147 112 983 
1148 983 111 
1 166 1 2
1149 113 984 
1150 984 112 
1 167 1 1
1151 106 113 
1 168 1 1
1152 105 114 
1 169 1 2
1153 114 985 
1154 985 113 
1 170 1 2
1155 115 986 
1156 986 114 
1 171 1 1
1157 104 115 
1 172 1 1
1158 103 116 
1 173 1 2
1159 116 987 
1160 987 115 
1 174 1 2
1161 110 988 
1162 988 116 
1 175 1 3
1163 117 989 
1164 989 990 
1165 990 118 
1 176 1 2
1166 118 991 
1167 991 119 
1 177 1 3
1168 119 992 
1169 992 993 
1170 993 120 
1 178 1 2
1171 120 994 
1172 994 117 
1 179 1 1
1173 117 121 
1 180 1 3
1174 121 995 
1175 995 996 
1176 996 122 
1 181 1 1
1177 118 122 
1 182 1 1
1178 120 123 
1 183 1 2
1179 123 997 
1180 997 121 
1 184 1 1
1181 119 124 
1 185 1 3
1182 124 998 
1183 998 999 
1184 999 123 
1 186 1 2
1185 122 1000 
1186 1000 124 
1 187 1 2
1187 125 1001 
1188 1001 126 
1 188 1 2
1189 126 1002 
1190 1002 127 
1 189 1 2
1191 127 1003 
1192 1003 128 
1 190 1 2
1193 128 1004 
1194 1004 129 
1 191 1 2
1195 129 1005 
1196 1005 130 
1 192 1 2
1197 130 1006 
1198 1006 131 
1 193 1 2
1199 131 1007 
1200 1007 132 
1 194 1 2
1201 132 1008 
1202 1008 125 
1 195 1 1
1203 125 133 
1 196 1 2
1204 133 1009 
1205 1009 134 
1 197 1 1
1206 126 134 
1 198 1 2
1207 135 1010 
1208 1010 133 
1 199 1 1
1209 132 135 
1 200 1 1
1210 131 136 
1 201 1 2
1211 136 1011 
1212 1011 135 
1 202 1 2
1213 137 1012 
1214 1012 136 
1 203 1 1
1215 130 137 
1 204 1 1
1216 129 138 
1 205 1 2
1217 138 1013 
1218 1013 137 
1 206 1 2
1219 139 1014 
1220 1014 138 
1 207 1 1
1221 128 139 
1 208 1 1
1222 127 140 
1 209 1 2
1223 140 1015 
1224 1015 139 
1 210 1 2
1225 134 1016 
1226 1016 140 
1 211 1 2
1227 141 1017 
1228 1017 142 
1 212 1 2
1229 142 1018 
1230 1018 143 
1 213 1 2
1231 143 1019 
1232 1019 144 
1 214 1 2
1233 144 1020 
1234 1020 145 
1 215 1 2
1235 145 1021 
1236 1021 146 
1 216 1 2
1237 146 1022 
1238 1022 147 
1 217 1 2
1239 147 1023 
1240 1023 148 
1 218 1 2
1241 148 1024 
1242 1024 141 
1 219 1 1
1243 141 149 
1 220 1 2
1244 149 1025 
1245 1025 150 
1 221 1 1
1246 142 150 
1 222 1 2
1247 151 1026 
1248 1026 149 
1 223 1 1
1249 148 151 
1 224 1 1
1250 147 152 
1 225 1 2
1251 152 1027 
1252 1027 151 
1 226 1 2
1253 153 1028 
1254 1028 152 
1 227 1 1
1255 146 153 
1 228 1 1
1256 145 154 
1 229 1 2
1257 154 1029 
1258 1029 153 
1 230 1 2
1259 155 1030 
1260 1030 154 
1 231 1 1
1261 144 155 
1 232 1 1
1262 143 156 
1 233 1 2
1263 156 1031 
1264 1031 155 
1 234 1 2
1265 150 1032 
1266 1032 156 
1 235 1 2
1267 157 1033 
1268 1033 158 
1 236 1 2
1269 158 1034 
1270 1034 159 
1 237 1 2
1271 159 1035 
1272 1035 160 
1 238 1 2
1273 160 1036 
1274 1036 161 
1 239 1 2
1275 161 1037 
1276 1037 162 
1 240 1 2
1277 162 1038 
1278 1038 163 
1 241 1 2
1279 163 1039 
1280 1039 164 
1 242 1 2
1281 164 1040 
1282 1040 157 
1 243 1 1
1283 157 165 
1 244 1 2
1284 165 1041 
1285 1041 166 
1 245 1 1
1286 158 166 
1 246 1 2
1287 167 1042 
1288 1042 165 
1 247 1 1
1289 164 167 
1 248 1 1
1290 163 168 
1 249 1 2
1291 168 1043 
1292 1043 167 
1 250 1 2
1293 169 1044 
1294 1044 168 
1 251 1 1
1295 162 169 
1 252 1 1
1296 161 170 
1 253 1 2
1297 170 1045 
1298 1045 169 
1 254 1 2
1299 171 1046 
1300 1046 170 
1 255 1 1
1301 160 171 
1 256 1 1
1302 159 172 
1 257 1 2
1303 172 1047 
1304 1047 171 
1 258 1 2
1305 166 1048 
1306 1048 172 
1 259 1 2
1307 173 1049 
1308 1049 174 
1 260 1 2
1309 174 1050 
1310 1050 175 
1 261 1 2
1311 175 1051 
1312 1051 176 
1 262 1 2
1313 176 1052 
1314 1052 177 
1 263 1 2
1315 177 1053 
1316 1053 178 
1 264 1 2
1317 178 1054 
1318 1054 179 
1 265 1 2
1319 179 1055 
1320 1055 180 
1 266 1 2
1321 180 1056 
1322 1056 173 
1 267 1 1
1323 173 181 
1 268 1 2
1324 181 1057 
1325 1057 182 
1 269 1 1
1326 174 182 
1 270 1 2
1327 183 1058 
1328 1058 181 
1 271 1 1
1329 180 183 
1 272 1 1
1330 179 184 
1 273 1 2
1331 184 1059 
1332 1059 183 
1 274 1 2
1333 185 1060 
1334 1060 184 
1 275 1 1
1335 178 185 
1 276 1 1
1336 177 186 
1 277 1 2
1337 186 1061 
1338 1061 185 
1 278 1 2
1339 187 1062 
1340 1062 186 
1 279 1 1
1341 176 187 
1 280 1 1
1342 175 188 
1 281 1 2
1343 188 1063 
1344 1063 187 
1 282 1 2
1345 182 1064 
1346 1064 188 
1 283 1 2
1347 189 1065 
1348 1065 190 
1 284 1 2
1349 190 1066 
1350 1066 191 
1 285 1 2
1351 191 1067 
1352 1067 192 
1 286 1 2
1353 192 1068 
1354 1068 193 
1 287 1 2
1355 193 1069 
1356 1069 194 
1 288 1 2
1357 194 1070 
1358 1070 195 
1 289 1 2
1359 195 1071 
1360 1071 196 
1 290 1 2
1361 196 1072 
1362 1072 189 
1 291 1 1
1363 189 197 
1 292 1 2
1364 197 1073 
1365 1073 198 
1 293 1 1
1366 190 198 
1 294 1 2
1367 199 1074 
1368 1074 197 
1 295 1 1
1369 196 199 
1 296 1 1
1370 195 200 
1 297 1 2
1371 200 1075 
1372 1075 199 
1 298 1 2
1373 201 1076 
1374 1076 200 
1 299 1 1
1375 194 201 
1 300 1 1
1376 193 202 
1 301 1 2
1377 202 1077 
1378 1077 201 
1 302 1 2
1379 203 1078 
1380 1078 202 
1 303 1 1
1381 192 203 
1 304 1 1
1382 191 204 
1 305 1 2
1383 204 1079 
1384 1079 203 
1 306 1 2
1385 198 1080 
1386 1080 204 
1 307 1 3
1387 205 1081 
1388 1081 1082 
1389 1082 206 
1 308 1 4
1390 206 1083 
1391 1083 1084 
1392 1084 1085 
1393 1085 207 
1 309 1 3
1394 207 1086 
1395 1086 1087 
1396 1087 208 
1 310 1 4
1397 208 1088 
1398 1088 1089 
1399 1089 1090 
1400 1090 205 
1 311 1 1
1401 205 209 
1 312 1 3
1402 209 1091 
1403 1091 1092 
1404 1092 210 
1 313 1 1
1405 206 210 
1 314 1 1
1406 208 211 
1 315 1 4
1407 211 1093 
1408 1093 1094 
1409 1094 1095 
1410 1095 209 
1 316 1 1
1411 207 212 
1 317 1 3
1412 212 1096 
1413 1096 1097 
1414 1097 211 
1 318 1 4
1415 210 1098 
1416 1098 1099 
1417 1099 1100 
1418 1100 212 
1 319 1 2
1419 213 1101 
1420 1101 214 
1 320 1 2
1421 214 1102 
1422 1102 215 
1 321 1 2
1423 215 1103 
1424 1103 216 
1 322 1 2
1425 216 1104 
1426 1104 217 
1 323 1 2
1427 217 1105 
1428 1105 218 
1 324 1 2
1429 218 1106 
1430 1106 219 
1 325 1 2
1431 219 1107 
1432 1107 220 
1 326 1 2
1433 220 1108 
1434 1108 213 
1 327 1 1
1435 213 221 
1 328 1 2
1436 221 1109 
1437 1109 222 
1 329 1 1
1438 214 222 
1 330 1 2
1439 223 1110 
1440 1110 221 
1 331 1 1
1441 220 223 
1 332 1 1
1442 219 224 
1 333 1 2
1443 224 1111 
1444 1111 223 
1 334 1 2
1445 225 1112 
1446 1112 224 
1 335 1 1
1447 218 225 
1 336 1 1
1448 217 226 
1 337 1 2
1449 226 1113 
1450 1113 225 
1 338 1 2
1451 227 1114 
1452 1114 226 
1 339 1 1
1453 216 227 
1 340 1 1
1454 215 228 
1 341 1 2
1455 228 1115 
1456 1115 227 
1 342 1 2
1457 222 1116 
1458 1116 228 
1 343 1 2
1459 229 1117 
1460 1117 230 
1 344 1 2
1461 230 1118 
1462 1118 231 
1 345 1 2
1463 231 1119 
1464 1119 232 
1 346 1 2
1465 232 1120 
1466 1120 233 
1 347 1 2
1467 233 1121 
1468 1121 234 
1 348 1 2
1469 234 1122 
1470 1122 235 
1 349 1 2
1471 235 1123 
1472 1123 236 
1 350 1 2
1473 236 1124 
1474 1124 229 
1 351 1 1
1475 229 237 
1 352 1 2
1476 237 1125 
1477 1125 238 
1 353 1 1
1478 230 238 
1 354 1 2
1479 239 1126 
1480 1126 237 
1 355 1 1
1481 236 239 
1 356 1 1
1482 235 240 
1 357 1 2
1483 240 1127 
1484 1127 239 
1 358 1 2
1485 241 1128 
1486 1128 240 
1 359 1 1
1487 234 241 
1 360 1 1
1488 233 242 
1 361 1 2
1489 242 1129 
1490 1129 241 
1 362 1 2
1491 243 1130 
1492 1130 242 
1 363 1 1
1493 232 243 
1 364 1 1
1494 231 244 
1 365 1 2
1495 244 1131 
1496 1131 243 
1 366 1 2
1497 238 1132 
1498 1132 244 
1 367 1 3
1499 245 1133 
1500 1133 1134 
1501 1134 246 
1 368 1 4
1502 246 1135 
1503 1135 1136 
1504 1136 1137 
1505 1137 247 
1 369 1 3
1506 247 1138 
1507 1138 1139 
1508 1139 248 
1 370 1 4
1509 248 1140 
1510 1140 1141 
1511 1141 1142 
1512 1142 245 
1 371 1 1
1513 245 249 
1 372 1 3
1514 249 1143 
1515 1143 1144 
1516 1144 250 
1 373 1 1
1517 246 250 
1 374 1 1
1518 248 251 
1 375 1 4
1519 251 1145 
1520 1145 1146 
1521 1146 1147 
1522 1147 249 
1 376 1 1
1523 247 252 
1 377 1 3
1524 252 1148 
1525 1148 1149 
1526 1149 251 
1 378 1 4
1527 250 1150 
1528 1150 1151 
1529 1151 1152 
1530 1152 252 
1 379 1 2
1531 253 1153 
1532 1153 254 
1 380 1 2
1533 254 1154 
1534 1154 255 
1 381 1 2
1535 255 1155 
1536 1155 256 
1 382 1 2
1537 256 1156 
1538 1156 257 
1 383 1 2
1539 257 1157 
1540 1157 258 
1 384 1 2
1541 258 1158 
1542 1158 259 
1 385 1 2
1543 259 1159 
1544 1159 260 
1 386 1 2
1545 260 1160 
1546 1160 253 
1 387 1 1
1547 253 261 
1 388 1 2
1548 261 1161 
1549 1161 262 
1 389 1 1
1550 254 262 
1 390 1 2
1551 263 1162 
1552 1162 261 
1 391 1 1
1553 260 263 
1 392 1 1
1554 259 264 
1 393 1 2
1555 264 1163 
1556 1163 263 
1 394 1 2
1557 265 1164 
1558 1164 264 
1 395 1 1
1559 258 265 
1 396 1 1
1560 257 266 
1 397 1 2
1561 266 1165 
1562 1165 265 
1 398 1 2
1563 267 1166 
1564 1166 266 
1 399 1 1
1565 256 267 
1 400 1 1
1566 255 268 
1 401 1 2
1567 268 1167 
1568 1167 267 
1 402 1 2
1569 262 1168 
1570 1168 268 
1 403 1 2
1571 269 1169 
1572 1169 270 
1 404 1 2
1573 270 1170 
1574 1170 271 
1 405 1 2
1575 271 1171 
1576 1171 272 
1 406 1 2
1577 272 1172 
1578 1172 273 
1 407 1 2
1579 273 1173 
1580 1173 274 
1 408 1 2
1581 274 1174 
1582 1174 275 
1 409 1 2
1583 275 1175 
1584 1175 276 
1 410 1 2
1585 276 1176 
1586 1176 269 
1 411 1 1
1587 269 277 
1 412 1 2
1588 277 1177 
1589 1177 278 
1 413 1 1
1590 270 278 
1 414 1 2
1591 279 1178 
1592 1178 277 
1 415 1 1
1593 276 279 
1 416 1 1
1594 275 280 
1 417 1 2
1595 280 1179 
1596 1179 279 
1 418 1 2
1597 281 1180 
1598 1180 280 
1 419 1 1
1599 274 281 
1 420 1 1
1600 273 282 
1 421 1 2
1601 282 1181 
1602 1181 281 
1 422 1 2
1603 283 1182 
1604 1182 282 
1 423 1 1
1605 272 283 
1 424 1 1
1606 271 284 
1 425 1 2
1607 284 1183 
1608 1183 283 
1 426 1 2
1609 278 1184 
1610 1184 284 
1 427 1 3
1611 285 1185 
1612 1185 1186 
1613 1186 286 
1 428 1 2
1614 286 1187 
1615 1187 287 
1 429 1 3
1616 287 1188 
1617 1188 1189 
1618 1189 288 
1 430 1 2
1619 288 1190 
1620 1190 285 
1 431 1 1
1621 285 289 
1 432 1 3
1622 289 1191 
1623 1191 1192 
1624 1192 290 
1 433 1 1
1625 286 290 
1 434 1 1
1626 288 291 
1 435 1 2
1627 291 1193 
1628 1193 289 
1 436 1 1
1629 287 292 
1 437 1 3
1630 292 1194 
1631 1194 1195 
1632 1195 291 
1 438 1 2
1633 290 1196 
1634 1196 292 
1 439 1 4
1635 293 1197 
1636 1197 1198 
1637 1198 1199 
1638 1199 294 
1 440 1 2
1639 294 1200 
1640 1200 295 
1 441 1 4
1641 295 1201 
1642 1201 1202 
1643 1202 1203 
1644 1203 296 
1 442 1 2
1645 296 1204 
1646 1204 293 
1 443 1 1
1647 293 297 
1 444 1 4
1648 297 1205 
1649 1205 1206 
1650 1206 1207 
1651 1207 298 
1 445 1 1
1652 294 298 
1 446 1 1
1653 296 299 
1 447 1 2
1654 299 1208 
1655 1208 297 
1 448 1 1
1656 295 300 
1 449 1 4
1657 300 1209 
1658 1209 1210 
1659 1210 1211 
1660 1211 299 
1 450 1 2
1661 298 1212 
1662 1212 300 
1 451 1 4
1663 301 1213 
1664 1213 1214 
1665 1214 1215 
1666 1215 302 
1 452 1 2
1667 302 1216 
1668 1216 303 
1 453 1 4
1669 303 1217 
1670 1217 1218 
1671 1218 1219 
1672 1219 304 
1 454 1 2
1673 304 1220 
1674 1220 301 
1 455 1 1
1675 301 305 
1 456 1 4
1676 305 1221 
1677 1221 1222 
1678 1222 1223 
1679 1223 306 
1 457 1 1
1680 302 306 
1 458 1 1
1681 304 307 
1 459 1 2
1682 307 1224 
1683 1224 305 
1 460 1 1
1684 303 308 
1 461 1 4
1685 308 1225 
1686 1225 1226 
1687 1226 1227 
1688 1227 307 
1 462 1 2
1689 306 1228 
1690 1228 308 
1 463 1 4
1691 309 1229 
1692 1229 1230 
1693 1230 1231 
1694 1231 310 
1 464 1 2
1695 310 1232 
1696 1232 311 
1 465 1 4
1697 311 1233 
1698 1233 1234 
1699 1234 1235 
1700 1235 312 
1 466 1 2
1701 312 1236 
1702 1236 309 
1 467 1 1
1703 309 313 
1 468 1 4
1704 313 1237 
1705 1237 1238 
1706 1238 1239 
1707 1239 314 
1 469 1 1
1708 310 314 
1 470 1 1
1709 312 315 
1 471 1 2
1710 315 1240 
1711 1240 313 
1 472 1 1
1712 311 316 
1 473 1 4
1713 316 1241 
1714 1241 1242 
1715 1242 1243 
1716 1243 315 
1 474 1 2
1717 314 1244 
1718 1244 316 
1 475 1 3
1719 317 1245 
1720 1245 1246 
1721 1246 318 
1 476 1 2
1722 318 1247 
1723 1247 319 
1 477 1 3
1724 319 1248 
1725 1248 1249 
1726 1249 320 
1 478 1 2
1727 320 1250 
1728 1250 317 
1 479 1 1
1729 317 321 
1 480 1 3
1730 321 1251 
1731 1251 1252 
1732 1252 322 
1 481 1 1
1733 318 322 
1 482 1 1
1734 320 323 
1 483 1 2
1735 323 1253 
1736 1253 321 
1 484 1 1
1737 319 324 
1 485 1 3
1738 324 1254 
1739 1254 1255 
1740 1255 323 
1 486 1 2
1741 322 1256 
1742 1256 324 
1 487 1 2
1743 325 1257 
1744 1257 326 
1 488 1 2
1745 326 1258 
1746 1258 327 
1 489 1 2
1747 327 1259 
1748 1259 328 
1 490 1 2
1749 328 1260 
1750 1260 329 
1 491 1 2
1751 329 1261 
1752 1261 330 
1 492 1 2
1753 330 1262 
1754 1262 331 
1 493 1 2
1755 331 1263 
1756 1263 332 
1 494 1 2
1757 332 1264 
1758 1264 325 
1 495 1 1
1759 325 333 
1 496 1 2
1760 333 1265 
1761 1265 334 
1 497 1 1
1762 326 334 
1 498 1 2
1763 335 1266 
1764 1266 333 
1 499 1 1
1765 332 335 
1 500 1 1
1766 331 336 
1 501 1 2
1767 336 1267 
1768 1267 335 
1 502 1 2
1769 337 1268 
1770 1268 336 
1 503 1 1
1771 330 337 
1 504 1 1
1772 329 338 
1 505 1 2
1773 338 1269 
1774 1269 337 
1 506 1 2
1775 339 1270 
1776 1270 338 
1 507 1 1
1777 328 339 
1 508 1 1
1778 327 340 
1 509 1 2
1779 340 1271 
1780 1271 339 
1 510 1 2
1781 334 1272 
1782 1272 340 
1 511 1 2
1783 341 1273 
1784 1273 342 
1 512 1 2
1785 342 1274 
1786 1274 343 
1 513 1 2
1787 343 1275 
1788 1275 344 
1 514 1 2
1789 344 1276 
1790 1276 345 
1 515 1 2
1791 345 1277 
1792 1277 346 
1 516 1 2
1793 346 1278 
1794 1278 347 
1 517 1 2
1795 347 1279 
1796 1279 348 
1 518 1 2
1797 348 1280 
1798 1280 341 
1 519 1 1
1799 341 349 
1 520 1 2
1800 349 1281 
1801 1281 350 
1 521 1 1
1802 342 350 
1 522 1 2
1803 351 1282 
1804 1282 349 
1 523 1 1
1805 348 351 
1 524 1 1
1806 347 352 
1 525 1 2
1807 352 1283 
1808 1283 351 
1 526 1 2
1809 353 1284 
1810 1284 352 
1 527 1 1
1811 346 353 
1 528 1 1
1812 345 354 
1 529 1 2
1813 354 1285 
1814 1285 353 
1 530 1 2
1815 355 1286 
1816 1286 354 
1 531 1 1
1817 344 355 
1 532 1 1
1818 343 356 
1 533 1 2
1819 356 1287 
1820 1287 355 
1 534 1 2
1821 350 1288 
1822 1288 356 
1 535 1 3
1823 357 1289 
1824 1289 1290 
1825 1290 358 
1 536 1 4
1826 358 1291 
1827 1291 1292 
1828 1292 1293 
1829 1293 359 
1 537 1 3
1830 359 1294 
1831 1294 1295 
1832 1295 360 
1 538 1 4
1833 360 1296 
1834 1296 1297 
1835 1297 1298 
1836 1298 357 
1 539 1 1
1837 357 361 
1 540 1 3
1838 361 1299 
1839 1299 1300 
1840 1300 362 
1 541 1 1
1841 358 362 
1 542 1 1
1842 360 363 
1 543 1 4
1843 363 1301 
1844 1301 1302 
1845 1302 1303 
1846 1303 361 
1 544 1 1
1847 359 364 
1 545 1 3
1848 364 1304 
1849 1304 1305 
1850 1305 363 
1 546 1 4
1851 362 1306 
1852 1306 1307 
1853 1307 1308 
1854 1308 364 
1 547 1 2
1855 365 1309 
1856 1309 366 
1 548 1 2
1857 366 1310 
1858 1310 367 
1 549 1 2
1859 367 1311 
1860 1311 368 
1 550 1 2
1861 368 1312 
1862 1312 369 
1 551 1 2
1863 369 1313 
1864 1313 370 
1 552 1 2
1865 370 1314 
1866 1314 371 
1 553 1 2
1867 371 1315 
1868 1315 372 
1 554 1 2
1869 372 1316 
1870 1316 365 
1 555 1 1
1871 365 373 
1 556 1 2
1872 373 1317 
1873 1317 374 
1 557 1 1
1874 366 374 
1 558 1 2
1875 375 1318 
1876 1318 373 
1 559 1 1
1877 372 375 
1 560 1 1
1878 371 376 
1 561 1 2
1879 376 1319 
1880 1319 375 
1 562 1 2
1881 377 1320 
1882 1320 376 
1 563 1 1
1883 370 377 
1 564 1 1
1884 369 378 
1 565 1 2
1885 378 1321 
1886 1321 377 
1 566 1 2
1887 379 1322 
1888 1322 378 
1 567 1 1
1889 368 379 
1 568 1 1
1890 367 380 
1 569 1 2
1891 380 1323 
1892 1323 379 
1 570 1 2
1893 374 1324 
1894 1324 380 
1 571 1 2
1895 381 1325 
1896 1325 382 
1 572 1 4
1897 382 1326 
1898 1326 1327 
1899 1327 1328 
1900 1328 383 
1 573 1 2
1901 383 1329 
1902 1329 384 
1 574 1 4
1903 384 1330 
1904 1330 1331 
1905 1331 1332 
1906 1332 381 
1 575 1 1
1907 381 385 
1 576 1 2
1908 385 1333 
1909 1333 386 
1 577 1 1
1910 382 386 
1 578 1 1
1911 384 387 
1 579 1 4
1912 387 1334 
1913 1334 1335 
1914 1335 1336 
1915 1336 385 
1 580 1 1
1916 383 388 
1 581 1 2
1917 388 1337 
1918 1337 387 
1 582 1 4
1919 386 1338 
1920 1338 1339 
1921 1339 1340 
1922 1340 388 
1 583 1 2
1923 389 1341 
1924 1341 390 
1 584 1 4
1925 390 1342 
1926 1342 1343 
1927 1343 1344 
1928 1344 391 
1 585 1 2
1929 391 1345 
1930 1345 392 
1 586 1 4
1931 392 1346 
1932 1346 1347 
1933 1347 1348 
1934 1348 389 
1 587 1 1
1935 389 393 
1 588 1 2
1936 393 1349 
1937 1349 394 
1 589 1 1
1938 390 394 
1 590 1 1
1939 392 395 
1 591 1 4
1940 395 1350 
1941 1350 1351 
1942 1351 1352 
1943 1352 393 
1 592 1 1
1944 391 396 
1 593 1 2
1945 396 1353 
1946 1353 395 
1 594 1 4
1947 394 1354 
1948 1354 1355 
1949 1355 1356 
1950 1356 396 
1 595 1 3
1951 397 1357 
1952 1357 1358 
1953 1358 398 
1 596 1 2
1954 398 1359 
1955 1359 399 
1 597 1 3
1956 399 1360 
1957 1360 1361 
1958 1361 400 
1 598 1 2
1959 400 1362 
1960 1362 397 
1 599 1 1
1961 397 401 
1 600 1 3
1962 401 1363 
1963 1363 1364 
1964 1364 402 
1 601 1 1
1965 398 402 
1 602 1 1
1966 400 403 
1 603 1 2
1967 403 1365 
1968 1365 401 
1 604 1 1
1969 399 404 
1 605 1 3
1970 404 1366 
1971 1366 1367 
1972 1367 403 
1 606 1 2
1973 402 1368 
1974 1368 404 
1 607 1 2
1975 405 1369 
1976 1369 406 
1 608 1 4
1977 406 1370 
1978 1370 1371 
1979 1371 1372 
1980 1372 407 
1 609 1 2
1981 407 1373 
1982 1373 408 
1 610 1 4
1983 408 1374 
1984 1374 1375 
1985 1375 1376 
1986 1376 405 
1 611 1 1
1987 405 409 
1 612 1 2
1988 409 1377 
1989 1377 410 
1 613 1 1
1990 406 410 
1 614 1 1
1991 408 411 
1 615 1 4
1992 411 1378 
1993 1378 1379 
1994 1379 1380 
1995 1380 409 
1 616 1 1
1996 407 412 
1 617 1 2
1997 412 1381 
1998 1381 411 
1 618 1 4
1999 410 1382 
2000 1382 1383 
2001 1383 1384 
2002 1384 412 
1 619 1 2
2003 413 1385 
2004 1385 414 
1 620 1 4
2005 414 1386 
2006 1386 1387 
2007 1387 1388 
2008 1388 415 
1 621 1 2
2009 415 1389 
2010 1389 416 
1 622 1 4
2011 416 1390 
2012 1390 1391 
2013 1391 1392 
2014 1392 413 
1 623 1 1
2015 413 417 
1 624 1 2
2016 417 1393 
2017 1393 418 
1 625 1 1
2018 414 418 
1 626 1 1
2019 416 419 
1 627 1 4
2020 419 1394 
2021 1394 1395 
2022 1395 1396 
2023 1396 417 
1 628 1 1
2024 415 420 
1 629 1 2
2025 420 1397 
2026 1397 419 
1 630 1 4
2027 418 1398 
2028 1398 1399 
2029 1399 1400 
2030 1400 420 
1 631 1 2
2031 421 1401 
2032 1401 422 
1 632 1 4
2033 422 1402 
2034 1402 1403 
2035 1403 1404 
2036 1404 423 
1 633 1 2
2037 423 1405 
2038 1405 424 
1 634 1 4
2039 424 1406 
2040 1406 1407 
2041 1407 1408 
2042 1408 421 
1 635 1 1
2043 421 425 
1 636 1 2
2044 425 1409 
2045 1409 426 
1 637 1 1
2046 422 426 
1 638 1 1
2047 424 427 
1 639 1 4
2048 427 1410 
2049 1410 1411 
2050 1411 1412 
2051 1412 425 
1 640 1 1
2052 423 428 
1 641 1 2
2053 428 1413 
2054 1413 427 
1 642 1 4
2055 426 1414 
2056 1414 1415 
2057 1415 1416 
2058 1416 428 
1 643 1 2
2059 429 1417 
2060 1417 430 
1 644 1 4
2061 430 1418 
2062 1418 1419 
2063 1419 1420 
2064 1420 431 
1 645 1 2
2065 431 1421 
2066 1421 432 
1 646 1 4
2067 432 1422 
2068 1422 1423 
2069 1423 1424 
2070 1424 429 
1 647 1 1
2071 429 433 
1 648 1 2
2072 433 1425 
2073 1425 434 
1 649 1 1
2074 430 434 
1 650 1 1
2075 432 435 
1 651 1 4
2076 435 1426 
2077 1426 1427 
2078 1427 1428 
2079 1428 433 
1 652 1 1
2080 431 436 
1 653 1 2
2081 436 1429 
2082 1429 435 
1 654 1 4
2083 434 1430 
2084 1430 1431 
2085 1431 1432 
2086 1432 436 
1 655 1 2
2087 437 1433 
2088 1433 438 
1 656 1 2
2089 438 1434 
2090 1434 439 
1 657 1 2
2091 439 1435 
2092 1435 440 
1 658 1 2
2093 440 1436 
2094 1436 441 
1 659 1 2
2095 441 1437 
2096 1437 442 
1 660 1 2
2097 442 1438 
2098 1438 443 
1 661 1 2
2099 443 1439 
2100 1439 444 
1 662 1 2
2101 444 1440 
2102 1440 437 
1 663 1 1
2103 437 445 
1 664 1 2
2104 445 1441 
2105 1441 446 
1 665 1 1
2106 438 446 
1 666 1 2
2107 447 1442 
2108 1442 445 
1 667 1 1
2109 444 447 
1 668 1 1
2110 443 448 
1 669 1 2
2111 448 1443 
2112 1443 447 
1 670 1 2
2113 449 1444 
2114 1444 448 
1 671 1 1
2115 442 449 
1 672 1 1
2116 441 450 
1 673 1 2
2117 450 1445 
2118 1445 449 
1 674 1 2
2119 451 1446 
2120 1446 450 
1 675 1 1
2121 440 451 
1 676 1 1
2122 439 452 
1 677 1 2
2123 452 1447 
2124 1447 451 
1 678 1 2
2125 446 1448 
2126 1448 452 
1 679 1 2
2127 453 1449 
2128 1449 454 
1 680 1 2
2129 454 1450 
2130 1450 455 
1 681 1 2
2131 455 1451 
2132 1451 456 
1 682 1 2
2133 456 1452 
2134 1452 457 
1 683 1 2
2135 457 1453 
2136 1453 458 
1 684 1 2
2137 458 1454 
2138 1454 459 
1 685 1 2
2139 459 1455 
2140 1455 460 
1 686 1 2
2141 460 1456 
2142 1456 453 
1 687 1 1
2143 453 461 
1 688 1 2
2144 461 1457 
2145 1457 462 
1 689 1 1
2146 454 462 
1 690 1 2
2147 463 1458 
2148 1458 461 
1 691 1 1
2149 460 463 
1 692 1 1
2150 459 464 
1 693 1 2
2151 464 1459 
2152 1459 463 
1 694 1 2
2153 465 1460 
2154 1460 464 
1 695 1 1
2155 458 465 
1 696 1 1
2156 457 466 
1 697 1 2
2157 466 1461 
2158 1461 465 
1 698 1 2
2159 467 1462 
2160 1462 466 
1 699 1 1
2161 456 467 
1 700 1 1
2162 455 468 
1 701 1 2
2163 468 1463 
2164 1463 467 
1 702 1 2
2165 462 1464 
2166 1464 468 
1 703 1 2
2167 469 1465 
2168 1465 470 
1 704 1 2
2169 470 1466 
2170 1466 471 
1 705 1 2
2171 471 1467 
2172 1467 472 
1 706 1 2
2173 472 1468 
2174 1468 473 
1 707 1 2
2175 473 1469 
2176 1469 474 
1 708 1 2
2177 474 1470 
2178 1470 475 
1 709 1 2
2179 475 1471 
2180 1471 476 
1 710 1 2
2181 476 1472 
2182 1472 469 
1 711 1 1
2183 469 477 
1 712 1 2
2184 477 1473 
2185 1473 478 
1 713 1 1
2186 470 478 
1 714 1 2
2187 479 1474 
2188 1474 477 
1 715 1 1
2189 476 479 
1 716 1 1
2190 475 480 
1 717 1 2
2191 480 1475 
2192 1475 479 
1 718 1 2
2193 481 1476 
2194 1476 480 
1 719 1 1
2195 474 481 
1 720 1 1
2196 473 482 
1 721 1 2
2197 482 1477 
2198 1477 481 
1 722 1 2
2199 483 1478 
2200 1478 482 
1 723 1 1
2201 472 483 
1 724 1 1
2202 471 484 
1 725 1 2
2203 484 1479 
2204 1479 483 
1 726 1 2
2205 478 1480 
2206 1480 484 
1 727 1 2
2207 485 1481 
2208 1481 486 
1 728 1 2
2209 486 1482 
2210 1482 487 
1 729 1 2
2211 487 1483 
2212 1483 488 
1 730 1 2
2213 488 1484 
2214 1484 489 
1 731 1 2
2215 489 1485 
2216 1485 490 
1 732 1 2
2217 490 1486 
2218 1486 491 
1 733 1 2
2219 491 1487 
2220 1487 492 
1 734 1 2
2221 492 1488 
2222 1488 485 
1 735 1 1
2223 485 493 
1 736 1 2
2224 493 1489 
2225 1489 494 
1 737 1 1
2226 486 494 
1 738 1 2
2227 495 1490 
2228 1490 493 
1 739 1 1
2229 492 495 
1 740 1 1
2230 491 496 
1 741 1 2
2231 496 1491 
2232 1491 495 
1 742 1 2
2233 497 1492 
2234 1492 496 
1 743 1 1
2235 490 497 
1 744 1 1
2236 489 498 
1 745 1 2
2237 498 1493 
2238 1493 497 
1 746 1 2
2239 499 1494 
2240 1494 498 
1 747 1 1
2241 488 499 
1 748 1 1
2242 487 500 
1 749 1 2
2243 500 1495 
2244 1495 499 
1 750 1 2
2245 494 1496 
2246 1496 500 
1 751 1 3
2247 501 1497 
2248 1497 1498 
2249 1498 502 
1 752 1 2
2250 502 1499 
2251 1499 503 
1 753 1 3
2252 503 1500 
2253 1500 1501 
2254 1501 504 
1 754 1 2
2255 504 1502 
2256 1502 501 
1 755 1 1
2257 501 505 
1 756 1 3
2258 505 1503 
2259 1503 1504 
2260 1504 506 
1 757 1 1
2261 502 506 
1 758 1 1
2262 504 507 
1 759 1 2
2263 507 1505 
2264 1505 505 
1 760 1 1
2265 503 508 
1 761 1 3
2266 508 1506 
2267 1506 1507 
2268 1507 507 
1 762 1 2
2269 506 1508 
2270 1508 508 
1 763 1 2
2271 509 1509 
2272 1509 510 
1 764 1 2
2273 510 1510 
2274 1510 511 
1 765 1 2
2275 511 1511 
2276 1511 512 
1 766 1 2
2277 512 1512 
2278 1512 513 
1 767 1 2
2279 513 1513 
2280 1513 514 
1 768 1 2
2281 514 1514 
2282 1514 515 
1 769 1 2
2283 515 1515 
2284 1515 516 
1 770 1 2
2285 516 1516 
2286 1516 509 
1 771 1 1
2287 509 517 
1 772 1 2
2288 517 1517 
2289 1517 518 
1 773 1 1
2290 510 518 
1 774 1 2
2291 519 1518 
2292 1518 517 
1 775 1 1
2293 516 519 
1 776 1 1
2294 515 520 
1 777 1 2
2295 520 1519 
2296 1519 519 
1 778 1 2
2297 521 1520 
2298 1520 520 
1 779 1 1
2299 514 521 
1 780 1 1
2300 513 522 
1 781 1 2
2301 522 1521 
2302 1521 521 
1 782 1 2
2303 523 1522 
2304 1522 522 
1 783 1 1
2305 512 523 
1 784 1 1
2306 511 524 
1 785 1 2
2307 524 1523 
2308 1523 523 
1 786 1 2
2309 518 1524 
2310 1524 524 
1 787 1 2
2311 525 1525 
2312 1525 526 
1 788 1 2
2313 526 1526 
2314 1526 527 
1 789 1 2
2315 527 1527 
2316 1527 528 
1 790 1 2
2317 528 1528 
2318 1528 529 
1 791 1 2
2319 529 1529 
2320 1529 530 
1 792 1 2
2321 530 1530 
2322 1530 531 
1 793 1 2
2323 531 1531 
2324 1531 532 
1 794 1 2
2325 532 1532 
2326 1532 525 
1 795 1 1
2327 525 533 
1 796 1 2
2328 533 1533 
2329 1533 534 
1 797 1 1
2330 526 534 
1 798 1 2
2331 535 1534 
2332 1534 533 
1 799 1 1
2333 532 535 
1 800 1 1
2334 531 536 
1 801 1 2
2335 536 1535 
2336 1535 535 
1 802 1 2
2337 537 1536 
2338 1536 536 
1 803 1 1
2339 530 537 
1 804 1 1
2340 529 538 
1 805 1 2
2341 538 1537 
2342 1537 537 
1 806 1 2
2343 539 1538 
2344 1538 538 
1 807 1 1
2345 528 539 
1 808 1 1
2346 527 540 
1 809 1 2
2347 540 1539 
2348 1539 539 
1 810 1 2
2349 534 1540 
2350 1540 540 
1 811 1 3
2351 541 1541 
2352 1541 1542 
2353 1542 542 
1 812 1 2
2354 542 1543 
2355 1543 543 
1 813 1 3
2356 543 1544 
2357 1544 1545 
2358 1545 544 
1 814 1 2
2359 544 1546 
2360 1546 541 
1 815 1 1
2361 541 545 
1 816 1 3
2362 545 1547 
2363 1547 1548 
2364 1548 546 
1 817 1 1
2365 542 546 
1 818 1 1
2366 544 547 
1 819 1 2
2367 547 1549 
2368 1549 545 
1 820 1 1
2369 543 548 
1 821 1 3
2370 548 1550 
2371 1550 1551 
2372 1551 547 
1 822 1 2
2373 546 1552 
2374 1552 548 
1 823 1 3
2375 549 1553 
2376 1553 1554 
2377 1554 550 
1 824 1 2
2378 550 1555 
2379 1555 551 
1 825 1 3
2380 551 1556 
2381 1556 1557 
2382 1557 552 
1 826 1 2
2383 552 1558 
2384 1558 549 
1 827 1 1
2385 549 553 
1 828 1 3
2386 553 1559 
2387 1559 1560 
2388 1560 554 
1 829 1 1
2389 550 554 
1 830 1 1
2390 552 555 
1 831 1 2
2391 555 1561 
2392 1561 553 
1 832 1 1
2393 551 556 
1 833 1 3
2394 556 1562 
2395 1562 1563 
2396 1563 555 
1 834 1 2
2397 554 1564 
2398 1564 556 
1 835 1 3
2399 557 1565 
2400 1565 1566 
2401 1566 558 
1 836 1 1
2402 559 557 
1 837 1 3
2403 559 1567 
2404 1567 1568 
2405 1568 560 
1 838 1 1
2406 560 558 
1 839 1 2
2407 558 1569 
2408 1569 561 
1 840 1 2
2409 561 1570 
2410 1570 557 
1 841 1 2
2411 560 1571 
2412 1571 562 
1 842 1 1
2413 561 562 
1 843 1 2
2414 562 1572 
2415 1572 559 
1 844 1 1
2416 563 564 
1 845 1 2
2417 564 1573 
2418 1573 565 
1 846 1 5
2419 565 1574 
2420 1574 1575 
2421 1575 1576 
2422 1576 1577 
2423 1577 563 
1 847 1 1
2424 566 564 
1 848 1 1
2425 567 566 
1 849 1 1
2426 563 567 
1 850 1 5
2427 568 1578 
2428 1578 1579 
2429 1579 1580 
2430 1580 1581 
2431 1581 567 
1 851 1 1
2432 568 565 
1 852 1 2
2433 566 1582 
2434 1582 568 
1 853 1 1
2435 569 570 
1 854 1 2
2436 570 1583 
2437 1583 571 
1 855 1 5
2438 571 1584 
2439 1584 1585 
2440 1585 1586 
2441 1586 1587 
2442 1587 569 
1 856 1 1
2443 572 570 
1 857 1 1
2444 573 572 
1 858 1 1
2445 569 573 
1 859 1 5
2446 574 1588 
2447 1588 1589 
2448 1589 1590 
2449 1590 1591 
2450 1591 573 
1 860 1 1
2451 574 571 
1 861 1 2
2452 572 1592 
2453 1592 574 
1 862 1 3
2454 575 1593 
2455 1593 1594 
2456 1594 576 
1 863 1 2
2457 576 1595 
2458 1595 577 
1 864 1 2
2459 577 1596 
2460 1596 575 
1 865 1 1
2461 578 575 
1 866 1 3
2462 578 1597 
2463 1597 1598 
2464 1598 579 
1 867 1 1
2465 579 576 
1 868 1 2
2466 580 1599 
2467 1599 578 
1 869 1 1
2468 577 580 
1 870 1 2
2469 579 1600 
2470 1600 580 
1 871 1 2
2471 581 1601 
2472 1601 582 
1 872 1 2
2473 582 1602 
2474 1602 583 
1 873 1 1
2475 583 584 
1 874 1 1
2476 584 581 
1 875 1 1
2477 581 585 
1 876 1 2
2478 585 1603 
2479 1603 586 
1 877 1 1
2480 586 582 
1 878 1 1
2481 587 584 
1 879 1 1
2482 587 585 
1 880 1 1
2483 588 587 
1 881 1 1
2484 583 588 
1 882 1 2
2485 586 1604 
2486 1604 588 
1 883 1 1
2487 589 590 
1 884 1 2
2488 590 1605 
2489 1605 591 
1 885 1 5
2490 591 1606 
2491 1606 1607 
2492 1607 1608 
2493 1608 1609 
2494 1609 589 
1 886 1 1
2495 592 590 
1 887 1 1
2496 593 592 
1 888 1 1
2497 589 593 
1 889 1 5
2498 594 1610 
2499 1610 1611 
2500 1611 1612 
2501 1612 1613 
2502 1613 593 
1 890 1 1
2503 594 591 
1 891 1 2
2504 592 1614 
2505 1614 594 
1 892 1 2
2506 595 1615 
2507 1615 596 
1 893 1 2
2508 596 1616 
2509 1616 597 
1 894 1 2
2510 597 1617 
2511 1617 598 
1 895 1 2
2512 598 1618 
2513 1618 599 
1 896 1 2
2514 599 1619 
2515 1619 600 
1 897 1 2
2516 600 1620 
2517 1620 601 
1 898 1 2
2518 601 1621 
2519 1621 602 
1 899 1 2
2520 602 1622 
2521 1622 595 
1 900 1 1
2522 595 603 
1 901 1 2
2523 603 1623 
2524 1623 604 
1 902 1 1
2525 596 604 
1 903 1 2
2526 605 1624 
2527 1624 603 
1 904 1 1
2528 602 605 
1 905 1 1
2529 601 606 
1 906 1 2
2530 606 1625 
2531 1625 605 
1 907 1 2
2532 607 1626 
2533 1626 606 
1 908 1 1
2534 600 607 
1 909 1 1
2535 599 608 
1 910 1 2
2536 608 1627 
2537 1627 607 
1 911 1 2
2538 609 1628 
2539 1628 608 
1 912 1 1
2540 598 609 
1 913 1 1
2541 597 610 
1 914 1 2
2542 610 1629 
2543 1629 609 
1 915 1 2
2544 604 1630 
2545 1630 610 
1 916 1 2
2546 611 1631 
2547 1631 612 
1 917 1 2
2548 612 1632 
2549 1632 613 
1 918 1 2
2550 613 1633 
2551 1633 614 
1 919 1 2
2552 614 1634 
2553 1634 615 
1 920 1 2
2554 615 1635 
2555 1635 616 
1 921 1 2
2556 616 1636 
2557 1636 617 
1 922 1 2
2558 617 1637 
2559 1637 618 
1 923 1 2
2560 618 1638 
2561 1638 611 
1 924 1 1
2562 611 619 
1 925 1 2
2563 619 1639 
2564 1639 620 
1 926 1 1
2565 612 620 
1 927 1 2
2566 621 1640 
2567 1640 619 
1 928 1 1
2568 618 621 
1 929 1 1
2569 617 622 
1 930 1 2
2570 622 1641 
2571 1641 621 
1 931 1 2
2572 623 1642 
2573 1642 622 
1 932 1 1
2574 616 623 
1 933 1 1
2575 615 624 
1 934 1 2
2576 624 1643 
2577 1643 623 
1 935 1 2
2578 625 1644 
2579 1644 624 
1 936 1 1
2580 614 625 
1 937 1 1
2581 613 626 
1 938 1 2
2582 626 1645 
2583 1645 625 
1 939 1 2
2584 620 1646 
2585 1646 626 
1 940 1 2
2586 627 1647 
2587 1647 628 
1 941 1 2
2588 628 1648 
2589 1648 629 
1 942 1 2
2590 629 1649 
2591 1649 630 
1 943 1 2
2592 630 1650 
2593 1650 631 
1 944 1 2
2594 631 1651 
2595 1651 632 
1 945 1 2
2596 632 1652 
2597 1652 633 
1 946 1 2
2598 633 1653 
2599 1653 634 
1 947 1 2
2600 634 1654 
2601 1654 627 
1 948 1 1
2602 627 635 
1 949 1 2
2603 635 1655 
2604 1655 636 
1 950 1 1
2605 628 636 
1 951 1 2
2606 637 1656 
2607 1656 635 
1 952 1 1
2608 634 637 
1 953 1 1
2609 633 638 
1 954 1 2
2610 638 1657 
2611 1657 637 
1 955 1 2
2612 639 1658 
2613 1658 638 
1 956 1 1
2614 632 639 
1 957 1 1
2615 631 640 
1 958 1 2
2616 640 1659 
2617 1659 639 
1 959 1 2
2618 641 1660 
2619 1660 640 
1 960 1 1
2620 630 641 
1 961 1 1
2621 629 642 
1 962 1 2
2622 642 1661 
2623 1661 641 
1 963 1 2
2624 636 1662 
2625 1662 642 
1 964 1 2
2626 643 1663 
2627 1663 644 
1 965 1 2
2628 644 1664 
2629 1664 645 
1 966 1 2
2630 645 1665 
2631 1665 646 
1 967 1 2
2632 646 1666 
2633 1666 647 
1 968 1 2
2634 647 1667 
2635 1667 648 
1 969 1 2
2636 648 1668 
2637 1668 649 
1 970 1 2
2638 649 1669 
2639 1669 650 
1 971 1 2
2640 650 1670 
2641 1670 643 
1 972 1 1
2642 643 651 
1 973 1 2
2643 651 1671 
2644 1671 652 
1 974 1 1
2645 644 652 
1 975 1 2
2646 653 1672 
2647 1672 651 
1 976 1 1
2648 650 653 
1 977 1 1
2649 649 654 
1 978 1 2
2650 654 1673 
2651 1673 653 
1 979 1 2
2652 655 1674 
2653 1674 654 
1 980 1 1
2654 648 655 
1 981 1 1
2655 647 656 
1 982 1 2
2656 656 1675 
2657 1675 655 
1 983 1 2
2658 657 1676 
2659 1676 656 
1 984 1 1
2660 646 657 
1 985 1 1
2661 645 658 
1 986 1 2
2662 658 1677 
2663 1677 657 
1 987 1 2
2664 652 1678 
2665 1678 658 
1 988 1 6
2666 659 1679 
2667 1679 1680 
2668 1680 1681 
2669 1681 1682 
2670 1682 1683 
2671 1683 660 
1 989 1 7
2672 660 1684 
2673 1684 1685 
2674 1685 1686 
2675 1686 1687 
2676 1687 1688 
2677 1688 1689 
2678 1689 661 
1 990 1 6
2679 661 1690 
2680 1690 1691 
2681 1691 1692 
2682 1692 1693 
2683 1693 1694 
2684 1694 662 
1 991 1 7
2685 662 1695 
2686 1695 1696 
2687 1696 1697 
2688 1697 1698 
2689 1698 1699 
2690 1699 1700 
2691 1700 659 
1 992 1 1
2692 659 663 
1 993 1 6
2693 663 1701 
2694 1701 1702 
2695 1702 1703 
2696 1703 1704 
2697 1704 1705 
2698 1705 664 
1 994 1 1
2699 660 664 
1 995 1 1
2700 662 665 
1 996 1 7
2701 665 1706 
2702 1706 1707 
2703 1707 1708 
2704 1708 1709 
2705 1709 1710 
2706 1710 1711 
2707 1711 663 
1 997 1 1
2708 661 666 
1 998 1 6
2709 666 1712 
2710 1712 1713 
2711 1713 1714 
2712 1714 1715 
2713 1715 1716 
2714 1716 665 
1 999 1 7
2715 664 1717 
2716 1717 1718 
2717 1718 1719 
2718 1719 1720 
2719 1720 1721 
2720 1721 1722 
2721 1722 666 
1 1000 1 6
2722 667 1723 
2723 1723 1724 
2724 1724 1725 
2725 1725 1726 
2726 1726 1727 
2727 1727 668 
1 1001 1 7
2728 668 1728 
2729 1728 1729 
2730 1729 1730 
2731 1730 1731 
2732 1731 1732 
2733 1732 1733 
2734 1733 669 
1 1002 1 6
2735 669 1734 
2736 1734 1735 
2737 1735 1736 
2738 1736 1737 
2739 1737 1738 
2740 1738 670 
1 1003 1 7
2741 670 1739 
2742 1739 1740 
2743 1740 1741 
2744 1741 1742 
2745 1742 1743 
2746 1743 1744 
2747 1744 667 
1 1004 1 1
2748 667 671 
1 1005 1 6
2749 671 1745 
2750 1745 1746 
2751 1746 1747 
2752 1747 1748 
2753 1748 1749 
2754 1749 672 
1 1006 1 1
2755 668 672 
1 1007 1 1
2756 670 673 
1 1008 1 7
2757 673 1750 
2758 1750 1751 
2759 1751 1752 
2760 1752 1753 
2761 1753 1754 
2762 1754 1755 
2763 1755 671 
1 1009 1 1
2764 669 674 
1 1010 1 6
2765 674 1756 
2766 1756 1757 
2767 1757 1758 
2768 1758 1759 
2769 1759 1760 
2770 1760 673 
1 1011 1 7
2771 672 1761 
2772 1761 1762 
2773 1762 1763 
2774 1763 1764 
2775 1764 1765 
2776 1765 1766 
2777 1766 674 
1 1012 1 6
2778 675 1767 
2779 1767 1768 
2780 1768 1769 
2781 1769 1770 
2782 1770 1771 
2783 1771 676 
1 1013 1 7
2784 676 1772 
2785 1772 1773 
2786 1773 1774 
2787 1774 1775 
2788 1775 1776 
2789 1776 1777 
2790 1777 677 
1 1014 1 6
2791 677 1778 
2792 1778 1779 
2793 1779 1780 
2794 1780 1781 
2795 1781 1782 
2796 1782 678 
1 1015 1 7
2797 678 1783 
2798 1783 1784 
2799 1784 1785 
2800 1785 1786 
2801 1786 1787 
2802 1787 1788 
2803 1788 675 
1 1016 1 1
2804 675 679 
1 1017 1 6
2805 679 1789 
2806 1789 1790 
2807 1790 1791 
2808 1791 1792 
2809 1792 1793 
2810 1793 680 
1 1018 1 1
2811 676 680 
1 1019 1 1
2812 678 681 
1 1020 1 7
2813 681 1794 
2814 1794 1795 
2815 1795 1796 
2816 1796 1797 
2817 1797 1798 
2818 1798 1799 
2819 1799 679 
1 1021 1 1
2820 677 682 
1 1022 1 6
2821 682 1800 
2822 1800 1801 
2823 1801 1802 
2824 1802 1803 
2825 1803 1804 
2826 1804 681 
1 1023 1 7
2827 680 1805 
2828 1805 1806 
2829 1806 1807 
2830 1807 1808 
2831 1808 1809 
2832 1809 1810 
2833 1810 682 
1 1024 1 6
2834 683 1811 
2835 1811 1812 
2836 1812 1813 
2837 1813 1814 
2838 1814 1815 
2839 1815 684 
1 1025 1 7
2840 684 1816 
2841 1816 1817 
2842 1817 1818 
2843 1818 1819 
2844 1819 1820 
2845 1820 1821 
2846 1821 685 
1 1026 1 6
2847 685 1822 
2848 1822 1823 
2849 1823 1824 
2850 1824 1825 
2851 1825 1826 
2852 1826 686 
1 1027 1 7
2853 686 1827 
2854 1827 1828 
2855 1828 1829 
2856 1829 1830 
2857 1830 1831 
2858 1831 1832 
2859 1832 683 
1 1028 1 1
2860 683 687 
1 1029 1 6
2861 687 1833 
2862 1833 1834 
2863 1834 1835 
2864 1835 1836 
2865 1836 1837 
2866 1837 688 
1 1030 1 1
2867 684 688 
1 1031 1 1
2868 686 689 
1 1032 1 7
2869 689 1838 
2870 1838 1839 
2871 1839 1840 
2872 1840 1841 
2873 1841 1842 
2874 1842 1843 
2875 1843 687 
1 1033 1 1
2876 685 690 
1 1034 1 6
2877 690 1844 
2878 1844 1845 
2879 1845 1846 
2880 1846 1847 
2881 1847 1848 
2882 1848 689 
1 1035 1 7
2883 688 1849 
2884 1849 1850 
2885 1850 1851 
2886 1851 1852 
2887 1852 1853 
2888 1853 1854 
2889 1854 690 
1 1036 1 7
2890 691 1855 
2891 1855 1856 
2892 1856 1857 
2893 1857 1858 
2894 1858 1859 
2895 1859 1860 
2896 1860 691 
1 1037 1 1
2897 691 692 
1 1038 1 7
2898 692 1861 
2899 1861 1862 
2900 1862 1863 
2901 1863 1864 
2902 1864 1865 
2903 1865 1866 
2904 1866 692 
1 1039 1 7
2905 693 1867 
2906 1867 1868 
2907 1868 1869 
2908 1869 1870 
2909 1870 1871 
2910 1871 1872 
2911 1872 693 
1 1040 1 1
2912 693 694 
1 1041 1 7
2913 694 1873 
2914 1873 1874 
2915 1874 1875 
2916 1875 1876 
2917 1876 1877 
2918 1877 1878 
2919 1878 694 
1 1042 1 7
2920 695 1879 
2921 1879 1880 
2922 1880 1881 
2923 1881 1882 
2924 1882 1883 
2925 1883 1884 
2926 1884 695 
1 1043 1 1
2927 695 696 
1 1044 1 7
2928 696 1885 
2929 1885 1886 
2930 1886 1887 
2931 1887 1888 
2932 1888 1889 
2933 1889 1890 
2934 1890 696 
1 1045 1 7
2935 697 1891 
2936 1891 1892 
2937 1892 1893 
2938 1893 1894 
2939 1894 1895 
2940 1895 1896 
2941 1896 697 
1 1046 1 1
2942 697 698 
1 1047 1 7
2943 698 1897 
2944 1897 1898 
2945 1898 1899 
2946 1899 1900 
2947 1900 1901 
2948 1901 1902 
2949 1902 698 
1 1048 1 7
2950 699 1903 
2951 1903 1904 
2952 1904 1905 
2953 1905 1906 
2954 1906 1907 
2955 1907 1908 
2956 1908 699 
1 1049 1 1
2957 699 700 
1 1050 1 7
2958 700 1909 
2959 1909 1910 
2960 1910 1911 
2961 1911 1912 
2962 1912 1913 
2963 1913 1914 
2964 1914 700 
1 1051 1 7
2965 701 1915 
2966 1915 1916 
2967 1916 1917 
2968 1917 1918 
2969 1918 1919 
2970 1919 1920 
2971 1920 701 
1 1052 1 1
2972 701 702 
1 1053 1 7
2973 702 1921 
2974 1921 1922 
2975 1922 1923 
2976 1923 1924 
2977 1924 1925 
2978 1925 1926 
2979 1926 702 
1 1054 1 7
2980 703 1927 
2981 1927 1928 
2982 1928 1929 
2983 1929 1930 
2984 1930 1931 
2985 1931 1932 
2986 1932 703 
1 1055 1 1
2987 703 704 
1 1056 1 7
2988 704 1933 
2989 1933 1934 
2990 1934 1935 
2991 1935 1936 
2992 1936 1937 
2993 1937 1938 
2994 1938 704 
1 1057 1 7
2995 705 1939 
2996 1939 1940 
2997 1940 1941 
2998 1941 1942 
2999 1942 1943 
3000 1943 1944 
3001 1944 705 
1 1058 1 1
3002 705 706 
1 1059 1 7
3003 706 1945 
3004 1945 1946 
3005 1946 1947 
3006 1947 1948 
3007 1948 1949 
3008 1949 1950 
3009 1950 706 
1 1060 1 2
3010 707 1951 
3011 1951 708 
1 1061 1 2
3012 708 1952 
3013 1952 709 
1 1062 1 2
3014 709 1953 
3015 1953 710 
1 1063 1 2
3016 710 1954 
3017 1954 711 
1 1064 1 2
3018 711 1955 
3019 1955 712 
1 1065 1 2
3020 712 1956 
3021 1956 713 
1 1066 1 2
3022 713 1957 
3023 1957 714 
1 1067 1 2
3024 714 1958 
3025 1958 707 
1 1068 1 1
3026 707 715 
1 1069 1 2
3027 715 1959 
3028 1959 716 
1 1070 1 1
3029 708 716 
1 1071 1 2
3030 717 1960 
3031 1960 715 
1 1072 1 1
3032 714 717 
1 1073 1 1
3033 713 718 
1 1074 1 2
3034 718 1961 
3035 1961 717 
1 1075 1 2
3036 719 1962 
3037 1962 718 
1 1076 1 1
3038 712 719 
1 1077 1 1
3039 711 720 
1 1078 1 2
3040 720 1963 
3041 1963 719 
1 1079 1 2
3042 721 1964 
3043 1964 720 
1 1080 1 1
3044 710 721 
1 1081 1 1
3045 709 722 
1 1082 1 2
3046 722 1965 
3047 1965 721 
1 1083 1 2
3048 716 1966 
3049 1966 722 
1 1084 1 2
3050 723 1967 
3051 1967 724 
1 1085 1 4
3052 724 1968 
3053 1968 1969 
3054 1969 1970 
3055 1970 725 
1 1086 1 2
3056 725 1971 
3057 1971 726 
1 1087 1 4
3058 726 1972 
3059 1972 1973 
3060 1973 1974 
3061 1974 723 
1 1088 1 1
3062 723 727 
1 1089 1 2
3063 727 1975 
3064 1975 728 
1 1090 1 1
3065 724 728 
1 1091 1 1
3066 726 729 
1 1092 1 4
3067 729 1976 
3068 1976 1977 
3069 1977 1978 
3070 1978 727 
1 1093 1 1
3071 725 730 
1 1094 1 2
3072 730 1979 
3073 1979 729 
1 1095 1 4
3074 728 1980 
3075 1980 1981 
3076 1981 1982 
3077 1982 730 
1 1096 1 2
3078 731 1983 
3079 1983 732 
1 1097 1 4
3080 732 1984 
3081 1984 1985 
3082 1985 1986 
3083 1986 733 
1 1098 1 2
3084 733 1987 
3085 1987 734 
1 1099 1 4
3086 734 1988 
3087 1988 1989 
3088 1989 1990 
3089 1990 731 
1 1100 1 1
3090 731 735 
1 1101 1 2
3091 735 1991 
3092 1991 736 
1 1102 1 1
3093 732 736 
1 1103 1 1
3094 734 737 
1 1104 1 4
3095 737 1992 
3096 1992 1993 
3097 1993 1994 
3098 1994 735 
1 1105 1 1
3099 733 738 
1 1106 1 2
3100 738 1995 
3101 1995 737 
1 1107 1 4
3102 736 1996 
3103 1996 1997 
3104 1997 1998 
3105 1998 738 
1 1108 1 2
3106 739 1999 
3107 1999 740 
1 1109 1 2
3108 740 2000 
3109 2000 741 
1 1110 1 2
3110 741 2001 
3111 2001 742 
1 1111 1 2
3112 742 2002 
3113 2002 743 
1 1112 1 2
3114 743 2003 
3115 2003 744 
1 1113 1 2
3116 744 2004 
3117 2004 745 
1 1114 1 2
3118 745 2005 
3119 2005 746 
1 1115 1 2
3120 746 2006 
3121 2006 739 
1 1116 1 1
3122 739 747 
1 1117 1 2
3123 747 2007 
3124 2007 748 
1 1118 1 1
3125 740 748 
1 1119 1 2
3126 749 2008 
3127 2008 747 
1 1120 1 1
3128 746 749 
1 1121 1 1
3129 745 750 
1 1122 1 2
3130 750 2009 
3131 2009 749 
1 1123 1 2
3132 751 2010 
3133 2010 750 
1 1124 1 1
3134 744 751 
1 1125 1 1
3135 743 752 
1 1126 1 2
3136 752 2011 
3137 2011 751 
1 1127 1 2
3138 753 2012 
3139 2012 752 
1 1128 1 1
3140 742 753 
1 1129 1 1
3141 741 754 
1 1130 1 2
3142 754 2013 
3143 2013 753 
1 1131 1 2
3144 748 2014 
3145 2014 754 
1 1132 1 3
3146 755 2015 
3147 2015 2016 
3148 2016 756 
1 1133 1 2
3149 756 2017 
3150 2017 757 
1 1134 1 3
3151 757 2018 
3152 2018 2019 
3153 2019 758 
1 1135 1 2
3154 758 2020 
3155 2020 755 
1 1136 1 1
3156 755 759 
1 1137 1 3
3157 759 2021 
3158 2021 2022 
3159 2022 760 
1 1138 1 1
3160 756 760 
1 1139 1 1
3161 758 761 
1 1140 1 2
3162 761 2023 
3163 2023 759 
1 1141 1 1
3164 757 762 
1 1142 1 3
3165 762 2024 
3166 2024 2025 
3167 2025 761 
1 1143 1 2
3168 760 2026 
3169 2026 762 
1 1144 1 3
3170 763 2027 
3171 2027 2028 
3172 2028 764 
1 1145 1 2
3173 764 2029 
3174 2029 765 
1 1146 1 3
3175 765 2030 
3176 2030 2031 
3177 2031 766 
1 1147 1 2
3178 766 2032 
3179 2032 763 
1 1148 1 1
3180 763 767 
1 1149 1 3
3181 767 2033 
3182 2033 2034 
3183 2034 768 
1 1150 1 1
3184 764 768 
1 1151 1 1
3185 766 769 
1 1152 1 2
3186 769 2035 
3187 2035 767 
1 1153 1 1
3188 765 770 
1 1154 1 3
3189 770 2036 
3190 2036 2037 
3191 2037 769 
1 1155 1 2
3192 768 2038 
3193 2038 770 
1 1156 1 2
3194 771 2039 
3195 2039 772 
1 1157 1 4
3196 772 2040 
3197 2040 2041 
3198 2041 2042 
3199 2042 773 
1 1158 1 2
3200 773 2043 
3201 2043 774 
1 1159 1 4
3202 774 2044 
3203 2044 2045 
3204 2045 2046 
3205 2046 771 
1 1160 1 1
3206 771 775 
1 1161 1 2
3207 775 2047 
3208 2047 776 
1 1162 1 1
3209 772 776 
1 1163 1 1
3210 774 777 
1 1164 1 4
3211 777 2048 
3212 2048 2049 
3213 2049 2050 
3214 2050 775 
1 1165 1 1
3215 773 778 
1 1166 1 2
3216 778 2051 
3217 2051 777 
1 1167 1 4
3218 776 2052 
3219 2052 2053 
3220 2053 2054 
3221 2054 778 
1 1168 1 2
3222 779 2055 
3223 2055 780 
1 1169 1 4
3224 780 2056 
3225 2056 2057 
3226 2057 2058 
3227 2058 781 
1 1170 1 2
3228 781 2059 
3229 2059 782 
1 1171 1 4
3230 782 2060 
3231 2060 2061 
3232 2061 2062 
3233 2062 779 
1 1172 1 1
3234 779 783 
1 1173 1 2
3235 783 2063 
3236 2063 784 
1 1174 1 1
3237 780 784 
1 1175 1 1
3238 782 785 
1 1176 1 4
3239 785 2064 
3240 2064 2065 
3241 2065 2066 
3242 2066 783 
1 1177 1 1
3243 781 786 
1 1178 1 2
3244 786 2067 
3245 2067 785 
1 1179 1 4
3246 784 2068 
3247 2068 2069 
3248 2069 2070 
3249 2070 786 
1 1180 1 3
3250 787 2071 
3251 2071 2072 
3252 2072 788 
1 1181 1 2
3253 788 2073 
3254 2073 789 
1 1182 1 3
3255 789 2074 
3256 2074 2075 
3257 2075 790 
1 1183 1 2
3258 790 2076 
3259 2076 787 
1 1184 1 1
3260 787 791 
1 1185 1 3
3261 791 2077 
3262 2077 2078 
3263 2078 792 
1 1186 1 1
3264 788 792 
1 1187 1 1
3265 790 793 
1 1188 1 2
3266 793 2079 
3267 2079 791 
1 1189 1 1
3268 789 794 
1 1190 1 3
3269 794 2080 
3270 2080 2081 
3271 2081 793 
1 1191 1 2
3272 792 2082 
3273 2082 794 
1 1192 1 3
3274 795 2083 
3275 2083 2084 
3276 2084 796 
1 1193 1 2
3277 796 2085 
3278 2085 797 
1 1194 1 3
3279 797 2086 
3280 2086 2087 
3281 2087 798 
1 1195 1 2
3282 798 2088 
3283 2088 795 
1 1196 1 1
3284 795 799 
1 1197 1 3
3285 799 2089 
3286 2089 2090 
3287 2090 800 
1 1198 1 1
3288 796 800 
1 1199 1 1
3289 798 801 
1 1200 1 2
3290 801 2091 
3291 2091 799 
1 1201 1 1
3292 797 802 
1 1202 1 3
3293 802 2092 
3294 2092 2093 
3295 2093 801 
1 1203 1 2
3296 800 2094 
3297 2094 802 
1 1204 1 3
3298 803 2095 
3299 2095 2096 
3300 2096 804 
1 1205 1 2
3301 804 2097 
3302 2097 805 
1 1206 1 3
3303 805 2098 
3304 2098 2099 
3305 2099 806 
1 1207 1 2
3306 806 2100 
3307 2100 803 
1 1208 1 1
3308 803 807 
1 1209 1 3
3309 807 2101 
3310 2101 2102 
3311 2102 808 
1 1210 1 1
3312 804 808 
1 1211 1 1
3313 806 809 
1 1212 1 2
3314 809 2103 
3315 2103 807 
1 1213 1 1
3316 805 810 
1 1214 1 3
3317 810 2104 
3318 2104 2105 
3319 2105 809 
1 1215 1 2
3320 808 2106 
3321 2106 810 
1 1216 1 3
3322 811 2107 
3323 2107 2108 
3324 2108 812 
1 1217 1 2
3325 812 2109 
3326 2109 813 
1 1218 1 3
3327 813 2110 
3328 2110 2111 
3329 2111 814 
1 1219 1 2
3330 814 2112 
3331 2112 811 
1 1220 1 1
3332 811 815 
1 1221 1 3
3333 815 2113 
3334 2113 2114 
3335 2114 816 
1 1222 1 1
3336 812 816 
1 1223 1 1
3337 814 817 
1 1224 1 2
3338 817 2115 
3339 2115 815 
1 1225 1 1
3340 813 818 
1 1226 1 3
3341 818 2116 
3342 2116 2117 
3343 2117 817 
1 1227 1 2
3344 816 2118 
3345 2118 818 
2 1 2 4
3346 819 3 1 
3347 4 819 2 
3348 3 819 820 
3349 819 4 820 
2 2 2 34
3350 819 1 2126 
3351 1 822 2126 
3352 2 819 2125 
3353 823 2 2125 
3354 821 5 2121 
3355 5 831 2120 
3356 5 2120 2121 
3357 6 824 2121 
3358 825 6 2120 
3359 2120 6 2121 
3360 7 827 2124 
3361 828 7 2124 
3362 8 828 2127 
3363 829 8 2127 
3364 2125 819 2126 
3365 822 821 2119 
3366 2119 821 2121 
3367 822 2119 2126 
3368 824 823 2119 
3369 2119 823 2125 
3370 824 2119 2121 
3371 826 825 2122 
3372 825 2120 2122 
3373 827 826 2123 
3374 826 2122 2123 
3375 827 2123 2124 
3376 828 2124 2127 
3377 830 829 2123 
3378 2123 829 2124 
3379 2124 829 2127 
3380 831 830 2122 
3381 2122 830 2123 
3382 2120 831 2122 
3383 2119 2125 2126 
2 3 2 6
3384 823 4 2 
3385 832 4 823 
3386 9 824 6 
3387 9 833 824 
3388 824 832 823 
3389 833 832 824 
2 4 2 34
3390 820 2135 3 
3391 3 2135 835 
3392 4 2134 820 
3393 832 2134 4 
3394 9 2130 833 
3395 836 2129 9 
3396 2129 2130 9 
3397 834 2130 10 
3398 10 2129 842 
3399 10 2130 2129 
3400 11 2133 838 
3401 839 2133 11 
3402 12 2136 839 
3403 840 2136 12 
3404 2134 2135 820 
3405 833 2128 832 
3406 2128 2134 832 
3407 833 2130 2128 
3408 835 2128 834 
3409 2128 2130 834 
3410 835 2135 2128 
3411 837 2131 836 
3412 836 2131 2129 
3413 838 2132 837 
3414 837 2132 2131 
3415 838 2133 2132 
3416 839 2136 2133 
3417 841 2132 840 
3418 2132 2133 840 
3419 2133 2136 840 
3420 842 2131 841 
3421 2131 2132 841 
3422 2129 2131 842 
3423 2128 2135 2134 
2 5 2 6
3424 3 822 1 
3425 3 835 822 
3426 821 10 5 
3427 834 10 821 
3428 822 834 821 
3429 822 835 834 
2 6 2 8
3430 842 5 10 
3431 5 842 831 
3432 829 12 8 
3433 12 829 840 
3434 830 841 829 
3435 829 841 840 
3436 842 830 831 
3437 841 830 842 
2 7 2 4
3438 828 11 7 
3439 828 8 12 
3440 11 828 839 
3441 828 12 839 
2 8 2 8
3442 825 9 6 
3443 827 7 11 
3444 836 9 825 
3445 827 11 838 
3446 826 836 825 
3447 826 827 837 
3448 826 837 836 
3449 837 827 838 
2 9 2 12
3450 843 13 2138 
3451 13 846 2138 
3452 14 843 2137 
3453 844 14 2137 
3454 15 844 2137 
3455 845 15 2137 
3456 16 845 2139 
3457 846 16 2139 
3458 2137 843 2138 
3459 845 2137 2139 
3460 2138 846 2139 
3461 2137 2138 2139 
2 10 2 4
3462 843 17 13 
3463 18 843 14 
3464 847 17 843 
3465 18 847 843 
2 11 2 4
3466 17 848 13 
3467 848 846 13 
3468 846 19 16 
3469 19 846 848 
2 12 2 4
3470 845 20 15 
3471 845 16 19 
3472 849 845 19 
3473 845 849 20 
2 13 2 4
3474 844 18 14 
3475 20 844 15 
3476 850 18 844 
3477 20 850 844 
2 14 2 12
3478 847 2141 17 
3479 17 2141 848 
3480 18 2140 847 
3481 850 2140 18 
3482 848 2142 19 
3483 19 2142 849 
3484 849 2140 20 
3485 20 2140 850 
3486 2140 2141 847 
3487 2141 2142 848 
3488 849 2142 2140 
3489 2140 2142 2141 
2 15 2 12
3490 851 21 2144 
3491 21 854 2144 
3492 22 851 2143 
3493 852 22 2143 
3494 23 852 2143 
3495 853 23 2143 
3496 24 853 2145 
3497 854 24 2145 
3498 2143 851 2144 
3499 853 2143 2145 
3500 2144 854 2145 
3501 2143 2144 2145 
2 16 2 4
3502 851 25 21 
3503 26 851 22 
3504 855 25 851 
3505 26 855 851 
2 17 2 4
3506 25 856 21 
3507 856 854 21 
3508 854 27 24 
3509 27 854 856 
2 18 2 4
3510 853 28 23 
3511 853 24 27 
3512 857 853 27 
3513 853 857 28 
2 19 2 4
3514 852 26 22 
3515 28 852 23 
3516 858 26 852 
3517 28 858 852 
2 20 2 12
3518 855 2147 25 
3519 25 2147 856 
3520 26 2146 855 
3521 858 2146 26 
3522 856 2148 27 
3523 27 2148 857 
3524 857 2146 28 
3525 28 2146 858 
3526 2146 2147 855 
3527 2147 2148 856 
3528 857 2148 2146 
3529 2146 2148 2147 
2 21 2 12
3530 859 29 2150 
3531 29 862 2150 
3532 30 859 2149 
3533 860 30 2149 
3534 31 860 2149 
3535 861 31 2149 
3536 32 861 2151 
3537 862 32 2151 
3538 2149 859 2150 
3539 861 2149 2151 
3540 2150 862 2151 
3541 2149 2150 2151 
2 22 2 4
3542 863 33 29 
3543 859 863 29 
3544 34 859 30 
3545 34 863 859 
2 23 2 4
3546 33 864 29 
3547 864 862 29 
3548 862 35 32 
3549 35 862 864 
2 24 2 4
3550 861 36 31 
3551 861 32 35 
3552 865 861 35 
3553 861 865 36 
2 25 2 4
3554 860 34 30 
3555 36 860 31 
3556 866 34 860 
3557 36 866 860 
2 26 2 12
3558 863 2153 33 
3559 33 2153 864 
3560 34 2152 863 
3561 866 2152 34 
3562 864 2154 35 
3563 35 2154 865 
3564 865 2152 36 
3565 36 2152 866 
3566 2152 2153 863 
3567 2153 2154 864 
3568 865 2154 2152 
3569 2152 2154 2153 
2 27 2 17
3570 38 37 2156 
3571 37 871 2156 
3572 867 38 2156 
3573 40 39 2155 
3574 39 868 2155 
3575 869 40 2155 
3576 41 869 2155 
3577 870 41 2157 
3578 41 2155 2157 
3579 42 870 2158 
3580 871 42 2156 
3581 2156 42 2158 
3582 868 867 2157 
3583 867 2156 2158 
3584 2157 867 2158 
3585 2155 868 2157 
3586 870 2157 2158 
2 28 2 4
3587 37 38 2159 
3588 43 37 2159 
3589 38 44 2159 
3590 44 43 2159 
2 29 2 4
3591 43 872 37 
3592 37 872 871 
3593 871 45 42 
3594 872 45 871 
2 30 2 4
3595 870 46 41 
3596 42 45 873 
3597 870 42 873 
3598 46 870 873 
2 31 2 4
3599 869 47 40 
3600 46 874 41 
3601 41 874 869 
3602 874 47 869 
2 32 2 4
3603 39 40 2160 
3604 48 39 2160 
3605 40 47 2160 
3606 47 48 2160 
2 33 2 6
3607 867 44 38 
3608 48 876 39 
3609 876 868 39 
3610 875 44 867 
3611 868 875 867 
3612 876 875 868 
2 34 2 17
3613 44 2162 43 
3614 43 2162 872 
3615 875 2162 44 
3616 872 2162 45 
3617 45 2164 873 
3618 2162 2164 45 
3619 873 2163 46 
3620 46 2161 874 
3621 46 2163 2161 
3622 47 2161 48 
3623 874 2161 47 
3624 48 2161 876 
3625 873 2164 2163 
3626 876 2163 875 
3627 875 2164 2162 
3628 2163 2164 875 
3629 2161 2163 876 
2 35 2 34
3630 877 49 2167 
3631 49 888 2166 
3632 49 2166 2167 
3633 50 878 2172 
3634 879 50 2172 
3635 51 879 2171 
3636 880 51 2171 
3637 52 881 2167 
3638 882 52 2166 
3639 2166 52 2167 
3640 53 884 2170 
3641 885 53 2170 
3642 54 885 2173 
3643 886 54 2173 
3644 878 877 2165 
3645 2165 877 2167 
3646 878 2165 2172 
3647 2171 879 2172 
3648 881 880 2165 
3649 2165 880 2171 
3650 881 2165 2167 
3651 883 882 2168 
3652 882 2166 2168 
3653 884 883 2169 
3654 883 2168 2169 
3655 884 2169 2170 
3656 885 2170 2173 
3657 887 886 2169 
3658 2169 886 2170 
3659 2170 886 2173 
3660 888 887 2168 
3661 2168 887 2169 
3662 2166 888 2168 
3663 2165 2171 2172 
2 36 2 6
3664 877 55 49 
3665 56 878 50 
3666 889 55 877 
3667 878 56 890 
3668 878 889 877 
3669 889 878 890 
2 37 2 8
3670 888 49 55 
3671 886 57 54 
3672 893 888 55 
3673 891 57 886 
3674 887 891 886 
3675 888 892 887 
3676 892 891 887 
3677 888 893 892 
2 38 2 4
3678 885 58 53 
3679 54 57 885 
3680 57 894 885 
3681 894 58 885 
2 39 2 8
3682 882 59 52 
3683 53 58 884 
3684 884 58 897 
3685 882 895 59 
3686 883 896 882 
3687 882 896 895 
3688 896 883 884 
3689 896 884 897 
2 40 2 6
3690 898 60 51 
3691 880 898 51 
3692 59 899 52 
3693 899 881 52 
3694 881 898 880 
3695 899 898 881 
2 41 2 4
3696 900 56 50 
3697 879 900 50 
3698 60 879 51 
3699 60 900 879 
2 42 2 34
3700 889 2176 55 
3701 55 2175 893 
3702 55 2176 2175 
3703 56 2181 890 
3704 900 2181 56 
3705 891 2182 57 
3706 57 2182 894 
3707 894 2179 58 
3708 58 2179 897 
3709 895 2175 59 
3710 59 2176 899 
3711 2175 2176 59 
3712 898 2180 60 
3713 60 2180 900 
3714 890 2174 889 
3715 2174 2176 889 
3716 890 2181 2174 
3717 892 2178 891 
3718 2178 2179 891 
3719 2179 2182 891 
3720 893 2177 892 
3721 2177 2178 892 
3722 2175 2177 893 
3723 894 2182 2179 
3724 896 2177 895 
3725 895 2177 2175 
3726 897 2178 896 
3727 896 2178 2177 
3728 897 2179 2178 
3729 899 2174 898 
3730 2174 2180 898 
3731 899 2176 2174 
3732 2180 2181 900 
3733 2174 2181 2180 
2 43 2 18
3734 901 61 2185 
3735 61 906 2185 
3736 62 902 2187 
3737 903 62 2187 
3738 63 903 2184 
3739 904 63 2184 
3740 64 905 2186 
3741 906 64 2186 
3742 902 901 2183 
3743 2183 901 2185 
3744 902 2183 2187 
3745 2184 903 2187 
3746 905 904 2183 
3747 2183 904 2184 
3748 905 2183 2186 
3749 2185 906 2186 
3750 2183 2184 2187 
3751 2183 2185 2186 
2 44 2 6
3752 901 65 61 
3753 908 62 66 
3754 908 902 62 
3755 901 907 65 
3756 901 902 908 
3757 901 908 907 
2 45 2 4
3758 61 65 909 
3759 906 61 909 
3760 906 67 64 
3761 67 906 909 
2 46 2 6
3762 904 68 63 
3763 905 64 67 
3764 911 905 67 
3765 904 910 68 
3766 904 905 911 
3767 904 911 910 
2 47 2 4
3768 903 66 62 
3769 912 63 68 
3770 903 63 912 
3771 903 912 66 
2 48 2 18
3772 907 2190 65 
3773 65 2190 909 
3774 66 2192 908 
3775 912 2192 66 
3776 909 2191 67 
3777 67 2191 911 
3778 910 2189 68 
3779 68 2189 912 
3780 908 2188 907 
3781 2188 2190 907 
3782 908 2192 2188 
3783 2190 2191 909 
3784 911 2188 910 
3785 2188 2189 910 
3786 911 2191 2188 
3787 2189 2192 912 
3788 2188 2192 2189 
3789 2188 2191 2190 
2 49 2 26
3790 913 69 2198 
3791 69 920 2198 
3792 70 915 2196 
3793 916 70 2196 
3794 71 916 2197 
3795 917 71 2197 
3796 72 919 2195 
3797 920 72 2195 
3798 914 913 2200 
3799 2193 913 2198 
3800 913 2193 2200 
3801 915 914 2200 
3802 915 2194 2196 
3803 2194 915 2200 
3804 916 2196 2197 
3805 918 917 2199 
3806 2194 917 2197 
3807 917 2194 2199 
3808 919 918 2199 
3809 919 2193 2195 
3810 2193 919 2199 
3811 920 2195 2198 
3812 2195 2193 2198 
3813 2193 2199 2200 
3814 2196 2194 2197 
3815 2199 2194 2200 
2 50 2 8
3816 913 73 69 
3817 923 70 74 
3818 915 70 923 
3819 913 921 73 
3820 922 913 914 
3821 913 922 921 
3822 915 922 914 
3823 915 923 922 
2 51 2 4
3824 924 69 73 
3825 69 924 920 
3826 920 75 72 
3827 920 924 75 
2 52 2 8
3828 917 76 71 
3829 919 72 75 
3830 927 919 75 
3831 917 925 76 
3832 917 918 926 
3833 917 926 925 
3834 918 919 927 
3835 918 927 926 
2 53 2 4
3836 916 74 70 
3837 71 76 928 
3838 916 71 928 
3839 74 916 928 
2 54 2 26
3840 921 2205 73 
3841 73 2205 924 
3842 74 2203 923 
3843 928 2203 74 
3844 924 2204 75 
3845 75 2204 927 
3846 925 2206 76 
3847 76 2206 928 
3848 922 2208 921 
3849 2202 2205 921 
3850 921 2208 2202 
3851 923 2208 922 
3852 923 2203 2201 
3853 2201 2208 923 
3854 924 2205 2204 
3855 926 2207 925 
3856 2201 2206 925 
3857 925 2207 2201 
3858 927 2207 926 
3859 927 2204 2202 
3860 2202 2207 927 
3861 928 2206 2203 
3862 2203 2206 2201 
3863 2207 2208 2201 
3864 2204 2205 2202 
3865 2202 2208 2207 
2 55 2 26
3866 929 77 2214 
3867 77 936 2214 
3868 78 931 2212 
3869 932 78 2212 
3870 79 932 2213 
3871 933 79 2213 
3872 80 935 2211 
3873 936 80 2211 
3874 930 929 2216 
3875 2209 929 2214 
3876 929 2209 2216 
3877 931 930 2216 
3878 931 2210 2212 
3879 2210 931 2216 
3880 932 2212 2213 
3881 934 933 2215 
3882 2210 933 2213 
3883 933 2210 2215 
3884 935 934 2215 
3885 935 2209 2211 
3886 2209 935 2215 
3887 936 2211 2214 
3888 2211 2209 2214 
3889 2209 2215 2216 
3890 2212 2210 2213 
3891 2215 2210 2216 
2 56 2 8
3892 929 81 77 
3893 931 78 82 
3894 929 937 81 
3895 931 82 939 
3896 929 930 938 
3897 929 938 937 
3898 930 931 938 
3899 938 931 939 
2 57 2 4
3900 940 77 81 
3901 936 77 940 
3902 936 83 80 
3903 936 940 83 
2 58 2 8
3904 933 84 79 
3905 935 80 83 
3906 943 935 83 
3907 933 941 84 
3908 933 934 941 
3909 934 935 943 
3910 941 934 942 
3911 934 943 942 
2 59 2 4
3912 932 82 78 
3913 944 79 84 
3914 932 79 944 
3915 932 944 82 
2 60 2 26
3916 937 2221 81 
3917 81 2221 940 
3918 82 2219 939 
3919 944 2219 82 
3920 940 2220 83 
3921 83 2220 943 
3922 941 2222 84 
3923 84 2222 944 
3924 938 2224 937 
3925 2218 2221 937 
3926 937 2224 2218 
3927 939 2224 938 
3928 939 2219 2217 
3929 2217 2224 939 
3930 940 2221 2220 
3931 942 2223 941 
3932 2217 2222 941 
3933 941 2223 2217 
3934 943 2223 942 
3935 943 2220 2218 
3936 2218 2223 943 
3937 944 2222 2219 
3938 2219 2222 2217 
3939 2223 2224 2217 
3940 2220 2221 2218 
3941 2218 2224 2223 
2 61 2 26
3942 945 85 2229 
3943 85 952 2229 
3944 86 947 2227 
3945 948 86 2227 
3946 87 948 2230 
3947 949 87 2230 
3948 88 951 2228 
3949 952 88 2228 
3950 946 945 2232 
3951 2226 945 2229 
3952 945 2226 2232 
3953 947 946 2232 
3954 947 2225 2227 
3955 2225 947 2232 
3956 948 2227 2230 
3957 950 949 2231 
3958 2225 949 2230 
3959 949 2225 2231 
3960 951 950 2231 
3961 951 2226 2228 
3962 2226 951 2231 
3963 952 2228 2229 
3964 2227 2225 2230 
3965 2231 2225 2232 
3966 2228 2226 2229 
3967 2226 2231 2232 
2 62 2 8
3968 945 89 85 
3969 955 86 90 
3970 86 955 947 
3971 945 953 89 
3972 945 946 954 
3973 945 954 953 
3974 955 946 947 
3975 946 955 954 
2 63 2 4
3976 952 85 89 
3977 952 91 88 
3978 956 952 89 
3979 952 956 91 
2 64 2 8
3980 949 92 87 
3981 951 88 91 
3982 959 951 91 
3983 949 957 92 
3984 957 949 950 
3985 951 959 950 
3986 957 950 958 
3987 950 959 958 
2 65 2 4
3988 948 90 86 
3989 87 92 948 
3990 948 960 90 
3991 92 960 948 
2 66 2 26
3992 953 2237 89 
3993 89 2237 956 
3994 90 2235 955 
3995 960 2235 90 
3996 956 2236 91 
3997 91 2236 959 
3998 957 2238 92 
3999 92 2238 960 
4000 954 2240 953 
4001 2234 2237 953 
4002 953 2240 2234 
4003 955 2240 954 
4004 955 2235 2233 
4005 2233 2240 955 
4006 956 2237 2236 
4007 958 2239 957 
4008 2233 2238 957 
4009 957 2239 2233 
4010 959 2239 958 
4011 959 2236 2234 
4012 2234 2239 959 
4013 960 2238 2235 
4014 2235 2238 2233 
4015 2239 2240 2233 
4016 2236 2237 2234 
4017 2234 2240 2239 
2 67 2 18
4018 961 93 2243 
4019 93 966 2243 
4020 94 962 2244 
4021 963 94 2244 
4022 95 963 2242 
4023 964 95 2242 
4024 96 965 2245 
4025 966 96 2245 
4026 962 961 2241 
4027 2241 961 2243 
4028 962 2241 2244 
4029 2242 963 2244 
4030 965 964 2241 
4031 2241 964 2242 
4032 965 2241 2245 
4033 2243 966 2245 
4034 2241 2242 2244 
4035 2241 2243 2245 
2 68 2 6
4036 961 97 93 
4037 962 94 98 
4038 961 967 97 
4039 962 98 968 
4040 961 962 967 
4041 967 962 968 
2 69 2 4
4042 969 93 97 
4043 966 93 969 
4044 966 99 96 
4045 966 969 99 
2 70 2 6
4046 964 100 95 
4047 965 96 99 
4048 965 99 971 
4049 964 970 100 
4050 964 965 970 
4051 970 965 971 
2 71 2 4
4052 963 98 94 
4053 972 95 100 
4054 963 95 972 
4055 963 972 98 
2 72 2 18
4056 967 2248 97 
4057 97 2248 969 
4058 98 2249 968 
4059 972 2249 98 
4060 969 2250 99 
4061 99 2250 971 
4062 970 2247 100 
4063 100 2247 972 
4064 968 2246 967 
4065 2246 2248 967 
4066 968 2249 2246 
4067 2248 2250 969 
4068 971 2246 970 
4069 2246 2247 970 
4070 971 2250 2246 
4071 2247 2249 972 
4072 2246 2249 2247 
4073 2246 2250 2248 
2 73 2 56
4074 973 101 2266 
4075 101 980 2256 
4076 101 2256 2266 
4077 102 973 2259 
4078 974 102 2257 
4079 2257 102 2259 
4080 103 974 2257 
4081 975 103 2262 
4082 103 2257 2262 
4083 104 975 2264 
4084 976 104 2255 
4085 2255 104 2264 
4086 105 976 2255 
4087 977 105 2263 
4088 105 2255 2263 
4089 106 977 2260 
4090 978 106 2258 
4091 2258 106 2260 
4092 107 978 2258 
4093 979 107 2261 
4094 107 2258 2261 
4095 108 979 2265 
4096 980 108 2256 
4097 2256 108 2265 
4098 2259 973 2271 
4099 973 2266 2271 
4100 975 2262 2269 
4101 2264 975 2269 
4102 2260 977 2270 
4103 977 2263 2270 
4104 979 2261 2268 
4105 2265 979 2268 
4106 2255 2251 2263 
4107 2251 2255 2264 
4108 2263 2251 2270 
4109 2251 2264 2269 
4110 2267 2251 2269 
4111 2251 2267 2270 
4112 2252 2256 2265 
4113 2256 2252 2266 
4114 2252 2265 2268 
4115 2266 2252 2271 
4116 2267 2252 2268 
4117 2252 2267 2271 
4118 2253 2257 2259 
4119 2257 2253 2262 
4120 2253 2259 2271 
4121 2262 2253 2269 
4122 2253 2267 2269 
4123 2267 2253 2271 
4124 2254 2258 2260 
4125 2258 2254 2261 
4126 2254 2260 2270 
4127 2261 2254 2268 
4128 2254 2267 2268 
4129 2267 2254 2270 
2 74 2 4
4130 973 109 101 
4131 981 102 110 
4132 973 102 981 
4133 973 981 109 
2 75 2 4
4134 109 980 101 
4135 982 111 108 
4136 980 982 108 
4137 109 982 980 
2 76 2 4
4138 979 112 107 
4139 108 111 983 
4140 979 108 983 
4141 979 983 112 
2 77 2 4
4142 984 113 106 
4143 984 106 978 
4144 112 984 107 
4145 107 984 978 
2 78 2 4
4146 977 114 105 
4147 106 113 985 
4148 977 106 985 
4149 977 985 114 
2 79 2 4
4150 976 115 104 
4151 105 114 976 
4152 114 986 976 
4153 986 115 976 
2 80 2 4
4154 975 116 103 
4155 104 115 987 
4156 975 104 987 
4157 975 987 116 
2 81 2 4
4158 974 110 102 
4159 103 116 988 
4160 103 988 974 
4161 988 110 974 
2 82 2 56
4162 981 2282 109 
4163 109 2278 982 
4164 109 2282 2278 
4165 110 2287 981 
4166 988 2276 110 
4167 2276 2287 110 
4168 982 2278 111 
4169 111 2281 983 
4170 2278 2281 111 
4171 983 2284 112 
4172 112 2277 984 
4173 112 2284 2277 
4174 984 2277 113 
4175 113 2286 985 
4176 2277 2286 113 
4177 985 2283 114 
4178 114 2279 986 
4179 114 2283 2279 
4180 986 2279 115 
4181 115 2280 987 
4182 2279 2280 115 
4183 987 2285 116 
4184 116 2276 988 
4185 116 2285 2276 
4186 981 2290 2282 
4187 2287 2290 981 
4188 2281 2291 983 
4189 983 2291 2284 
4190 985 2289 2283 
4191 2286 2289 985 
4192 2280 2292 987 
4193 987 2292 2285 
4194 2277 2284 2272 
4195 2272 2286 2277 
4196 2284 2291 2272 
4197 2272 2289 2286 
4198 2288 2289 2272 
4199 2272 2291 2288 
4200 2276 2285 2273 
4201 2273 2287 2276 
4202 2285 2292 2273 
4203 2273 2290 2287 
4204 2288 2290 2273 
4205 2273 2292 2288 
4206 2274 2281 2278 
4207 2278 2282 2274 
4208 2274 2291 2281 
4209 2282 2290 2274 
4210 2274 2290 2288 
4211 2288 2291 2274 
4212 2275 2280 2279 
4213 2279 2283 2275 
4214 2275 2292 2280 
4215 2283 2289 2275 
4216 2275 2289 2288 
4217 2288 2292 2275 
2 83 2 18
4218 989 117 2295 
4219 117 994 2295 
4220 118 990 2296 
4221 991 118 2296 
4222 119 991 2294 
4223 992 119 2294 
4224 120 993 2297 
4225 994 120 2297 
4226 990 989 2293 
4227 2293 989 2295 
4228 990 2293 2296 
4229 2294 991 2296 
4230 993 992 2293 
4231 2293 992 2294 
4232 993 2293 2297 
4233 2295 994 2297 
4234 2293 2294 2296 
4235 2293 2295 2297 
2 84 2 6
4236 989 121 117 
4237 996 118 122 
4238 990 118 996 
4239 989 995 121 
4240 989 990 996 
4241 989 996 995 
2 85 2 4
4242 997 117 121 
4243 117 997 994 
4244 994 123 120 
4245 994 997 123 
2 86 2 6
4246 992 124 119 
4247 993 120 123 
4248 999 993 123 
4249 992 998 124 
4250 992 993 999 
4251 992 999 998 
2 87 2 4
4252 991 122 118 
4253 1000 119 124 
4254 991 119 1000 
4255 991 1000 122 
2 88 2 18
4256 995 2300 121 
4257 121 2300 997 
4258 122 2301 996 
4259 1000 2301 122 
4260 997 2302 123 
4261 123 2302 999 
4262 998 2299 124 
4263 124 2299 1000 
4264 996 2298 995 
4265 2298 2300 995 
4266 996 2301 2298 
4267 2300 2302 997 
4268 999 2298 998 
4269 2298 2299 998 
4270 999 2302 2298 
4271 2299 2301 1000 
4272 2298 2301 2299 
4273 2298 2302 2300 
2 89 2 56
4274 1001 125 2318 
4275 125 1008 2308 
4276 125 2308 2318 
4277 126 1001 2312 
4278 1002 126 2310 
4279 2310 126 2312 
4280 127 1002 2310 
4281 1003 127 2314 
4282 127 2310 2314 
4283 128 1003 2315 
4284 1004 128 2307 
4285 2307 128 2315 
4286 129 1004 2307 
4287 1005 129 2316 
4288 129 2307 2316 
4289 130 1005 2311 
4290 1006 130 2309 
4291 2309 130 2311 
4292 131 1006 2309 
4293 1007 131 2313 
4294 131 2309 2313 
4295 132 1007 2317 
4296 1008 132 2308 
4297 2308 132 2317 
4298 2312 1001 2323 
4299 1001 2318 2323 
4300 1003 2314 2321 
4301 2315 1003 2321 
4302 2311 1005 2322 
4303 1005 2316 2322 
4304 1007 2313 2320 
4305 2317 1007 2320 
4306 2303 2307 2315 
4307 2307 2303 2316 
4308 2303 2315 2321 
4309 2316 2303 2322 
4310 2319 2303 2321 
4311 2303 2319 2322 
4312 2304 2308 2317 
4313 2308 2304 2318 
4314 2304 2317 2320 
4315 2318 2304 2323 
4316 2319 2304 2320 
4317 2304 2319 2323 
4318 2305 2309 2311 
4319 2309 2305 2313 
4320 2305 2311 2322 
4321 2313 2305 2320 
4322 2305 2319 2320 
4323 2319 2305 2322 
4324 2306 2310 2312 
4325 2310 2306 2314 
4326 2306 2312 2323 
4327 2314 2306 2321 
4328 2306 2319 2321 
4329 2319 2306 2323 
2 90 2 4
4330 1001 133 125 
4331 1001 126 134 
4332 133 1001 1009 
4333 1001 134 1009 
2 91 2 4
4334 125 133 1008 
4335 1008 135 132 
4336 133 1010 1008 
4337 1010 135 1008 
2 92 2 4
4338 1007 136 131 
4339 1011 132 135 
4340 132 1011 1007 
4341 1007 1011 136 
2 93 2 4
4342 1012 137 130 
4343 1006 1012 130 
4344 131 136 1006 
4345 136 1012 1006 
2 94 2 4
4346 1005 138 129 
4347 130 137 1013 
4348 1005 130 1013 
4349 138 1005 1013 
2 95 2 4
4350 1004 139 128 
4351 129 138 1014 
4352 129 1014 1004 
4353 1014 139 1004 
2 96 2 4
4354 1003 140 127 
4355 1015 128 139 
4356 1003 128 1015 
4357 1003 1015 140 
2 97 2 4
4358 1002 134 126 
4359 140 1016 127 
4360 127 1016 1002 
4361 1016 134 1002 
2 98 2 56
4362 1009 2335 133 
4363 133 2330 1010 
4364 133 2335 2330 
4365 134 2338 1009 
4366 1016 2328 134 
4367 2328 2338 134 
4368 1010 2330 135 
4369 135 2333 1011 
4370 2330 2333 135 
4371 1011 2337 136 
4372 136 2329 1012 
4373 136 2337 2329 
4374 1012 2329 137 
4375 137 2339 1013 
4376 2329 2339 137 
4377 1013 2334 138 
4378 138 2331 1014 
4379 138 2334 2331 
4380 1014 2331 139 
4381 139 2332 1015 
4382 2331 2332 139 
4383 1015 2336 140 
4384 140 2328 1016 
4385 140 2336 2328 
4386 1009 2341 2335 
4387 2338 2341 1009 
4388 2333 2344 1011 
4389 1011 2344 2337 
4390 1013 2342 2334 
4391 2339 2342 1013 
4392 2332 2343 1015 
4393 1015 2343 2336 
4394 2329 2337 2324 
4395 2324 2339 2329 
4396 2337 2344 2324 
4397 2324 2342 2339 
4398 2340 2342 2324 
4399 2324 2344 2340 
4400 2328 2336 2325 
4401 2325 2338 2328 
4402 2336 2343 2325 
4403 2325 2341 2338 
4404 2340 2341 2325 
4405 2325 2343 2340 
4406 2326 2332 2331 
4407 2331 2334 2326 
4408 2326 2343 2332 
4409 2334 2342 2326 
4410 2326 2342 2340 
4411 2340 2343 2326 
4412 2327 2333 2330 
4413 2330 2335 2327 
4414 2327 2344 2333 
4415 2335 2341 2327 
4416 2327 2341 2340 
4417 2340 2344 2327 
2 99 2 56
4418 1017 141 2359 
4419 141 1024 2350 
4420 141 2350 2359 
4421 142 1017 2353 
4422 1018 142 2352 
4423 2352 142 2353 
4424 143 1018 2352 
4425 1019 143 2356 
4426 143 2352 2356 
4427 144 1019 2358 
4428 1020 144 2349 
4429 2349 144 2358 
4430 145 1020 2349 
4431 1021 145 2357 
4432 145 2349 2357 
4433 146 1021 2354 
4434 1022 146 2351 
4435 2351 146 2354 
4436 147 1022 2351 
4437 1023 147 2355 
4438 147 2351 2355 
4439 148 1023 2360 
4440 1024 148 2350 
4441 2350 148 2360 
4442 2353 1017 2365 
4443 1017 2359 2365 
4444 1019 2356 2362 
4445 2358 1019 2362 
4446 2354 1021 2364 
4447 1021 2357 2364 
4448 1023 2355 2363 
4449 2360 1023 2363 
4450 2349 2345 2357 
4451 2345 2349 2358 
4452 2357 2345 2364 
4453 2345 2358 2362 
4454 2361 2345 2362 
4455 2345 2361 2364 
4456 2350 2346 2359 
4457 2346 2350 2360 
4458 2359 2346 2365 
4459 2346 2360 2363 
4460 2361 2346 2363 
4461 2346 2361 2365 
4462 2347 2351 2354 
4463 2351 2347 2355 
4464 2347 2354 2364 
4465 2355 2347 2363 
4466 2347 2361 2363 
4467 2361 2347 2364 
4468 2348 2352 2353 
4469 2352 2348 2356 
4470 2348 2353 2365 
4471 2356 2348 2362 
4472 2348 2361 2362 
4473 2361 2348 2365 
2 100 2 4
4474 1017 149 141 
4475 1017 142 150 
4476 149 1017 1025 
4477 1017 150 1025 
2 101 2 4
4478 149 1026 141 
4479 141 1026 1024 
4480 1026 151 148 
4481 1024 1026 148 
2 102 2 4
4482 1023 152 147 
4483 1027 148 151 
4484 148 1027 1023 
4485 1023 1027 152 
2 103 2 4
4486 1022 153 146 
4487 147 152 1028 
4488 147 1028 1022 
4489 1028 153 1022 
2 104 2 4
4490 1021 154 145 
4491 146 153 1029 
4492 1021 146 1029 
4493 154 1021 1029 
2 105 2 4
4494 1020 155 144 
4495 154 1030 145 
4496 145 1030 1020 
4497 1030 155 1020 
2 106 2 4
4498 1019 156 143 
4499 1031 144 155 
4500 1019 144 1031 
4501 1019 1031 156 
2 107 2 4
4502 1032 150 142 
4503 1018 1032 142 
4504 156 1018 143 
4505 156 1032 1018 
2 108 2 56
4506 1025 2375 149 
4507 149 2373 1026 
4508 149 2375 2373 
4509 150 2381 1025 
4510 1032 2370 150 
4511 2370 2381 150 
4512 1026 2373 151 
4513 151 2377 1027 
4514 2373 2377 151 
4515 1027 2379 152 
4516 152 2371 1028 
4517 152 2379 2371 
4518 1028 2371 153 
4519 153 2378 1029 
4520 2371 2378 153 
4521 1029 2374 154 
4522 154 2372 1030 
4523 154 2374 2372 
4524 1030 2372 155 
4525 155 2376 1031 
4526 2372 2376 155 
4527 1031 2380 156 
4528 156 2370 1032 
4529 156 2380 2370 
4530 1025 2386 2375 
4531 2381 2386 1025 
4532 2377 2384 1027 
4533 1027 2384 2379 
4534 1029 2385 2374 
4535 2378 2385 1029 
4536 2376 2383 1031 
4537 1031 2383 2380 
4538 2366 2378 2371 
4539 2371 2379 2366 
4540 2366 2385 2378 
4541 2379 2384 2366 
4542 2366 2384 2382 
4543 2382 2385 2366 
4544 2370 2380 2367 
4545 2367 2381 2370 
4546 2380 2383 2367 
4547 2367 2386 2381 
4548 2367 2383 2382 
4549 2382 2386 2367 
4550 2372 2374 2368 
4551 2368 2376 2372 
4552 2374 2385 2368 
4553 2368 2383 2376 
4554 2382 2383 2368 
4555 2368 2385 2382 
4556 2373 2375 2369 
4557 2369 2377 2373 
4558 2375 2386 2369 
4559 2369 2384 2377 
4560 2382 2384 2369 
4561 2369 2386 2382 
2 109 2 56
4562 1033 157 2398 
4563 157 1040 2394 
4564 157 2394 2398 
4565 158 1033 2402 
4566 1034 158 2391 
4567 2391 158 2402 
4568 159 1034 2391 
4569 1035 159 2400 
4570 159 2391 2400 
4571 160 1035 2395 
4572 1036 160 2393 
4573 2393 160 2395 
4574 161 1036 2393 
4575 1037 161 2397 
4576 161 2393 2397 
4577 162 1037 2401 
4578 1038 162 2392 
4579 2392 162 2401 
4580 163 1038 2392 
4581 1039 163 2399 
4582 163 2392 2399 
4583 164 1039 2396 
4584 1040 164 2394 
4585 2394 164 2396 
4586 1033 2398 2405 
4587 2402 1033 2405 
4588 2395 1035 2406 
4589 1035 2400 2406 
4590 1037 2397 2404 
4591 2401 1037 2404 
4592 2396 1039 2407 
4593 1039 2399 2407 
4594 2391 2387 2400 
4595 2387 2391 2402 
4596 2400 2387 2406 
4597 2387 2402 2405 
4598 2403 2387 2405 
4599 2387 2403 2406 
4600 2392 2388 2399 
4601 2388 2392 2401 
4602 2399 2388 2407 
4603 2388 2401 2404 
4604 2403 2388 2404 
4605 2388 2403 2407 
4606 2389 2393 2395 
4607 2393 2389 2397 
4608 2389 2395 2406 
4609 2397 2389 2404 
4610 2389 2403 2404 
4611 2403 2389 2406 
4612 2390 2394 2396 
4613 2394 2390 2398 
4614 2390 2396 2407 
4615 2398 2390 2405 
4616 2390 2403 2405 
4617 2403 2390 2407 
2 110 2 4
4618 1033 165 157 
4619 1033 158 166 
4620 165 1033 1041 
4621 1033 166 1041 
2 111 2 4
4622 157 165 1042 
4623 157 1042 1040 
4624 1040 167 164 
4625 1042 167 1040 
2 112 2 4
4626 1039 168 163 
4627 164 167 1039 
4628 167 1043 1039 
4629 1039 1043 168 
2 113 2 4
4630 1038 169 162 
4631 168 1044 163 
4632 163 1044 1038 
4633 1044 169 1038 
2 114 2 4
4634 1037 170 161 
4635 162 169 1045 
4636 1037 162 1045 
4637 170 1037 1045 
2 115 2 4
4638 1046 171 160 
4639 1036 1046 160 
4640 161 170 1036 
4641 170 1046 1036 
2 116 2 4
4642 1035 172 159 
4643 1035 160 171 
4644 1047 1035 171 
4645 1035 1047 172 
2 117 2 4
4646 1048 166 158 
4647 1034 1048 158 
4648 172 1034 159 
4649 172 1048 1034 
2 118 2 56
4650 1041 2422 165 
4651 165 2412 1042 
4652 165 2422 2412 
4653 166 2417 1041 
4654 1048 2415 166 
4655 2415 2417 166 
4656 1042 2412 167 
4657 167 2423 1043 
4658 2412 2423 167 
4659 1043 2416 168 
4660 168 2414 1044 
4661 168 2416 2414 
4662 1044 2414 169 
4663 169 2419 1045 
4664 2414 2419 169 
4665 1045 2421 170 
4666 170 2413 1046 
4667 170 2421 2413 
4668 1046 2413 171 
4669 171 2420 1047 
4670 2413 2420 171 
4671 1047 2418 172 
4672 172 2415 1048 
4673 172 2418 2415 
4674 2417 2427 1041 
4675 1041 2427 2422 
4676 1043 2428 2416 
4677 2423 2428 1043 
4678 2419 2426 1045 
4679 1045 2426 2421 
4680 1047 2425 2418 
4681 2420 2425 1047 
4682 2412 2422 2408 
4683 2408 2423 2412 
4684 2422 2427 2408 
4685 2408 2428 2423 
4686 2408 2427 2424 
4687 2424 2428 2408 
4688 2409 2420 2413 
4689 2413 2421 2409 
4690 2409 2425 2420 
4691 2421 2426 2409 
4692 2424 2425 2409 
4693 2409 2426 2424 
4694 2410 2417 2415 
4695 2415 2418 2410 
4696 2410 2427 2417 
4697 2418 2425 2410 
4698 2410 2425 2424 
4699 2424 2427 2410 
4700 2414 2416 2411 
4701 2411 2419 2414 
4702 2416 2428 2411 
4703 2411 2426 2419 
4704 2424 2426 2411 
4705 2411 2428 2424 
2 119 2 56
4706 1049 173 2437 
4707 173 1056 2435 
4708 173 2435 2437 
4709 174 1049 2443 
4710 1050 174 2433 
4711 2433 174 2443 
4712 175 1050 2433 
4713 1051 175 2442 
4714 175 2433 2442 
4715 176 1051 2439 
4716 1052 176 2436 
4717 2436 176 2439 
4718 177 1052 2436 
4719 1053 177 2438 
4720 177 2436 2438 
4721 178 1053 2444 
4722 1054 178 2434 
4723 2434 178 2444 
4724 179 1054 2434 
4725 1055 179 2441 
4726 179 2434 2441 
4727 180 1055 2440 
4728 1056 180 2435 
4729 2435 180 2440 
4730 1049 2437 2448 
4731 2443 1049 2448 
4732 2439 1051 2446 
4733 1051 2442 2446 
4734 1053 2438 2449 
4735 2444 1053 2449 
4736 2440 1055 2447 
4737 1055 2441 2447 
4738 2433 2429 2442 
4739 2429 2433 2443 
4740 2442 2429 2446 
4741 2429 2443 2448 
4742 2429 2445 2446 
4743 2445 2429 2448 
4744 2434 2430 2441 
4745 2430 2434 2444 
4746 2441 2430 2447 
4747 2430 2444 2449 
4748 2430 2445 2447 
4749 2445 2430 2449 
4750 2435 2431 2437 
4751 2431 2435 2440 
4752 2437 2431 2448 
4753 2431 2440 2447 
4754 2445 2431 2447 
4755 2431 2445 2448 
4756 2436 2432 2438 
4757 2432 2436 2439 
4758 2438 2432 2449 
4759 2432 2439 2446 
4760 2445 2432 2446 
4761 2432 2445 2449 
2 120 2 4
4762 1049 181 173 
4763 1049 174 182 
4764 181 1049 1057 
4765 1049 182 1057 
2 121 2 4
4766 173 181 1056 
4767 1058 183 180 
4768 1056 1058 180 
4769 181 1058 1056 
2 122 2 4
4770 1055 184 179 
4771 180 183 1055 
4772 183 1059 1055 
4773 1055 1059 184 
2 123 2 4
4774 1054 185 178 
4775 179 184 1060 
4776 179 1060 1054 
4777 1060 185 1054 
2 124 2 4
4778 1053 186 177 
4779 178 185 1061 
4780 1053 178 1061 
4781 186 1053 1061 
2 125 2 4
4782 1052 187 176 
4783 186 1062 177 
4784 177 1062 1052 
4785 1062 187 1052 
2 126 2 4
4786 1051 188 175 
4787 1051 176 187 
4788 1063 1051 187 
4789 1051 1063 188 
2 127 2 4
4790 1064 182 174 
4791 1050 1064 174 
4792 175 188 1050 
4793 188 1064 1050 
2 128 2 56
4794 1057 2465 181 
4795 181 2454 1058 
4796 181 2465 2454 
4797 182 2460 1057 
4798 1064 2456 182 
4799 2456 2460 182 
4800 1058 2454 183 
4801 183 2464 1059 
4802 2454 2464 183 
4803 1059 2461 184 
4804 184 2457 1060 
4805 184 2461 2457 
4806 1060 2457 185 
4807 185 2458 1061 
4808 2457 2458 185 
4809 1061 2463 186 
4810 186 2455 1062 
4811 186 2463 2455 
4812 1062 2455 187 
4813 187 2462 1063 
4814 2455 2462 187 
4815 1063 2459 188 
4816 188 2456 1064 
4817 188 2459 2456 
4818 2460 2468 1057 
4819 1057 2468 2465 
4820 1059 2467 2461 
4821 2464 2467 1059 
4822 2458 2470 1061 
4823 1061 2470 2463 
4824 1063 2469 2459 
4825 2462 2469 1063 
4826 2450 2464 2454 
4827 2454 2465 2450 
4828 2450 2467 2464 
4829 2465 2468 2450 
4830 2466 2467 2450 
4831 2450 2468 2466 
4832 2451 2462 2455 
4833 2455 2463 2451 
4834 2451 2469 2462 
4835 2463 2470 2451 
4836 2466 2469 2451 
4837 2451 2470 2466 
4838 2456 2459 2452 
4839 2452 2460 2456 
4840 2459 2469 2452 
4841 2452 2468 2460 
4842 2466 2468 2452 
4843 2452 2469 2466 
4844 2453 2458 2457 
4845 2457 2461 2453 
4846 2453 2470 2458 
4847 2461 2467 2453 
4848 2453 2467 2466 
4849 2466 2470 2453 
2 129 2 56
4850 1065 189 2479 
4851 189 1072 2478 
4852 189 2478 2479 
4853 190 1065 2485 
4854 1066 190 2475 
4855 2475 190 2485 
4856 191 1066 2475 
4857 1067 191 2484 
4858 191 2475 2484 
4859 192 1067 2481 
4860 1068 192 2477 
4861 2477 192 2481 
4862 193 1068 2477 
4863 1069 193 2480 
4864 193 2477 2480 
4865 194 1069 2486 
4866 1070 194 2476 
4867 2476 194 2486 
4868 195 1070 2476 
4869 1071 195 2483 
4870 195 2476 2483 
4871 196 1071 2482 
4872 1072 196 2478 
4873 2478 196 2482 
4874 1065 2479 2491 
4875 2485 1065 2491 
4876 2481 1067 2489 
4877 1067 2484 2489 
4878 1069 2480 2490 
4879 2486 1069 2490 
4880 2482 1071 2488 
4881 1071 2483 2488 
4882 2475 2471 2484 
4883 2471 2475 2485 
4884 2484 2471 2489 
4885 2471 2485 2491 
4886 2471 2487 2489 
4887 2487 2471 2491 
4888 2476 2472 2483 
4889 2472 2476 2486 
4890 2483 2472 2488 
4891 2472 2486 2490 
4892 2472 2487 2488 
4893 2487 2472 2490 
4894 2478 2473 2479 
4895 2473 2478 2482 
4896 2479 2473 2491 
4897 2473 2482 2488 
4898 2487 2473 2488 
4899 2473 2487 2491 
4900 2477 2474 2480 
4901 2474 2477 2481 
4902 2480 2474 2490 
4903 2474 2481 2489 
4904 2487 2474 2489 
4905 2474 2487 2490 
2 130 2 4
4906 1065 197 189 
4907 1065 190 198 
4908 197 1065 1073 
4909 1065 198 1073 
2 131 2 4
4910 197 1074 189 
4911 189 1074 1072 
4912 1074 199 196 
4913 1072 1074 196 
2 132 2 4
4914 1071 200 195 
4915 196 199 1071 
4916 199 1075 1071 
4917 1071 1075 200 
2 133 2 4
4918 1076 201 194 
4919 1076 194 1070 
4920 200 1076 195 
4921 195 1076 1070 
2 134 2 4
4922 1069 202 193 
4923 194 201 1077 
4924 1069 194 1077 
4925 202 1069 1077 
2 135 2 4
4926 1078 203 192 
4927 1068 1078 192 
4928 193 202 1068 
4929 202 1078 1068 
2 136 2 4
4930 1067 204 191 
4931 1067 192 203 
4932 1079 1067 203 
4933 1067 1079 204 
2 137 2 4
4934 1080 198 190 
4935 1080 190 1066 
4936 204 1080 191 
4937 191 1080 1066 
2 138 2 56
4938 1073 2507 197 
4939 197 2496 1074 
4940 197 2507 2496 
4941 198 2503 1073 
4942 1080 2499 198 
4943 2499 2503 198 
4944 1074 2496 199 
4945 199 2505 1075 
4946 2496 2505 199 
4947 1075 2500 200 
4948 200 2498 1076 
4949 200 2500 2498 
4950 1076 2498 201 
4951 201 2502 1077 
4952 2498 2502 201 
4953 1077 2506 202 
4954 202 2497 1078 
4955 202 2506 2497 
4956 1078 2497 203 
4957 203 2504 1079 
4958 2497 2504 203 
4959 1079 2501 204 
4960 204 2499 1080 
4961 204 2501 2499 
4962 2503 2510 1073 
4963 1073 2510 2507 
4964 1075 2512 2500 
4965 2505 2512 1075 
4966 2502 2509 1077 
4967 1077 2509 2506 
4968 1079 2511 2501 
4969 2504 2511 1079 
4970 2492 2505 2496 
4971 2496 2507 2492 
4972 2492 2512 2505 
4973 2507 2510 2492 
4974 2492 2510 2508 
4975 2508 2512 2492 
4976 2493 2504 2497 
4977 2497 2506 2493 
4978 2493 2511 2504 
4979 2506 2509 2493 
4980 2493 2509 2508 
4981 2508 2511 2493 
4982 2499 2501 2494 
4983 2494 2503 2499 
4984 2501 2511 2494 
4985 2494 2510 2503 
4986 2508 2510 2494 
4987 2494 2511 2508 
4988 2498 2500 2495 
4989 2495 2502 2498 
4990 2500 2512 2495 
4991 2495 2509 2502 
4992 2508 2509 2495 
4993 2495 2512 2508 
2 139 2 32
4994 1081 205 2519 
4995 205 1090 2519 
4996 206 1082 2520 
4997 1083 206 2520 
4998 207 1085 2518 
4999 1086 207 2518 
5000 208 1087 2517 
5001 1088 208 2517 
5002 1082 1081 2522 
5003 1081 2519 2522 
5004 2520 1082 2522 
5005 1084 1083 2515 
5006 2515 1083 2520 
5007 1085 1084 2515 
5008 1085 2515 2518 
5009 1087 1086 2521 
5010 1086 2518 2521 
5011 2517 1087 2521 
5012 1089 1088 2516 
5013 2516 1088 2517 
5014 1090 1089 2516 
5015 1090 2516 2519 
5016 2515 2513 2516 
5017 2513 2515 2520 
5018 2516 2513 2519 
5019 2519 2513 2522 
5020 2513 2520 2522 
5021 2514 2515 2516 
5022 2515 2514 2518 
5023 2514 2516 2517 
5024 2514 2517 2521 
5025 2518 2514 2521 
2 140 2 6
5026 1081 209 205 
5027 1092 206 210 
5028 1082 206 1092 
5029 1081 1091 209 
5030 1082 1091 1081 
5031 1082 1092 1091 
2 141 2 8
5032 1090 205 209 
5033 1088 211 208 
5034 1090 209 1095 
5035 1088 1093 211 
5036 1088 1089 1094 
5037 1088 1094 1093 
5038 1089 1090 1094 
5039 1094 1090 1095 
2 142 2 6
5040 1086 212 207 
5041 1097 208 211 
5042 1087 208 1097 
5043 1086 1096 212 
5044 1086 1087 1097 
5045 1086 1097 1096 
2 143 2 8
5046 1083 210 206 
5047 1085 207 212 
5048 1083 1098 210 
5049 1100 1085 212 
5050 1084 1098 1083 
5051 1100 1084 1085 
5052 1084 1099 1098 
5053 1084 1100 1099 
2 144 2 32
5054 1091 2529 209 
5055 209 2529 1095 
5056 210 2530 1092 
5057 1098 2530 210 
5058 1093 2527 211 
5059 211 2527 1097 
5060 1096 2528 212 
5061 212 2528 1100 
5062 1092 2532 1091 
5063 1091 2532 2529 
5064 2530 2532 1092 
5065 1094 2526 1093 
5066 2526 2527 1093 
5067 1095 2526 1094 
5068 1095 2529 2526 
5069 1097 2531 1096 
5070 1096 2531 2528 
5071 2527 2531 1097 
5072 1099 2525 1098 
5073 2525 2530 1098 
5074 1100 2525 1099 
5075 1100 2528 2525 
5076 2525 2526 2523 
5077 2523 2530 2525 
5078 2526 2529 2523 
5079 2529 2532 2523 
5080 2523 2532 2530 
5081 2524 2526 2525 
5082 2525 2528 2524 
5083 2524 2527 2526 
5084 2524 2531 2527 
5085 2528 2531 2524 
2 145 2 56
5086 1101 213 2542 
5087 213 1108 2539 
5088 213 2539 2542 
5089 214 1101 2548 
5090 1102 214 2537 
5091 2537 214 2548 
5092 215 1102 2537 
5093 1103 215 2546 
5094 215 2537 2546 
5095 216 1103 2544 
5096 1104 216 2540 
5097 2540 216 2544 
5098 217 1104 2540 
5099 1105 217 2541 
5100 217 2540 2541 
5101 218 1105 2547 
5102 1106 218 2538 
5103 2538 218 2547 
5104 219 1106 2538 
5105 1107 219 2545 
5106 219 2538 2545 
5107 220 1107 2543 
5108 1108 220 2539 
5109 2539 220 2543 
5110 1101 2542 2552 
5111 2548 1101 2552 
5112 2544 1103 2551 
5113 1103 2546 2551 
5114 1105 2541 2553 
5115 2547 1105 2553 
5116 2543 1107 2550 
5117 1107 2545 2550 
5118 2538 2533 2545 
5119 2533 2538 2547 
5120 2545 2533 2550 
5121 2533 2547 2553 
5122 2533 2549 2550 
5123 2549 2533 2553 
5124 2537 2534 2546 
5125 2534 2537 2548 
5126 2546 2534 2551 
5127 2534 2548 2552 
5128 2534 2549 2551 
5129 2549 2534 2552 
5130 2540 2535 2541 
5131 2535 2540 2544 
5132 2541 2535 2553 
5133 2535 2544 2551 
5134 2549 2535 2551 
5135 2535 2549 2553 
5136 2539 2536 2542 
5137 2536 2539 2543 
5138 2542 2536 2552 
5139 2536 2543 2550 
5140 2549 2536 2550 
5141 2536 2549 2552 
2 146 2 4
5142 1101 221 213 
5143 1109 214 222 
5144 1101 214 1109 
5145 1101 1109 221 
2 147 2 4
5146 221 1108 213 
5147 1110 223 220 
5148 1108 1110 220 
5149 221 1110 1108 
2 148 2 4
5150 1107 224 219 
5151 1107 220 223 
5152 1111 1107 223 
5153 1107 1111 224 
2 149 2 4
5154 1112 225 218 
5155 1106 1112 218 
5156 219 224 1106 
5157 224 1112 1106 
2 150 2 4
5158 1105 226 217 
5159 1113 218 225 
5160 1105 218 1113 
5161 1105 1113 226 
2 151 2 4
5162 1104 227 216 
5163 226 1114 217 
5164 217 1114 1104 
5165 1114 227 1104 
2 152 2 4
5166 1103 228 215 
5167 1103 216 227 
5168 1115 1103 227 
5169 1103 1115 228 
2 153 2 4
5170 1116 222 214 
5171 1102 1116 214 
5172 228 1102 215 
5173 228 1116 1102 
2 154 2 56
5174 1109 2568 221 
5175 221 2559 1110 
5176 221 2568 2559 
5177 222 2564 1109 
5178 1116 2560 222 
5179 2560 2564 222 
5180 1110 2559 223 
5181 223 2566 1111 
5182 2559 2566 223 
5183 1111 2565 224 
5184 224 2561 1112 
5185 224 2565 2561 
5186 1112 2561 225 
5187 225 2562 1113 
5188 2561 2562 225 
5189 1113 2567 226 
5190 226 2558 1114 
5191 226 2567 2558 
5192 1114 2558 227 
5193 227 2569 1115 
5194 2558 2569 227 
5195 1115 2563 228 
5196 228 2560 1116 
5197 228 2563 2560 
5198 2564 2571 1109 
5199 1109 2571 2568 
5200 1111 2572 2565 
5201 2566 2572 1111 
5202 2562 2573 1113 
5203 1113 2573 2567 
5204 1115 2574 2563 
5205 2569 2574 1115 
5206 2554 2566 2559 
5207 2559 2568 2554 
5208 2554 2572 2566 
5209 2568 2571 2554 
5210 2554 2571 2570 
5211 2570 2572 2554 
5212 2558 2567 2555 
5213 2555 2569 2558 
5214 2567 2573 2555 
5215 2555 2574 2569 
5216 2555 2573 2570 
5217 2570 2574 2555 
5218 2556 2562 2561 
5219 2561 2565 2556 
5220 2556 2573 2562 
5221 2565 2572 2556 
5222 2556 2572 2570 
5223 2570 2573 2556 
5224 2560 2563 2557 
5225 2557 2564 2560 
5226 2563 2574 2557 
5227 2557 2571 2564 
5228 2570 2571 2557 
5229 2557 2574 2570 
2 155 2 56
5230 1117 229 2584 
5231 229 1124 2581 
5232 229 2581 2584 
5233 230 1117 2590 
5234 1118 230 2579 
5235 2579 230 2590 
5236 231 1118 2579 
5237 1119 231 2587 
5238 231 2579 2587 
5239 232 1119 2586 
5240 1120 232 2582 
5241 2582 232 2586 
5242 233 1120 2582 
5243 1121 233 2583 
5244 233 2582 2583 
5245 234 1121 2588 
5246 1122 234 2580 
5247 2580 234 2588 
5248 235 1122 2580 
5249 1123 235 2589 
5250 235 2580 2589 
5251 236 1123 2585 
5252 1124 236 2581 
5253 2581 236 2585 
5254 1117 2584 2594 
5255 2590 1117 2594 
5256 2586 1119 2592 
5257 1119 2587 2592 
5258 1121 2583 2595 
5259 2588 1121 2595 
5260 2585 1123 2593 
5261 1123 2589 2593 
5262 2575 2580 2588 
5263 2580 2575 2589 
5264 2575 2588 2595 
5265 2589 2575 2593 
5266 2575 2591 2593 
5267 2591 2575 2595 
5268 2579 2576 2587 
5269 2576 2579 2590 
5270 2587 2576 2592 
5271 2576 2590 2594 
5272 2576 2591 2592 
5273 2591 2576 2594 
5274 2581 2577 2584 
5275 2577 2581 2585 
5276 2584 2577 2594 
5277 2577 2585 2593 
5278 2591 2577 2593 
5279 2577 2591 2594 
5280 2582 2578 2583 
5281 2578 2582 2586 
5282 2583 2578 2595 
5283 2578 2586 2592 
5284 2591 2578 2592 
5285 2578 2591 2595 
2 156 2 4
5286 1117 237 229 
5287 1125 230 238 
5288 1117 230 1125 
5289 1117 1125 237 
2 157 2 4
5290 229 237 1124 
5291 1126 239 236 
5292 1124 1126 236 
5293 237 1126 1124 
2 158 2 4
5294 1123 240 235 
5295 1123 236 239 
5296 1127 1123 239 
5297 1123 1127 240 
2 159 2 4
5298 1122 241 234 
5299 235 240 1128 
5300 235 1128 1122 
5301 1128 241 1122 
2 160 2 4
5302 1121 242 233 
5303 1129 234 241 
5304 1121 234 1129 
5305 1121 1129 242 
2 161 2 4
5306 1120 243 232 
5307 233 242 1120 
5308 242 1130 1120 
5309 1130 243 1120 
2 162 2 4
5310 1119 244 231 
5311 1119 232 243 
5312 1131 1119 243 
5313 1119 1131 244 
2 163 2 4
5314 1118 238 230 
5315 231 244 1118 
5316 1132 238 1118 
5317 244 1132 1118 
2 164 2 56
5318 1125 2608 237 
5319 237 2601 1126 
5320 237 2608 2601 
5321 238 2607 1125 
5322 1132 2602 238 
5323 2602 2607 238 
5324 1126 2601 239 
5325 239 2610 1127 
5326 2601 2610 239 
5327 1127 2606 240 
5328 240 2603 1128 
5329 240 2606 2603 
5330 1128 2603 241 
5331 241 2605 1129 
5332 2603 2605 241 
5333 1129 2609 242 
5334 242 2600 1130 
5335 242 2609 2600 
5336 1130 2600 243 
5337 243 2611 1131 
5338 2600 2611 243 
5339 1131 2604 244 
5340 244 2602 1132 
5341 244 2604 2602 
5342 2607 2613 1125 
5343 1125 2613 2608 
5344 1127 2614 2606 
5345 2610 2614 1127 
5346 2605 2616 1129 
5347 1129 2616 2609 
5348 1131 2615 2604 
5349 2611 2615 1131 
5350 2601 2608 2596 
5351 2596 2610 2601 
5352 2608 2613 2596 
5353 2596 2614 2610 
5354 2596 2613 2612 
5355 2612 2614 2596 
5356 2600 2609 2597 
5357 2597 2611 2600 
5358 2609 2616 2597 
5359 2597 2615 2611 
5360 2612 2615 2597 
5361 2597 2616 2612 
5362 2598 2605 2603 
5363 2603 2606 2598 
5364 2598 2616 2605 
5365 2606 2614 2598 
5366 2598 2614 2612 
5367 2612 2616 2598 
5368 2602 2604 2599 
5369 2599 2607 2602 
5370 2604 2615 2599 
5371 2599 2613 2607 
5372 2612 2613 2599 
5373 2599 2615 2612 
2 165 2 32
5374 1133 245 2623 
5375 245 1142 2623 
5376 246 1134 2624 
5377 1135 246 2624 
5378 247 1137 2622 
5379 1138 247 2622 
5380 248 1139 2621 
5381 1140 248 2621 
5382 1134 1133 2626 
5383 1133 2623 2626 
5384 2624 1134 2626 
5385 1136 1135 2619 
5386 2619 1135 2624 
5387 1137 1136 2619 
5388 1137 2619 2622 
5389 1139 1138 2625 
5390 1138 2622 2625 
5391 2621 1139 2625 
5392 1141 1140 2620 
5393 2620 1140 2621 
5394 1142 1141 2620 
5395 1142 2620 2623 
5396 2619 2617 2620 
5397 2617 2619 2624 
5398 2620 2617 2623 
5399 2623 2617 2626 
5400 2617 2624 2626 
5401 2618 2619 2620 
5402 2619 2618 2622 
5403 2618 2620 2621 
5404 2618 2621 2625 
5405 2622 2618 2625 
2 166 2 6
5406 1133 249 245 
5407 1144 246 250 
5408 246 1144 1134 
5409 1133 1143 249 
5410 1134 1143 1133 
5411 1144 1143 1134 
2 167 2 8
5412 1142 245 249 
5413 1140 251 248 
5414 1147 1142 249 
5415 251 1140 1145 
5416 1140 1141 1146 
5417 1140 1146 1145 
5418 1141 1142 1147 
5419 1141 1147 1146 
2 168 2 6
5420 1138 252 247 
5421 248 251 1149 
5422 1139 248 1149 
5423 1138 1148 252 
5424 1138 1139 1148 
5425 1148 1139 1149 
2 169 2 8
5426 1135 250 246 
5427 1137 247 252 
5428 1135 1150 250 
5429 1152 1137 252 
5430 1151 1135 1136 
5431 1135 1151 1150 
5432 1137 1151 1136 
5433 1152 1151 1137 
2 170 2 32
5434 1143 2633 249 
5435 249 2633 1147 
5436 250 2634 1144 
5437 1150 2634 250 
5438 1145 2631 251 
5439 251 2631 1149 
5440 1148 2632 252 
5441 252 2632 1152 
5442 1144 2636 1143 
5443 1143 2636 2633 
5444 2634 2636 1144 
5445 1146 2630 1145 
5446 2630 2631 1145 
5447 1147 2630 1146 
5448 1147 2633 2630 
5449 1149 2635 1148 
5450 1148 2635 2632 
5451 2631 2635 1149 
5452 1151 2629 1150 
5453 2629 2634 1150 
5454 1152 2629 1151 
5455 1152 2632 2629 
5456 2629 2630 2627 
5457 2627 2634 2629 
5458 2630 2633 2627 
5459 2633 2636 2627 
5460 2627 2636 2634 
5461 2628 2630 2629 
5462 2629 2632 2628 
5463 2628 2631 2630 
5464 2628 2635 2631 
5465 2632 2635 2628 
2 171 2 56
5466 1153 253 2646 
5467 253 1160 2643 
5468 253 2643 2646 
5469 254 1153 2652 
5470 1154 254 2642 
5471 2642 254 2652 
5472 255 1154 2642 
5473 1155 255 2649 
5474 255 2642 2649 
5475 256 1155 2648 
5476 1156 256 2644 
5477 2644 256 2648 
5478 257 1156 2644 
5479 1157 257 2645 
5480 257 2644 2645 
5481 258 1157 2651 
5482 1158 258 2641 
5483 2641 258 2651 
5484 259 1158 2641 
5485 1159 259 2650 
5486 259 2641 2650 
5487 260 1159 2647 
5488 1160 260 2643 
5489 2643 260 2647 
5490 1153 2646 2656 
5491 2652 1153 2656 
5492 2648 1155 2654 
5493 1155 2649 2654 
5494 1157 2645 2657 
5495 2651 1157 2657 
5496 2647 1159 2655 
5497 1159 2650 2655 
5498 2641 2637 2650 
5499 2637 2641 2651 
5500 2650 2637 2655 
5501 2637 2651 2657 
5502 2637 2653 2655 
5503 2653 2637 2657 
5504 2642 2638 2649 
5505 2638 2642 2652 
5506 2649 2638 2654 
5507 2638 2652 2656 
5508 2638 2653 2654 
5509 2653 2638 2656 
5510 2644 2639 2645 
5511 2639 2644 2648 
5512 2645 2639 2657 
5513 2639 2648 2654 
5514 2653 2639 2654 
5515 2639 2653 2657 
5516 2643 2640 2646 
5517 2640 2643 2647 
5518 2646 2640 2656 
5519 2640 2647 2655 
5520 2653 2640 2655 
5521 2640 2653 2656 
2 172 2 4
5522 1153 261 253 
5523 1161 254 262 
5524 1153 254 1161 
5525 1153 1161 261 
2 173 2 4
5526 261 1162 253 
5527 253 1162 1160 
5528 1160 263 260 
5529 1162 263 1160 
2 174 2 4
5530 1159 264 259 
5531 1159 260 263 
5532 1163 1159 263 
5533 1159 1163 264 
2 175 2 4
5534 1158 265 258 
5535 264 1164 259 
5536 259 1164 1158 
5537 1164 265 1158 
2 176 2 4
5538 1157 266 257 
5539 1165 258 265 
5540 1157 258 1165 
5541 1157 1165 266 
2 177 2 4
5542 1166 267 256 
5543 1156 1166 256 
5544 266 1156 257 
5545 266 1166 1156 
2 178 2 4
5546 1155 268 255 
5547 1155 256 267 
5548 1167 1155 267 
5549 1155 1167 268 
2 179 2 4
5550 1168 262 254 
5551 1154 1168 254 
5552 255 268 1154 
5553 268 1168 1154 
2 180 2 56
5554 1161 2666 261 
5555 261 2665 1162 
5556 261 2666 2665 
5557 262 2671 1161 
5558 1168 2662 262 
5559 2662 2671 262 
5560 1162 2665 263 
5561 263 2668 1163 
5562 2665 2668 263 
5563 1163 2673 264 
5564 264 2663 1164 
5565 264 2673 2663 
5566 1164 2663 265 
5567 265 2670 1165 
5568 2663 2670 265 
5569 1165 2667 266 
5570 266 2664 1166 
5571 266 2667 2664 
5572 1166 2664 267 
5573 267 2669 1167 
5574 2664 2669 267 
5575 1167 2672 268 
5576 268 2662 1168 
5577 268 2672 2662 
5578 1161 2677 2666 
5579 2671 2677 1161 
5580 2668 2675 1163 
5581 1163 2675 2673 
5582 1165 2678 2667 
5583 2670 2678 1165 
5584 2669 2676 1167 
5585 1167 2676 2672 
5586 2658 2670 2663 
5587 2663 2673 2658 
5588 2658 2678 2670 
5589 2673 2675 2658 
5590 2658 2675 2674 
5591 2674 2678 2658 
5592 2659 2671 2662 
5593 2662 2672 2659 
5594 2659 2677 2671 
5595 2672 2676 2659 
5596 2659 2676 2674 
5597 2674 2677 2659 
5598 2665 2666 2660 
5599 2660 2668 2665 
5600 2666 2677 2660 
5601 2660 2675 2668 
5602 2674 2675 2660 
5603 2660 2677 2674 
5604 2664 2667 2661 
5605 2661 2669 2664 
5606 2667 2678 2661 
5607 2661 2676 2669 
5608 2674 2676 2661 
5609 2661 2678 2674 
2 181 2 56
5610 1169 269 2689 
5611 269 1176 2686 
5612 269 2686 2689 
5613 270 1169 2692 
5614 1170 270 2683 
5615 2683 270 2692 
5616 271 1170 2683 
5617 1171 271 2691 
5618 271 2683 2691 
5619 272 1171 2687 
5620 1172 272 2685 
5621 2685 272 2687 
5622 273 1172 2685 
5623 1173 273 2690 
5624 273 2685 2690 
5625 274 1173 2693 
5626 1174 274 2684 
5627 2684 274 2693 
5628 275 1174 2684 
5629 1175 275 2694 
5630 275 2684 2694 
5631 276 1175 2688 
5632 1176 276 2686 
5633 2686 276 2688 
5634 1169 2689 2697 
5635 2692 1169 2697 
5636 2687 1171 2698 
5637 1171 2691 2698 
5638 1173 2690 2696 
5639 2693 1173 2696 
5640 2688 1175 2699 
5641 1175 2694 2699 
5642 2683 2679 2691 
5643 2679 2683 2692 
5644 2691 2679 2698 
5645 2679 2692 2697 
5646 2695 2679 2697 
5647 2679 2695 2698 
5648 2680 2684 2693 
5649 2684 2680 2694 
5650 2680 2693 2696 
5651 2694 2680 2699 
5652 2695 2680 2696 
5653 2680 2695 2699 
5654 2681 2685 2687 
5655 2685 2681 2690 
5656 2681 2687 2698 
5657 2690 2681 2696 
5658 2681 2695 2696 
5659 2695 2681 2698 
5660 2682 2686 2688 
5661 2686 2682 2689 
5662 2682 2688 2699 
5663 2689 2682 2697 
5664 2682 2695 2697 
5665 2695 2682 2699 
2 182 2 4
5666 1169 277 269 
5667 1177 270 278 
5668 1169 270 1177 
5669 1169 1177 277 
2 183 2 4
5670 269 277 1176 
5671 1178 279 276 
5672 1176 1178 276 
5673 277 1178 1176 
2 184 2 4
5674 1175 280 275 
5675 1175 276 279 
5676 1179 1175 279 
5677 1175 1179 280 
2 185 2 4
5678 1174 281 274 
5679 275 280 1174 
5680 280 1180 1174 
5681 1180 281 1174 
2 186 2 4
5682 1173 282 273 
5683 1181 274 281 
5684 1173 274 1181 
5685 1173 1181 282 
2 187 2 4
5686 1172 283 272 
5687 273 282 1172 
5688 282 1182 1172 
5689 1182 283 1172 
2 188 2 4
5690 1171 284 271 
5691 1171 272 283 
5692 1183 1171 283 
5693 1171 1183 284 
2 189 2 4
5694 1184 278 270 
5695 1170 1184 270 
5696 284 1184 271 
5697 271 1184 1170 
2 190 2 56
5698 1177 2712 277 
5699 277 2705 1178 
5700 277 2712 2705 
5701 278 2709 1177 
5702 1184 2707 278 
5703 2707 2709 278 
5704 1178 2705 279 
5705 279 2713 1179 
5706 2705 2713 279 
5707 1179 2711 280 
5708 280 2706 1180 
5709 280 2711 2706 
5710 1180 2706 281 
5711 281 2708 1181 
5712 2706 2708 281 
5713 1181 2714 282 
5714 282 2704 1182 
5715 282 2714 2704 
5716 1182 2704 283 
5717 283 2715 1183 
5718 2704 2715 283 
5719 1183 2710 284 
5720 284 2707 1184 
5721 284 2710 2707 
5722 2709 2719 1177 
5723 1177 2719 2712 
5724 1179 2717 2711 
5725 2713 2717 1179 
5726 2708 2720 1181 
5727 1181 2720 2714 
5728 1183 2718 2710 
5729 2715 2718 1183 
5730 2705 2712 2700 
5731 2700 2713 2705 
5732 2712 2719 2700 
5733 2700 2717 2713 
5734 2716 2717 2700 
5735 2700 2719 2716 
5736 2704 2714 2701 
5737 2701 2715 2704 
5738 2714 2720 2701 
5739 2701 2718 2715 
5740 2716 2718 2701 
5741 2701 2720 2716 
5742 2702 2708 2706 
5743 2706 2711 2702 
5744 2702 2720 2708 
5745 2711 2717 2702 
5746 2702 2717 2716 
5747 2716 2720 2702 
5748 2703 2709 2707 
5749 2707 2710 2703 
5750 2703 2719 2709 
5751 2710 2718 2703 
5752 2703 2718 2716 
5753 2716 2719 2703 
2 191 2 18
5754 1185 285 2722 
5755 285 1190 2722 
5756 286 1186 2725 
5757 1187 286 2725 
5758 287 1187 2723 
5759 1188 287 2723 
5760 288 1189 2724 
5761 1190 288 2724 
5762 1186 1185 2721 
5763 2721 1185 2722 
5764 1186 2721 2725 
5765 2723 1187 2725 
5766 1189 1188 2721 
5767 2721 1188 2723 
5768 1189 2721 2724 
5769 2722 1190 2724 
5770 2721 2722 2724 
5771 2721 2723 2725 
2 192 2 6
5772 1185 289 285 
5773 1192 286 290 
5774 286 1192 1186 
5775 1185 1191 289 
5776 1192 1185 1186 
5777 1185 1192 1191 
2 193 2 4
5778 1193 285 289 
5779 1190 285 1193 
5780 1190 291 288 
5781 1190 1193 291 
2 194 2 6
5782 1188 292 287 
5783 288 291 1189 
5784 291 1195 1189 
5785 1188 1194 292 
5786 1195 1188 1189 
5787 1195 1194 1188 
2 195 2 4
5788 1187 290 286 
5789 287 292 1196 
5790 1187 287 1196 
5791 290 1187 1196 
2 196 2 18
5792 1191 2727 289 
5793 289 2727 1193 
5794 290 2730 1192 
5795 1196 2730 290 
5796 1193 2729 291 
5797 291 2729 1195 
5798 1194 2728 292 
5799 292 2728 1196 
5800 1192 2726 1191 
5801 2726 2727 1191 
5802 1192 2730 2726 
5803 2727 2729 1193 
5804 1195 2726 1194 
5805 2726 2728 1194 
5806 1195 2729 2726 
5807 2728 2730 1196 
5808 2726 2729 2727 
5809 2726 2730 2728 
2 197 2 26
5810 1197 293 2736 
5811 293 1204 2736 
5812 294 1199 2735 
5813 1200 294 2735 
5814 295 1200 2734 
5815 1201 295 2734 
5816 296 1203 2733 
5817 1204 296 2733 
5818 1198 1197 2737 
5819 2731 1197 2736 
5820 1197 2731 2737 
5821 1199 1198 2737 
5822 1199 2732 2735 
5823 2732 1199 2737 
5824 2734 1200 2735 
5825 1202 1201 2738 
5826 2732 1201 2734 
5827 1201 2732 2738 
5828 1203 1202 2738 
5829 1203 2731 2733 
5830 2731 1203 2738 
5831 1204 2733 2736 
5832 2733 2731 2736 
5833 2737 2731 2738 
5834 2732 2734 2735 
5835 2732 2737 2738 
2 198 2 8
5836 1197 297 293 
5837 1199 294 298 
5838 1197 1205 297 
5839 1199 298 1207 
5840 1197 1198 1206 
5841 1197 1206 1205 
5842 1198 1199 1206 
5843 1206 1199 1207 
2 199 2 4
5844 1208 293 297 
5845 1204 293 1208 
5846 1204 299 296 
5847 1204 1208 299 
2 200 2 8
5848 1201 300 295 
5849 1203 296 299 
5850 1211 1203 299 
5851 1201 1209 300 
5852 1201 1202 1209 
5853 1202 1203 1211 
5854 1209 1202 1210 
5855 1202 1211 1210 
2 201 2 4
5856 1200 298 294 
5857 1212 295 300 
5858 1200 295 1212 
5859 1200 1212 298 
2 202 2 26
5860 1205 2744 297 
5861 297 2744 1208 
5862 298 2743 1207 
5863 1212 2743 298 
5864 1208 2741 299 
5865 299 2741 1211 
5866 1209 2742 300 
5867 300 2742 1212 
5868 1206 2745 1205 
5869 2739 2744 1205 
5870 1205 2745 2739 
5871 1207 2745 1206 
5872 1207 2743 2740 
5873 2740 2745 1207 
5874 1208 2744 2741 
5875 1210 2746 1209 
5876 2740 2742 1209 
5877 1209 2746 2740 
5878 1211 2746 1210 
5879 1211 2741 2739 
5880 2739 2746 1211 
5881 2742 2743 1212 
5882 2741 2744 2739 
5883 2745 2746 2739 
5884 2740 2743 2742 
5885 2740 2746 2745 
2 203 2 26
5886 1213 301 2752 
5887 301 1220 2752 
5888 302 1215 2751 
5889 1216 302 2751 
5890 303 1216 2750 
5891 1217 303 2750 
5892 304 1219 2749 
5893 1220 304 2749 
5894 1214 1213 2753 
5895 2747 1213 2752 
5896 1213 2747 2753 
5897 1215 1214 2753 
5898 1215 2748 2751 
5899 2748 1215 2753 
5900 2750 1216 2751 
5901 1218 1217 2754 
5902 2748 1217 2750 
5903 1217 2748 2754 
5904 1219 1218 2754 
5905 1219 2747 2749 
5906 2747 1219 2754 
5907 1220 2749 2752 
5908 2749 2747 2752 
5909 2753 2747 2754 
5910 2748 2750 2751 
5911 2748 2753 2754 
2 204 2 8
5912 1213 305 301 
5913 1223 302 306 
5914 302 1223 1215 
5915 1213 1221 305 
5916 1213 1214 1222 
5917 1213 1222 1221 
5918 1223 1214 1215 
5919 1214 1223 1222 
2 205 2 4
5920 1224 301 305 
5921 1220 301 1224 
5922 1220 307 304 
5923 1220 1224 307 
2 206 2 8
5924 1217 308 303 
5925 1219 304 307 
5926 1227 1219 307 
5927 1217 1225 308 
5928 1225 1217 1218 
5929 1219 1227 1218 
5930 1225 1218 1226 
5931 1218 1227 1226 
2 207 2 4
5932 1216 306 302 
5933 1228 303 308 
5934 303 1228 1216 
5935 1216 1228 306 
2 208 2 26
5936 1221 2760 305 
5937 305 2760 1224 
5938 306 2759 1223 
5939 1228 2759 306 
5940 1224 2757 307 
5941 307 2757 1227 
5942 1225 2758 308 
5943 308 2758 1228 
5944 1222 2761 1221 
5945 2755 2760 1221 
5946 1221 2761 2755 
5947 1223 2761 1222 
5948 1223 2759 2756 
5949 2756 2761 1223 
5950 1224 2760 2757 
5951 1226 2762 1225 
5952 2756 2758 1225 
5953 1225 2762 2756 
5954 1227 2762 1226 
5955 1227 2757 2755 
5956 2755 2762 1227 
5957 2758 2759 1228 
5958 2757 2760 2755 
5959 2761 2762 2755 
5960 2756 2759 2758 
5961 2756 2762 2761 
2 209 2 26
5962 1229 309 2768 
5963 309 1236 2768 
5964 310 1231 2767 
5965 1232 310 2767 
5966 311 1232 2766 
5967 1233 311 2766 
5968 312 1235 2765 
5969 1236 312 2765 
5970 1230 1229 2769 
5971 2763 1229 2768 
5972 1229 2763 2769 
5973 1231 1230 2769 
5974 1231 2764 2767 
5975 2764 1231 2769 
5976 2766 1232 2767 
5977 1234 1233 2770 
5978 2764 1233 2766 
5979 1233 2764 2770 
5980 1235 1234 2770 
5981 1235 2763 2765 
5982 2763 1235 2770 
5983 1236 2765 2768 
5984 2765 2763 2768 
5985 2769 2763 2770 
5986 2764 2766 2767 
5987 2764 2769 2770 
2 210 2 8
5988 1229 313 309 
5989 1239 310 314 
5990 1231 310 1239 
5991 1229 1237 313 
5992 1229 1230 1238 
5993 1229 1238 1237 
5994 1230 1231 1239 
5995 1230 1239 1238 
2 211 2 4
5996 1236 309 313 
5997 1236 315 312 
5998 1240 1236 313 
5999 1236 1240 315 
2 212 2 8
6000 1233 316 311 
6001 1235 312 315 
6002 1243 1235 315 
6003 1233 1241 316 
6004 1242 1233 1234 
6005 1233 1242 1241 
6006 1235 1242 1234 
6007 1235 1243 1242 
2 213 2 4
6008 1232 314 310 
6009 1232 311 316 
6010 1232 1244 314 
6011 1244 1232 316 
2 214 2 26
6012 1237 2776 313 
6013 313 2776 1240 
6014 314 2775 1239 
6015 1244 2775 314 
6016 1240 2773 315 
6017 315 2773 1243 
6018 1241 2774 316 
6019 316 2774 1244 
6020 1238 2777 1237 
6021 2771 2776 1237 
6022 1237 2777 2771 
6023 1239 2777 1238 
6024 1239 2775 2772 
6025 2772 2777 1239 
6026 1240 2776 2773 
6027 1242 2778 1241 
6028 2772 2774 1241 
6029 1241 2778 2772 
6030 1243 2778 1242 
6031 1243 2773 2771 
6032 2771 2778 1243 
6033 2774 2775 1244 
6034 2773 2776 2771 
6035 2777 2778 2771 
6036 2772 2775 2774 
6037 2772 2778 2777 
2 215 2 18
6038 1245 317 2780 
6039 317 1250 2780 
6040 318 1246 2782 
6041 1247 318 2782 
6042 319 1247 2781 
6043 1248 319 2781 
6044 320 1249 2783 
6045 1250 320 2783 
6046 1246 1245 2779 
6047 2779 1245 2780 
6048 1246 2779 2782 
6049 2781 1247 2782 
6050 1249 1248 2779 
6051 2779 1248 2781 
6052 1249 2779 2783 
6053 2780 1250 2783 
6054 2779 2780 2783 
6055 2779 2781 2782 
2 216 2 6
6056 1245 321 317 
6057 1252 318 322 
6058 1246 318 1252 
6059 1245 1251 321 
6060 1246 1251 1245 
6061 1246 1252 1251 
2 217 2 4
6062 1253 317 321 
6063 1250 317 1253 
6064 1250 323 320 
6065 1250 1253 323 
2 218 2 6
6066 1248 324 319 
6067 1249 320 323 
6068 1249 323 1255 
6069 1248 1254 324 
6070 1248 1249 1254 
6071 1254 1249 1255 
2 219 2 4
6072 1247 322 318 
6073 1256 319 324 
6074 319 1256 1247 
6075 1247 1256 322 
2 220 2 18
6076 1251 2785 321 
6077 321 2785 1253 
6078 322 2787 1252 
6079 1256 2787 322 
6080 1253 2788 323 
6081 323 2788 1255 
6082 1254 2786 324 
6083 324 2786 1256 
6084 1252 2784 1251 
6085 2784 2785 1251 
6086 1252 2787 2784 
6087 2785 2788 1253 
6088 1255 2784 1254 
6089 2784 2786 1254 
6090 1255 2788 2784 
6091 2786 2787 1256 
6092 2784 2788 2785 
6093 2784 2787 2786 
2 221 2 56
6094 1257 325 2804 
6095 325 1264 2793 
6096 325 2793 2804 
6097 326 1257 2797 
6098 1258 326 2796 
6099 2796 326 2797 
6100 327 1258 2796 
6101 1259 327 2799 
6102 327 2796 2799 
6103 328 1259 2802 
6104 1260 328 2794 
6105 2794 328 2802 
6106 329 1260 2794 
6107 1261 329 2801 
6108 329 2794 2801 
6109 330 1261 2798 
6110 1262 330 2795 
6111 2795 330 2798 
6112 331 1262 2795 
6113 1263 331 2800 
6114 331 2795 2800 
6115 332 1263 2803 
6116 1264 332 2793 
6117 2793 332 2803 
6118 2797 1257 2809 
6119 1257 2804 2809 
6120 1259 2799 2806 
6121 2802 1259 2806 
6122 2798 1261 2808 
6123 1261 2801 2808 
6124 1263 2800 2807 
6125 2803 1263 2807 
6126 2794 2789 2801 
6127 2789 2794 2802 
6128 2801 2789 2808 
6129 2789 2802 2806 
6130 2805 2789 2806 
6131 2789 2805 2808 
6132 2790 2793 2803 
6133 2793 2790 2804 
6134 2790 2803 2807 
6135 2804 2790 2809 
6136 2805 2790 2807 
6137 2790 2805 2809 
6138 2791 2795 2798 
6139 2795 2791 2800 
6140 2791 2798 2808 
6141 2800 2791 2807 
6142 2791 2805 2807 
6143 2805 2791 2808 
6144 2792 2796 2797 
6145 2796 2792 2799 
6146 2792 2797 2809 
6147 2799 2792 2806 
6148 2792 2805 2806 
6149 2805 2792 2809 
2 222 2 4
6150 1257 333 325 
6151 1265 326 334 
6152 326 1265 1257 
6153 1257 1265 333 
2 223 2 4
6154 333 1266 325 
6155 325 1266 1264 
6156 1264 335 332 
6157 1266 335 1264 
2 224 2 4
6158 1263 336 331 
6159 332 335 1267 
6160 1263 332 1267 
6161 336 1263 1267 
2 225 2 4
6162 1262 337 330 
6163 331 336 1262 
6164 336 1268 1262 
6165 1262 1268 337 
2 226 2 4
6166 1261 338 329 
6167 1269 330 337 
6168 330 1269 1261 
6169 1261 1269 338 
2 227 2 4
6170 1270 339 328 
6171 1260 1270 328 
6172 329 338 1260 
6173 338 1270 1260 
2 228 2 4
6174 1259 340 327 
6175 1271 328 339 
6176 1259 328 1271 
6177 1259 1271 340 
2 229 2 4
6178 1258 334 326 
6179 327 340 1258 
6180 1258 1272 334 
6181 340 1272 1258 
2 230 2 56
6182 1265 2819 333 
6183 333 2817 1266 
6184 333 2819 2817 
6185 334 2822 1265 
6186 1272 2814 334 
6187 2814 2822 334 
6188 1266 2817 335 
6189 335 2821 1267 
6190 2817 2821 335 
6191 1267 2825 336 
6192 336 2815 1268 
6193 336 2825 2815 
6194 1268 2815 337 
6195 337 2823 1269 
6196 2815 2823 337 
6197 1269 2818 338 
6198 338 2816 1270 
6199 338 2818 2816 
6200 1270 2816 339 
6201 339 2820 1271 
6202 2816 2820 339 
6203 1271 2824 340 
6204 340 2814 1272 
6205 340 2824 2814 
6206 1265 2830 2819 
6207 2822 2830 1265 
6208 2821 2828 1267 
6209 1267 2828 2825 
6210 1269 2829 2818 
6211 2823 2829 1269 
6212 2820 2827 1271 
6213 1271 2827 2824 
6214 2810 2823 2815 
6215 2815 2825 2810 
6216 2810 2829 2823 
6217 2825 2828 2810 
6218 2810 2828 2826 
6219 2826 2829 2810 
6220 2811 2822 2814 
6221 2814 2824 2811 
6222 2811 2830 2822 
6223 2824 2827 2811 
6224 2811 2827 2826 
6225 2826 2830 2811 
6226 2817 2819 2812 
6227 2812 2821 2817 
6228 2819 2830 2812 
6229 2812 2828 2821 
6230 2826 2828 2812 
6231 2812 2830 2826 
6232 2816 2818 2813 
6233 2813 2820 2816 
6234 2818 2829 2813 
6235 2813 2827 2820 
6236 2826 2827 2813 
6237 2813 2829 2826 
2 231 2 56
6238 1273 341 2839 
6239 341 1280 2837 
6240 341 2837 2839 
6241 342 1273 2843 
6242 1274 342 2835 
6243 2835 342 2843 
6244 343 1274 2835 
6245 1275 343 2844 
6246 343 2835 2844 
6247 344 1275 2840 
6248 1276 344 2838 
6249 2838 344 2840 
6250 345 1276 2838 
6251 1277 345 2841 
6252 345 2838 2841 
6253 346 1277 2845 
6254 1278 346 2836 
6255 2836 346 2845 
6256 347 1278 2836 
6257 1279 347 2846 
6258 347 2836 2846 
6259 348 1279 2842 
6260 1280 348 2837 
6261 2837 348 2842 
6262 1273 2839 2850 
6263 2843 1273 2850 
6264 2840 1275 2851 
6265 1275 2844 2851 
6266 1277 2841 2849 
6267 2845 1277 2849 
6268 2842 1279 2848 
6269 1279 2846 2848 
6270 2831 2835 2843 
6271 2835 2831 2844 
6272 2831 2843 2850 
6273 2844 2831 2851 
6274 2847 2831 2850 
6275 2831 2847 2851 
6276 2832 2836 2845 
6277 2836 2832 2846 
6278 2832 2845 2849 
6279 2846 2832 2848 
6280 2832 2847 2848 
6281 2847 2832 2849 
6282 2837 2833 2839 
6283 2833 2837 2842 
6284 2839 2833 2850 
6285 2833 2842 2848 
6286 2847 2833 2848 
6287 2833 2847 2850 
6288 2834 2838 2840 
6289 2838 2834 2841 
6290 2834 2840 2851 
6291 2841 2834 2849 
6292 2834 2847 2849 
6293 2847 2834 2851 
2 232 2 4
6294 1273 349 341 
6295 1281 342 350 
6296 342 1281 1273 
6297 1273 1281 349 
2 233 2 4
6298 349 1282 341 
6299 341 1282 1280 
6300 1280 351 348 
6301 1282 351 1280 
2 234 2 4
6302 1279 352 347 
6303 1279 348 351 
6304 1279 351 1283 
6305 352 1279 1283 
2 235 2 4
6306 1278 353 346 
6307 352 1284 347 
6308 347 1284 1278 
6309 1278 1284 353 
2 236 2 4
6310 1277 354 345 
6311 1285 346 353 
6312 346 1285 1277 
6313 1277 1285 354 
2 237 2 4
6314 1276 355 344 
6315 345 354 1276 
6316 354 1286 1276 
6317 1276 1286 355 
2 238 2 4
6318 1275 356 343 
6319 1275 344 355 
6320 1287 1275 355 
6321 1275 1287 356 
2 239 2 4
6322 1288 350 342 
6323 1288 342 1274 
6324 356 1288 343 
6325 343 1288 1274 
2 240 2 56
6326 1281 2865 349 
6327 349 2856 1282 
6328 349 2865 2856 
6329 350 2862 1281 
6330 1288 2859 350 
6331 2859 2862 350 
6332 1282 2856 351 
6333 351 2866 1283 
6334 2856 2866 351 
6335 1283 2860 352 
6336 352 2858 1284 
6337 352 2860 2858 
6338 1284 2858 353 
6339 353 2863 1285 
6340 2858 2863 353 
6341 1285 2864 354 
6342 354 2857 1286 
6343 354 2864 2857 
6344 1286 2857 355 
6345 355 2867 1287 
6346 2857 2867 355 
6347 1287 2861 356 
6348 356 2859 1288 
6349 356 2861 2859 
6350 2862 2870 1281 
6351 1281 2870 2865 
6352 1283 2871 2860 
6353 2866 2871 1283 
6354 2863 2869 1285 
6355 1285 2869 2864 
6356 1287 2872 2861 
6357 2867 2872 1287 
6358 2856 2865 2852 
6359 2852 2866 2856 
6360 2865 2870 2852 
6361 2852 2871 2866 
6362 2852 2870 2868 
6363 2868 2871 2852 
6364 2857 2864 2853 
6365 2853 2867 2857 
6366 2864 2869 2853 
6367 2853 2872 2867 
6368 2853 2869 2868 
6369 2868 2872 2853 
6370 2859 2861 2854 
6371 2854 2862 2859 
6372 2861 2872 2854 
6373 2854 2870 2862 
6374 2868 2870 2854 
6375 2854 2872 2868 
6376 2858 2860 2855 
6377 2855 2863 2858 
6378 2860 2871 2855 
6379 2855 2869 2863 
6380 2868 2869 2855 
6381 2855 2871 2868 
2 241 2 32
6382 1289 357 2879 
6383 357 1298 2879 
6384 358 1290 2880 
6385 1291 358 2880 
6386 359 1293 2878 
6387 1294 359 2878 
6388 360 1295 2877 
6389 1296 360 2877 
6390 1290 1289 2882 
6391 1289 2879 2882 
6392 2880 1290 2882 
6393 1292 1291 2875 
6394 2875 1291 2880 
6395 1293 1292 2875 
6396 1293 2875 2878 
6397 1295 1294 2881 
6398 1294 2878 2881 
6399 2877 1295 2881 
6400 1297 1296 2876 
6401 2876 1296 2877 
6402 1298 1297 2876 
6403 1298 2876 2879 
6404 2875 2873 2876 
6405 2873 2875 2880 
6406 2876 2873 2879 
6407 2879 2873 2882 
6408 2873 2880 2882 
6409 2874 2875 2876 
6410 2875 2874 2878 
6411 2874 2876 2877 
6412 2874 2877 2881 
6413 2878 2874 2881 
2 242 2 6
6414 1289 361 357 
6415 1300 358 362 
6416 1290 358 1300 
6417 1289 1299 361 
6418 1289 1290 1300 
6419 1289 1300 1299 
2 243 2 8
6420 1298 357 361 
6421 1296 363 360 
6422 1303 1298 361 
6423 1301 363 1296 
6424 1297 1301 1296 
6425 1298 1302 1297 
6426 1302 1301 1297 
6427 1298 1303 1302 
2 244 2 6
6428 1294 364 359 
6429 1305 360 363 
6430 360 1305 1295 
6431 1294 1304 364 
6432 1305 1294 1295 
6433 1294 1305 1304 
2 245 2 8
6434 1291 362 358 
6435 1293 359 364 
6436 1291 1306 362 
6437 1308 1293 364 
6438 1291 1292 1306 
6439 1308 1292 1293 
6440 1306 1292 1307 
6441 1292 1308 1307 
2 246 2 32
6442 1299 2889 361 
6443 361 2889 1303 
6444 362 2890 1300 
6445 1306 2890 362 
6446 1301 2887 363 
6447 363 2887 1305 
6448 1304 2888 364 
6449 364 2888 1308 
6450 1300 2892 1299 
6451 1299 2892 2889 
6452 2890 2892 1300 
6453 1302 2886 1301 
6454 2886 2887 1301 
6455 1303 2886 1302 
6456 1303 2889 2886 
6457 1305 2891 1304 
6458 1304 2891 2888 
6459 2887 2891 1305 
6460 1307 2885 1306 
6461 2885 2890 1306 
6462 1308 2885 1307 
6463 1308 2888 2885 
6464 2885 2886 2883 
6465 2883 2890 2885 
6466 2886 2889 2883 
6467 2889 2892 2883 
6468 2883 2892 2890 
6469 2884 2886 2885 
6470 2885 2888 2884 
6471 2884 2887 2886 
6472 2884 2891 2887 
6473 2888 2891 2884 
2 247 2 56
6474 1309 365 2902 
6475 365 1316 2899 
6476 365 2899 2902 
6477 366 1309 2908 
6478 1310 366 2897 
6479 2897 366 2908 
6480 367 1310 2897 
6481 1311 367 2905 
6482 367 2897 2905 
6483 368 1311 2904 
6484 1312 368 2900 
6485 2900 368 2904 
6486 369 1312 2900 
6487 1313 369 2901 
6488 369 2900 2901 
6489 370 1313 2907 
6490 1314 370 2898 
6491 2898 370 2907 
6492 371 1314 2898 
6493 1315 371 2906 
6494 371 2898 2906 
6495 372 1315 2903 
6496 1316 372 2899 
6497 2899 372 2903 
6498 1309 2902 2913 
6499 2908 1309 2913 
6500 2904 1311 2910 
6501 1311 2905 2910 
6502 1313 2901 2912 
6503 2907 1313 2912 
6504 2903 1315 2911 
6505 1315 2906 2911 
6506 2897 2893 2905 
6507 2893 2897 2908 
6508 2905 2893 2910 
6509 2893 2908 2913 
6510 2893 2909 2910 
6511 2909 2893 2913 
6512 2898 2894 2906 
6513 2894 2898 2907 
6514 2906 2894 2911 
6515 2894 2907 2912 
6516 2894 2909 2911 
6517 2909 2894 2912 
6518 2899 2895 2902 
6519 2895 2899 2903 
6520 2902 2895 2913 
6521 2895 2903 2911 
6522 2909 2895 2911 
6523 2895 2909 2913 
6524 2900 2896 2901 
6525 2896 2900 2904 
6526 2901 2896 2912 
6527 2896 2904 2910 
6528 2909 2896 2910 
6529 2896 2909 2912 
2 248 2 4
6530 1309 373 365 
6531 1317 366 374 
6532 366 1317 1309 
6533 1309 1317 373 
2 249 2 4
6534 365 373 1316 
6535 1318 375 372 
6536 1316 1318 372 
6537 373 1318 1316 
2 250 2 4
6538 1315 376 371 
6539 1315 372 375 
6540 1319 1315 375 
6541 1315 1319 376 
2 251 2 4
6542 1314 377 370 
6543 371 376 1314 
6544 376 1320 1314 
6545 1320 377 1314 
2 252 2 4
6546 1313 378 369 
6547 1321 370 377 
6548 370 1321 1313 
6549 1313 1321 378 
2 253 2 4
6550 1322 379 368 
6551 1312 1322 368 
6552 369 378 1312 
6553 378 1322 1312 
2 254 2 4
6554 1311 380 367 
6555 1311 368 379 
6556 1323 1311 379 
6557 1311 1323 380 
2 255 2 4
6558 1324 374 366 
6559 1310 1324 366 
6560 367 380 1310 
6561 380 1324 1310 
2 256 2 56
6562 1317 2928 373 
6563 373 2918 1318 
6564 373 2928 2918 
6565 374 2925 1317 
6566 1324 2921 374 
6567 2921 2925 374 
6568 1318 2918 375 
6569 375 2926 1319 
6570 2918 2926 375 
6571 1319 2924 376 
6572 376 2920 1320 
6573 376 2924 2920 
6574 1320 2920 377 
6575 377 2922 1321 
6576 2920 2922 377 
6577 1321 2927 378 
6578 378 2919 1322 
6579 378 2927 2919 
6580 1322 2919 379 
6581 379 2929 1323 
6582 2919 2929 379 
6583 1323 2923 380 
6584 380 2921 1324 
6585 380 2923 2921 
6586 2925 2931 1317 
6587 1317 2931 2928 
6588 1319 2932 2924 
6589 2926 2932 1319 
6590 2922 2934 1321 
6591 1321 2934 2927 
6592 1323 2933 2923 
6593 2929 2933 1323 
6594 2914 2926 2918 
6595 2918 2928 2914 
6596 2914 2932 2926 
6597 2928 2931 2914 
6598 2914 2931 2930 
6599 2930 2932 2914 
6600 2919 2927 2915 
6601 2915 2929 2919 
6602 2927 2934 2915 
6603 2915 2933 2929 
6604 2930 2933 2915 
6605 2915 2934 2930 
6606 2921 2923 2916 
6607 2916 2925 2921 
6608 2923 2933 2916 
6609 2916 2931 2925 
6610 2930 2931 2916 
6611 2916 2933 2930 
6612 2917 2922 2920 
6613 2920 2924 2917 
6614 2917 2934 2922 
6615 2924 2932 2917 
6616 2917 2932 2930 
6617 2930 2934 2917 
2 257 2 22
6618 1325 381 2939 
6619 381 1332 2939 
6620 382 1325 2938 
6621 1326 382 2938 
6622 383 1328 2937 
6623 1329 383 2937 
6624 384 1329 2940 
6625 1330 384 2940 
6626 2938 1325 2939 
6627 1327 1326 2936 
6628 2936 1326 2938 
6629 1328 1327 2935 
6630 2935 1327 2936 
6631 1328 2935 2937 
6632 1329 2937 2940 
6633 1331 1330 2935 
6634 2935 1330 2940 
6635 1332 1331 2936 
6636 1331 2935 2936 
6637 1332 2936 2939 
6638 2937 2935 2940 
6639 2936 2938 2939 
2 258 2 4
6640 1325 385 381 
6641 1333 382 386 
6642 1325 382 1333 
6643 1325 1333 385 
2 259 2 8
6644 1332 381 385 
6645 1330 387 384 
6646 1332 385 1336 
6647 1330 1334 387 
6648 1330 1331 1335 
6649 1330 1335 1334 
6650 1331 1332 1335 
6651 1335 1332 1336 
2 260 2 4
6652 1329 388 383 
6653 1329 384 387 
6654 1329 387 1337 
6655 1329 1337 388 
2 261 2 8
6656 1326 386 382 
6657 1328 383 388 
6658 1326 1338 386 
6659 1340 1328 388 
6660 1326 1327 1339 
6661 1326 1339 1338 
6662 1327 1328 1340 
6663 1327 1340 1339 
2 262 2 22
6664 1333 2945 385 
6665 385 2945 1336 
6666 386 2944 1333 
6667 1338 2944 386 
6668 1334 2946 387 
6669 387 2946 1337 
6670 1337 2943 388 
6671 388 2943 1340 
6672 2944 2945 1333 
6673 1335 2941 1334 
6674 2941 2946 1334 
6675 1336 2942 1335 
6676 1335 2942 2941 
6677 1336 2945 2942 
6678 1337 2946 2943 
6679 1339 2942 1338 
6680 2942 2944 1338 
6681 1340 2941 1339 
6682 2941 2942 1339 
6683 1340 2943 2941 
6684 2943 2946 2941 
6685 2942 2945 2944 
2 263 2 22
6686 1341 389 2952 
6687 389 1348 2952 
6688 390 1341 2949 
6689 1342 390 2949 
6690 391 1344 2951 
6691 1345 391 2951 
6692 392 1345 2950 
6693 1346 392 2950 
6694 2949 1341 2952 
6695 1343 1342 2947 
6696 2947 1342 2949 
6697 1344 1343 2948 
6698 1343 2947 2948 
6699 1344 2948 2951 
6700 2950 1345 2951 
6701 1347 1346 2948 
6702 2948 1346 2950 
6703 1348 1347 2947 
6704 2947 1347 2948 
6705 1348 2947 2952 
6706 2947 2949 2952 
6707 2948 2950 2951 
2 264 2 4
6708 1341 393 389 
6709 1349 390 394 
6710 1341 390 1349 
6711 1341 1349 393 
2 265 2 8
6712 1348 389 393 
6713 1346 395 392 
6714 1352 1348 393 
6715 1346 1350 395 
6716 1346 1347 1351 
6717 1346 1351 1350 
6718 1347 1348 1352 
6719 1347 1352 1351 
2 266 2 4
6720 1345 396 391 
6721 392 395 1345 
6722 1345 395 1353 
6723 396 1345 1353 
2 267 2 8
6724 1342 394 390 
6725 1344 391 396 
6726 1342 1354 394 
6727 1344 396 1356 
6728 1355 1342 1343 
6729 1342 1355 1354 
6730 1344 1355 1343 
6731 1355 1344 1356 
2 268 2 22
6732 1349 2956 393 
6733 393 2956 1352 
6734 394 2957 1349 
6735 1354 2957 394 
6736 1350 2958 395 
6737 395 2958 1353 
6738 1353 2955 396 
6739 396 2955 1356 
6740 1349 2957 2956 
6741 1351 2953 1350 
6742 2953 2958 1350 
6743 1352 2954 1351 
6744 1351 2954 2953 
6745 1352 2956 2954 
6746 1353 2958 2955 
6747 1355 2954 1354 
6748 2954 2957 1354 
6749 1356 2953 1355 
6750 2953 2954 1355 
6751 1356 2955 2953 
6752 2955 2958 2953 
6753 2956 2957 2954 
2 269 2 18
6754 1357 397 2961 
6755 397 1362 2961 
6756 398 1358 2962 
6757 1359 398 2962 
6758 399 1359 2960 
6759 1360 399 2960 
6760 400 1361 2963 
6761 1362 400 2963 
6762 1358 1357 2959 
6763 2959 1357 2961 
6764 1358 2959 2962 
6765 2960 1359 2962 
6766 1361 1360 2959 
6767 2959 1360 2960 
6768 1361 2959 2963 
6769 2961 1362 2963 
6770 2959 2960 2962 
6771 2959 2961 2963 
2 270 2 6
6772 1357 401 397 
6773 1364 398 402 
6774 1358 398 1364 
6775 1357 1363 401 
6776 1357 1358 1364 
6777 1357 1364 1363 
2 271 2 4
6778 397 401 1365 
6779 397 1365 1362 
6780 1362 403 400 
6781 1365 403 1362 
2 272 2 6
6782 1360 404 399 
6783 400 403 1361 
6784 403 1367 1361 
6785 1360 1366 404 
6786 1367 1360 1361 
6787 1360 1367 1366 
2 273 2 4
6788 1359 402 398 
6789 1368 399 404 
6790 1359 399 1368 
6791 1359 1368 402 
2 274 2 18
6792 1363 2965 401 
6793 401 2965 1365 
6794 402 2968 1364 
6795 1368 2968 402 
6796 1365 2967 403 
6797 403 2967 1367 
6798 1366 2966 404 
6799 404 2966 1368 
6800 1364 2964 1363 
6801 2964 2965 1363 
6802 1364 2968 2964 
6803 2965 2967 1365 
6804 1367 2964 1366 
6805 2964 2966 1366 
6806 1367 2967 2964 
6807 2966 2968 1368 
6808 2964 2967 2965 
6809 2964 2968 2966 
2 275 2 22
6810 1369 405 2973 
6811 405 1376 2973 
6812 406 1369 2972 
6813 1370 406 2972 
6814 407 1372 2971 
6815 1373 407 2971 
6816 408 1373 2974 
6817 1374 408 2974 
6818 2972 1369 2973 
6819 1371 1370 2970 
6820 2970 1370 2972 
6821 1372 1371 2969 
6822 2969 1371 2970 
6823 1372 2969 2971 
6824 1373 2971 2974 
6825 1375 1374 2969 
6826 2969 1374 2974 
6827 1376 1375 2970 
6828 1375 2969 2970 
6829 1376 2970 2973 
6830 2971 2969 2974 
6831 2970 2972 2973 
2 276 2 4
6832 1369 409 405 
6833 1377 406 410 
6834 1369 406 1377 
6835 1369 1377 409 
2 277 2 8
6836 1376 405 409 
6837 1374 411 408 
6838 1380 1376 409 
6839 1374 1378 411 
6840 1374 1375 1379 
6841 1374 1379 1378 
6842 1375 1376 1380 
6843 1375 1380 1379 
2 278 2 4
6844 1373 412 407 
6845 1373 408 411 
6846 1381 1373 411 
6847 1373 1381 412 
2 279 2 8
6848 1370 410 406 
6849 407 412 1372 
6850 1370 1382 410 
6851 412 1384 1372 
6852 1370 1371 1383 
6853 1370 1383 1382 
6854 1384 1371 1372 
6855 1371 1384 1383 
2 280 2 22
6856 1377 2979 409 
6857 409 2979 1380 
6858 410 2978 1377 
6859 1382 2978 410 
6860 1378 2980 411 
6861 411 2980 1381 
6862 1381 2977 412 
6863 412 2977 1384 
6864 2978 2979 1377 
6865 1379 2975 1378 
6866 2975 2980 1378 
6867 1380 2976 1379 
6868 1379 2976 2975 
6869 1380 2979 2976 
6870 1381 2980 2977 
6871 1383 2976 1382 
6872 2976 2978 1382 
6873 1384 2975 1383 
6874 2975 2976 1383 
6875 1384 2977 2975 
6876 2977 2980 2975 
6877 2976 2979 2978 
2 281 2 22
6878 1385 413 2985 
6879 413 1392 2985 
6880 414 1385 2984 
6881 1386 414 2984 
6882 415 1388 2983 
6883 1389 415 2983 
6884 416 1389 2986 
6885 1390 416 2986 
6886 2984 1385 2985 
6887 1387 1386 2982 
6888 2982 1386 2984 
6889 1388 1387 2981 
6890 2981 1387 2982 
6891 1388 2981 2983 
6892 1389 2983 2986 
6893 1391 1390 2981 
6894 2981 1390 2986 
6895 1392 1391 2982 
6896 1391 2981 2982 
6897 1392 2982 2985 
6898 2983 2981 2986 
6899 2982 2984 2985 
2 282 2 4
6900 1385 417 413 
6901 1393 414 418 
6902 1385 414 1393 
6903 1385 1393 417 
2 283 2 8
6904 1396 413 417 
6905 413 1396 1392 
6906 1390 419 416 
6907 1390 1394 419 
6908 1395 1390 1391 
6909 1390 1395 1394 
6910 1392 1395 1391 
6911 1396 1395 1392 
2 284 2 4
6912 1389 420 415 
6913 1389 416 419 
6914 1397 1389 419 
6915 1389 1397 420 
2 285 2 8
6916 1386 418 414 
6917 1400 415 420 
6918 1388 415 1400 
6919 1386 1398 418 
6920 1386 1387 1399 
6921 1386 1399 1398 
6922 1387 1388 1400 
6923 1387 1400 1399 
2 286 2 22
6924 1393 2989 417 
6925 417 2989 1396 
6926 418 2992 1393 
6927 1398 2992 418 
6928 1394 2990 419 
6929 419 2990 1397 
6930 1397 2991 420 
6931 420 2991 1400 
6932 1393 2992 2989 
6933 1395 2988 1394 
6934 2988 2990 1394 
6935 1396 2987 1395 
6936 2987 2988 1395 
6937 1396 2989 2987 
6938 2990 2991 1397 
6939 1399 2987 1398 
6940 2987 2992 1398 
6941 1400 2988 1399 
6942 1399 2988 2987 
6943 1400 2991 2988 
6944 2989 2992 2987 
6945 2988 2991 2990 
2 287 2 22
6946 1401 421 2996 
6947 421 1408 2996 
6948 422 1401 2997 
6949 1402 422 2997 
6950 423 1404 2995 
6951 1405 423 2995 
6952 424 1405 2998 
6953 1406 424 2998 
6954 1401 2996 2997 
6955 1403 1402 2994 
6956 2994 1402 2997 
6957 1404 1403 2993 
6958 2993 1403 2994 
6959 1404 2993 2995 
6960 1405 2995 2998 
6961 1407 1406 2993 
6962 2993 1406 2998 
6963 1408 1407 2994 
6964 1407 2993 2994 
6965 1408 2994 2996 
6966 2995 2993 2998 
6967 2996 2994 2997 
2 288 2 4
6968 1401 425 421 
6969 1401 422 426 
6970 425 1401 1409 
6971 1401 426 1409 
2 289 2 8
6972 421 425 1412 
6973 1408 421 1412 
6974 1406 427 424 
6975 1406 1410 427 
6976 1406 1407 1411 
6977 1406 1411 1410 
6978 1407 1408 1411 
6979 1411 1408 1412 
2 290 2 4
6980 1405 428 423 
6981 1405 424 427 
6982 1413 1405 427 
6983 1405 1413 428 
2 291 2 8
6984 1402 426 422 
6985 1416 423 428 
6986 1404 423 1416 
6987 1402 1414 426 
6988 1415 1402 1403 
6989 1402 1415 1414 
6990 1404 1415 1403 
6991 1415 1404 1416 
2 292 2 22
6992 1409 3001 425 
6993 425 3001 1412 
6994 426 3004 1409 
6995 1414 3004 426 
6996 1410 3002 427 
6997 427 3002 1413 
6998 1413 3003 428 
6999 428 3003 1416 
7000 1409 3004 3001 
7001 1411 3000 1410 
7002 3000 3002 1410 
7003 1412 2999 1411 
7004 2999 3000 1411 
7005 1412 3001 2999 
7006 3002 3003 1413 
7007 1415 2999 1414 
7008 2999 3004 1414 
7009 1416 3000 1415 
7010 1415 3000 2999 
7011 1416 3003 3000 
7012 3001 3004 2999 
7013 3000 3003 3002 
2 293 2 22
7014 1417 429 3008 
7015 429 1424 3008 
7016 430 1417 3009 
7017 1418 430 3009 
7018 431 1420 3007 
7019 1421 431 3007 
7020 432 1421 3010 
7021 1422 432 3010 
7022 1417 3008 3009 
7023 1419 1418 3006 
7024 3006 1418 3009 
7025 1420 1419 3005 
7026 3005 1419 3006 
7027 1420 3005 3007 
7028 1421 3007 3010 
7029 1423 1422 3005 
7030 3005 1422 3010 
7031 1424 1423 3006 
7032 1423 3005 3006 
7033 1424 3006 3008 
7034 3007 3005 3010 
7035 3008 3006 3009 
2 294 2 4
7036 1417 433 429 
7037 1425 430 434 
7038 430 1425 1417 
7039 1425 433 1417 
2 295 2 8
7040 1428 429 433 
7041 1424 429 1428 
7042 1422 435 432 
7043 1422 1426 435 
7044 1427 1422 1423 
7045 1422 1427 1426 
7046 1424 1427 1423 
7047 1424 1428 1427 
2 296 2 4
7048 1421 436 431 
7049 1421 432 435 
7050 1429 1421 435 
7051 1421 1429 436 
2 297 2 8
7052 1418 434 430 
7053 1432 431 436 
7054 1420 431 1432 
7055 1430 434 1418 
7056 1419 1430 1418 
7057 1419 1420 1432 
7058 1430 1419 1431 
7059 1419 1432 1431 
2 298 2 22
7060 1425 3014 433 
7061 433 3014 1428 
7062 434 3015 1425 
7063 1430 3015 434 
7064 1426 3016 435 
7065 435 3016 1429 
7066 1429 3013 436 
7067 436 3013 1432 
7068 1425 3015 3014 
7069 1427 3011 1426 
7070 3011 3016 1426 
7071 1428 3012 1427 
7072 1427 3012 3011 
7073 1428 3014 3012 
7074 1429 3016 3013 
7075 1431 3012 1430 
7076 3012 3015 1430 
7077 1432 3011 1431 
7078 3011 3012 1431 
7079 1432 3013 3011 
7080 3013 3016 3011 
7081 3014 3015 3012 
2 299 2 56
7082 1433 437 3029 
7083 437 1440 3022 
7084 437 3022 3029 
7085 438 1433 3026 
7086 1434 438 3024 
7087 3024 438 3026 
7088 439 1434 3024 
7089 1435 439 3028 
7090 439 3024 3028 
7091 440 1435 3032 
7092 1436 440 3021 
7093 3021 440 3032 
7094 441 1436 3021 
7095 1437 441 3030 
7096 441 3021 3030 
7097 442 1437 3025 
7098 1438 442 3023 
7099 3023 442 3025 
7100 443 1438 3023 
7101 1439 443 3027 
7102 443 3023 3027 
7103 444 1439 3031 
7104 1440 444 3022 
7105 3022 444 3031 
7106 3026 1433 3037 
7107 1433 3029 3037 
7108 1435 3028 3035 
7109 3032 1435 3035 
7110 3025 1437 3036 
7111 1437 3030 3036 
7112 1439 3027 3034 
7113 3031 1439 3034 
7114 3021 3017 3030 
7115 3017 3021 3032 
7116 3030 3017 3036 
7117 3017 3032 3035 
7118 3033 3017 3035 
7119 3017 3033 3036 
7120 3022 3018 3029 
7121 3018 3022 3031 
7122 3029 3018 3037 
7123 3018 3031 3034 
7124 3033 3018 3034 
7125 3018 3033 3037 
7126 3019 3023 3025 
7127 3023 3019 3027 
7128 3019 3025 3036 
7129 3027 3019 3034 
7130 3019 3033 3034 
7131 3033 3019 3036 
7132 3020 3024 3026 
7133 3024 3020 3028 
7134 3020 3026 3037 
7135 3028 3020 3035 
7136 3020 3033 3035 
7137 3033 3020 3037 
2 300 2 4
7138 1433 445 437 
7139 1441 438 446 
7140 438 1441 1433 
7141 1433 1441 445 
2 301 2 4
7142 445 1442 437 
7143 437 1442 1440 
7144 1440 447 444 
7145 1442 447 1440 
2 302 2 4
7146 1439 448 443 
7147 1443 444 447 
7148 1439 444 1443 
7149 1439 1443 448 
2 303 2 4
7150 1444 449 442 
7151 1444 442 1438 
7152 443 448 1438 
7153 448 1444 1438 
2 304 2 4
7154 1437 450 441 
7155 1445 442 449 
7156 442 1445 1437 
7157 1437 1445 450 
2 305 2 4
7158 1446 451 440 
7159 1446 440 1436 
7160 441 450 1446 
7161 441 1446 1436 
2 306 2 4
7162 1435 452 439 
7163 1447 440 451 
7164 1435 440 1447 
7165 1435 1447 452 
2 307 2 4
7166 1448 446 438 
7167 1434 1448 438 
7168 439 452 1434 
7169 452 1448 1434 
2 308 2 56
7170 1441 3048 445 
7171 445 3045 1442 
7172 445 3048 3045 
7173 446 3052 1441 
7174 1448 3042 446 
7175 3042 3052 446 
7176 1442 3045 447 
7177 447 3047 1443 
7178 3045 3047 447 
7179 1443 3051 448 
7180 448 3043 1444 
7181 448 3051 3043 
7182 1444 3043 449 
7183 449 3050 1445 
7184 3043 3050 449 
7185 1445 3049 450 
7186 450 3044 1446 
7187 450 3049 3044 
7188 1446 3044 451 
7189 451 3046 1447 
7190 3044 3046 451 
7191 1447 3053 452 
7192 452 3042 1448 
7193 452 3053 3042 
7194 1441 3056 3048 
7195 3052 3056 1441 
7196 3047 3058 1443 
7197 1443 3058 3051 
7198 1445 3055 3049 
7199 3050 3055 1445 
7200 3046 3057 1447 
7201 1447 3057 3053 
7202 3038 3050 3043 
7203 3043 3051 3038 
7204 3038 3055 3050 
7205 3051 3058 3038 
7206 3054 3055 3038 
7207 3038 3058 3054 
7208 3039 3052 3042 
7209 3042 3053 3039 
7210 3039 3056 3052 
7211 3053 3057 3039 
7212 3054 3056 3039 
7213 3039 3057 3054 
7214 3040 3047 3045 
7215 3045 3048 3040 
7216 3040 3058 3047 
7217 3048 3056 3040 
7218 3040 3056 3054 
7219 3054 3058 3040 
7220 3041 3046 3044 
7221 3044 3049 3041 
7222 3041 3057 3046 
7223 3049 3055 3041 
7224 3041 3055 3054 
7225 3054 3057 3041 
2 309 2 56
7226 1449 453 3072 
7227 453 1456 3064 
7228 453 3064 3072 
7229 454 1449 3067 
7230 1450 454 3066 
7231 3066 454 3067 
7232 455 1450 3066 
7233 1451 455 3070 
7234 455 3066 3070 
7235 456 1451 3074 
7236 1452 456 3063 
7237 3063 456 3074 
7238 457 1452 3063 
7239 1453 457 3071 
7240 457 3063 3071 
7241 458 1453 3068 
7242 1454 458 3065 
7243 3065 458 3068 
7244 459 1454 3065 
7245 1455 459 3069 
7246 459 3065 3069 
7247 460 1455 3073 
7248 1456 460 3064 
7249 3064 460 3073 
7250 3067 1449 3079 
7251 1449 3072 3079 
7252 1451 3070 3077 
7253 3074 1451 3077 
7254 3068 1453 3078 
7255 1453 3071 3078 
7256 1455 3069 3076 
7257 3073 1455 3076 
7258 3063 3059 3071 
7259 3059 3063 3074 
7260 3071 3059 3078 
7261 3059 3074 3077 
7262 3075 3059 3077 
7263 3059 3075 3078 
7264 3064 3060 3072 
7265 3060 3064 3073 
7266 3072 3060 3079 
7267 3060 3073 3076 
7268 3075 3060 3076 
7269 3060 3075 3079 
7270 3061 3065 3068 
7271 3065 3061 3069 
7272 3061 3068 3078 
7273 3069 3061 3076 
7274 3061 3075 3076 
7275 3075 3061 3078 
7276 3062 3066 3067 
7277 3066 3062 3070 
7278 3062 3067 3079 
7279 3070 3062 3077 
7280 3062 3075 3077 
7281 3075 3062 3079 
2 310 2 4
7282 1449 461 453 
7283 1457 454 462 
7284 454 1457 1449 
7285 1449 1457 461 
2 311 2 4
7286 461 1458 453 
7287 453 1458 1456 
7288 1456 463 460 
7289 1456 1458 463 
2 312 2 4
7290 1455 464 459 
7291 1459 460 463 
7292 1455 460 1459 
7293 1455 1459 464 
2 313 2 4
7294 1460 465 458 
7295 1460 458 1454 
7296 459 464 1454 
7297 464 1460 1454 
2 314 2 4
7298 1453 466 457 
7299 1461 458 465 
7300 458 1461 1453 
7301 1453 1461 466 
2 315 2 4
7302 1452 467 456 
7303 466 1462 457 
7304 457 1462 1452 
7305 1452 1462 467 
2 316 2 4
7306 1451 468 455 
7307 1463 456 467 
7308 1451 456 1463 
7309 1451 1463 468 
2 317 2 4
7310 1450 462 454 
7311 455 468 1464 
7312 455 1464 1450 
7313 1464 462 1450 
2 318 2 56
7314 1457 3090 461 
7315 461 3087 1458 
7316 461 3090 3087 
7317 462 3094 1457 
7318 1464 3084 462 
7319 3084 3094 462 
7320 1458 3087 463 
7321 463 3089 1459 
7322 3087 3089 463 
7323 1459 3093 464 
7324 464 3085 1460 
7325 464 3093 3085 
7326 1460 3085 465 
7327 465 3092 1461 
7328 3085 3092 465 
7329 1461 3091 466 
7330 466 3086 1462 
7331 466 3091 3086 
7332 1462 3086 467 
7333 467 3088 1463 
7334 3086 3088 467 
7335 1463 3095 468 
7336 468 3084 1464 
7337 468 3095 3084 
7338 1457 3098 3090 
7339 3094 3098 1457 
7340 3089 3099 1459 
7341 1459 3099 3093 
7342 1461 3097 3091 
7343 3092 3097 1461 
7344 3088 3100 1463 
7345 1463 3100 3095 
7346 3080 3092 3085 
7347 3085 3093 3080 
7348 3080 3097 3092 
7349 3093 3099 3080 
7350 3096 3097 3080 
7351 3080 3099 3096 
7352 3081 3094 3084 
7353 3084 3095 3081 
7354 3081 3098 3094 
7355 3095 3100 3081 
7356 3096 3098 3081 
7357 3081 3100 3096 
7358 3082 3089 3087 
7359 3087 3090 3082 
7360 3082 3099 3089 
7361 3090 3098 3082 
7362 3082 3098 3096 
7363 3096 3099 3082 
7364 3083 3088 3086 
7365 3086 3091 3083 
7366 3083 3100 3088 
7367 3091 3097 3083 
7368 3083 3097 3096 
7369 3096 3100 3083 
2 319 2 56
7370 1465 469 3109 
7371 469 1472 3107 
7372 469 3107 3109 
7373 470 1465 3116 
7374 1466 470 3105 
7375 3105 470 3116 
7376 471 1466 3105 
7377 1467 471 3113 
7378 471 3105 3113 
7379 472 1467 3111 
7380 1468 472 3108 
7381 3108 472 3111 
7382 473 1468 3108 
7383 1469 473 3110 
7384 473 3108 3110 
7385 474 1469 3114 
7386 1470 474 3106 
7387 3106 474 3114 
7388 475 1470 3106 
7389 1471 475 3115 
7390 475 3106 3115 
7391 476 1471 3112 
7392 1472 476 3107 
7393 3107 476 3112 
7394 1465 3109 3121 
7395 3116 1465 3121 
7396 3111 1467 3119 
7397 1467 3113 3119 
7398 1469 3110 3120 
7399 3114 1469 3120 
7400 3112 1471 3118 
7401 1471 3115 3118 
7402 3105 3101 3113 
7403 3101 3105 3116 
7404 3113 3101 3119 
7405 3101 3116 3121 
7406 3101 3117 3119 
7407 3117 3101 3121 
7408 3102 3106 3114 
7409 3106 3102 3115 
7410 3102 3114 3120 
7411 3115 3102 3118 
7412 3102 3117 3118 
7413 3117 3102 3120 
7414 3108 3103 3110 
7415 3103 3108 3111 
7416 3110 3103 3120 
7417 3103 3111 3119 
7418 3117 3103 3119 
7419 3103 3117 3120 
7420 3107 3104 3109 
7421 3104 3107 3112 
7422 3109 3104 3121 
7423 3104 3112 3118 
7424 3117 3104 3118 
7425 3104 3117 3121 
2 320 2 4
7426 1465 477 469 
7427 1473 470 478 
7428 470 1473 1465 
7429 1465 1473 477 
2 321 2 4
7430 477 1472 469 
7431 1474 479 476 
7432 1472 1474 476 
7433 477 1474 1472 
2 322 2 4
7434 1471 480 475 
7435 1471 476 479 
7436 1475 1471 479 
7437 1471 1475 480 
2 323 2 4
7438 1476 481 474 
7439 1470 1476 474 
7440 475 480 1470 
7441 480 1476 1470 
2 324 2 4
7442 1469 482 473 
7443 1477 474 481 
7444 474 1477 1469 
7445 1469 1477 482 
2 325 2 4
7446 1478 483 472 
7447 1468 1478 472 
7448 473 482 1468 
7449 482 1478 1468 
2 326 2 4
7450 1467 484 471 
7451 1467 472 483 
7452 1479 1467 483 
7453 1467 1479 484 
2 327 2 4
7454 1466 478 470 
7455 471 484 1480 
7456 471 1480 1466 
7457 1480 478 1466 
2 328 2 56
7458 1473 3130 477 
7459 477 3129 1474 
7460 477 3130 3129 
7461 478 3137 1473 
7462 1480 3126 478 
7463 3126 3137 478 
7464 1474 3129 479 
7465 479 3133 1475 
7466 3129 3133 479 
7467 1475 3136 480 
7468 480 3127 1476 
7469 480 3136 3127 
7470 1476 3127 481 
7471 481 3135 1477 
7472 3127 3135 481 
7473 1477 3131 482 
7474 482 3128 1478 
7475 482 3131 3128 
7476 1478 3128 483 
7477 483 3132 1479 
7478 3128 3132 483 
7479 1479 3134 484 
7480 484 3126 1480 
7481 484 3134 3126 
7482 1473 3142 3130 
7483 3137 3142 1473 
7484 3133 3140 1475 
7485 1475 3140 3136 
7486 1477 3141 3131 
7487 3135 3141 1477 
7488 3132 3139 1479 
7489 1479 3139 3134 
7490 3126 3134 3122 
7491 3122 3137 3126 
7492 3134 3139 3122 
7493 3122 3142 3137 
7494 3122 3139 3138 
7495 3138 3142 3122 
7496 3123 3135 3127 
7497 3127 3136 3123 
7498 3123 3141 3135 
7499 3136 3140 3123 
7500 3123 3140 3138 
7501 3138 3141 3123 
7502 3129 3130 3124 
7503 3124 3133 3129 
7504 3130 3142 3124 
7505 3124 3140 3133 
7506 3138 3140 3124 
7507 3124 3142 3138 
7508 3128 3131 3125 
7509 3125 3132 3128 
7510 3131 3141 3125 
7511 3125 3139 3132 
7512 3138 3139 3125 
7513 3125 3141 3138 
2 329 2 56
7514 1481 485 3158 
7515 485 1488 3147 
7516 485 3147 3158 
7517 486 1481 3152 
7518 1482 486 3150 
7519 3150 486 3152 
7520 487 1482 3150 
7521 1483 487 3154 
7522 487 3150 3154 
7523 488 1483 3156 
7524 1484 488 3148 
7525 3148 488 3156 
7526 489 1484 3148 
7527 1485 489 3155 
7528 489 3148 3155 
7529 490 1485 3153 
7530 1486 490 3149 
7531 3149 490 3153 
7532 491 1486 3149 
7533 1487 491 3151 
7534 491 3149 3151 
7535 492 1487 3157 
7536 1488 492 3147 
7537 3147 492 3157 
7538 3152 1481 3163 
7539 1481 3158 3163 
7540 1483 3154 3161 
7541 3156 1483 3161 
7542 3153 1485 3160 
7543 1485 3155 3160 
7544 1487 3151 3162 
7545 3157 1487 3162 
7546 3148 3143 3155 
7547 3143 3148 3156 
7548 3155 3143 3160 
7549 3143 3156 3161 
7550 3143 3159 3160 
7551 3159 3143 3161 
7552 3144 3147 3157 
7553 3147 3144 3158 
7554 3144 3157 3162 
7555 3158 3144 3163 
7556 3159 3144 3162 
7557 3144 3159 3163 
7558 3145 3150 3152 
7559 3150 3145 3154 
7560 3145 3152 3163 
7561 3154 3145 3161 
7562 3145 3159 3161 
7563 3159 3145 3163 
7564 3149 3146 3151 
7565 3146 3149 3153 
7566 3151 3146 3162 
7567 3146 3153 3160 
7568 3159 3146 3160 
7569 3146 3159 3162 
2 330 2 4
7570 1481 493 485 
7571 1489 486 494 
7572 486 1489 1481 
7573 1481 1489 493 
2 331 2 4
7574 485 493 1490 
7575 485 1490 1488 
7576 1488 495 492 
7577 1490 495 1488 
2 332 2 4
7578 1487 496 491 
7579 1491 492 495 
7580 1487 492 1491 
7581 1487 1491 496 
2 333 2 4
7582 1492 497 490 
7583 1492 490 1486 
7584 496 1492 491 
7585 491 1492 1486 
2 334 2 4
7586 1485 498 489 
7587 1493 490 497 
7588 490 1493 1485 
7589 1485 1493 498 
2 335 2 4
7590 1484 499 488 
7591 498 1494 489 
7592 489 1494 1484 
7593 1494 499 1484 
2 336 2 4
7594 1483 500 487 
7595 1495 488 499 
7596 1483 488 1495 
7597 1483 1495 500 
2 337 2 4
7598 1496 494 486 
7599 1482 1496 486 
7600 500 1496 487 
7601 487 1496 1482 
2 338 2 56
7602 1489 3173 493 
7603 493 3171 1490 
7604 493 3173 3171 
7605 494 3178 1489 
7606 1496 3168 494 
7607 3168 3178 494 
7608 1490 3171 495 
7609 495 3174 1491 
7610 3171 3174 495 
7611 1491 3179 496 
7612 496 3169 1492 
7613 496 3179 3169 
7614 1492 3169 497 
7615 497 3176 1493 
7616 3169 3176 497 
7617 1493 3175 498 
7618 498 3170 1494 
7619 498 3175 3170 
7620 1494 3170 499 
7621 499 3172 1495 
7622 3170 3172 499 
7623 1495 3177 500 
7624 500 3168 1496 
7625 500 3177 3168 
7626 1489 3184 3173 
7627 3178 3184 1489 
7628 3174 3182 1491 
7629 1491 3182 3179 
7630 1493 3181 3175 
7631 3176 3181 1493 
7632 3172 3183 1495 
7633 1495 3183 3177 
7634 3164 3176 3169 
7635 3169 3179 3164 
7636 3164 3181 3176 
7637 3179 3182 3164 
7638 3180 3181 3164 
7639 3164 3182 3180 
7640 3168 3177 3165 
7641 3165 3178 3168 
7642 3177 3183 3165 
7643 3165 3184 3178 
7644 3165 3183 3180 
7645 3180 3184 3165 
7646 3166 3172 3170 
7647 3170 3175 3166 
7648 3166 3183 3172 
7649 3175 3181 3166 
7650 3166 3181 3180 
7651 3180 3183 3166 
7652 3171 3173 3167 
7653 3167 3174 3171 
7654 3173 3184 3167 
7655 3167 3182 3174 
7656 3180 3182 3167 
7657 3167 3184 3180 
2 339 2 18
7658 1497 501 3187 
7659 501 1502 3187 
7660 502 1498 3186 
7661 1499 502 3186 
7662 503 1499 3189 
7663 1500 503 3189 
7664 504 1501 3188 
7665 1502 504 3188 
7666 1498 1497 3185 
7667 3185 1497 3187 
7668 1498 3185 3186 
7669 1499 3186 3189 
7670 1501 1500 3185 
7671 3185 1500 3189 
7672 1501 3185 3188 
7673 3187 1502 3188 
7674 3186 3185 3189 
7675 3185 3187 3188 
2 340 2 6
7676 1497 505 501 
7677 1504 502 506 
7678 1504 1498 502 
7679 1497 1503 505 
7680 1497 1498 1504 
7681 1497 1504 1503 
2 341 2 4
7682 1502 501 505 
7683 1502 507 504 
7684 1502 505 1505 
7685 507 1502 1505 
2 342 2 6
7686 1500 508 503 
7687 1501 504 507 
7688 1507 1501 507 
7689 1500 1506 508 
7690 1500 1501 1507 
7691 1500 1507 1506 
2 343 2 4
7692 1499 506 502 
7693 1499 503 508 
7694 1499 1508 506 
7695 1508 1499 508 
2 344 2 18
7696 1503 3192 505 
7697 505 3192 1505 
7698 506 3191 1504 
7699 1508 3191 506 
7700 1505 3193 507 
7701 507 3193 1507 
7702 1506 3194 508 
7703 508 3194 1508 
7704 1504 3190 1503 
7705 3190 3192 1503 
7706 1504 3191 3190 
7707 3192 3193 1505 
7708 1507 3190 1506 
7709 3190 3194 1506 
7710 1507 3193 3190 
7711 1508 3194 3191 
7712 3191 3194 3190 
7713 3190 3193 3192 
2 345 2 56
7714 1509 509 3204 
7715 509 1516 3202 
7716 509 3202 3204 
7717 510 1509 3210 
7718 1510 510 3199 
7719 3199 510 3210 
7720 511 1510 3199 
7721 1511 511 3207 
7722 511 3199 3207 
7723 512 1511 3203 
7724 1512 512 3201 
7725 3201 512 3203 
7726 513 1512 3201 
7727 1513 513 3205 
7728 513 3201 3205 
7729 514 1513 3208 
7730 1514 514 3200 
7731 3200 514 3208 
7732 515 1514 3200 
7733 1515 515 3209 
7734 515 3200 3209 
7735 516 1515 3206 
7736 1516 516 3202 
7737 3202 516 3206 
7738 1509 3204 3215 
7739 3210 1509 3215 
7740 3203 1511 3214 
7741 1511 3207 3214 
7742 1513 3205 3212 
7743 3208 1513 3212 
7744 3206 1515 3213 
7745 1515 3209 3213 
7746 3195 3200 3208 
7747 3200 3195 3209 
7748 3195 3208 3212 
7749 3209 3195 3213 
7750 3211 3195 3212 
7751 3195 3211 3213 
7752 3199 3196 3207 
7753 3196 3199 3210 
7754 3207 3196 3214 
7755 3196 3210 3215 
7756 3196 3211 3214 
7757 3211 3196 3215 
7758 3197 3201 3203 
7759 3201 3197 3205 
7760 3197 3203 3214 
7761 3205 3197 3212 
7762 3197 3211 3212 
7763 3211 3197 3214 
7764 3202 3198 3204 
7765 3198 3202 3206 
7766 3204 3198 3215 
7767 3198 3206 3213 
7768 3211 3198 3213 
7769 3198 3211 3215 
2 346 2 4
7770 1509 517 509 
7771 1517 510 518 
7772 1509 510 1517 
7773 1509 1517 517 
2 347 2 4
7774 517 1518 509 
7775 509 1518 1516 
7776 1516 519 516 
7777 1518 519 1516 
2 348 2 4
7778 1515 520 515 
7779 1515 516 519 
7780 1519 1515 519 
7781 1515 1519 520 
2 349 2 4
7782 1514 521 514 
7783 515 520 1514 
7784 520 1520 1514 
7785 1514 1520 521 
2 350 2 4
7786 1513 522 513 
7787 1521 514 521 
7788 1513 514 1521 
7789 1513 1521 522 
2 351 2 4
7790 1512 523 512 
7791 513 522 1512 
7792 522 1522 1512 
7793 1512 1522 523 
2 352 2 4
7794 1511 524 511 
7795 1511 512 523 
7796 1523 1511 523 
7797 1511 1523 524 
2 353 2 4
7798 1510 518 510 
7799 524 1524 511 
7800 511 1524 1510 
7801 1524 518 1510 
2 354 2 56
7802 1517 3229 517 
7803 517 3221 1518 
7804 517 3229 3221 
7805 518 3224 1517 
7806 1524 3223 518 
7807 3223 3224 518 
7808 1518 3221 519 
7809 519 3231 1519 
7810 3221 3231 519 
7811 1519 3225 520 
7812 520 3222 1520 
7813 520 3225 3222 
7814 1520 3222 521 
7815 521 3227 1521 
7816 3222 3227 521 
7817 1521 3228 522 
7818 522 3220 1522 
7819 522 3228 3220 
7820 1522 3220 523 
7821 523 3230 1523 
7822 3220 3230 523 
7823 1523 3226 524 
7824 524 3223 1524 
7825 524 3226 3223 
7826 3224 3236 1517 
7827 1517 3236 3229 
7828 1519 3235 3225 
7829 3231 3235 1519 
7830 3227 3233 1521 
7831 1521 3233 3228 
7832 1523 3234 3226 
7833 3230 3234 1523 
7834 3221 3229 3216 
7835 3216 3231 3221 
7836 3229 3236 3216 
7837 3216 3235 3231 
7838 3232 3235 3216 
7839 3216 3236 3232 
7840 3220 3228 3217 
7841 3217 3230 3220 
7842 3228 3233 3217 
7843 3217 3234 3230 
7844 3217 3233 3232 
7845 3232 3234 3217 
7846 3222 3225 3218 
7847 3218 3227 3222 
7848 3225 3235 3218 
7849 3218 3233 3227 
7850 3232 3233 3218 
7851 3218 3235 3232 
7852 3219 3224 3223 
7853 3223 3226 3219 
7854 3219 3236 3224 
7855 3226 3234 3219 
7856 3219 3234 3232 
7857 3232 3236 3219 
2 355 2 56
7858 1525 525 3250 
7859 525 1532 3241 
7860 525 3241 3250 
7861 526 1525 3247 
7862 1526 526 3244 
7863 3244 526 3247 
7864 527 1526 3244 
7865 1527 527 3245 
7866 527 3244 3245 
7867 528 1527 3251 
7868 1528 528 3242 
7869 3242 528 3251 
7870 529 1528 3242 
7871 1529 529 3249 
7872 529 3242 3249 
7873 530 1529 3246 
7874 1530 530 3243 
7875 3243 530 3246 
7876 531 1530 3243 
7877 1531 531 3248 
7878 531 3243 3248 
7879 532 1531 3252 
7880 1532 532 3241 
7881 3241 532 3252 
7882 3247 1525 3254 
7883 1525 3250 3254 
7884 1527 3245 3257 
7885 3251 1527 3257 
7886 3246 1529 3256 
7887 1529 3249 3256 
7888 1531 3248 3255 
7889 3252 1531 3255 
7890 3242 3237 3249 
7891 3237 3242 3251 
7892 3249 3237 3256 
7893 3237 3251 3257 
7894 3237 3253 3256 
7895 3253 3237 3257 
7896 3241 3238 3250 
7897 3238 3241 3252 
7898 3250 3238 3254 
7899 3238 3252 3255 
7900 3238 3253 3254 
7901 3253 3238 3255 
7902 3244 3239 3245 
7903 3239 3244 3247 
7904 3245 3239 3257 
7905 3239 3247 3254 
7906 3253 3239 3254 
7907 3239 3253 3257 
7908 3240 3243 3246 
7909 3243 3240 3248 
7910 3240 3246 3256 
7911 3248 3240 3255 
7912 3240 3253 3255 
7913 3253 3240 3256 
2 356 2 4
7914 1525 533 525 
7915 1533 526 534 
7916 1525 526 1533 
7917 1525 1533 533 
2 357 2 4
7918 525 533 1532 
7919 1532 535 532 
7920 533 1534 1532 
7921 1532 1534 535 
2 358 2 4
7922 1531 536 531 
7923 1535 532 535 
7924 1531 532 1535 
7925 1531 1535 536 
2 359 2 4
7926 1530 537 530 
7927 536 1536 531 
7928 531 1536 1530 
7929 1536 537 1530 
2 360 2 4
7930 1529 538 529 
7931 1537 530 537 
7932 1529 530 1537 
7933 1529 1537 538 
2 361 2 4
7934 1538 539 528 
7935 1528 1538 528 
7936 529 538 1528 
7937 538 1538 1528 
2 362 2 4
7938 1527 540 527 
7939 1539 528 539 
7940 528 1539 1527 
7941 1527 1539 540 
2 363 2 4
7942 1526 534 526 
7943 540 1540 527 
7944 527 1540 1526 
7945 1526 1540 534 
2 364 2 56
7946 1533 3269 533 
7947 533 3265 1534 
7948 533 3269 3265 
7949 534 3272 1533 
7950 1540 3262 534 
7951 3262 3272 534 
7952 1534 3265 535 
7953 535 3266 1535 
7954 3265 3266 535 
7955 1535 3271 536 
7956 536 3263 1536 
7957 536 3271 3263 
7958 1536 3263 537 
7959 537 3270 1537 
7960 3263 3270 537 
7961 1537 3268 538 
7962 538 3264 1538 
7963 538 3268 3264 
7964 1538 3264 539 
7965 539 3267 1539 
7966 3264 3267 539 
7967 1539 3273 540 
7968 540 3262 1540 
7969 540 3273 3262 
7970 1533 3275 3269 
7971 3272 3275 1533 
7972 3266 3277 1535 
7973 1535 3277 3271 
7974 1537 3276 3268 
7975 3270 3276 1537 
7976 3267 3278 1539 
7977 1539 3278 3273 
7978 3258 3270 3263 
7979 3263 3271 3258 
7980 3258 3276 3270 
7981 3271 3277 3258 
7982 3274 3276 3258 
7983 3258 3277 3274 
7984 3259 3272 3262 
7985 3262 3273 3259 
7986 3259 3275 3272 
7987 3273 3278 3259 
7988 3274 3275 3259 
7989 3259 3278 3274 
7990 3260 3266 3265 
7991 3265 3269 3260 
7992 3260 3277 3266 
7993 3269 3275 3260 
7994 3260 3275 3274 
7995 3274 3277 3260 
7996 3261 3267 3264 
7997 3264 3268 3261 
7998 3261 3278 3267 
7999 3268 3276 3261 
8000 3261 3276 3274 
8001 3274 3278 3261 
2 365 2 18
8002 1541 541 3281 
8003 541 1546 3281 
8004 542 1542 3280 
8005 1543 542 3280 
8006 543 1543 3282 
8007 1544 543 3282 
8008 544 1545 3283 
8009 1546 544 3283 
8010 1542 1541 3279 
8011 3279 1541 3281 
8012 1542 3279 3280 
8013 1543 3280 3282 
8014 1545 1544 3279 
8015 3279 1544 3282 
8016 1545 3279 3283 
8017 3281 1546 3283 
8018 3280 3279 3282 
8019 3279 3281 3283 
2 366 2 6
8020 1541 545 541 
8021 1548 542 546 
8022 542 1548 1542 
8023 1541 1547 545 
8024 1548 1541 1542 
8025 1541 1548 1547 
2 367 2 4
8026 1546 541 545 
8027 1546 547 544 
8028 1549 1546 545 
8029 1546 1549 547 
2 368 2 6
8030 1544 548 543 
8031 1545 544 547 
8032 1551 1545 547 
8033 1550 548 1544 
8034 1545 1550 1544 
8035 1545 1551 1550 
2 369 2 4
8036 1543 546 542 
8037 543 548 1543 
8038 1552 546 1543 
8039 548 1552 1543 
2 370 2 18
8040 1547 3286 545 
8041 545 3286 1549 
8042 546 3285 1548 
8043 1552 3285 546 
8044 1549 3288 547 
8045 547 3288 1551 
8046 1550 3287 548 
8047 548 3287 1552 
8048 1548 3284 1547 
8049 3284 3286 1547 
8050 1548 3285 3284 
8051 3286 3288 1549 
8052 1551 3284 1550 
8053 3284 3287 1550 
8054 1551 3288 3284 
8055 1552 3287 3285 
8056 3285 3287 3284 
8057 3284 3288 3286 
2 371 2 18
8058 1553 549 3291 
8059 549 1558 3291 
8060 550 1554 3290 
8061 1555 550 3290 
8062 551 1555 3293 
8063 1556 551 3293 
8064 552 1557 3292 
8065 1558 552 3292 
8066 1554 1553 3289 
8067 3289 1553 3291 
8068 1554 3289 3290 
8069 1555 3290 3293 
8070 1557 1556 3289 
8071 3289 1556 3293 
8072 1557 3289 3292 
8073 3291 1558 3292 
8074 3290 3289 3293 
8075 3289 3291 3292 
2 372 2 6
8076 1553 553 549 
8077 1560 550 554 
8078 550 1560 1554 
8079 1553 1559 553 
8080 1560 1553 1554 
8081 1553 1560 1559 
2 373 2 4
8082 1558 549 553 
8083 1558 555 552 
8084 1561 1558 553 
8085 1558 1561 555 
2 374 2 6
8086 1556 556 551 
8087 552 555 1557 
8088 555 1563 1557 
8089 1556 1562 556 
8090 1563 1556 1557 
8091 1563 1562 1556 
2 375 2 4
8092 1555 554 550 
8093 551 556 1555 
8094 554 1555 1564 
8095 1555 556 1564 
2 376 2 18
8096 1559 3296 553 
8097 553 3296 1561 
8098 554 3295 1560 
8099 1564 3295 554 
8100 1561 3297 555 
8101 555 3297 1563 
8102 1562 3298 556 
8103 556 3298 1564 
8104 1560 3294 1559 
8105 3294 3296 1559 
8106 1560 3295 3294 
8107 3296 3297 1561 
8108 1563 3294 1562 
8109 3294 3298 1562 
8110 1563 3297 3294 
8111 1564 3298 3295 
8112 3295 3298 3294 
8113 3294 3297 3296 
2 377 2 6
8114 1565 559 557 
8115 560 1566 558 
8116 1567 559 1565 
8117 560 1568 1566 
8118 1566 1567 1565 
8119 1568 1567 1566 
2 378 2 7
8120 1570 1565 557 
8121 1566 1569 558 
8122 561 1569 3299 
8123 1570 561 3299 
8124 1566 1565 3299 
8125 1565 1570 3299 
8126 1569 1566 3299 
2 379 2 4
8127 1569 560 558 
8128 1571 560 1569 
8129 561 562 1571 
8130 561 1571 1569 
2 380 2 7
8131 1572 559 1567 
8132 1568 560 1571 
8133 562 3300 1571 
8134 1572 3300 562 
8135 1568 3300 1567 
8136 1567 3300 1572 
8137 1571 3300 1568 
2 381 2 4
8138 557 559 1570 
8139 559 1572 1570 
8140 1572 562 561 
8141 1570 1572 561 
2 382 2 12
8142 564 563 3303 
8143 563 1577 3301 
8144 563 3301 3303 
8145 1573 564 3303 
8146 565 1573 3302 
8147 1574 565 3302 
8148 3302 1573 3303 
8149 1575 1574 3302 
8150 1576 1575 3301 
8151 3301 1575 3302 
8152 1577 1576 3301 
8153 3301 3302 3303 
2 383 2 2
8154 564 566 563 
8155 566 567 563 
2 384 2 10
8156 567 1581 563 
8157 563 1581 1577 
8158 1574 568 565 
8159 1574 1578 568 
8160 1575 1579 1574 
8161 1579 1578 1574 
8162 1576 1579 1575 
8163 1577 1580 1576 
8164 1580 1579 1576 
8165 1581 1580 1577 
2 385 2 4
8166 1582 566 564 
8167 1573 1582 564 
8168 568 1582 565 
8169 1582 1573 565 
2 386 2 12
8170 566 3306 567 
8171 1582 3306 566 
8172 567 3304 1581 
8173 567 3306 3304 
8174 1578 3305 568 
8175 568 3305 1582 
8176 1579 3305 1578 
8177 1580 3304 1579 
8178 3304 3305 1579 
8179 1581 3304 1580 
8180 3305 3306 1582 
8181 3304 3306 3305 
2 387 2 12
8182 570 569 3309 
8183 569 1587 3307 
8184 569 3307 3309 
8185 1583 570 3309 
8186 571 1583 3308 
8187 1584 571 3308 
8188 3308 1583 3309 
8189 1585 1584 3308 
8190 1586 1585 3307 
8191 3307 1585 3308 
8192 1587 1586 3307 
8193 3307 3308 3309 
2 388 2 2
8194 570 572 569 
8195 572 573 569 
2 389 2 10
8196 573 1591 569 
8197 569 1591 1587 
8198 1588 574 571 
8199 1584 1588 571 
8200 1589 1584 1585 
8201 1589 1588 1584 
8202 1586 1590 1585 
8203 1590 1589 1585 
8204 1591 1586 1587 
8205 1591 1590 1586 
2 390 2 4
8206 1592 572 570 
8207 1583 1592 570 
8208 574 1583 571 
8209 574 1592 1583 
2 391 2 12
8210 572 3312 573 
8211 1592 3312 572 
8212 573 3310 1591 
8213 573 3312 3310 
8214 1588 3311 574 
8215 574 3311 1592 
8216 1589 3311 1588 
8217 1590 3310 1589 
8218 3310 3311 1589 
8219 1591 3310 1590 
8220 3311 3312 1592 
8221 3310 3312 3311 
2 392 2 7
8222 1596 1593 575 
8223 1594 1595 576 
8224 577 1595 3313 
8225 1596 577 3313 
8226 1594 1593 3313 
8227 1593 1596 3313 
8228 1595 1594 3313 
2 393 2 6
8229 1597 578 575 
8230 1593 1597 575 
8231 579 1594 576 
8232 1598 1594 579 
8233 1594 1597 1593 
8234 1598 1597 1594 
2 394 2 4
8235 575 578 1596 
8236 1599 580 577 
8237 1596 1599 577 
8238 578 1599 1596 
2 395 2 4
8239 1595 579 576 
8240 580 1600 577 
8241 577 1600 1595 
8242 1600 579 1595 
2 396 2 7
8243 1599 578 1597 
8244 1598 579 1600 
8245 1599 3314 580 
8246 580 3314 1600 
8247 1598 3314 1597 
8248 1597 3314 1599 
8249 1600 3314 1598 
2 397 2 6
8250 581 584 3315 
8251 1601 581 3315 
8252 1601 1602 582 
8253 584 583 3315 
8254 583 1602 1601 
8255 583 1601 3315 
2 398 2 4
8256 1603 585 581 
8257 1601 1603 581 
8258 586 1601 582 
8259 586 1603 1601 
2 399 2 2
8260 585 584 581 
8261 585 587 584 
2 400 2 2
8262 584 587 583 
8263 587 588 583 
2 401 2 4
8264 1602 586 582 
8265 588 1604 583 
8266 583 1604 1602 
8267 1604 586 1602 
2 402 2 6
8268 585 3316 587 
8269 1603 3316 585 
8270 1603 586 1604 
8271 587 3316 588 
8272 588 1603 1604 
8273 588 3316 1603 
2 403 2 12
8274 590 589 3319 
8275 589 1609 3317 
8276 589 3317 3319 
8277 1605 590 3319 
8278 591 1605 3318 
8279 1606 591 3318 
8280 3318 1605 3319 
8281 1607 1606 3318 
8282 1608 1607 3317 
8283 3317 1607 3318 
8284 1609 1608 3317 
8285 3317 3318 3319 
2 404 2 2
8286 590 593 589 
8287 590 592 593 
2 405 2 10
8288 593 1613 589 
8289 589 1613 1609 
8290 1606 594 591 
8291 1610 594 1606 
8292 1607 1610 1606 
8293 1608 1612 1607 
8294 1607 1611 1610 
8295 1612 1611 1607 
8296 1609 1612 1608 
8297 1613 1612 1609 
2 406 2 4
8298 1605 592 590 
8299 594 1614 591 
8300 1614 1605 591 
8301 1614 592 1605 
2 407 2 12
8302 592 3322 593 
8303 1614 3322 592 
8304 593 3320 1613 
8305 593 3322 3320 
8306 1610 3321 594 
8307 594 3321 1614 
8308 1611 3321 1610 
8309 1612 3320 1611 
8310 3320 3321 1611 
8311 1613 3320 1612 
8312 3321 3322 1614 
8313 3320 3322 3321 
2 408 2 56
8314 1615 595 3333 
8315 595 1622 3330 
8316 595 3330 3333 
8317 596 1615 3338 
8318 1616 596 3327 
8319 3327 596 3338 
8320 597 1616 3327 
8321 1617 597 3337 
8322 597 3327 3337 
8323 598 1617 3334 
8324 1618 598 3329 
8325 3329 598 3334 
8326 599 1618 3329 
8327 1619 599 3331 
8328 599 3329 3331 
8329 600 1619 3336 
8330 1620 600 3328 
8331 3328 600 3336 
8332 601 1620 3328 
8333 1621 601 3335 
8334 601 3328 3335 
8335 602 1621 3332 
8336 1622 602 3330 
8337 3330 602 3332 
8338 1615 3333 3341 
8339 3338 1615 3341 
8340 3334 1617 3340 
8341 1617 3337 3340 
8342 1619 3331 3343 
8343 3336 1619 3343 
8344 3332 1621 3342 
8345 1621 3335 3342 
8346 3327 3323 3337 
8347 3323 3327 3338 
8348 3337 3323 3340 
8349 3323 3338 3341 
8350 3323 3339 3340 
8351 3339 3323 3341 
8352 3328 3324 3335 
8353 3324 3328 3336 
8354 3335 3324 3342 
8355 3324 3336 3343 
8356 3324 3339 3342 
8357 3339 3324 3343 
8358 3329 3325 3331 
8359 3325 3329 3334 
8360 3331 3325 3343 
8361 3325 3334 3340 
8362 3339 3325 3340 
8363 3325 3339 3343 
8364 3326 3330 3332 
8365 3330 3326 3333 
8366 3326 3332 3342 
8367 3333 3326 3341 
8368 3326 3339 3341 
8369 3339 3326 3342 
2 409 2 4
8370 1623 603 595 
8371 1615 1623 595 
8372 1623 596 604 
8373 1615 596 1623 
2 410 2 4
8374 603 1622 595 
8375 1624 605 602 
8376 1622 1624 602 
8377 603 1624 1622 
2 411 2 4
8378 1625 606 601 
8379 1621 1625 601 
8380 1621 602 605 
8381 1625 1621 605 
2 412 2 4
8382 1620 607 600 
8383 601 606 1626 
8384 601 1626 1620 
8385 1626 607 1620 
2 413 2 4
8386 1627 608 599 
8387 1619 1627 599 
8388 1627 600 607 
8389 1619 600 1627 
2 414 2 4
8390 1628 609 598 
8391 1618 1628 598 
8392 599 608 1618 
8393 608 1628 1618 
2 415 2 4
8394 1629 610 597 
8395 1617 1629 597 
8396 1617 598 609 
8397 1629 1617 609 
2 416 2 4
8398 1630 604 596 
8399 1616 1630 596 
8400 597 610 1616 
8401 610 1630 1616 
2 417 2 56
8402 1623 3357 603 
8403 603 3348 1624 
8404 603 3357 3348 
8405 604 3352 1623 
8406 1630 3350 604 
8407 3350 3352 604 
8408 1624 3348 605 
8409 605 3356 1625 
8410 3348 3356 605 
8411 1625 3353 606 
8412 606 3351 1626 
8413 606 3353 3351 
8414 1626 3351 607 
8415 607 3354 1627 
8416 3351 3354 607 
8417 1627 3358 608 
8418 608 3349 1628 
8419 608 3358 3349 
8420 1628 3349 609 
8421 609 3359 1629 
8422 3349 3359 609 
8423 1629 3355 610 
8424 610 3350 1630 
8425 610 3355 3350 
8426 3352 3364 1623 
8427 1623 3364 3357 
8428 1625 3363 3353 
8429 3356 3363 1625 
8430 3354 3362 1627 
8431 1627 3362 3358 
8432 1629 3361 3355 
8433 3359 3361 1629 
8434 3344 3356 3348 
8435 3348 3357 3344 
8436 3344 3363 3356 
8437 3357 3364 3344 
8438 3360 3363 3344 
8439 3344 3364 3360 
8440 3349 3358 3345 
8441 3345 3359 3349 
8442 3358 3362 3345 
8443 3345 3361 3359 
8444 3360 3361 3345 
8445 3345 3362 3360 
8446 3346 3352 3350 
8447 3350 3355 3346 
8448 3346 3364 3352 
8449 3355 3361 3346 
8450 3346 3361 3360 
8451 3360 3364 3346 
8452 3351 3353 3347 
8453 3347 3354 3351 
8454 3353 3363 3347 
8455 3347 3362 3354 
8456 3360 3362 3347 
8457 3347 3363 3360 
2 418 2 56
8458 1631 611 3377 
8459 611 1638 3370 
8460 611 3370 3377 
8461 612 1631 3373 
8462 1632 612 3372 
8463 3372 612 3373 
8464 613 1632 3372 
8465 1633 613 3376 
8466 613 3372 3376 
8467 614 1633 3378 
8468 1634 614 3369 
8469 3369 614 3378 
8470 615 1634 3369 
8471 1635 615 3379 
8472 615 3369 3379 
8473 616 1635 3375 
8474 1636 616 3371 
8475 3371 616 3375 
8476 617 1636 3371 
8477 1637 617 3374 
8478 617 3371 3374 
8479 618 1637 3380 
8480 1638 618 3370 
8481 3370 618 3380 
8482 3373 1631 3384 
8483 1631 3377 3384 
8484 1633 3376 3383 
8485 3378 1633 3383 
8486 3375 1635 3382 
8487 1635 3379 3382 
8488 1637 3374 3385 
8489 3380 1637 3385 
8490 3365 3369 3378 
8491 3369 3365 3379 
8492 3365 3378 3383 
8493 3379 3365 3382 
8494 3365 3381 3382 
8495 3381 3365 3383 
8496 3370 3366 3377 
8497 3366 3370 3380 
8498 3377 3366 3384 
8499 3366 3380 3385 
8500 3366 3381 3384 
8501 3381 3366 3385 
8502 3371 3367 3374 
8503 3367 3371 3375 
8504 3374 3367 3385 
8505 3367 3375 3382 
8506 3381 3367 3382 
8507 3367 3381 3385 
8508 3368 3372 3373 
8509 3372 3368 3376 
8510 3368 3373 3384 
8511 3376 3368 3383 
8512 3368 3381 3383 
8513 3381 3368 3384 
2 419 2 4
8514 1639 619 611 
8515 1631 1639 611 
8516 1639 612 620 
8517 1631 612 1639 
2 420 2 4
8518 619 1638 611 
8519 1640 621 618 
8520 1638 1640 618 
8521 619 1640 1638 
2 421 2 4
8522 1641 622 617 
8523 1637 1641 617 
8524 1641 618 621 
8525 1637 618 1641 
2 422 2 4
8526 1636 623 616 
8527 622 1642 617 
8528 617 1642 1636 
8529 1642 623 1636 
2 423 2 4
8530 1643 624 615 
8531 1635 1643 615 
8532 1643 616 623 
8533 1635 616 1643 
2 424 2 4
8534 1644 625 614 
8535 1634 1644 614 
8536 624 1644 615 
8537 615 1644 1634 
2 425 2 4
8538 1645 626 613 
8539 1633 1645 613 
8540 1645 614 625 
8541 1633 614 1645 
2 426 2 4
8542 1632 620 612 
8543 613 626 1632 
8544 1646 620 1632 
8545 626 1646 1632 
2 427 2 56
8546 1639 3395 619 
8547 619 3393 1640 
8548 619 3395 3393 
8549 620 3400 1639 
8550 1646 3391 620 
8551 3391 3400 620 
8552 1640 3393 621 
8553 621 3396 1641 
8554 3393 3396 621 
8555 1641 3401 622 
8556 622 3390 1642 
8557 622 3401 3390 
8558 1642 3390 623 
8559 623 3398 1643 
8560 3390 3398 623 
8561 1643 3397 624 
8562 624 3392 1644 
8563 624 3397 3392 
8564 1644 3392 625 
8565 625 3394 1645 
8566 3392 3394 625 
8567 1645 3399 626 
8568 626 3391 1646 
8569 626 3399 3391 
8570 1639 3405 3395 
8571 3400 3405 1639 
8572 3396 3404 1641 
8573 1641 3404 3401 
8574 1643 3403 3397 
8575 3398 3403 1643 
8576 3394 3406 1645 
8577 1645 3406 3399 
8578 3386 3398 3390 
8579 3390 3401 3386 
8580 3386 3403 3398 
8581 3401 3404 3386 
8582 3402 3403 3386 
8583 3386 3404 3402 
8584 3391 3399 3387 
8585 3387 3400 3391 
8586 3399 3406 3387 
8587 3387 3405 3400 
8588 3402 3405 3387 
8589 3387 3406 3402 
8590 3388 3394 3392 
8591 3392 3397 3388 
8592 3388 3406 3394 
8593 3397 3403 3388 
8594 3388 3403 3402 
8595 3402 3406 3388 
8596 3393 3395 3389 
8597 3389 3396 3393 
8598 3395 3405 3389 
8599 3389 3404 3396 
8600 3402 3404 3389 
8601 3389 3405 3402 
2 428 2 56
8602 1647 627 3422 
8603 627 1654 3411 
8604 627 3411 3422 
8605 628 1647 3415 
8606 1648 628 3414 
8607 3414 628 3415 
8608 629 1648 3414 
8609 1649 629 3418 
8610 629 3414 3418 
8611 630 1649 3420 
8612 1650 630 3412 
8613 3412 630 3420 
8614 631 1650 3412 
8615 1651 631 3421 
8616 631 3412 3421 
8617 632 1651 3417 
8618 1652 632 3413 
8619 3413 632 3417 
8620 633 1652 3413 
8621 1653 633 3416 
8622 633 3413 3416 
8623 634 1653 3419 
8624 1654 634 3411 
8625 3411 634 3419 
8626 3415 1647 3426 
8627 1647 3422 3426 
8628 1649 3418 3425 
8629 3420 1649 3425 
8630 3417 1651 3424 
8631 1651 3421 3424 
8632 1653 3416 3427 
8633 3419 1653 3427 
8634 3407 3412 3420 
8635 3412 3407 3421 
8636 3407 3420 3425 
8637 3421 3407 3424 
8638 3407 3423 3424 
8639 3423 3407 3425 
8640 3408 3411 3419 
8641 3411 3408 3422 
8642 3408 3419 3427 
8643 3422 3408 3426 
8644 3408 3423 3426 
8645 3423 3408 3427 
8646 3409 3414 3415 
8647 3414 3409 3418 
8648 3409 3415 3426 
8649 3418 3409 3425 
8650 3409 3423 3425 
8651 3423 3409 3426 
8652 3413 3410 3416 
8653 3410 3413 3417 
8654 3416 3410 3427 
8655 3410 3417 3424 
8656 3423 3410 3424 
8657 3410 3423 3427 
2 429 2 4
8658 1655 635 627 
8659 1647 1655 627 
8660 1655 628 636 
8661 1647 628 1655 
2 430 2 4
8662 627 635 1654 
8663 1656 637 634 
8664 1654 1656 634 
8665 635 1656 1654 
2 431 2 4
8666 1657 638 633 
8667 1653 1657 633 
8668 1657 634 637 
8669 1653 634 1657 
2 432 2 4
8670 1658 639 632 
8671 1652 1658 632 
8672 638 1652 633 
8673 638 1658 1652 
2 433 2 4
8674 1659 640 631 
8675 1651 1659 631 
8676 1659 632 639 
8677 1651 632 1659 
2 434 2 4
8678 1650 641 630 
8679 640 1660 631 
8680 631 1660 1650 
8681 1660 641 1650 
2 435 2 4
8682 1661 642 629 
8683 1649 1661 629 
8684 1661 630 641 
8685 1649 630 1661 
2 436 2 4
8686 1648 636 628 
8687 642 1662 629 
8688 629 1662 1648 
8689 1648 1662 636 
2 437 2 56
8690 1655 3439 635 
8691 635 3435 1656 
8692 635 3439 3435 
8693 636 3443 1655 
8694 1662 3433 636 
8695 3433 3443 636 
8696 1656 3435 637 
8697 637 3436 1657 
8698 3435 3436 637 
8699 1657 3442 638 
8700 638 3432 1658 
8701 638 3442 3432 
8702 1658 3432 639 
8703 639 3440 1659 
8704 3432 3440 639 
8705 1659 3438 640 
8706 640 3434 1660 
8707 640 3438 3434 
8708 1660 3434 641 
8709 641 3437 1661 
8710 3434 3437 641 
8711 1661 3441 642 
8712 642 3433 1662 
8713 642 3441 3433 
8714 1655 3446 3439 
8715 3443 3446 1655 
8716 3436 3447 1657 
8717 1657 3447 3442 
8718 1659 3445 3438 
8719 3440 3445 1659 
8720 3437 3448 1661 
8721 1661 3448 3441 
8722 3428 3440 3432 
8723 3432 3442 3428 
8724 3428 3445 3440 
8725 3442 3447 3428 
8726 3444 3445 3428 
8727 3428 3447 3444 
8728 3433 3441 3429 
8729 3429 3443 3433 
8730 3441 3448 3429 
8731 3429 3446 3443 
8732 3444 3446 3429 
8733 3429 3448 3444 
8734 3430 3437 3434 
8735 3434 3438 3430 
8736 3430 3448 3437 
8737 3438 3445 3430 
8738 3430 3445 3444 
8739 3444 3448 3430 
8740 3431 3436 3435 
8741 3435 3439 3431 
8742 3431 3447 3436 
8743 3439 3446 3431 
8744 3431 3446 3444 
8745 3444 3447 3431 
2 438 2 56
8746 1663 643 3459 
8747 643 1670 3456 
8748 643 3456 3459 
8749 644 1663 3462 
8750 1664 644 3453 
8751 3453 644 3462 
8752 645 1664 3453 
8753 1665 645 3464 
8754 645 3453 3464 
8755 646 1665 3457 
8756 1666 646 3455 
8757 3455 646 3457 
8758 647 1666 3455 
8759 1667 647 3460 
8760 647 3455 3460 
8761 648 1667 3461 
8762 1668 648 3454 
8763 3454 648 3461 
8764 649 1668 3454 
8765 1669 649 3463 
8766 649 3454 3463 
8767 650 1669 3458 
8768 1670 650 3456 
8769 3456 650 3458 
8770 1663 3459 3467 
8771 3462 1663 3467 
8772 3457 1665 3469 
8773 1665 3464 3469 
8774 1667 3460 3466 
8775 3461 1667 3466 
8776 3458 1669 3468 
8777 1669 3463 3468 
8778 3449 3453 3462 
8779 3453 3449 3464 
8780 3449 3462 3467 
8781 3464 3449 3469 
8782 3465 3449 3467 
8783 3449 3465 3469 
8784 3450 3454 3461 
8785 3454 3450 3463 
8786 3450 3461 3466 
8787 3463 3450 3468 
8788 3465 3450 3466 
8789 3450 3465 3468 
8790 3451 3455 3457 
8791 3455 3451 3460 
8792 3451 3457 3469 
8793 3460 3451 3466 
8794 3451 3465 3466 
8795 3465 3451 3469 
8796 3452 3456 3458 
8797 3456 3452 3459 
8798 3452 3458 3468 
8799 3459 3452 3467 
8800 3452 3465 3467 
8801 3465 3452 3468 
2 439 2 4
8802 1671 651 643 
8803 1663 1671 643 
8804 1671 644 652 
8805 1663 644 1671 
2 440 2 4
8806 651 1672 643 
8807 643 1672 1670 
8808 1670 653 650 
8809 1670 1672 653 
2 441 2 4
8810 1673 654 649 
8811 1669 1673 649 
8812 1669 650 653 
8813 1673 1669 653 
2 442 2 4
8814 1674 655 648 
8815 1668 1674 648 
8816 654 1668 649 
8817 654 1674 1668 
2 443 2 4
8818 1675 656 647 
8819 1667 1675 647 
8820 1675 648 655 
8821 1667 648 1675 
2 444 2 4
8822 1676 657 646 
8823 1666 1676 646 
8824 656 1666 647 
8825 656 1676 1666 
2 445 2 4
8826 1677 658 645 
8827 1665 1677 645 
8828 1665 646 657 
8829 1677 1665 657 
2 446 2 4
8830 1678 652 644 
8831 1664 1678 644 
8832 645 658 1664 
8833 658 1678 1664 
2 447 2 56
8834 1671 3482 651 
8835 651 3474 1672 
8836 651 3482 3474 
8837 652 3481 1671 
8838 1678 3476 652 
8839 3476 3481 652 
8840 1672 3474 653 
8841 653 3483 1673 
8842 3474 3483 653 
8843 1673 3479 654 
8844 654 3477 1674 
8845 654 3479 3477 
8846 1674 3477 655 
8847 655 3480 1675 
8848 3477 3480 655 
8849 1675 3484 656 
8850 656 3475 1676 
8851 656 3484 3475 
8852 1676 3475 657 
8853 657 3485 1677 
8854 3475 3485 657 
8855 1677 3478 658 
8856 658 3476 1678 
8857 658 3478 3476 
8858 3481 3487 1671 
8859 1671 3487 3482 
8860 1673 3490 3479 
8861 3483 3490 1673 
8862 3480 3488 1675 
8863 1675 3488 3484 
8864 1677 3489 3478 
8865 3485 3489 1677 
8866 3474 3482 3470 
8867 3470 3483 3474 
8868 3482 3487 3470 
8869 3470 3490 3483 
8870 3470 3487 3486 
8871 3486 3490 3470 
8872 3475 3484 3471 
8873 3471 3485 3475 
8874 3484 3488 3471 
8875 3471 3489 3485 
8876 3471 3488 3486 
8877 3486 3489 3471 
8878 3476 3478 3472 
8879 3472 3481 3476 
8880 3478 3489 3472 
8881 3472 3487 3481 
8882 3486 3487 3472 
8883 3472 3489 3486 
8884 3477 3479 3473 
8885 3473 3480 3477 
8886 3479 3490 3473 
8887 3473 3488 3480 
8888 3486 3488 3473 
8889 3473 3490 3486 
2 448 2 114
8890 1679 659 3531 
8891 659 1700 3531 
8892 660 1683 3530 
8893 1684 660 3530 
8894 661 1689 3528 
8895 1690 661 3528 
8896 662 1694 3529 
8897 1695 662 3529 
8898 1680 1679 3534 
8899 1679 3531 3534 
8900 1681 1680 3514 
8901 3514 1680 3534 
8902 1682 1681 3512 
8903 1681 3498 3512 
8904 3498 1681 3514 
8905 1683 1682 3533 
8906 1682 3512 3533 
8907 3530 1683 3533 
8908 1685 1684 3523 
8909 1684 3500 3523 
8910 3500 1684 3530 
8911 1686 1685 3505 
8912 3505 1685 3523 
8913 1687 1686 3519 
8914 1686 3505 3519 
8915 1688 1687 3506 
8916 3506 1687 3519 
8917 1689 1688 3520 
8918 1688 3506 3520 
8919 3503 1689 3520 
8920 1689 3503 3528 
8921 1691 1690 3535 
8922 1690 3528 3535 
8923 1692 1691 3513 
8924 3513 1691 3535 
8925 1693 1692 3515 
8926 3499 1692 3513 
8927 1692 3499 3515 
8928 1694 1693 3532 
8929 1693 3515 3532 
8930 3529 1694 3532 
8931 1696 1695 3522 
8932 1695 3501 3522 
8933 3501 1695 3529 
8934 1697 1696 3504 
8935 3504 1696 3522 
8936 1698 1697 3518 
8937 1697 3504 3518 
8938 1699 1698 3507 
8939 3507 1698 3518 
8940 1700 1699 3521 
8941 1699 3507 3521 
8942 3502 1700 3521 
8943 1700 3502 3531 
8944 3491 3508 3511 
8945 3508 3491 3517 
8946 3491 3509 3510 
8947 3509 3491 3516 
8948 3491 3510 3517 
8949 3491 3511 3516 
8950 3492 3498 3508 
8951 3498 3492 3512 
8952 3492 3500 3512 
8953 3500 3492 3523 
8954 3492 3505 3523 
8955 3505 3492 3526 
8956 3492 3508 3517 
8957 3492 3517 3526 
8958 3503 3493 3513 
8959 3493 3503 3520 
8960 3493 3506 3510 
8961 3506 3493 3520 
8962 3493 3510 3524 
8963 3513 3493 3524 
8964 3502 3494 3514 
8965 3494 3502 3521 
8966 3494 3507 3511 
8967 3507 3494 3521 
8968 3494 3511 3525 
8969 3514 3494 3525 
8970 3495 3499 3509 
8971 3499 3495 3515 
8972 3495 3501 3515 
8973 3501 3495 3522 
8974 3495 3504 3522 
8975 3504 3495 3527 
8976 3495 3509 3516 
8977 3495 3516 3527 
8978 3504 3496 3518 
8979 3496 3504 3527 
8980 3507 3496 3511 
8981 3496 3507 3518 
8982 3511 3496 3516 
8983 3516 3496 3527 
8984 3505 3497 3519 
8985 3497 3505 3526 
8986 3506 3497 3510 
8987 3497 3506 3519 
8988 3510 3497 3517 
8989 3517 3497 3526 
8990 3508 3498 3525 
8991 3498 3514 3525 
8992 3509 3499 3524 
8993 3499 3513 3524 
8994 3512 3500 3533 
8995 3500 3530 3533 
8996 3515 3501 3532 
8997 3501 3529 3532 
8998 3502 3514 3534 
8999 3531 3502 3534 
9000 3503 3513 3535 
9001 3528 3503 3535 
9002 3511 3508 3525 
9003 3510 3509 3524 
2 449 2 12
9004 663 659 1701 
9005 1701 659 1679 
9006 664 1683 660 
9007 1705 1683 664 
9008 1702 1679 1680 
9009 1702 1701 1679 
9010 1703 1680 1681 
9011 1703 1702 1680 
9012 1704 1681 1682 
9013 1704 1703 1681 
9014 1683 1704 1682 
9015 1683 1705 1704 
2 450 2 14
9016 663 1711 659 
9017 1711 1700 659 
9018 662 1706 665 
9019 1706 662 1695 
9020 1707 1695 1696 
9021 1707 1706 1695 
9022 1708 1696 1697 
9023 1708 1707 1696 
9024 1698 1708 1697 
9025 1698 1699 1709 
9026 1708 1698 1709 
9027 1699 1700 1710 
9028 1709 1699 1710 
9029 1710 1700 1711 
2 451 2 12
9030 666 661 1712 
9031 1712 661 1690 
9032 665 1694 662 
9033 1694 665 1716 
9034 1713 1690 1691 
9035 1713 1712 1690 
9036 1692 1713 1691 
9037 1693 1714 1692 
9038 1692 1714 1713 
9039 1693 1694 1715 
9040 1714 1693 1715 
9041 1715 1694 1716 
2 452 2 14
9042 664 660 1717 
9043 1717 660 1684 
9044 666 1722 661 
9045 1722 1689 661 
9046 1718 1684 1685 
9047 1718 1717 1684 
9048 1719 1685 1686 
9049 1719 1718 1685 
9050 1687 1719 1686 
9051 1687 1688 1720 
9052 1719 1687 1720 
9053 1688 1689 1721 
9054 1720 1688 1721 
9055 1721 1689 1722 
2 453 2 114
9056 1701 3576 663 
9057 663 3576 1711 
9058 664 3575 1705 
9059 1717 3575 664 
9060 1706 3574 665 
9061 665 3574 1716 
9062 1712 3573 666 
9063 666 3573 1722 
9064 1702 3579 1701 
9065 1701 3579 3576 
9066 1703 3559 1702 
9067 3559 3579 1702 
9068 1704 3557 1703 
9069 1703 3557 3543 
9070 3543 3559 1703 
9071 1705 3578 1704 
9072 1704 3578 3557 
9073 3575 3578 1705 
9074 1707 3567 1706 
9075 1706 3567 3546 
9076 3546 3574 1706 
9077 1708 3549 1707 
9078 3549 3567 1707 
9079 1709 3563 1708 
9080 1708 3563 3549 
9081 1710 3552 1709 
9082 3552 3563 1709 
9083 1711 3566 1710 
9084 1710 3566 3552 
9085 3547 3566 1711 
9086 1711 3576 3547 
9087 1713 3580 1712 
9088 1712 3580 3573 
9089 1714 3558 1713 
9090 3558 3580 1713 
9091 1715 3560 1714 
9092 3544 3558 1714 
9093 1714 3560 3544 
9094 1716 3577 1715 
9095 1715 3577 3560 
9096 3574 3577 1716 
9097 1718 3568 1717 
9098 1717 3568 3545 
9099 3545 3575 1717 
9100 1719 3550 1718 
9101 3550 3568 1718 
9102 1720 3564 1719 
9103 1719 3564 3550 
9104 1721 3551 1720 
9105 3551 3564 1720 
9106 1722 3565 1721 
9107 1721 3565 3551 
9108 3548 3565 1722 
9109 1722 3573 3548 
9110 3536 3556 3553 
9111 3553 3562 3536 
9112 3536 3555 3554 
9113 3554 3561 3536 
9114 3536 3562 3555 
9115 3536 3561 3556 
9116 3537 3553 3543 
9117 3543 3557 3537 
9118 3537 3557 3545 
9119 3545 3568 3537 
9120 3537 3568 3550 
9121 3550 3571 3537 
9122 3537 3562 3553 
9123 3537 3571 3562 
9124 3548 3558 3538 
9125 3538 3565 3548 
9126 3538 3555 3551 
9127 3551 3565 3538 
9128 3538 3569 3555 
9129 3558 3569 3538 
9130 3547 3559 3539 
9131 3539 3566 3547 
9132 3539 3556 3552 
9133 3552 3566 3539 
9134 3539 3570 3556 
9135 3559 3570 3539 
9136 3540 3554 3544 
9137 3544 3560 3540 
9138 3540 3560 3546 
9139 3546 3567 3540 
9140 3540 3567 3549 
9141 3549 3572 3540 
9142 3540 3561 3554 
9143 3540 3572 3561 
9144 3549 3563 3541 
9145 3541 3572 3549 
9146 3552 3556 3541 
9147 3541 3563 3552 
9148 3556 3561 3541 
9149 3561 3572 3541 
9150 3550 3564 3542 
9151 3542 3571 3550 
9152 3551 3555 3542 
9153 3542 3564 3551 
9154 3555 3562 3542 
9155 3562 3571 3542 
9156 3553 3570 3543 
9157 3543 3570 3559 
9158 3554 3569 3544 
9159 3544 3569 3558 
9160 3557 3578 3545 
9161 3545 3578 3575 
9162 3560 3577 3546 
9163 3546 3577 3574 
9164 3547 3579 3559 
9165 3576 3579 3547 
9166 3548 3580 3558 
9167 3573 3580 3548 
9168 3556 3570 3553 
9169 3555 3569 3554 
2 454 2 112
9170 1723 667 3619 
9171 667 1744 3619 
9172 668 1727 3618 
9173 1728 668 3618 
9174 669 1733 3617 
9175 1734 669 3617 
9176 670 1738 3620 
9177 1739 670 3620 
9178 1724 1723 3621 
9179 1723 3619 3621 
9180 1725 1724 3604 
9181 3604 1724 3621 
9182 1726 1725 3603 
9183 1725 3588 3603 
9184 3588 1725 3604 
9185 1727 1726 3624 
9186 1726 3603 3624 
9187 3618 1727 3624 
9188 1729 1728 3612 
9189 1728 3590 3612 
9190 3590 1728 3618 
9191 1730 1729 3597 
9192 3597 1729 3612 
9193 1731 1730 3608 
9194 1730 3597 3608 
9195 1732 1731 3596 
9196 3596 1731 3608 
9197 1733 1732 3611 
9198 1732 3596 3611 
9199 3593 1733 3611 
9200 1733 3593 3617 
9201 1735 1734 3623 
9202 1734 3617 3623 
9203 1736 1735 3602 
9204 3602 1735 3623 
9205 1737 1736 3605 
9206 3589 1736 3602 
9207 1736 3589 3605 
9208 1738 1737 3622 
9209 1737 3605 3622 
9210 3620 1738 3622 
9211 1740 1739 3613 
9212 1739 3591 3613 
9213 3591 1739 3620 
9214 1741 1740 3594 
9215 3594 1740 3613 
9216 1742 1741 3609 
9217 1741 3594 3609 
9218 1743 1742 3595 
9219 3595 1742 3609 
9220 1744 1743 3610 
9221 1743 3595 3610 
9222 3592 1744 3610 
9223 1744 3592 3619 
9224 3598 3581 3600 
9225 3581 3598 3606 
9226 3581 3599 3601 
9227 3599 3581 3607 
9228 3600 3581 3601 
9229 3581 3606 3607 
9230 3589 3582 3598 
9231 3582 3589 3602 
9232 3593 3582 3602 
9233 3582 3593 3611 
9234 3596 3582 3611 
9235 3582 3596 3616 
9236 3598 3582 3606 
9237 3606 3582 3616 
9238 3583 3591 3605 
9239 3591 3583 3613 
9240 3594 3583 3600 
9241 3583 3594 3613 
9242 3600 3583 3614 
9243 3583 3605 3614 
9244 3584 3588 3599 
9245 3588 3584 3603 
9246 3584 3590 3603 
9247 3590 3584 3612 
9248 3597 3584 3607 
9249 3584 3597 3612 
9250 3584 3599 3607 
9251 3592 3585 3604 
9252 3585 3592 3610 
9253 3585 3595 3601 
9254 3595 3585 3610 
9255 3585 3601 3615 
9256 3604 3585 3615 
9257 3586 3594 3600 
9258 3594 3586 3609 
9259 3595 3586 3601 
9260 3586 3595 3609 
9261 3586 3600 3601 
9262 3587 3596 3608 
9263 3596 3587 3616 
9264 3587 3597 3607 
9265 3597 3587 3608 
9266 3606 3587 3607 
9267 3587 3606 3616 
9268 3599 3588 3615 
9269 3588 3604 3615 
9270 3589 3598 3614 
9271 3605 3589 3614 
9272 3603 3590 3624 
9273 3590 3618 3624 
9274 3605 3591 3622 
9275 3591 3620 3622 
9276 3592 3604 3621 
9277 3619 3592 3621 
9278 3593 3602 3623 
9279 3617 3593 3623 
9280 3598 3600 3614 
9281 3601 3599 3615 
2 455 2 12
9282 671 667 1745 
9283 1745 667 1723 
9284 672 1727 668 
9285 1727 672 1749 
9286 1724 1745 1723 
9287 1746 1724 1725 
9288 1724 1746 1745 
9289 1748 1725 1726 
9290 1746 1725 1747 
9291 1747 1725 1748 
9292 1727 1748 1726 
9293 1748 1727 1749 
2 456 2 14
9294 671 1755 667 
9295 1755 1744 667 
9296 673 670 1750 
9297 670 1739 1750 
9298 1751 1739 1740 
9299 1750 1739 1751 
9300 1741 1751 1740 
9301 1742 1752 1741 
9302 1752 1751 1741 
9303 1742 1743 1753 
9304 1752 1742 1753 
9305 1743 1744 1754 
9306 1753 1743 1754 
9307 1754 1744 1755 
2 457 2 12
9308 674 669 1756 
9309 1756 669 1734 
9310 673 1738 670 
9311 1738 673 1760 
9312 1735 1756 1734 
9313 1758 1735 1736 
9314 1756 1735 1757 
9315 1757 1735 1758 
9316 1759 1736 1737 
9317 1759 1758 1736 
9318 1738 1759 1737 
9319 1759 1738 1760 
2 458 2 14
9320 672 668 1761 
9321 1761 668 1728 
9322 674 1766 669 
9323 669 1766 1733 
9324 1762 1728 1729 
9325 1762 1761 1728 
9326 1763 1729 1730 
9327 1763 1762 1729 
9328 1731 1763 1730 
9329 1764 1731 1732 
9330 1731 1764 1763 
9331 1766 1732 1733 
9332 1764 1732 1765 
9333 1732 1766 1765 
2 459 2 112
9334 1745 3663 671 
9335 671 3663 1755 
9336 672 3662 1749 
9337 1761 3662 672 
9338 1750 3664 673 
9339 673 3664 1760 
9340 1756 3661 674 
9341 674 3661 1766 
9342 1746 3665 1745 
9343 1745 3665 3663 
9344 1747 3648 1746 
9345 3648 3665 1746 
9346 1748 3647 1747 
9347 1747 3647 3632 
9348 3632 3648 1747 
9349 1749 3668 1748 
9350 1748 3668 3647 
9351 3662 3668 1749 
9352 1751 3657 1750 
9353 1750 3657 3635 
9354 3635 3664 1750 
9355 1752 3638 1751 
9356 3638 3657 1751 
9357 1753 3652 1752 
9358 1752 3652 3638 
9359 1754 3639 1753 
9360 3639 3652 1753 
9361 1755 3654 1754 
9362 1754 3654 3639 
9363 3636 3654 1755 
9364 1755 3663 3636 
9365 1757 3667 1756 
9366 1756 3667 3661 
9367 1758 3646 1757 
9368 3646 3667 1757 
9369 1759 3649 1758 
9370 3633 3646 1758 
9371 1758 3649 3633 
9372 1760 3666 1759 
9373 1759 3666 3649 
9374 3664 3666 1760 
9375 1762 3656 1761 
9376 1761 3656 3634 
9377 3634 3662 1761 
9378 1763 3641 1762 
9379 3641 3656 1762 
9380 1764 3653 1763 
9381 1763 3653 3641 
9382 1765 3640 1764 
9383 3640 3653 1764 
9384 1766 3655 1765 
9385 1765 3655 3640 
9386 3637 3655 1766 
9387 1766 3661 3637 
9388 3642 3644 3625 
9389 3625 3650 3642 
9390 3625 3645 3643 
9391 3643 3651 3625 
9392 3644 3645 3625 
9393 3625 3651 3650 
9394 3633 3642 3626 
9395 3626 3646 3633 
9396 3637 3646 3626 
9397 3626 3655 3637 
9398 3640 3655 3626 
9399 3626 3660 3640 
9400 3642 3650 3626 
9401 3650 3660 3626 
9402 3627 3649 3635 
9403 3635 3657 3627 
9404 3638 3644 3627 
9405 3627 3657 3638 
9406 3644 3658 3627 
9407 3627 3658 3649 
9408 3628 3643 3632 
9409 3632 3647 3628 
9410 3628 3647 3634 
9411 3634 3656 3628 
9412 3641 3651 3628 
9413 3628 3656 3641 
9414 3628 3651 3643 
9415 3636 3648 3629 
9416 3629 3654 3636 
9417 3629 3645 3639 
9418 3639 3654 3629 
9419 3629 3659 3645 
9420 3648 3659 3629 
9421 3630 3644 3638 
9422 3638 3652 3630 
9423 3639 3645 3630 
9424 3630 3652 3639 
9425 3630 3645 3644 
9426 3631 3653 3640 
9427 3640 3660 3631 
9428 3631 3651 3641 
9429 3641 3653 3631 
9430 3650 3651 3631 
9431 3631 3660 3650 
9432 3643 3659 3632 
9433 3632 3659 3648 
9434 3633 3658 3642 
9435 3649 3658 3633 
9436 3647 3668 3634 
9437 3634 3668 3662 
9438 3649 3666 3635 
9439 3635 3666 3664 
9440 3636 3665 3648 
9441 3663 3665 3636 
9442 3637 3667 3646 
9443 3661 3667 3637 
9444 3642 3658 3644 
9445 3645 3659 3643 
2 460 2 112
9446 1767 675 3707 
9447 675 1788 3707 
9448 676 1771 3705 
9449 1772 676 3705 
9450 677 1777 3708 
9451 1778 677 3708 
9452 678 1782 3706 
9453 1783 678 3706 
9454 1768 1767 3709 
9455 1767 3707 3709 
9456 1769 1768 3692 
9457 3692 1768 3709 
9458 1770 1769 3691 
9459 1769 3676 3691 
9460 3676 1769 3692 
9461 1771 1770 3711 
9462 1770 3691 3711 
9463 3705 1771 3711 
9464 1773 1772 3701 
9465 1772 3679 3701 
9466 3679 1772 3705 
9467 1774 1773 3685 
9468 3685 1773 3701 
9469 1775 1774 3696 
9470 1774 3685 3696 
9471 1776 1775 3682 
9472 3682 1775 3696 
9473 1777 1776 3700 
9474 1776 3682 3700 
9475 3681 1777 3700 
9476 1777 3681 3708 
9477 1779 1778 3710 
9478 1778 3708 3710 
9479 1780 1779 3693 
9480 3693 1779 3710 
9481 1781 1780 3690 
9482 1780 3677 3690 
9483 3677 1780 3693 
9484 1782 1781 3712 
9485 1781 3690 3712 
9486 3706 1782 3712 
9487 1784 1783 3699 
9488 1783 3678 3699 
9489 3678 1783 3706 
9490 1785 1784 3684 
9491 3684 1784 3699 
9492 1786 1785 3697 
9493 1785 3684 3697 
9494 1787 1786 3683 
9495 3683 1786 3697 
9496 1788 1787 3698 
9497 1787 3683 3698 
9498 3680 1788 3698 
9499 1788 3680 3707 
9500 3669 3686 3688 
9501 3686 3669 3694 
9502 3687 3669 3689 
9503 3669 3687 3695 
9504 3669 3688 3689 
9505 3694 3669 3695 
9506 3676 3670 3687 
9507 3670 3676 3692 
9508 3680 3670 3692 
9509 3670 3680 3698 
9510 3670 3683 3695 
9511 3683 3670 3698 
9512 3687 3670 3695 
9513 3681 3671 3693 
9514 3671 3681 3700 
9515 3671 3682 3688 
9516 3682 3671 3700 
9517 3671 3688 3702 
9518 3693 3671 3702 
9519 3672 3679 3691 
9520 3679 3672 3701 
9521 3685 3672 3689 
9522 3672 3685 3701 
9523 3689 3672 3703 
9524 3672 3691 3703 
9525 3673 3677 3686 
9526 3677 3673 3690 
9527 3673 3678 3690 
9528 3678 3673 3699 
9529 3673 3684 3699 
9530 3684 3673 3704 
9531 3673 3686 3694 
9532 3673 3694 3704 
9533 3682 3674 3688 
9534 3674 3682 3696 
9535 3674 3685 3689 
9536 3685 3674 3696 
9537 3688 3674 3689 
9538 3683 3675 3695 
9539 3675 3683 3697 
9540 3684 3675 3697 
9541 3675 3684 3704 
9542 3675 3694 3695 
9543 3694 3675 3704 
9544 3676 3687 3703 
9545 3691 3676 3703 
9546 3686 3677 3702 
9547 3677 3693 3702 
9548 3690 3678 3712 
9549 3678 3706 3712 
9550 3691 3679 3711 
9551 3679 3705 3711 
9552 3680 3692 3709 
9553 3707 3680 3709 
9554 3681 3693 3710 
9555 3708 3681 3710 
9556 3688 3686 3702 
9557 3687 3689 3703 
2 461 2 12
9558 679 675 1789 
9559 675 1767 1789 
9560 680 1771 676 
9561 1793 1771 680 
9562 1790 1767 1768 
9563 1789 1767 1790 
9564 1791 1768 1769 
9565 1791 1790 1768 
9566 1792 1769 1770 
9567 1792 1791 1769 
9568 1771 1792 1770 
9569 1771 1793 1792 
2 462 2 14
9570 679 1799 675 
9571 1799 1788 675 
9572 681 678 1794 
9573 678 1783 1794 
9574 1783 1784 1794 
9575 1796 1784 1785 
9576 1794 1784 1795 
9577 1784 1796 1795 
9578 1786 1796 1785 
9579 1786 1787 1797 
9580 1796 1786 1797 
9581 1787 1788 1799 
9582 1797 1787 1798 
9583 1787 1799 1798 
2 463 2 12
9584 1800 682 677 
9585 1778 1800 677 
9586 681 1782 678 
9587 1782 681 1804 
9588 1801 1778 1779 
9589 1801 1800 1778 
9590 1802 1779 1780 
9591 1802 1801 1779 
9592 1803 1780 1781 
9593 1803 1802 1780 
9594 1782 1803 1781 
9595 1803 1782 1804 
2 464 2 14
9596 680 676 1805 
9597 676 1772 1805 
9598 677 682 1810 
9599 1777 677 1810 
9600 1806 1772 1773 
9601 1805 1772 1806 
9602 1774 1806 1773 
9603 1775 1807 1774 
9604 1774 1807 1806 
9605 1775 1776 1808 
9606 1807 1775 1808 
9607 1776 1777 1809 
9608 1808 1776 1809 
9609 1809 1777 1810 
2 465 2 112
9610 1789 3751 679 
9611 679 3751 1799 
9612 680 3749 1793 
9613 1805 3749 680 
9614 1794 3750 681 
9615 681 3750 1804 
9616 1800 3752 682 
9617 682 3752 1810 
9618 1790 3753 1789 
9619 1789 3753 3751 
9620 1791 3736 1790 
9621 3736 3753 1790 
9622 1792 3735 1791 
9623 1791 3735 3720 
9624 3720 3736 1791 
9625 1793 3755 1792 
9626 1792 3755 3735 
9627 3749 3755 1793 
9628 1795 3743 1794 
9629 1794 3743 3722 
9630 3722 3750 1794 
9631 1796 3728 1795 
9632 3728 3743 1795 
9633 1797 3741 1796 
9634 1796 3741 3728 
9635 1798 3726 1797 
9636 3726 3741 1797 
9637 1799 3742 1798 
9638 1798 3742 3726 
9639 3724 3742 1799 
9640 1799 3751 3724 
9641 1801 3754 1800 
9642 1800 3754 3752 
9643 1802 3737 1801 
9644 3737 3754 1801 
9645 1803 3734 1802 
9646 1802 3734 3721 
9647 3721 3737 1802 
9648 1804 3756 1803 
9649 1803 3756 3734 
9650 3750 3756 1804 
9651 1806 3745 1805 
9652 1805 3745 3723 
9653 3723 3749 1805 
9654 1807 3729 1806 
9655 3729 3745 1806 
9656 1808 3740 1807 
9657 1807 3740 3729 
9658 1809 3727 1808 
9659 3727 3740 1808 
9660 1810 3744 1809 
9661 1809 3744 3727 
9662 3725 3744 1810 
9663 1810 3752 3725 
9664 3713 3732 3730 
9665 3730 3738 3713 
9666 3731 3733 3713 
9667 3713 3739 3731 
9668 3713 3733 3732 
9669 3738 3739 3713 
9670 3720 3731 3714 
9671 3714 3736 3720 
9672 3724 3736 3714 
9673 3714 3742 3724 
9674 3714 3739 3726 
9675 3726 3742 3714 
9676 3731 3739 3714 
9677 3725 3737 3715 
9678 3715 3744 3725 
9679 3715 3732 3727 
9680 3727 3744 3715 
9681 3715 3746 3732 
9682 3737 3746 3715 
9683 3716 3735 3723 
9684 3723 3745 3716 
9685 3729 3733 3716 
9686 3716 3745 3729 
9687 3733 3747 3716 
9688 3716 3747 3735 
9689 3717 3730 3721 
9690 3721 3734 3717 
9691 3717 3734 3722 
9692 3722 3743 3717 
9693 3717 3743 3728 
9694 3728 3748 3717 
9695 3717 3738 3730 
9696 3717 3748 3738 
9697 3727 3732 3718 
9698 3718 3740 3727 
9699 3718 3733 3729 
9700 3729 3740 3718 
9701 3732 3733 3718 
9702 3726 3739 3719 
9703 3719 3741 3726 
9704 3728 3741 3719 
9705 3719 3748 3728 
9706 3719 3739 3738 
9707 3738 3748 3719 
9708 3720 3747 3731 
9709 3735 3747 3720 
9710 3730 3746 3721 
9711 3721 3746 3737 
9712 3734 3756 3722 
9713 3722 3756 3750 
9714 3735 3755 3723 
9715 3723 3755 3749 
9716 3724 3753 3736 
9717 3751 3753 3724 
9718 3725 3754 3737 
9719 3752 3754 3725 
9720 3732 3746 3730 
9721 3731 3747 3733 
2 466 2 114
9722 1811 683 3795 
9723 683 1832 3795 
9724 684 1815 3797 
9725 1816 684 3797 
9726 685 1821 3796 
9727 1822 685 3796 
9728 686 1826 3794 
9729 1827 686 3794 
9730 1812 1811 3800 
9731 1811 3795 3800 
9732 1813 1812 3778 
9733 3778 1812 3800 
9734 1814 1813 3780 
9735 3764 1813 3778 
9736 1813 3764 3780 
9737 1815 1814 3799 
9738 1814 3780 3799 
9739 3797 1815 3799 
9740 1817 1816 3787 
9741 1816 3766 3787 
9742 3766 1816 3797 
9743 1818 1817 3772 
9744 3772 1817 3787 
9745 1819 1818 3784 
9746 1818 3772 3784 
9747 1820 1819 3770 
9748 3770 1819 3784 
9749 1821 1820 3789 
9750 1820 3770 3789 
9751 3769 1821 3789 
9752 1821 3769 3796 
9753 1823 1822 3798 
9754 1822 3796 3798 
9755 1824 1823 3779 
9756 3779 1823 3798 
9757 1825 1824 3781 
9758 3765 1824 3779 
9759 1824 3765 3781 
9760 1826 1825 3801 
9761 1825 3781 3801 
9762 3794 1826 3801 
9763 1828 1827 3788 
9764 1827 3767 3788 
9765 3767 1827 3794 
9766 1829 1828 3773 
9767 3773 1828 3788 
9768 1830 1829 3785 
9769 1829 3773 3785 
9770 1831 1830 3771 
9771 3771 1830 3785 
9772 1832 1831 3786 
9773 1831 3771 3786 
9774 3768 1832 3786 
9775 1832 3768 3795 
9776 3757 3774 3776 
9777 3774 3757 3782 
9778 3757 3775 3777 
9779 3775 3757 3783 
9780 3757 3776 3783 
9781 3757 3777 3782 
9782 3768 3758 3778 
9783 3758 3768 3786 
9784 3758 3771 3776 
9785 3771 3758 3786 
9786 3758 3776 3790 
9787 3778 3758 3790 
9788 3769 3759 3779 
9789 3759 3769 3789 
9790 3759 3770 3777 
9791 3770 3759 3789 
9792 3759 3777 3791 
9793 3779 3759 3791 
9794 3760 3764 3774 
9795 3764 3760 3780 
9796 3760 3766 3780 
9797 3766 3760 3787 
9798 3760 3772 3787 
9799 3772 3760 3793 
9800 3760 3774 3782 
9801 3760 3782 3793 
9802 3761 3765 3775 
9803 3765 3761 3781 
9804 3761 3767 3781 
9805 3767 3761 3788 
9806 3761 3773 3788 
9807 3773 3761 3792 
9808 3761 3775 3783 
9809 3761 3783 3792 
9810 3770 3762 3777 
9811 3762 3770 3784 
9812 3772 3762 3784 
9813 3762 3772 3793 
9814 3777 3762 3782 
9815 3782 3762 3793 
9816 3771 3763 3776 
9817 3763 3771 3785 
9818 3773 3763 3785 
9819 3763 3773 3792 
9820 3776 3763 3783 
9821 3783 3763 3792 
9822 3774 3764 3790 
9823 3764 3778 3790 
9824 3775 3765 3791 
9825 3765 3779 3791 
9826 3780 3766 3799 
9827 3766 3797 3799 
9828 3781 3767 3801 
9829 3767 3794 3801 
9830 3768 3778 3800 
9831 3795 3768 3800 
9832 3769 3779 3798 
9833 3796 3769 3798 
9834 3776 3774 3790 
9835 3777 3775 3791 
2 467 2 12
9836 687 683 1833 
9837 1833 683 1811 
9838 688 1815 684 
9839 688 1837 1815 
9840 1834 1811 1812 
9841 1834 1833 1811 
9842 1835 1812 1813 
9843 1835 1834 1812 
9844 1814 1835 1813 
9845 1837 1814 1815 
9846 1835 1814 1836 
9847 1836 1814 1837 
2 468 2 14
9848 687 1843 683 
9849 1843 1832 683 
9850 689 686 1838 
9851 1838 686 1827 
9852 1839 1827 1828 
9853 1839 1838 1827 
9854 1840 1828 1829 
9855 1840 1839 1828 
9856 1830 1840 1829 
9857 1830 1831 1841 
9858 1840 1830 1841 
9859 1831 1832 1843 
9860 1841 1831 1842 
9861 1831 1843 1842 
2 469 2 12
9862 1844 690 685 
9863 1844 685 1822 
9864 689 1826 686 
9865 1826 689 1848 
9866 1845 1822 1823 
9867 1845 1844 1822 
9868 1846 1823 1824 
9869 1846 1845 1823 
9870 1847 1824 1825 
9871 1847 1846 1824 
9872 1826 1847 1825 
9873 1847 1826 1848 
2 470 2 14
9874 688 684 1849 
9875 1849 684 1816 
9876 690 1854 685 
9877 1854 1821 685 
9878 1850 1816 1817 
9879 1850 1849 1816 
9880 1851 1817 1818 
9881 1851 1850 1817 
9882 1819 1851 1818 
9883 1819 1820 1852 
9884 1851 1819 1852 
9885 1854 1820 1821 
9886 1852 1820 1853 
9887 1820 1854 1853 
2 471 2 114
9888 1833 3841 687 
9889 687 3841 1843 
9890 688 3840 1837 
9891 1849 3840 688 
9892 1838 3839 689 
9893 689 3839 1848 
9894 1844 3842 690 
9895 690 3842 1854 
9896 1834 3844 1833 
9897 1833 3844 3841 
9898 1835 3823 1834 
9899 3823 3844 1834 
9900 1836 3826 1835 
9901 3809 3823 1835 
9902 1835 3826 3809 
9903 1837 3846 1836 
9904 1836 3846 3826 
9905 3840 3846 1837 
9906 1839 3832 1838 
9907 1838 3832 3811 
9908 3811 3839 1838 
9909 1840 3817 1839 
9910 3817 3832 1839 
9911 1841 3829 1840 
9912 1840 3829 3817 
9913 1842 3815 1841 
9914 3815 3829 1841 
9915 1843 3831 1842 
9916 1842 3831 3815 
9917 3813 3831 1843 
9918 1843 3841 3813 
9919 1845 3843 1844 
9920 1844 3843 3842 
9921 1846 3824 1845 
9922 3824 3843 1845 
9923 1847 3825 1846 
9924 3810 3824 1846 
9925 1846 3825 3810 
9926 1848 3845 1847 
9927 1847 3845 3825 
9928 3839 3845 1848 
9929 1850 3833 1849 
9930 1849 3833 3812 
9931 3812 3840 1849 
9932 1851 3818 1850 
9933 3818 3833 1850 
9934 1852 3830 1851 
9935 1851 3830 3818 
9936 1853 3816 1852 
9937 3816 3830 1852 
9938 1854 3834 1853 
9939 1853 3834 3816 
9940 3814 3834 1854 
9941 1854 3842 3814 
9942 3802 3822 3819 
9943 3819 3827 3802 
9944 3802 3821 3820 
9945 3820 3828 3802 
9946 3802 3827 3821 
9947 3802 3828 3822 
9948 3813 3823 3803 
9949 3803 3831 3813 
9950 3803 3821 3815 
9951 3815 3831 3803 
9952 3803 3836 3821 
9953 3823 3836 3803 
9954 3814 3824 3804 
9955 3804 3834 3814 
9956 3804 3822 3816 
9957 3816 3834 3804 
9958 3804 3835 3822 
9959 3824 3835 3804 
9960 3805 3820 3809 
9961 3809 3826 3805 
9962 3805 3826 3812 
9963 3812 3833 3805 
9964 3805 3833 3818 
9965 3818 3837 3805 
9966 3805 3828 3820 
9967 3805 3837 3828 
9968 3806 3819 3810 
9969 3810 3825 3806 
9970 3806 3825 3811 
9971 3811 3832 3806 
9972 3806 3832 3817 
9973 3817 3838 3806 
9974 3806 3827 3819 
9975 3806 3838 3827 
9976 3815 3821 3807 
9977 3807 3829 3815 
9978 3817 3829 3807 
9979 3807 3838 3817 
9980 3821 3827 3807 
9981 3827 3838 3807 
9982 3816 3822 3808 
9983 3808 3830 3816 
9984 3818 3830 3808 
9985 3808 3837 3818 
9986 3822 3828 3808 
9987 3828 3837 3808 
9988 3820 3836 3809 
9989 3809 3836 3823 
9990 3819 3835 3810 
9991 3810 3835 3824 
9992 3825 3845 3811 
9993 3811 3845 3839 
9994 3826 3846 3812 
9995 3812 3846 3840 
9996 3813 3844 3823 
9997 3841 3844 3813 
9998 3814 3843 3824 
9999 3842 3843 3814 
10000 3822 3835 3819 
10001 3821 3836 3820 
2 472 2 7
10002 1855 691 3847 
10003 691 1860 3847 
10004 1856 1855 3847 
10005 1857 1856 3847 
10006 1858 1857 3847 
10007 1859 1858 3847 
10008 1860 1859 3847 
2 473 2 14
10009 1861 692 691 
10010 691 692 1866 
10011 1861 691 1855 
10012 691 1866 1860 
10013 1856 1862 1855 
10014 1862 1861 1855 
10015 1857 1862 1856 
10016 1858 1864 1857 
10017 1857 1863 1862 
10018 1864 1863 1857 
10019 1859 1864 1858 
10020 1860 1865 1859 
10021 1859 1865 1864 
10022 1866 1865 1860 
2 474 2 7
10023 1861 3848 692 
10024 692 3848 1866 
10025 1862 3848 1861 
10026 1863 3848 1862 
10027 1864 3848 1863 
10028 1865 3848 1864 
10029 1866 3848 1865 
2 475 2 7
10030 1867 693 3849 
10031 693 1872 3849 
10032 1868 1867 3849 
10033 1869 1868 3849 
10034 1870 1869 3849 
10035 1871 1870 3849 
10036 1872 1871 3849 
2 476 2 14
10037 693 694 1872 
10038 1873 694 693 
10039 1873 693 1867 
10040 694 1878 1872 
10041 1868 1874 1867 
10042 1874 1873 1867 
10043 1869 1874 1868 
10044 1870 1876 1869 
10045 1869 1875 1874 
10046 1876 1875 1869 
10047 1871 1876 1870 
10048 1872 1877 1871 
10049 1871 1877 1876 
10050 1872 1878 1877 
2 477 2 7
10051 1873 3850 694 
10052 694 3850 1878 
10053 1874 3850 1873 
10054 1875 3850 1874 
10055 1876 3850 1875 
10056 1877 3850 1876 
10057 1878 3850 1877 
2 478 2 7
10058 1879 695 3851 
10059 695 1884 3851 
10060 1880 1879 3851 
10061 1881 1880 3851 
10062 1882 1881 3851 
10063 1883 1882 3851 
10064 1884 1883 3851 
2 479 2 14
10065 1879 696 695 
10066 696 1890 695 
10067 695 1890 1884 
10068 1879 1885 696 
10069 1880 1886 1879 
10070 1886 1885 1879 
10071 1881 1886 1880 
10072 1882 1888 1881 
10073 1881 1887 1886 
10074 1888 1887 1881 
10075 1883 1888 1882 
10076 1884 1889 1883 
10077 1883 1889 1888 
10078 1890 1889 1884 
2 480 2 7
10079 1885 3852 696 
10080 696 3852 1890 
10081 1886 3852 1885 
10082 1887 3852 1886 
10083 1888 3852 1887 
10084 1889 3852 1888 
10085 1890 3852 1889 
2 481 2 7
10086 1891 697 3853 
10087 697 1896 3853 
10088 1892 1891 3853 
10089 1893 1892 3853 
10090 1894 1893 3853 
10091 1895 1894 3853 
10092 1896 1895 3853 
2 482 2 14
10093 698 1896 697 
10094 1897 698 697 
10095 1897 697 1891 
10096 698 1902 1896 
10097 1892 1898 1891 
10098 1898 1897 1891 
10099 1893 1898 1892 
10100 1894 1900 1893 
10101 1893 1899 1898 
10102 1900 1899 1893 
10103 1895 1900 1894 
10104 1896 1902 1895 
10105 1895 1901 1900 
10106 1902 1901 1895 
2 483 2 7
10107 1897 3854 698 
10108 698 3854 1902 
10109 1898 3854 1897 
10110 1899 3854 1898 
10111 1900 3854 1899 
10112 1901 3854 1900 
10113 1902 3854 1901 
2 484 2 7
10114 1903 699 3855 
10115 699 1908 3855 
10116 1904 1903 3855 
10117 1905 1904 3855 
10118 1906 1905 3855 
10119 1907 1906 3855 
10120 1908 1907 3855 
2 485 2 14
10121 1909 700 699 
10122 700 1914 699 
10123 1909 699 1903 
10124 699 1914 1908 
10125 1904 1909 1903 
10126 1905 1910 1904 
10127 1910 1909 1904 
10128 1906 1911 1905 
10129 1905 1911 1910 
10130 1907 1912 1906 
10131 1906 1912 1911 
10132 1914 1907 1908 
10133 1907 1913 1912 
10134 1914 1913 1907 
2 486 2 7
10135 1909 3856 700 
10136 700 3856 1914 
10137 1910 3856 1909 
10138 1911 3856 1910 
10139 1912 3856 1911 
10140 1913 3856 1912 
10141 1914 3856 1913 
2 487 2 7
10142 1915 701 3857 
10143 701 1920 3857 
10144 1916 1915 3857 
10145 1917 1916 3857 
10146 1918 1917 3857 
10147 1919 1918 3857 
10148 1920 1919 3857 
2 488 2 14
10149 1915 702 701 
10150 701 702 1920 
10151 1921 702 1915 
10152 702 1926 1920 
10153 1916 1921 1915 
10154 1917 1922 1916 
10155 1922 1921 1916 
10156 1918 1924 1917 
10157 1917 1923 1922 
10158 1924 1923 1917 
10159 1919 1924 1918 
10160 1920 1926 1919 
10161 1919 1925 1924 
10162 1926 1925 1919 
2 489 2 7
10163 1921 3858 702 
10164 702 3858 1926 
10165 1922 3858 1921 
10166 1923 3858 1922 
10167 1924 3858 1923 
10168 1925 3858 1924 
10169 1926 3858 1925 
2 490 2 7
10170 1927 703 3859 
10171 703 1932 3859 
10172 1928 1927 3859 
10173 1929 1928 3859 
10174 1930 1929 3859 
10175 1931 1930 3859 
10176 1932 1931 3859 
2 491 2 14
10177 703 704 1932 
10178 1933 704 703 
10179 1927 1933 703 
10180 704 1938 1932 
10181 1928 1934 1927 
10182 1934 1933 1927 
10183 1929 1934 1928 
10184 1930 1935 1929 
10185 1929 1935 1934 
10186 1931 1936 1930 
10187 1936 1935 1930 
10188 1938 1931 1932 
10189 1931 1937 1936 
10190 1938 1937 1931 
2 492 2 7
10191 1933 3860 704 
10192 704 3860 1938 
10193 1934 3860 1933 
10194 1935 3860 1934 
10195 1936 3860 1935 
10196 1937 3860 1936 
10197 1938 3860 1937 
2 493 2 7
10198 1939 705 3861 
10199 705 1944 3861 
10200 1940 1939 3861 
10201 1941 1940 3861 
10202 1942 1941 3861 
10203 1943 1942 3861 
10204 1944 1943 3861 
2 494 2 14
10205 1939 706 705 
10206 706 1950 705 
10207 705 1950 1944 
10208 1945 706 1939 
10209 1940 1945 1939 
10210 1941 1946 1940 
10211 1946 1945 1940 
10212 1942 1948 1941 
10213 1941 1947 1946 
10214 1948 1947 1941 
10215 1943 1948 1942 
10216 1944 1949 1943 
10217 1943 1949 1948 
10218 1950 1949 1944 
2 495 2 7
10219 1945 3862 706 
10220 706 3862 1950 
10221 1946 3862 1945 
10222 1947 3862 1946 
10223 1948 3862 1947 
10224 1949 3862 1948 
10225 1950 3862 1949 
2 496 2 56
10226 1951 707 3873 
10227 707 1958 3870 
10228 707 3870 3873 
10229 708 1951 3878 
10230 1952 708 3867 
10231 3867 708 3878 
10232 709 1952 3867 
10233 1953 709 3877 
10234 709 3867 3877 
10235 710 1953 3874 
10236 1954 710 3869 
10237 3869 710 3874 
10238 711 1954 3869 
10239 1955 711 3871 
10240 711 3869 3871 
10241 712 1955 3875 
10242 1956 712 3868 
10243 3868 712 3875 
10244 713 1956 3868 
10245 1957 713 3876 
10246 713 3868 3876 
10247 714 1957 3872 
10248 1958 714 3870 
10249 3870 714 3872 
10250 1951 3873 3881 
10251 3878 1951 3881 
10252 3874 1953 3880 
10253 1953 3877 3880 
10254 1955 3871 3882 
10255 3875 1955 3882 
10256 3872 1957 3883 
10257 1957 3876 3883 
10258 3863 3868 3875 
10259 3868 3863 3876 
10260 3863 3875 3882 
10261 3876 3863 3883 
10262 3879 3863 3882 
10263 3863 3879 3883 
10264 3867 3864 3877 
10265 3864 3867 3878 
10266 3877 3864 3880 
10267 3864 3878 3881 
10268 3864 3879 3880 
10269 3879 3864 3881 
10270 3869 3865 3871 
10271 3865 3869 3874 
10272 3871 3865 3882 
10273 3865 3874 3880 
10274 3879 3865 3880 
10275 3865 3879 3882 
10276 3866 3870 3872 
10277 3870 3866 3873 
10278 3866 3872 3883 
10279 3873 3866 3881 
10280 3866 3879 3881 
10281 3879 3866 3883 
2 497 2 4
10282 1959 715 707 
10283 1951 1959 707 
10284 1959 708 716 
10285 708 1959 1951 
2 498 2 4
10286 715 1958 707 
10287 1960 717 714 
10288 1958 1960 714 
10289 715 1960 1958 
2 499 2 4
10290 1961 718 713 
10291 1957 1961 713 
10292 714 717 1961 
10293 1957 714 1961 
2 500 2 4
10294 1962 719 712 
10295 1956 1962 712 
10296 718 1956 713 
10297 718 1962 1956 
2 501 2 4
10298 1963 720 711 
10299 1955 1963 711 
10300 1963 712 719 
10301 712 1963 1955 
2 502 2 4
10302 1954 721 710 
10303 720 1954 711 
10304 720 1964 1954 
10305 1954 1964 721 
2 503 2 4
10306 1965 722 709 
10307 1953 1965 709 
10308 1965 710 721 
10309 1953 710 1965 
2 504 2 4
10310 1966 716 708 
10311 1952 1966 708 
10312 709 722 1952 
10313 722 1966 1952 
2 505 2 56
10314 1959 3896 715 
10315 715 3888 1960 
10316 715 3896 3888 
10317 716 3892 1959 
10318 1966 3891 716 
10319 3891 3892 716 
10320 1960 3888 717 
10321 717 3898 1961 
10322 3888 3898 717 
10323 1961 3893 718 
10324 718 3890 1962 
10325 718 3893 3890 
10326 1962 3890 719 
10327 719 3894 1963 
10328 3890 3894 719 
10329 1963 3897 720 
10330 720 3889 1964 
10331 720 3897 3889 
10332 1964 3889 721 
10333 721 3899 1965 
10334 3889 3899 721 
10335 1965 3895 722 
10336 722 3891 1966 
10337 722 3895 3891 
10338 3892 3904 1959 
10339 1959 3904 3896 
10340 1961 3903 3893 
10341 3898 3903 1961 
10342 3894 3901 1963 
10343 1963 3901 3897 
10344 1965 3902 3895 
10345 3899 3902 1965 
10346 3889 3897 3884 
10347 3884 3899 3889 
10348 3897 3901 3884 
10349 3884 3902 3899 
10350 3884 3901 3900 
10351 3900 3902 3884 
10352 3888 3896 3885 
10353 3885 3898 3888 
10354 3896 3904 3885 
10355 3885 3903 3898 
10356 3900 3903 3885 
10357 3885 3904 3900 
10358 3890 3893 3886 
10359 3886 3894 3890 
10360 3893 3903 3886 
10361 3886 3901 3894 
10362 3900 3901 3886 
10363 3886 3903 3900 
10364 3887 3892 3891 
10365 3891 3895 3887 
10366 3887 3904 3892 
10367 3895 3902 3887 
10368 3887 3902 3900 
10369 3900 3904 3887 
2 506 2 22
10370 1967 723 3908 
10371 723 1974 3908 
10372 724 1967 3909 
10373 1968 724 3909 
10374 725 1970 3907 
10375 1971 725 3907 
10376 726 1971 3910 
10377 1972 726 3910 
10378 1967 3908 3909 
10379 1969 1968 3906 
10380 3906 1968 3909 
10381 1970 1969 3905 
10382 3905 1969 3906 
10383 1970 3905 3907 
10384 1971 3907 3910 
10385 1973 1972 3905 
10386 3905 1972 3910 
10387 1974 1973 3906 
10388 1973 3905 3906 
10389 1974 3906 3908 
10390 3907 3905 3910 
10391 3908 3906 3909 
2 507 2 4
10392 1975 727 723 
10393 1967 1975 723 
10394 1967 724 728 
10395 1967 728 1975 
2 508 2 8
10396 1978 723 727 
10397 723 1978 1974 
10398 1976 729 726 
10399 1972 1976 726 
10400 1972 1973 1976 
10401 1978 1973 1974 
10402 1976 1973 1977 
10403 1973 1978 1977 
2 509 2 4
10404 1979 730 725 
10405 1971 1979 725 
10406 1971 726 729 
10407 1979 1971 729 
2 510 2 8
10408 1980 728 724 
10409 1968 1980 724 
10410 1982 725 730 
10411 1970 725 1982 
10412 1968 1969 1981 
10413 1968 1981 1980 
10414 1969 1970 1982 
10415 1969 1982 1981 
2 511 2 22
10416 1975 3916 727 
10417 727 3916 1978 
10418 728 3913 1975 
10419 1980 3913 728 
10420 1976 3915 729 
10421 729 3915 1979 
10422 1979 3914 730 
10423 730 3914 1982 
10424 3913 3916 1975 
10425 1977 3912 1976 
10426 3912 3915 1976 
10427 1978 3911 1977 
10428 3911 3912 1977 
10429 1978 3916 3911 
10430 1979 3915 3914 
10431 1981 3911 1980 
10432 3911 3913 1980 
10433 1982 3912 1981 
10434 1981 3912 3911 
10435 1982 3914 3912 
10436 3911 3916 3913 
10437 3914 3915 3912 
2 512 2 22
10438 1983 731 3920 
10439 731 1990 3920 
10440 732 1983 3921 
10441 1984 732 3921 
10442 733 1986 3922 
10443 1987 733 3922 
10444 734 1987 3919 
10445 1988 734 3919 
10446 1983 3920 3921 
10447 1985 1984 3918 
10448 3918 1984 3921 
10449 1986 1985 3917 
10450 3917 1985 3918 
10451 1986 3917 3922 
10452 3919 1987 3922 
10453 1989 1988 3917 
10454 3917 1988 3919 
10455 1990 1989 3918 
10456 1989 3917 3918 
10457 1990 3918 3920 
10458 3917 3919 3922 
10459 3920 3918 3921 
2 513 2 4
10460 1991 735 731 
10461 1983 1991 731 
10462 1991 732 736 
10463 732 1991 1983 
2 514 2 8
10464 1994 731 735 
10465 1994 1990 731 
10466 1992 737 734 
10467 1988 1992 734 
10468 1988 1989 1993 
10469 1988 1993 1992 
10470 1989 1990 1994 
10471 1989 1994 1993 
2 515 2 4
10472 1995 738 733 
10473 1987 1995 733 
10474 1987 734 737 
10475 1995 1987 737 
2 516 2 8
10476 1996 736 732 
10477 1984 1996 732 
10478 1998 733 738 
10479 733 1998 1986 
10480 1985 1996 1984 
10481 1998 1985 1986 
10482 1996 1985 1997 
10483 1985 1998 1997 
2 517 2 22
10484 1991 3926 735 
10485 735 3926 1994 
10486 736 3927 1991 
10487 1996 3927 736 
10488 1992 3925 737 
10489 737 3925 1995 
10490 1995 3928 738 
10491 738 3928 1998 
10492 1991 3927 3926 
10493 1993 3923 1992 
10494 3923 3925 1992 
10495 1994 3924 1993 
10496 1993 3924 3923 
10497 1994 3926 3924 
10498 3925 3928 1995 
10499 1997 3924 1996 
10500 3924 3927 1996 
10501 1998 3923 1997 
10502 3923 3924 1997 
10503 1998 3928 3923 
10504 3923 3928 3925 
10505 3926 3927 3924 
2 518 2 56
10506 1999 739 3941 
10507 739 2006 3934 
10508 739 3934 3941 
10509 740 1999 3939 
10510 2000 740 3935 
10511 3935 740 3939 
10512 741 2000 3935 
10513 2001 741 3937 
10514 741 3935 3937 
10515 742 2001 3944 
10516 2002 742 3933 
10517 3933 742 3944 
10518 743 2002 3933 
10519 2003 743 3942 
10520 743 3933 3942 
10521 744 2003 3938 
10522 2004 744 3936 
10523 3936 744 3938 
10524 745 2004 3936 
10525 2005 745 3940 
10526 745 3936 3940 
10527 746 2005 3943 
10528 2006 746 3934 
10529 3934 746 3943 
10530 3939 1999 3946 
10531 1999 3941 3946 
10532 2001 3937 3948 
10533 3944 2001 3948 
10534 3938 2003 3949 
10535 2003 3942 3949 
10536 2005 3940 3947 
10537 3943 2005 3947 
10538 3933 3929 3942 
10539 3929 3933 3944 
10540 3942 3929 3949 
10541 3929 3944 3948 
10542 3945 3929 3948 
10543 3929 3945 3949 
10544 3934 3930 3941 
10545 3930 3934 3943 
10546 3941 3930 3946 
10547 3930 3943 3947 
10548 3930 3945 3946 
10549 3945 3930 3947 
10550 3931 3936 3938 
10551 3936 3931 3940 
10552 3931 3938 3949 
10553 3940 3931 3947 
10554 3931 3945 3947 
10555 3945 3931 3949 
10556 3935 3932 3937 
10557 3932 3935 3939 
10558 3937 3932 3948 
10559 3932 3939 3946 
10560 3945 3932 3946 
10561 3932 3945 3948 
2 519 2 4
10562 2007 747 739 
10563 1999 2007 739 
10564 2007 740 748 
10565 1999 740 2007 
2 520 2 4
10566 739 747 2006 
10567 2008 749 746 
10568 2006 2008 746 
10569 747 2008 2006 
2 521 2 4
10570 2009 750 745 
10571 2005 2009 745 
10572 2009 746 749 
10573 2005 746 2009 
2 522 2 4
10574 2004 751 744 
10575 745 750 2004 
10576 750 2010 2004 
10577 2004 2010 751 
2 523 2 4
10578 2011 752 743 
10579 2003 2011 743 
10580 2011 744 751 
10581 2003 744 2011 
2 524 2 4
10582 2012 753 742 
10583 2002 2012 742 
10584 752 2002 743 
10585 752 2012 2002 
2 525 2 4
10586 2013 754 741 
10587 2001 2013 741 
10588 2013 742 753 
10589 742 2013 2001 
2 526 2 4
10590 2000 748 740 
10591 754 2014 741 
10592 741 2014 2000 
10593 2014 748 2000 
2 527 2 56
10594 2007 3962 747 
10595 747 3955 2008 
10596 747 3962 3955 
10597 748 3959 2007 
10598 2014 3956 748 
10599 3956 3959 748 
10600 2008 3955 749 
10601 749 3963 2009 
10602 3955 3963 749 
10603 2009 3960 750 
10604 750 3957 2010 
10605 750 3960 3957 
10606 2010 3957 751 
10607 751 3958 2011 
10608 3957 3958 751 
10609 2011 3965 752 
10610 752 3954 2012 
10611 752 3965 3954 
10612 2012 3954 753 
10613 753 3964 2013 
10614 3954 3964 753 
10615 2013 3961 754 
10616 754 3956 2014 
10617 754 3961 3956 
10618 3959 3970 2007 
10619 2007 3970 3962 
10620 2009 3968 3960 
10621 3963 3968 2009 
10622 3958 3969 2011 
10623 2011 3969 3965 
10624 2013 3967 3961 
10625 3964 3967 2013 
10626 3955 3962 3950 
10627 3950 3963 3955 
10628 3962 3970 3950 
10629 3950 3968 3963 
10630 3966 3968 3950 
10631 3950 3970 3966 
10632 3951 3964 3954 
10633 3954 3965 3951 
10634 3951 3967 3964 
10635 3965 3969 3951 
10636 3966 3967 3951 
10637 3951 3969 3966 
10638 3952 3959 3956 
10639 3956 3961 3952 
10640 3952 3970 3959 
10641 3961 3967 3952 
10642 3952 3967 3966 
10643 3966 3970 3952 
10644 3953 3958 3957 
10645 3957 3960 3953 
10646 3953 3969 3958 
10647 3960 3968 3953 
10648 3953 3968 3966 
10649 3966 3969 3953 
2 528 2 18
10650 2015 755 3975 
10651 755 2020 3975 
10652 756 2016 3974 
10653 2017 756 3974 
10654 757 2017 3973 
10655 2018 757 3973 
10656 758 2019 3972 
10657 2020 758 3972 
10658 2016 2015 3971 
10659 3971 2015 3975 
10660 2016 3971 3974 
10661 3973 2017 3974 
10662 2019 2018 3971 
10663 3971 2018 3973 
10664 2019 3971 3972 
10665 2020 3972 3975 
10666 3972 3971 3975 
10667 3971 3973 3974 
2 529 2 6
10668 2021 759 755 
10669 2015 2021 755 
10670 2022 756 760 
10671 756 2022 2016 
10672 2022 2015 2016 
10673 2015 2022 2021 
2 530 2 4
10674 2020 755 759 
10675 2023 761 758 
10676 2020 2023 758 
10677 2023 2020 759 
2 531 2 6
10678 2024 762 757 
10679 2018 2024 757 
10680 2019 758 761 
10681 2025 2019 761 
10682 2019 2024 2018 
10683 2019 2025 2024 
2 532 2 4
10684 2026 760 756 
10685 2017 2026 756 
10686 757 762 2017 
10687 762 2026 2017 
2 533 2 18
10688 2021 3980 759 
10689 759 3980 2023 
10690 760 3979 2022 
10691 2026 3979 760 
10692 2023 3977 761 
10693 761 3977 2025 
10694 2024 3978 762 
10695 762 3978 2026 
10696 2022 3976 2021 
10697 3976 3980 2021 
10698 2022 3979 3976 
10699 2023 3980 3977 
10700 2025 3976 2024 
10701 3976 3978 2024 
10702 2025 3977 3976 
10703 3978 3979 2026 
10704 3977 3980 3976 
10705 3976 3979 3978 
2 534 2 18
10706 2027 763 3985 
10707 763 2032 3985 
10708 764 2028 3984 
10709 2029 764 3984 
10710 765 2029 3983 
10711 2030 765 3983 
10712 766 2031 3982 
10713 2032 766 3982 
10714 2028 2027 3981 
10715 3981 2027 3985 
10716 2028 3981 3984 
10717 3983 2029 3984 
10718 2031 2030 3981 
10719 3981 2030 3983 
10720 2031 3981 3982 
10721 2032 3982 3985 
10722 3982 3981 3985 
10723 3981 3983 3984 
2 535 2 6
10724 2033 767 763 
10725 2027 2033 763 
10726 2034 764 768 
10727 764 2034 2028 
10728 2034 2027 2028 
10729 2027 2034 2033 
2 536 2 4
10730 2032 763 767 
10731 2035 769 766 
10732 2032 2035 766 
10733 2035 2032 767 
2 537 2 6
10734 2036 770 765 
10735 2030 2036 765 
10736 766 769 2031 
10737 769 2037 2031 
10738 2037 2030 2031 
10739 2037 2036 2030 
2 538 2 4
10740 2038 768 764 
10741 2029 2038 764 
10742 765 770 2029 
10743 2029 770 2038 
2 539 2 18
10744 2033 3990 767 
10745 767 3990 2035 
10746 768 3989 2034 
10747 2038 3989 768 
10748 2035 3987 769 
10749 769 3987 2037 
10750 2036 3988 770 
10751 770 3988 2038 
10752 2034 3986 2033 
10753 3986 3990 2033 
10754 2034 3989 3986 
10755 2035 3990 3987 
10756 2037 3986 2036 
10757 3986 3988 2036 
10758 2037 3987 3986 
10759 3988 3989 2038 
10760 3987 3990 3986 
10761 3986 3989 3988 
2 540 2 22
10762 2039 771 3995 
10763 771 2046 3995 
10764 772 2039 3994 
10765 2040 772 3994 
10766 773 2042 3993 
10767 2043 773 3993 
10768 774 2043 3996 
10769 2044 774 3996 
10770 3994 2039 3995 
10771 2041 2040 3992 
10772 3992 2040 3994 
10773 2042 2041 3991 
10774 3991 2041 3992 
10775 2042 3991 3993 
10776 2043 3993 3996 
10777 2045 2044 3991 
10778 3991 2044 3996 
10779 2046 2045 3992 
10780 2045 3991 3992 
10781 2046 3992 3995 
10782 3993 3991 3996 
10783 3992 3994 3995 
2 541 2 4
10784 2047 775 771 
10785 2039 2047 771 
10786 2047 772 776 
10787 2039 772 2047 
2 542 2 8
10788 2046 771 775 
10789 2048 777 774 
10790 2044 2048 774 
10791 2050 2046 775 
10792 2044 2045 2049 
10793 2044 2049 2048 
10794 2045 2046 2050 
10795 2045 2050 2049 
2 543 2 4
10796 2051 778 773 
10797 2043 2051 773 
10798 2043 774 777 
10799 2051 2043 777 
2 544 2 8
10800 2052 776 772 
10801 2040 2052 772 
10802 2042 773 778 
10803 2054 2042 778 
10804 2040 2041 2053 
10805 2040 2053 2052 
10806 2041 2042 2054 
10807 2041 2054 2053 
2 545 2 22
10808 2047 4001 775 
10809 775 4001 2050 
10810 776 4000 2047 
10811 2052 4000 776 
10812 2048 4002 777 
10813 777 4002 2051 
10814 2051 3999 778 
10815 778 3999 2054 
10816 4000 4001 2047 
10817 2049 3997 2048 
10818 3997 4002 2048 
10819 2050 3998 2049 
10820 2049 3998 3997 
10821 2050 4001 3998 
10822 2051 4002 3999 
10823 2053 3998 2052 
10824 3998 4000 2052 
10825 2054 3997 2053 
10826 3997 3998 2053 
10827 2054 3999 3997 
10828 3999 4002 3997 
10829 3998 4001 4000 
2 546 2 22
10830 2055 779 4007 
10831 779 2062 4007 
10832 780 2055 4006 
10833 2056 780 4006 
10834 781 2058 4005 
10835 2059 781 4005 
10836 782 2059 4008 
10837 2060 782 4008 
10838 4006 2055 4007 
10839 2057 2056 4004 
10840 4004 2056 4006 
10841 2058 2057 4003 
10842 4003 2057 4004 
10843 2058 4003 4005 
10844 2059 4005 4008 
10845 2061 2060 4003 
10846 4003 2060 4008 
10847 2062 2061 4004 
10848 2061 4003 4004 
10849 2062 4004 4007 
10850 4005 4003 4008 
10851 4004 4006 4007 
2 547 2 4
10852 2063 783 779 
10853 2055 2063 779 
10854 2063 780 784 
10855 2055 780 2063 
2 548 2 8
10856 2062 779 783 
10857 2064 785 782 
10858 2060 2064 782 
10859 2066 2062 783 
10860 2060 2061 2065 
10861 2060 2065 2064 
10862 2061 2062 2066 
10863 2061 2066 2065 
2 549 2 4
10864 2067 786 781 
10865 2059 2067 781 
10866 2059 782 785 
10867 2067 2059 785 
2 550 2 8
10868 2068 784 780 
10869 2056 2068 780 
10870 781 786 2058 
10871 786 2070 2058 
10872 2056 2057 2069 
10873 2056 2069 2068 
10874 2070 2057 2058 
10875 2057 2070 2069 
2 551 2 22
10876 2063 4013 783 
10877 783 4013 2066 
10878 784 4012 2063 
10879 2068 4012 784 
10880 2064 4014 785 
10881 785 4014 2067 
10882 2067 4011 786 
10883 786 4011 2070 
10884 4012 4013 2063 
10885 2065 4009 2064 
10886 4009 4014 2064 
10887 2066 4010 2065 
10888 2065 4010 4009 
10889 2066 4013 4010 
10890 2067 4014 4011 
10891 2069 4010 2068 
10892 4010 4012 2068 
10893 2070 4009 2069 
10894 4009 4010 2069 
10895 2070 4011 4009 
10896 4011 4014 4009 
10897 4010 4013 4012 
2 552 2 18
10898 2071 787 4017 
10899 787 2076 4017 
10900 788 2072 4016 
10901 2073 788 4016 
10902 789 2073 4018 
10903 2074 789 4018 
10904 790 2075 4019 
10905 2076 790 4019 
10906 2072 2071 4015 
10907 4015 2071 4017 
10908 2072 4015 4016 
10909 2073 4016 4018 
10910 2075 2074 4015 
10911 4015 2074 4018 
10912 2075 4015 4019 
10913 4017 2076 4019 
10914 4016 4015 4018 
10915 4015 4017 4019 
2 553 2 6
10916 2077 791 787 
10917 2071 2077 787 
10918 2072 788 792 
10919 2072 792 2078 
10920 2071 2072 2077 
10921 2077 2072 2078 
2 554 2 4
10922 2076 787 791 
10923 2079 793 790 
10924 2076 2079 790 
10925 2079 2076 791 
2 555 2 6
10926 2080 794 789 
10927 2074 2080 789 
10928 2075 790 793 
10929 2075 793 2081 
10930 2074 2075 2080 
10931 2080 2075 2081 
2 556 2 4
10932 2082 792 788 
10933 2073 2082 788 
10934 2073 789 794 
10935 2082 2073 794 
2 557 2 18
10936 2077 4022 791 
10937 791 4022 2079 
10938 792 4021 2078 
10939 2082 4021 792 
10940 2079 4024 793 
10941 793 4024 2081 
10942 2080 4023 794 
10943 794 4023 2082 
10944 2078 4020 2077 
10945 4020 4022 2077 
10946 2078 4021 4020 
10947 4022 4024 2079 
10948 2081 4020 2080 
10949 4020 4023 2080 
10950 2081 4024 4020 
10951 2082 4023 4021 
10952 4021 4023 4020 
10953 4020 4024 4022 
2 558 2 18
10954 2083 795 4027 
10955 795 2088 4027 
10956 796 2084 4026 
10957 2085 796 4026 
10958 797 2085 4028 
10959 2086 797 4028 
10960 798 2087 4029 
10961 2088 798 4029 
10962 2084 2083 4025 
10963 4025 2083 4027 
10964 2084 4025 4026 
10965 2085 4026 4028 
10966 2087 2086 4025 
10967 4025 2086 4028 
10968 2087 4025 4029 
10969 4027 2088 4029 
10970 4026 4025 4028 
10971 4025 4027 4029 
2 559 2 6
10972 2089 799 795 
10973 2083 2089 795 
10974 2090 796 800 
10975 2084 796 2090 
10976 2083 2084 2090 
10977 2083 2090 2089 
2 560 2 4
10978 795 799 2088 
10979 2091 801 798 
10980 2088 2091 798 
10981 799 2091 2088 
2 561 2 6
10982 2092 802 797 
10983 2086 2092 797 
10984 2087 798 801 
10985 2093 2087 801 
10986 2086 2087 2093 
10987 2086 2093 2092 
2 562 2 4
10988 2094 800 796 
10989 2085 2094 796 
10990 2085 797 802 
10991 2094 2085 802 
2 563 2 18
10992 2089 4032 799 
10993 799 4032 2091 
10994 800 4031 2090 
10995 2094 4031 800 
10996 2091 4034 801 
10997 801 4034 2093 
10998 2092 4033 802 
10999 802 4033 2094 
11000 2090 4030 2089 
11001 4030 4032 2089 
11002 2090 4031 4030 
11003 4032 4034 2091 
11004 2093 4030 2092 
11005 4030 4033 2092 
11006 2093 4034 4030 
11007 2094 4033 4031 
11008 4031 4033 4030 
11009 4030 4034 4032 
2 564 2 18
11010 2095 803 4039 
11011 803 2100 4039 
11012 804 2096 4038 
11013 2097 804 4038 
11014 805 2097 4037 
11015 2098 805 4037 
11016 806 2099 4036 
11017 2100 806 4036 
11018 2096 2095 4035 
11019 4035 2095 4039 
11020 2096 4035 4038 
11021 4037 2097 4038 
11022 2099 2098 4035 
11023 4035 2098 4037 
11024 2099 4035 4036 
11025 2100 4036 4039 
11026 4036 4035 4039 
11027 4035 4037 4038 
2 565 2 6
11028 2101 807 803 
11029 2095 2101 803 
11030 2102 804 808 
11031 2096 804 2102 
11032 2096 2101 2095 
11033 2096 2102 2101 
2 566 2 4
11034 2100 803 807 
11035 2103 809 806 
11036 2100 2103 806 
11037 2103 2100 807 
2 567 2 6
11038 2104 810 805 
11039 2098 2104 805 
11040 2099 806 809 
11041 2099 809 2105 
11042 2098 2099 2104 
11043 2104 2099 2105 
2 568 2 4
11044 2106 808 804 
11045 2097 2106 804 
11046 2097 805 810 
11047 2106 2097 810 
2 569 2 18
11048 2101 4044 807 
11049 807 4044 2103 
11050 808 4043 2102 
11051 2106 4043 808 
11052 2103 4041 809 
11053 809 4041 2105 
11054 2104 4042 810 
11055 810 4042 2106 
11056 2102 4040 2101 
11057 4040 4044 2101 
11058 2102 4043 4040 
11059 2103 4044 4041 
11060 2105 4040 2104 
11061 4040 4042 2104 
11062 2105 4041 4040 
11063 4042 4043 2106 
11064 4041 4044 4040 
11065 4040 4043 4042 
2 570 2 18
11066 2107 811 4047 
11067 811 2112 4047 
11068 812 2108 4046 
11069 2109 812 4046 
11070 813 2109 4049 
11071 2110 813 4049 
11072 814 2111 4048 
11073 2112 814 4048 
11074 2108 2107 4045 
11075 4045 2107 4047 
11076 2108 4045 4046 
11077 2109 4046 4049 
11078 2111 2110 4045 
11079 4045 2110 4049 
11080 2111 4045 4048 
11081 4047 2112 4048 
11082 4046 4045 4049 
11083 4045 4047 4048 
2 571 2 6
11084 2113 815 811 
11085 2107 2113 811 
11086 2114 812 816 
11087 2108 812 2114 
11088 2107 2108 2114 
11089 2107 2114 2113 
2 572 2 4
11090 2112 811 815 
11091 2115 817 814 
11092 2112 2115 814 
11093 2115 2112 815 
2 573 2 6
11094 2116 818 813 
11095 2110 2116 813 
11096 2111 814 817 
11097 2117 2111 817 
11098 2110 2111 2116 
11099 2116 2111 2117 
2 574 2 4
11100 2118 816 812 
11101 2109 2118 812 
11102 2109 813 818 
11103 2118 2109 818 
2 575 2 18
11104 2113 4052 815 
11105 815 4052 2115 
11106 816 4051 2114 
11107 2118 4051 816 
11108 2115 4053 817 
11109 817 4053 2117 
11110 2116 4054 818 
11111 818 4054 2118 
11112 2114 4050 2113 
11113 4050 4052 2113 
11114 2114 4051 4050 
11115 4052 4053 2115 
11116 2117 4050 2116 
11117 4050 4054 2116 
11118 2117 4053 4050 
11119 2118 4054 4051 
11120 4051 4054 4050 
11121 4050 4053 4052 
3 1 4 102
11122 2133 2127 829 2136 
11123 2127 12 829 2136 
11124 830 2131 831 2122 
11125 2120 2129 831 5 
11126 5 842 2129 831 
11127 2122 836 826 2131 
11128 842 830 2131 831 
11129 5 842 10 2129 
11130 830 842 2131 841 
11131 829 841 830 2132 
11132 836 2122 826 825 
11133 836 837 826 2131 
11134 2131 831 2122 2129 
11135 829 841 2132 840 
11136 829 830 2123 2132 
11137 2129 831 2122 2120 
11138 842 831 2131 2129 
11139 2123 2131 830 2122 
11140 825 9 2120 6 
11141 9 2129 836 2120 
11142 9 825 2120 836 
11143 2122 2129 836 2131 
11144 10 2121 2129 2130 
11145 2131 2132 830 841 
11146 837 827 2123 838 
11147 2131 2123 830 2132 
11148 2129 2122 836 2120 
11149 2122 825 836 2120 
11150 828 2124 11 839 
11151 827 837 2123 826 
11152 837 838 2123 2132 
11153 2130 2128 834 2121 
11154 2123 2122 826 2131 
11155 2135 2119 2126 822 
11156 2128 2121 2119 821 
11157 2121 2128 834 821 
11158 2128 2130 833 2121 
11159 2121 824 833 2119 
11160 2121 833 2128 2119 
11161 2129 2121 9 2130 
11162 2123 837 2131 826 
11163 2121 5 2129 2120 
11164 10 2121 5 2129 
11165 837 2123 2131 2132 
11166 834 822 2128 835 
11167 824 832 2119 823 
11168 829 2133 2136 840 
11169 822 834 2128 821 
11170 821 2119 2128 822 
11171 832 824 2119 833 
11172 833 832 2128 2119 
11173 1 2135 819 2126 
11174 9 6 2121 2120 
11175 12 2127 829 8 
11176 2127 2133 829 2124 
11177 2129 2121 2120 9 
11178 12 829 2136 840 
11179 2124 2132 829 2123 
11180 2133 829 2132 840 
11181 827 11 2124 838 
11182 2125 4 2134 819 
11183 2132 2124 829 2133 
11184 834 2121 10 2130 
11185 2124 838 11 2133 
11186 10 821 2121 834 
11187 11 827 2124 7 
11188 2130 9 833 2121 
11189 824 833 9 2121 
11190 839 2124 11 2133 
11191 2119 832 2134 2125 
11192 2136 839 2127 12 
11193 828 2124 7 11 
11194 2125 2 4 819 
11195 820 2134 4 819 
11196 2128 2135 835 822 
11197 821 10 2121 5 
11198 6 824 9 2121 
11199 1 2135 3 819 
11200 819 2135 3 820 
11201 2135 2128 2119 822 
11202 2119 823 832 2125 
11203 822 2135 1 2126 
11204 2134 2128 832 2119 
11205 2134 832 4 2125 
11206 839 828 2127 12 
11207 823 4 2125 2 
11208 827 2124 2123 838 
11209 838 2124 2123 2132 
11210 4 823 2125 832 
11211 838 2124 2132 2133 
11212 3 822 2135 1 
11213 2133 839 2127 2136 
11214 822 3 2135 835 
11215 8 2127 828 12 
11216 839 2124 2127 828 
11217 2135 2119 2125 2126 
11218 2119 2134 2135 2125 
11219 2124 839 2127 2133 
11220 2135 2125 819 2126 
11221 2128 2134 2135 2119 
11222 2125 2135 819 2134 
11223 819 2135 820 2134 
3 2 4 46
11224 849 845 20 4056 
11225 20 845 15 4056 
11226 848 846 19 4055 
11227 846 16 19 4055 
11228 2142 16 2139 4055 
11229 18 844 2140 850 
11230 844 20 2140 850 
11231 848 2142 2139 4055 
11232 843 18 2140 847 
11233 2142 19 16 4055 
11234 846 848 2139 4055 
11235 13 2141 843 2138 
11236 2142 16 845 2139 
11237 14 2140 844 2137 
11238 844 18 2140 14 
11239 18 843 2140 14 
11240 2140 14 843 2137 
11241 843 847 2141 17 
11242 17 2141 843 13 
11243 845 19 2142 849 
11244 19 845 2142 16 
11245 848 2141 13 2138 
11246 2138 13 848 846 
11247 848 2141 2138 2139 
11248 2141 848 2142 2139 
11249 848 2141 17 13 
11250 2137 845 849 4056 
11251 848 2138 846 2139 
11252 2137 843 2141 2138 
11253 845 2142 2139 2137 
11254 2138 2141 2137 2139 
11255 2142 2137 2141 2139 
11256 2140 2137 849 4056 
11257 843 847 2140 2141 
11258 845 2142 2137 849 
11259 2140 2137 2142 849 
11260 2137 843 2140 2141 
11261 2142 2137 2140 2141 
11262 2137 15 845 4056 
11263 2139 16 846 4055 
11264 20 2140 849 4056 
11265 19 2142 848 4055 
11266 2140 844 15 20 
11267 15 844 2140 2137 
11268 15 4056 2140 20 
11269 2140 4056 15 2137 
3 3 4 36
11270 2146 26 852 858 
11271 858 852 2146 28 
11272 28 853 2146 857 
11273 2143 851 26 855 
11274 21 2147 851 2144 
11275 853 2148 27 2145 
11276 852 2143 22 26 
11277 852 2143 26 2146 
11278 852 23 2143 2146 
11279 852 23 2146 28 
11280 855 26 2143 2146 
11281 23 2143 2146 853 
11282 28 853 23 2146 
11283 2143 851 22 26 
11284 851 855 2147 25 
11285 25 2147 851 21 
11286 853 27 24 2145 
11287 2148 853 27 857 
11288 2144 856 21 2147 
11289 2148 854 27 2145 
11290 856 2144 21 854 
11291 854 2148 27 856 
11292 2148 2144 854 2145 
11293 2147 856 2148 2144 
11294 856 2147 25 21 
11295 2145 854 27 24 
11296 2144 856 2148 854 
11297 851 2147 2143 2144 
11298 2145 2148 2143 853 
11299 2144 2148 2143 2145 
11300 2148 2143 2147 2144 
11301 2147 851 2143 855 
11302 2148 857 2146 853 
11303 2143 855 2146 2147 
11304 2146 2143 2148 853 
11305 2148 2143 2146 2147 
3 4 4 36
11306 34 860 2149 866 
11307 860 2149 866 36 
11308 865 36 2152 861 
11309 2149 859 34 863 
11310 35 865 2154 2151 
11311 863 2150 29 2153 
11312 2152 34 2149 866 
11313 2149 2152 866 36 
11314 860 34 2149 30 
11315 2149 860 31 36 
11316 36 31 2149 861 
11317 863 34 2149 2152 
11318 2149 2152 36 861 
11319 2149 859 30 34 
11320 33 2153 863 29 
11321 861 2151 35 32 
11322 2151 35 865 861 
11323 863 2150 859 29 
11324 2150 29 2153 862 
11325 2154 862 35 2151 
11326 29 864 2153 862 
11327 862 2154 35 864 
11328 2154 2150 862 2151 
11329 2150 2153 2154 862 
11330 864 29 2153 33 
11331 35 862 32 2151 
11332 2153 864 2154 862 
11333 865 2151 2152 2154 
11334 2152 2150 863 2153 
11335 2153 2154 2152 2150 
11336 2150 2154 2152 2151 
11337 2151 865 2152 861 
11338 2150 2149 863 859 
11339 2150 2152 863 2149 
11340 2152 2149 2151 861 
11341 2150 2152 2149 2151 
3 5 4 65
11342 2164 2162 45 4058 
11343 2158 42 2156 4058 
11344 2162 43 37 2159 
11345 2162 2158 2156 4058 
11346 875 44 2162 867 
11347 2158 2162 2164 4058 
11348 873 42 2158 2164 
11349 2155 39 876 868 
11350 47 2160 2155 40 
11351 45 2162 2156 4058 
11352 37 871 872 2156 
11353 2162 43 872 37 
11354 42 873 45 2164 
11355 42 2158 870 873 
11356 42 2158 2164 4058 
11357 43 2162 44 2159 
11358 2158 2164 875 2163 
11359 872 2162 37 2156 
11360 47 869 2155 874 
11361 869 47 2155 40 
11362 2155 2161 41 2157 
11363 870 41 2163 2157 
11364 870 46 2163 41 
11365 46 870 2163 873 
11366 2160 39 2155 40 
11367 42 45 2156 4058 
11368 2161 2163 41 2157 
11369 45 42 2164 4058 
11370 41 46 2163 2161 
11371 872 871 45 2156 
11372 47 2161 874 2155 
11373 2162 872 45 2156 
11374 41 869 874 2155 
11375 873 2158 2163 2164 
11376 2155 876 2161 2157 
11377 867 2162 2158 2156 
11378 876 2163 2161 2157 
11379 875 2158 2162 2164 
11380 2163 2158 870 2157 
11381 2158 873 2163 870 
11382 2161 41 874 2155 
11383 2157 2155 876 868 
11384 871 42 45 2156 
11385 41 874 46 2161 
11386 2158 875 2162 867 
11387 876 2163 2157 4057 
11388 876 2157 868 4057 
11389 868 2157 867 4057 
11390 868 867 875 4057 
11391 876 868 875 4057 
11392 876 875 2163 4057 
11393 2159 38 2162 44 
11394 867 38 2162 2156 
11395 867 2162 38 44 
11396 2155 876 48 2161 
11397 48 876 2155 39 
11398 2155 2160 48 39 
11399 875 4057 2157 2163 
11400 2157 4057 875 867 
11401 2157 2158 875 2163 
11402 875 2158 2157 867 
11403 38 2162 37 2159 
11404 38 37 2162 2156 
11405 48 2155 47 2160 
11406 47 2155 48 2161 
3 6 4 102
11407 2170 2173 886 2182 
11408 2182 2173 886 57 
11409 2168 2177 892 893 
11410 882 883 2168 2177 
11411 888 893 55 2175 
11412 892 888 2168 893 
11413 2166 2175 888 49 
11414 2175 55 888 49 
11415 896 882 2177 883 
11416 882 896 2177 895 
11417 887 888 2168 892 
11418 891 887 2169 892 
11419 893 2168 2177 2175 
11420 2169 2178 891 892 
11421 886 887 2169 891 
11422 893 888 2168 2175 
11423 2175 888 2168 2166 
11424 2169 2168 2177 892 
11425 882 59 2166 52 
11426 2175 882 895 59 
11427 2175 882 59 2166 
11428 2168 2175 882 2177 
11429 2166 2176 49 2167 
11430 2168 2169 887 892 
11431 882 2177 2175 895 
11432 896 2169 884 883 
11433 896 897 884 2178 
11434 2169 2177 2178 892 
11435 2175 2168 882 2166 
11436 58 885 2170 894 
11437 2169 2168 883 2177 
11438 2176 877 2167 2165 
11439 2167 2176 52 2166 
11440 2169 896 884 2178 
11441 2165 2181 878 2172 
11442 2176 2174 889 2165 
11443 2176 877 2165 889 
11444 2167 881 2176 2165 
11445 896 2169 883 2177 
11446 2174 881 2176 899 
11447 881 2174 2176 2165 
11448 2176 2166 49 2175 
11449 2175 2176 55 49 
11450 2177 896 2169 2178 
11451 890 889 2174 878 
11452 898 2165 881 880 
11453 886 2179 2182 891 
11454 2165 2174 889 878 
11455 877 2165 889 878 
11456 899 898 2174 881 
11457 898 2165 2174 881 
11458 52 2176 59 2166 
11459 54 886 2173 57 
11460 2179 2170 886 2182 
11461 2176 2175 59 2166 
11462 2172 879 2181 50 
11463 891 2182 886 57 
11464 891 2169 2179 2178 
11465 2169 891 2179 886 
11466 884 897 58 2179 
11467 900 2180 60 2171 
11468 886 2179 2169 2170 
11469 877 49 2176 2167 
11470 881 2176 52 2167 
11471 55 877 2176 889 
11472 2176 881 52 899 
11473 884 53 2170 58 
11474 58 2170 884 2179 
11475 2170 58 894 2179 
11476 2180 2165 898 2171 
11477 2173 894 57 2182 
11478 53 885 2170 58 
11479 2171 51 60 879 
11480 2171 60 900 879 
11481 2174 2181 890 878 
11482 877 55 2176 49 
11483 52 2176 899 59 
11484 50 900 2181 56 
11485 900 50 2181 879 
11486 2181 2165 878 2174 
11487 2171 2165 898 880 
11488 2165 2180 898 2174 
11489 2181 50 878 2172 
11490 2180 898 60 2171 
11491 894 2173 57 885 
11492 51 60 898 2171 
11493 2178 897 884 2179 
11494 880 51 898 2171 
11495 2169 2179 2178 884 
11496 50 2181 878 56 
11497 2169 2179 884 2170 
11498 2173 2170 894 2182 
11499 878 56 2181 890 
11500 54 2173 885 57 
11501 2173 2170 885 894 
11502 2171 2181 2165 2172 
11503 2181 2171 2165 2180 
11504 2179 894 2170 2182 
11505 879 2181 2171 2172 
11506 2174 2180 2181 2165 
11507 900 2171 2181 2180 
11508 2171 900 2181 879 
3 7 4 54
11509 901 908 2188 907 
11510 901 908 902 2188 
11511 911 904 2188 905 
11512 2183 901 902 2188 
11513 904 911 2188 910 
11514 905 904 2188 2183 
11515 908 2187 2188 2192 
11516 2186 2191 2183 905 
11517 906 64 2191 2186 
11518 903 2187 66 2192 
11519 2189 903 2184 63 
11520 2185 65 2190 909 
11521 2185 61 909 906 
11522 63 912 2189 903 
11523 2185 61 65 909 
11524 912 63 2189 68 
11525 67 906 64 2191 
11526 2186 64 2191 905 
11527 2185 65 901 2190 
11528 2184 904 2189 63 
11529 901 2183 2185 2190 
11530 904 2189 2188 2184 
11531 904 68 2189 63 
11532 65 2185 901 61 
11533 2187 908 2188 902 
11534 2191 911 2188 905 
11535 2188 2183 2191 905 
11536 2183 902 2187 2188 
11537 903 2187 62 66 
11538 912 903 66 2192 
11539 67 906 2191 909 
11540 66 2187 908 2192 
11541 905 67 64 2191 
11542 908 62 2187 66 
11543 907 901 2190 2188 
11544 901 2183 2190 2188 
11545 2188 2183 904 2184 
11546 910 2189 2188 904 
11547 2190 65 901 907 
11548 910 68 2189 904 
11549 905 67 2191 911 
11550 62 908 2187 902 
11551 2188 2192 2187 2184 
11552 2185 2191 2183 2186 
11553 2192 2188 2189 2184 
11554 2191 2185 2183 2190 
11555 2188 2187 2183 2184 
11556 2188 2183 2190 2191 
11557 906 2191 2185 2186 
11558 903 2187 2192 2184 
11559 2189 903 2192 2184 
11560 909 2190 2185 2191 
11561 2192 912 903 2189 
11562 2191 906 2185 909 
3 8 4 79
11563 918 2207 919 2199 
11564 2200 2208 922 923 
11565 2207 926 925 2199 
11566 2207 2193 919 2199 
11567 923 2200 2208 2201 
11568 2207 925 2201 2199 
11569 2208 2200 913 2193 
11570 2206 2203 2201 2194 
11571 2195 2202 2198 2193 
11572 928 2206 76 2197 
11573 2198 69 2205 920 
11574 2204 72 2195 920 
11575 71 928 76 2197 
11576 69 73 2205 924 
11577 916 74 2196 70 
11578 920 75 2204 72 
11579 925 2206 2201 2194 
11580 913 2198 2202 2193 
11581 71 928 2197 916 
11582 924 2205 69 920 
11583 75 920 2204 924 
11584 2193 2195 2202 919 
11585 2201 2203 923 2194 
11586 914 915 2200 922 
11587 918 927 2207 926 
11588 917 926 918 2199 
11589 2195 72 2204 919 
11590 2196 923 74 2203 
11591 927 2207 2202 919 
11592 925 917 2194 2199 
11593 921 2208 913 2202 
11594 923 915 2200 2194 
11595 925 76 2206 2197 
11596 2201 923 2200 2194 
11597 2202 2208 913 2193 
11598 2194 2201 925 2199 
11599 2193 2202 2207 919 
11600 913 2198 69 2205 
11601 76 917 71 2197 
11602 917 925 926 2199 
11603 927 918 2207 919 
11604 913 922 2208 921 
11605 922 915 2200 923 
11606 70 2196 923 74 
11607 919 75 72 2204 
11608 913 73 2205 69 
11609 70 2196 915 923 
11610 73 913 2205 921 
11611 76 917 2197 925 
11612 919 75 2204 927 
11613 2202 2207 2208 2193 
11614 2194 2200 2201 2199 
11615 2196 2203 916 2197 
11616 2203 2196 2194 2197 
11617 2204 2202 2205 2195 
11618 2195 2198 2205 920 
11619 2206 928 2203 2197 
11620 2202 2198 2205 2195 
11621 2194 2206 2203 2197 
11622 916 2203 928 2197 
11623 2201 2200 2208 2199 
11624 2193 2208 2200 2199 
11625 2207 2201 2208 2199 
11626 2193 2207 2208 2199 
11627 926 2207 918 2199 
11628 913 2200 922 914 
11629 922 2200 913 2208 
11630 920 2204 2205 2195 
11631 920 2205 2204 924 
11632 2203 916 74 2196 
11633 74 916 2203 928 
11634 2196 923 2194 915 
11635 2196 2194 923 2203 
11636 919 2204 2202 927 
11637 919 2202 2204 2195 
11638 913 2205 2202 2198 
11639 2202 2205 913 921 
11640 925 2197 2194 917 
11641 2194 2197 925 2206 
3 9 4 78
11642 2216 2224 938 939 
11643 934 2223 935 2215 
11644 939 2216 2224 2217 
11645 2223 941 2217 2215 
11646 2223 2209 935 2215 
11647 2224 2216 929 2209 
11648 2219 2217 2222 2210 
11649 2211 2218 2214 2209 
11650 944 2222 84 2213 
11651 2214 77 2221 936 
11652 936 80 2220 2211 
11653 2219 2212 931 2210 
11654 940 81 77 2221 
11655 2213 84 944 79 
11656 2220 83 80 936 
11657 78 932 2212 82 
11658 941 2222 2217 2210 
11659 929 2214 2218 2209 
11660 2213 944 932 79 
11661 2221 77 940 936 
11662 83 2220 940 936 
11663 2209 2211 2218 935 
11664 2217 2219 939 2210 
11665 938 931 930 2216 
11666 943 942 2223 934 
11667 931 939 2219 2210 
11668 2211 80 2220 935 
11669 2218 943 2223 935 
11670 2215 933 941 2210 
11671 939 931 2216 2210 
11672 929 2224 2218 937 
11673 941 84 2222 2213 
11674 2209 2218 2223 935 
11675 2215 941 2217 2210 
11676 2217 939 2216 2210 
11677 2218 2224 929 2209 
11678 929 2214 77 2221 
11679 931 82 78 2212 
11680 2213 933 84 79 
11681 938 2224 929 937 
11682 938 931 2216 939 
11683 933 941 934 2215 
11684 935 943 2223 934 
11685 935 83 80 2220 
11686 81 929 77 2221 
11687 2221 81 929 937 
11688 84 941 933 2213 
11689 935 83 2220 943 
11690 2215 2217 2216 2210 
11691 2224 2218 2223 2209 
11692 2219 932 2212 2213 
11693 2220 2218 2221 2211 
11694 2210 2219 2212 2213 
11695 936 2221 2214 2211 
11696 944 2219 2222 2213 
11697 2210 2222 2219 2213 
11698 2218 2214 2221 2211 
11699 2219 944 932 2213 
11700 2223 2216 2224 2209 
11701 2223 2217 2216 2215 
11702 2209 2223 2216 2215 
11703 2217 2216 2224 2223 
11704 929 2216 938 930 
11705 938 2216 929 2224 
11706 2223 941 934 942 
11707 934 941 2223 2215 
11708 2220 936 2221 940 
11709 2220 2221 936 2211 
11710 932 2219 82 944 
11711 82 2219 932 2212 
11712 2219 931 82 939 
11713 2219 82 931 2212 
11714 935 2220 2218 943 
11715 935 2218 2220 2211 
11716 941 2213 2210 933 
11717 2210 2213 941 2222 
11718 929 2221 2218 2214 
11719 2218 2221 929 937 
3 10 4 83
11720 956 89 952 4059 
11721 89 85 952 4059 
11722 2229 85 2237 4059 
11723 89 2237 85 4059 
11724 958 957 2239 950 
11725 946 955 2232 954 
11726 945 2237 2234 2229 
11727 959 2228 2226 2236 
11728 956 2229 2237 4059 
11729 2236 956 91 2228 
11730 2225 949 2238 2230 
11731 2227 2233 955 2235 
11732 948 2238 92 2230 
11733 86 2235 948 2227 
11734 955 2240 2232 954 
11735 955 946 2232 947 
11736 2231 2239 957 950 
11737 957 2231 950 949 
11738 2234 945 2229 2226 
11739 2237 945 2234 953 
11740 2236 959 2234 2226 
11741 2228 959 2226 951 
11742 948 2238 960 92 
11743 948 2230 92 87 
11744 2235 90 948 960 
11745 2235 86 948 90 
11746 91 88 2228 952 
11747 2228 956 91 952 
11748 2233 955 2232 2225 
11749 2229 956 952 4059 
11750 2239 959 958 950 
11751 945 954 946 2232 
11752 2239 957 2233 2231 
11753 2232 2240 955 2233 
11754 947 2232 955 2225 
11755 2233 2227 955 2225 
11756 959 2231 2226 951 
11757 945 2232 2234 953 
11758 2232 945 2234 2226 
11759 2234 959 2239 2226 
11760 945 2229 85 2237 
11761 955 2225 2227 947 
11762 959 2236 91 2228 
11763 945 954 2232 953 
11764 951 959 2231 950 
11765 2231 2239 959 2226 
11766 2234 2232 2240 953 
11767 2227 955 86 2235 
11768 2230 92 949 2238 
11769 2228 88 91 951 
11770 945 89 2237 85 
11771 959 2239 2231 950 
11772 2232 2240 953 954 
11773 2228 91 959 951 
11774 89 945 2237 953 
11775 955 86 2235 90 
11776 92 2230 949 87 
11777 2227 955 947 86 
11778 92 949 2238 957 
11779 2225 2238 2227 2230 
11780 2235 2227 2233 2238 
11781 2229 2236 956 2237 
11782 2236 2229 956 2228 
11783 2229 2237 2234 2236 
11784 2228 2236 2229 2226 
11785 2238 2225 2227 2233 
11786 2228 2229 956 952 
11787 2227 2238 948 2230 
11788 2238 2227 948 2235 
11789 2236 2234 2229 2226 
11790 2238 2235 948 960 
11791 2232 2234 2239 2226 
11792 2234 2232 2239 2240 
11793 2232 2226 2239 2231 
11794 2231 2233 2232 2225 
11795 2239 2232 2233 2240 
11796 2233 2231 2232 2239 
11797 2237 89 956 4059 
11798 85 2229 952 4059 
11799 2238 957 2225 2233 
11800 2238 2225 957 949 
11801 2231 2225 957 2233 
11802 2231 957 2225 949 
3 11 4 54
11803 2246 2241 965 964 
11804 962 2246 967 968 
11805 967 962 961 2241 
11806 965 970 2246 964 
11807 2246 962 967 2241 
11808 970 965 2246 971 
11809 2249 2244 962 2241 
11810 2241 2245 2250 965 
11811 963 2244 94 2249 
11812 99 2250 969 2245 
11813 972 2247 100 2242 
11814 2243 969 97 2248 
11815 2242 972 963 95 
11816 2242 100 972 95 
11817 93 969 2243 966 
11818 969 93 2243 97 
11819 966 96 99 2245 
11820 98 963 94 2249 
11821 94 2244 962 2249 
11822 2247 964 100 2242 
11823 2248 97 2243 967 
11824 2247 2241 964 2242 
11825 2243 2248 967 2246 
11826 100 964 95 2242 
11827 961 2243 93 97 
11828 2246 2249 962 2241 
11829 2249 962 968 2246 
11830 2241 2250 2246 965 
11831 971 2246 2250 965 
11832 2249 98 963 972 
11833 966 99 969 2245 
11834 2245 99 2250 965 
11835 2245 96 99 965 
11836 98 94 962 2249 
11837 961 2243 967 2241 
11838 2246 970 2247 964 
11839 2241 2246 2247 964 
11840 2246 967 2243 2241 
11841 964 2247 100 970 
11842 961 2243 97 967 
11843 971 2250 99 965 
11844 962 968 98 2249 
11845 2241 2242 2249 2244 
11846 2245 2250 2243 2241 
11847 2243 2248 2246 2250 
11848 2241 2247 2249 2242 
11849 2250 2246 2243 2241 
11850 2247 2241 2249 2246 
11851 963 2249 2242 2244 
11852 2250 2243 969 2245 
11853 2243 2250 969 2248 
11854 972 2242 2249 2247 
11855 2249 963 2242 972 
11856 969 2245 2243 966 
3 12 4 169
11857 105 977 2263 2283 
11858 983 2281 111 2265 
11859 101 2282 973 2266 
11860 973 2287 102 2259 
11861 106 2260 977 2286 
11862 2253 2290 2288 2271 
11863 2273 2290 2288 2253 
11864 2269 2292 2275 2288 
11865 2290 2274 2288 2271 
11866 2273 2288 2269 2253 
11867 2253 2288 2267 2271 
11868 2274 2291 2288 2252 
11869 2288 2275 2251 2289 
11870 2251 2270 2288 2289 
11871 2269 2292 2288 2273 
11872 2267 2288 2291 2252 
11873 2251 2270 2267 2288 
11874 2267 2269 2288 2253 
11875 2270 2254 2267 2272 
11876 2268 2267 2254 2291 
11877 2288 2270 2267 2272 
11878 983 108 2265 111 
11879 985 106 2286 113 
11880 2270 2288 2289 2272 
11881 2268 2267 2291 2252 
11882 109 101 2282 973 
11883 103 116 975 2262 
11884 977 114 2283 105 
11885 112 979 107 2261 
11886 102 981 110 2287 
11887 106 985 2286 977 
11888 108 983 2265 979 
11889 981 109 2282 973 
11890 114 977 2283 985 
11891 102 981 2287 973 
11892 104 987 2264 975 
11893 2259 973 2287 2271 
11894 983 2291 2281 2265 
11895 2292 987 2264 2280 
11896 2260 2270 977 2286 
11897 2261 2268 2284 979 
11898 2280 2279 2255 2275 
11899 2253 2257 2276 2259 
11900 2266 2278 2274 2256 
11901 2277 2258 2260 2272 
11902 2290 2287 973 2271 
11903 2271 973 2290 2266 
11904 2269 2264 2292 975 
11905 2273 2285 2276 2262 
11906 2263 2251 2255 2283 
11907 2291 983 2268 2265 
11908 2258 2261 2254 2284 
11909 2289 977 2270 2286 
11910 2282 2278 2274 2266 
11911 980 982 2278 2256 
11912 2260 2286 2277 2272 
11913 2284 983 2268 2291 
11914 2265 2252 2281 2256 
11915 2263 977 2270 2289 
11916 115 976 2255 986 
11917 107 984 2258 978 
11918 110 974 2276 988 
11919 103 988 2276 974 
11920 115 2279 2255 2280 
11921 2255 976 114 986 
11922 2290 2287 981 973 
11923 2292 2264 987 975 
11924 2266 101 2278 2256 
11925 109 982 2278 980 
11926 2252 2266 2274 2256 
11927 102 2276 2257 2259 
11928 108 982 980 2256 
11929 112 2258 2277 2284 
11930 2265 983 2268 979 
11931 977 2289 985 2286 
11932 2278 111 2281 2256 
11933 2264 2292 2280 2275 
11934 2258 2254 2260 2272 
11935 2284 2268 983 979 
11936 2290 2282 2274 2266 
11937 2282 101 2278 2266 
11938 2285 2273 2269 2262 
11939 106 2258 2260 2277 
11940 2255 105 2263 2283 
11941 2255 2264 104 2280 
11942 2252 2281 2291 2265 
11943 2261 2258 112 2284 
11944 2285 116 2276 2262 
11945 2261 2268 2254 2284 
11946 2260 2270 2286 2272 
11947 2251 2263 2289 2283 
11948 986 2279 2255 115 
11949 980 2278 101 2256 
11950 103 2276 2257 974 
11951 114 2279 2255 986 
11952 982 111 2278 2256 
11953 2257 2276 102 974 
11954 112 2277 2258 984 
11955 2251 2269 2264 2275 
11956 2292 2264 2269 2275 
11957 2287 2290 2273 2253 
11958 2291 2254 2284 2272 
11959 2271 2290 2274 2266 
11960 2284 2268 2254 2291 
11961 2274 2271 2266 2252 
11962 2262 2273 2269 2253 
11963 2273 2269 2292 2285 
11964 2252 2291 2268 2265 
11965 2291 2274 2281 2252 
11966 2289 2275 2251 2283 
11967 2270 2289 2286 2272 
11968 2251 2263 2270 2289 
11969 2270 2260 2254 2272 
11970 115 2255 104 2280 
11971 2278 109 101 2282 
11972 2261 2258 107 112 
11973 974 110 2276 102 
11974 976 115 2255 104 
11975 107 984 112 2258 
11976 2278 101 109 980 
11977 2255 976 105 114 
11978 988 103 2276 116 
11979 108 982 2256 111 
11980 2277 113 106 984 
11981 2251 2288 2269 2275 
11982 2269 2288 2251 2267 
11983 2252 2288 2271 2267 
11984 2252 2271 2288 2274 
11985 977 2283 2289 2263 
11986 2289 2283 977 985 
11987 2267 2272 2291 2288 
11988 2291 2272 2267 2254 
11989 984 2258 106 2277 
11990 984 106 2258 978 
11991 2282 973 2290 981 
11992 2282 2290 973 2266 
11993 2276 2253 2262 2257 
11994 2262 2253 2276 2273 
11995 2274 2256 2281 2252 
11996 2281 2256 2274 2278 
11997 2271 2287 2253 2290 
11998 2271 2253 2287 2259 
11999 2258 2272 2284 2254 
12000 2284 2272 2258 2277 
12001 2275 2255 2283 2279 
12002 2275 2283 2255 2251 
12003 979 2284 112 983 
12004 979 112 2284 2261 
12005 2275 2264 2255 2280 
12006 2275 2255 2264 2251 
12007 2262 2285 975 2269 
12008 2292 2285 975 987 
12009 2292 975 2285 2269 
12010 2253 2287 2276 2273 
12011 2253 2276 2287 2259 
12012 104 2280 987 115 
12013 987 2280 104 2264 
12014 2287 102 2276 110 
12015 2287 2276 102 2259 
12016 106 2286 2277 2260 
12017 106 2277 2286 113 
12018 2265 111 2256 2281 
12019 2265 2256 111 108 
12020 2255 114 2283 2279 
12021 2283 114 2255 105 
12022 2276 103 2262 116 
12023 2262 103 2276 2257 
12024 2285 975 116 2262 
12025 2285 116 975 987 
3 13 4 59
12026 2294 2298 2299 4060 
12027 2293 2298 2294 4060 
12028 989 996 2298 995 
12029 989 996 990 2298 
12030 2298 990 989 2293 
12031 999 993 992 2293 
12032 2301 2296 996 2298 
12033 999 2302 2297 2293 
12034 2302 994 123 2297 
12035 991 2296 122 2301 
12036 1000 2299 124 2294 
12037 117 2295 997 2300 
12038 2295 117 997 994 
12039 2294 1000 991 119 
12040 2294 124 1000 119 
12041 997 121 117 2300 
12042 994 120 123 2297 
12043 2294 124 992 2299 
12044 989 2295 117 2300 
12045 989 2295 2300 2298 
12046 124 2294 992 119 
12047 121 989 117 2300 
12048 2298 2296 990 2293 
12049 2302 999 2298 2293 
12050 999 2297 993 2293 
12051 996 2296 990 2298 
12052 2301 122 991 1000 
12053 991 2296 118 122 
12054 994 2302 123 997 
12055 999 2302 123 2297 
12056 122 2296 996 2301 
12057 2297 120 123 993 
12058 118 2296 996 122 
12059 989 2300 995 2298 
12060 989 2295 2298 2293 
12061 998 124 2299 992 
12062 121 989 2300 995 
12063 2297 123 999 993 
12064 118 2296 990 996 
12065 2294 2301 2298 2296 
12066 2297 2302 2295 2293 
12067 2301 2294 2298 2299 
12068 2295 2298 2302 2300 
12069 2293 2298 2296 2294 
12070 2298 2295 2302 2293 
12071 992 2294 2299 4060 
12072 2299 998 992 4060 
12073 2301 991 2296 2294 
12074 994 2302 2295 2297 
12075 2295 997 2300 2302 
12076 2299 1000 2301 2294 
12077 1000 991 2301 2294 
12078 2295 997 2302 994 
12079 2299 2298 998 4060 
12080 2293 2294 992 4060 
12081 2298 4060 992 998 
12082 992 4060 2298 2293 
12083 992 999 2298 998 
12084 2298 999 992 2293 
3 14 4 169
12085 2318 2335 125 1001 
12086 135 1011 2333 2317 
12087 129 1005 2316 2334 
12088 130 2311 1005 2339 
12089 140 2336 1015 2314 
12090 2343 2325 2340 2306 
12091 2342 2305 2322 2340 
12092 2305 2342 2324 2340 
12093 2340 2327 2344 2320 
12094 2319 2343 2340 2306 
12095 2322 2326 2342 2340 
12096 2340 2324 2305 2320 
12097 2340 2305 2322 2319 
12098 2340 2322 2326 2319 
12099 2322 2303 2326 2319 
12100 2341 2327 2340 2304 
12101 2323 2341 2340 2304 
12102 2324 2340 2344 2320 
12103 2340 2319 2323 2304 
12104 2319 2340 2305 2320 
12105 2319 2321 2343 2306 
12106 1001 134 2338 1009 
12107 2325 2341 2340 2323 
12108 2321 2343 2303 2319 
12109 131 2313 136 1007 
12110 1005 129 138 2334 
12111 140 1003 127 2314 
12112 1009 133 2335 1001 
12113 133 125 2335 1001 
12114 2339 1013 130 137 
12115 135 132 1011 2317 
12116 128 1015 2315 1003 
12117 2334 138 1005 1013 
12118 1015 1003 140 2314 
12119 1013 130 1005 2339 
12120 132 1011 2317 1007 
12121 2322 1005 2311 2339 
12122 1015 2332 2315 2343 
12123 2320 2337 2313 1007 
12124 2344 2333 1011 2317 
12125 2338 2323 2312 1001 
12126 2330 2333 2327 2308 
12127 2310 2328 2336 2306 
12128 2331 2316 2307 2326 
12129 1005 2322 2342 2339 
12130 1005 2322 2316 2342 
12131 2344 2320 2317 1007 
12132 2313 2329 2337 2324 
12133 2304 2318 2335 2308 
12134 2315 1015 2343 2321 
12135 2314 2310 2336 2306 
12136 2323 2338 2341 1001 
12137 2331 2316 2326 2334 
12138 1016 2328 2310 1002 
12139 2338 2325 2328 2312 
12140 2336 2343 1015 2321 
12141 2303 2315 2307 2332 
12142 2318 2323 2341 1001 
12143 1010 135 2308 1008 
12144 127 1016 2310 1002 
12145 2330 135 2333 2308 
12146 1014 2307 1004 139 
12147 133 1010 2308 1008 
12148 2342 1013 1005 2339 
12149 2317 1011 2344 1007 
12150 2329 130 1006 1012 
12151 129 2316 2307 2331 
12152 2338 1009 2341 1001 
12153 2325 2336 2328 2306 
12154 2316 2303 2307 2326 
12155 136 2329 1006 1012 
12156 130 2309 2311 2329 
12157 1016 134 2328 1002 
12158 126 2328 2310 2312 
12159 2336 140 2328 2310 
12160 2309 2313 2329 136 
12161 1015 2315 1003 2321 
12162 139 2331 2307 2332 
12163 2333 2344 2327 2317 
12164 2316 2326 2334 2342 
12165 2331 129 2316 2334 
12166 2324 2337 2313 2320 
12167 125 2335 2318 2308 
12168 2332 2303 2315 2343 
12169 2336 140 2310 2314 
12170 2328 134 2338 2312 
12171 2313 2329 136 2337 
12172 2307 2315 128 2332 
12173 2336 2321 2314 2306 
12174 2325 2338 2323 2312 
12175 2318 2335 2341 2304 
12176 1010 135 2330 2308 
12177 133 1010 2330 2308 
12178 2310 2328 126 1002 
12179 1014 2331 2307 139 
12180 1006 2309 130 2329 
12181 140 1016 2328 2310 
12182 2320 2304 2327 2317 
12183 2320 2327 2344 2317 
12184 2305 2342 2339 2324 
12185 2325 2343 2336 2306 
12186 2326 2316 2322 2342 
12187 2321 2336 2343 2306 
12188 2303 2316 2322 2326 
12189 2313 2305 2324 2320 
12190 2337 2324 2344 2320 
12191 2343 2303 2315 2321 
12192 2326 2303 2332 2343 
12193 2335 2327 2341 2304 
12194 2325 2338 2341 2323 
12195 2341 2323 2318 2304 
12196 2323 2306 2325 2312 
12197 2313 2309 131 136 
12198 129 2331 138 2334 
12199 2310 140 127 2314 
12200 126 134 2328 2312 
12201 139 2307 128 2332 
12202 2329 137 130 1012 
12203 2308 135 132 1008 
12204 1016 127 2310 140 
12205 1014 129 2331 138 
12206 2308 125 133 1008 
12207 128 1004 2307 139 
12208 2328 134 126 1002 
12209 2340 2304 2320 2319 
12210 2320 2304 2340 2327 
12211 2326 2319 2343 2340 
12212 2343 2319 2326 2303 
12213 1001 2335 2341 2318 
12214 1001 2341 2335 1009 
12215 2340 2306 2323 2319 
12216 2323 2306 2340 2325 
12217 1007 2337 136 1011 
12218 1007 136 2337 2313 
12219 2307 1014 129 2331 
12220 129 1014 2307 1004 
12221 1005 2334 2342 2316 
12222 1005 2342 2334 1013 
12223 2307 2326 2332 2331 
12224 2332 2326 2307 2303 
12225 2322 2339 2305 2342 
12226 2305 2339 2322 2311 
12227 2306 2328 2312 2310 
12228 2306 2312 2328 2325 
12229 2308 2327 2335 2304 
12230 2308 2335 2327 2330 
12231 1015 2314 2321 1003 
12232 2321 2314 1015 2336 
12233 2317 2327 2308 2304 
12234 2317 2308 2327 2333 
12235 2344 1007 2337 2320 
12236 2337 1007 2344 1011 
12237 2305 2309 2329 2311 
12238 2329 2339 2305 2311 
12239 2305 2339 2329 2324 
12240 2317 135 2308 2333 
12241 2317 2308 135 132 
12242 130 2339 2329 2311 
12243 130 2329 2339 137 
12244 2312 134 1001 126 
12245 2312 1001 134 2338 
12246 128 2332 1015 139 
12247 1015 2332 128 2315 
12248 2308 133 2335 2330 
12249 2308 2335 133 125 
12250 136 2309 1006 2329 
12251 136 1006 2309 131 
12252 2329 2305 2313 2309 
12253 2313 2305 2329 2324 
3 15 4 171
12254 141 2375 1017 2359 
12255 146 2354 1021 2378 
12256 2374 154 2357 1029 
12257 2362 2345 2361 2368 
12258 2386 2361 2348 2365 
12259 2386 2369 2361 2365 
12260 2361 2386 2348 2382 
12261 2382 2362 2361 2368 
12262 2361 2382 2369 2386 
12263 2365 2369 2361 2346 
12264 2367 2386 2382 2348 
12265 2369 2384 2361 2346 
12266 2367 2382 2362 2348 
12267 2361 2382 2384 2369 
12268 2361 2362 2382 2348 
12269 2345 2364 2361 2385 
12270 2347 2361 2364 2366 
12271 2361 2347 2363 2384 
12272 2382 2383 2362 2368 
12273 2363 2361 2384 2346 
12274 2362 2383 2382 2367 
12275 1029 146 2378 153 
12276 1021 154 2357 145 
12277 144 1031 155 2376 
12278 2355 147 1023 152 
12279 156 1019 2380 1031 
12280 148 1027 2360 1023 
12281 150 1017 2353 142 
12282 149 141 2375 1017 
12283 1025 149 2375 1017 
12284 146 1029 2378 1021 
12285 154 1021 2357 1029 
12286 2386 1025 2375 2359 
12287 1017 2381 2353 2365 
12288 1027 2384 2377 2360 
12289 2362 1019 2380 2356 
12290 2354 2364 1021 2378 
12291 2374 2357 2385 1029 
12292 2363 2355 1023 2379 
12293 2358 2376 2383 1031 
12294 2372 2349 2358 2368 
12295 1025 2386 2365 2359 
12296 2371 2351 2354 2366 
12297 2376 2372 2358 2368 
12298 2351 2355 2347 2379 
12299 2371 1022 2351 1028 
12300 2372 1020 2349 1030 
12301 1029 2364 2385 2378 
12302 2367 2380 2370 2356 
12303 2360 2346 2377 2350 
12304 2384 1027 2363 2360 
12305 2362 1019 2383 2380 
12306 1017 2375 1025 2359 
12307 2357 2345 2349 2374 
12308 2354 2378 2371 2366 
12309 2379 1027 2363 2384 
12310 2358 2362 1019 2383 
12311 141 1026 2350 1024 
12312 2365 1017 1025 2359 
12313 2370 1032 142 1018 
12314 147 1028 2351 1022 
12315 1030 2372 1020 155 
12316 2345 2358 2349 2368 
12317 142 2370 2352 2353 
12318 2371 153 1022 1028 
12319 145 1030 2349 1020 
12320 1026 148 2350 1024 
12321 1029 1021 2364 2378 
12322 2346 2359 2369 2350 
12323 2381 2367 2370 2348 
12324 149 2373 2375 2350 
12325 1018 156 2370 1032 
12326 2380 1019 2383 1031 
12327 1023 2363 1027 2360 
12328 2352 2370 156 2356 
12329 2349 2358 144 2372 
12330 152 2351 2371 2379 
12331 2351 2347 2354 2366 
12332 1027 2363 1023 2379 
12333 2383 1019 2358 1031 
12334 146 2351 2354 2371 
12335 2349 2372 154 2374 
12336 141 2375 2359 2350 
12337 2380 2367 2362 2356 
12338 2346 2377 2384 2360 
12339 2355 2363 2347 2379 
12340 2383 2376 2358 2368 
12341 2377 148 2360 2350 
12342 2380 156 2370 2356 
12343 2355 2351 152 2379 
12344 2358 144 2372 2376 
12345 2370 150 2381 2353 
12346 2345 2357 2385 2374 
12347 2354 2364 2378 2366 
12348 2352 2370 142 1018 
12349 1026 151 2373 2350 
12350 149 1026 2373 2350 
12351 152 2371 2351 1028 
12352 1020 2349 144 2372 
12353 2362 2358 2345 2368 
12354 2384 2347 2379 2366 
12355 154 2372 2349 1030 
12356 1022 2351 146 2371 
12357 2381 2386 2367 2348 
12358 2369 2365 2359 2346 
12359 2379 2363 2347 2384 
12360 2358 2362 2383 2368 
12361 2346 2384 2363 2360 
12362 2362 2383 2367 2380 
12363 2384 2369 2377 2346 
12364 2356 2367 2362 2348 
12365 2345 2357 2364 2385 
12366 2364 2385 2378 2366 
12367 2385 2368 2345 2374 
12368 2364 2354 2347 2366 
12369 2375 141 149 2350 
12370 142 150 2370 2353 
12371 2352 156 143 2356 
12372 2355 2351 147 152 
12373 155 2372 144 2376 
12374 150 1032 142 2370 
12375 1026 141 2350 149 
12376 144 1020 2372 155 
12377 1028 147 2351 152 
12378 1030 145 2349 154 
12379 153 1022 146 2371 
12380 148 1026 2350 151 
12381 2366 2361 2384 2347 
12382 2366 2384 2361 2382 
12383 2361 2368 2385 2382 
12384 2385 2368 2361 2345 
12385 2361 2385 2366 2382 
12386 2366 2385 2361 2364 
12387 2370 2353 2348 2352 
12388 2348 2353 2370 2381 
12389 2375 2350 2369 2359 
12390 2369 2350 2375 2373 
12391 1017 2381 150 2353 
12392 1017 150 2381 1025 
12393 2368 2349 2374 2372 
12394 2368 2374 2349 2345 
12395 2351 2366 2379 2347 
12396 2379 2366 2351 2371 
12397 2369 2350 2377 2346 
12398 2377 2350 2369 2373 
12399 2370 2348 2356 2352 
12400 2356 2348 2370 2367 
12401 2386 2359 2369 2365 
12402 2369 2359 2386 2375 
12403 2365 2381 2348 2386 
12404 2365 2348 2381 2353 
12405 148 2377 1027 151 
12406 148 1027 2377 2360 
12407 2356 156 1019 2380 
12408 2356 1019 156 143 
12409 146 2378 2371 2354 
12410 146 2371 2378 153 
12411 2357 154 2349 145 
12412 2357 2349 154 2374 
12413 2365 1025 2381 2386 
12414 2365 2381 1025 1017 
12415 1023 2379 152 1027 
12416 152 2379 1023 2355 
12417 2358 1031 144 2376 
12418 144 1031 2358 1019 
12419 1029 2364 2357 2385 
12420 1029 2357 2364 1021 
12421 151 2350 2377 2373 
12422 2377 2350 151 148 
12423 156 2352 1018 2370 
12424 1018 2352 156 143 
3 16 4 170
12425 1041 165 2422 2398 
12426 1043 2423 167 2396 
12427 2416 168 2399 1043 
12428 1041 2417 166 2402 
12429 2421 170 2397 1045 
12430 2420 2395 160 1035 
12431 1035 159 2418 2400 
12432 2410 2406 2387 2403 
12433 2404 2424 2426 2411 
12434 2390 2428 2408 2403 
12435 2406 2410 2424 2403 
12436 2404 2424 2411 2403 
12437 2411 2388 2404 2403 
12438 2389 2404 2424 2426 
12439 2428 2388 2411 2403 
12440 2403 2390 2428 2407 
12441 2424 2409 2389 2426 
12442 2424 2389 2409 2406 
12443 2428 2424 2408 2403 
12444 2404 2389 2424 2403 
12445 2428 2411 2424 2403 
12446 2408 2405 2390 2403 
12447 2408 2427 2405 2403 
12448 2425 2410 2424 2406 
12449 2427 2408 2424 2403 
12450 2406 2424 2389 2403 
12451 2403 2428 2388 2407 
12452 158 166 2402 1033 
12453 2402 166 1041 1033 
12454 171 1035 2420 160 
12455 1035 171 2420 1047 
12456 1039 168 2399 163 
12457 168 1039 2399 1043 
12458 2425 2424 2409 2406 
12459 1037 2397 161 170 
12460 162 2419 1045 169 
12461 1033 165 2398 157 
12462 172 2418 1047 1035 
12463 172 159 2418 1035 
12464 165 1033 2398 1041 
12465 2427 2387 2405 2403 
12466 167 164 1039 2396 
12467 167 1039 1043 2396 
12468 170 1037 2397 1045 
12469 2419 2426 2401 1045 
12470 2399 2416 1043 2428 
12471 2427 2417 1041 2402 
12472 2420 2395 1035 2406 
12473 2392 2388 2401 2414 
12474 2409 2413 2393 2421 
12475 2396 2390 2412 2394 
12476 2428 1043 2399 2407 
12477 2414 2392 2388 2416 
12478 2391 2417 2415 2387 
12479 2413 2393 2395 2409 
12480 2428 2423 1043 2407 
12481 2404 2401 2426 1045 
12482 2390 2412 2423 2396 
12483 1041 2427 2402 2405 
12484 1038 2392 2414 1044 
12485 2401 2419 2414 2411 
12486 2397 2389 2393 2421 
12487 1035 2425 2420 2406 
12488 2422 2412 2408 2398 
12489 2410 2418 2415 2400 
12490 2427 1041 2422 2405 
12491 2391 2415 1048 1034 
12492 2392 2399 2388 2416 
12493 2406 1035 2425 2400 
12494 2387 2391 2417 2402 
12495 2420 2413 2395 2409 
12496 1039 2399 1043 2407 
12497 169 1038 2414 1044 
12498 163 1044 2392 1038 
12499 2391 1048 158 1034 
12500 2396 2412 164 2394 
12501 1042 157 1040 2412 
12502 2401 2404 1037 1045 
12503 2414 2388 2401 2411 
12504 2391 2415 159 2400 
12505 2425 2420 1047 1035 
12506 157 2412 2398 2394 
12507 167 1040 2412 1042 
12508 1033 1041 2402 2405 
12509 172 1048 2415 1034 
12510 2409 2393 2389 2421 
12511 170 2393 1036 1046 
12512 2426 2401 2411 2419 
12513 2412 2423 2408 2390 
12514 2393 2395 160 2413 
12515 2389 2397 2426 2421 
12516 162 2392 2401 2414 
12517 2393 2413 170 2421 
12518 2417 2410 2415 2387 
12519 2415 2418 159 2400 
12520 168 2392 2414 2416 
12521 2415 166 2417 2391 
12522 2395 2420 2409 2406 
12523 2388 2414 2416 2411 
12524 2407 2390 2423 2396 
12525 2389 2395 2393 2409 
12526 2419 162 2401 2414 
12527 170 2397 2393 2421 
12528 2416 2399 2388 2428 
12529 2412 167 2423 2396 
12530 165 2412 2422 2398 
12531 2425 2418 2410 2400 
12532 2405 2422 2408 2398 
12533 2417 2427 2387 2402 
12534 2394 2412 164 1040 
12535 159 2415 2391 1034 
12536 157 2412 2394 1040 
12537 170 2413 2393 1046 
12538 162 1038 2392 2414 
12539 2401 2426 2411 2404 
12540 168 2414 2392 1044 
12541 1048 166 2415 2391 
12542 2400 2410 2406 2387 
12543 2423 2428 2390 2407 
12544 2408 2423 2428 2390 
12545 2426 2409 2389 2421 
12546 2389 2397 2404 2426 
12547 2404 2401 2388 2411 
12548 2406 2425 2410 2400 
12549 2425 2409 2420 2406 
12550 2428 2399 2388 2407 
12551 2389 2395 2409 2406 
12552 2411 2416 2388 2428 
12553 2398 2408 2405 2390 
12554 2427 2387 2402 2405 
12555 2427 2422 2408 2405 
12556 2417 2427 2410 2387 
12557 164 167 2412 2396 
12558 162 2419 169 2414 
12559 2393 161 2397 170 
12560 172 2418 159 2415 
12561 2412 157 2398 165 
12562 1040 167 2412 164 
12563 2415 159 172 1034 
12564 1036 161 2393 170 
12565 1038 169 2414 162 
12566 1046 2413 160 171 
12567 163 1044 168 2392 
12568 166 1048 158 2391 
12569 1042 157 2412 165 
12570 2403 2410 2427 2387 
12571 2403 2427 2410 2424 
12572 1041 2398 2405 1033 
12573 2405 2398 1041 2422 
12574 1046 2393 160 2413 
12575 1046 160 2393 1036 
12576 1043 2396 2407 2423 
12577 2407 2396 1043 1039 
12578 2415 2387 2400 2391 
12579 2400 2387 2415 2410 
12580 2418 1035 2425 1047 
12581 2425 1035 2418 2400 
12582 2390 2412 2398 2408 
12583 2398 2412 2390 2394 
12584 2397 1045 2426 2421 
12585 1045 2404 2397 2426 
12586 1045 2397 2404 1037 
12587 2401 1045 162 2419 
12588 162 1045 2401 1037 
12589 2399 168 2392 163 
12590 2399 2392 168 2416 
12591 2402 166 2391 2417 
12592 2402 2391 166 158 
12593 2420 160 2413 171 
12594 2420 2413 160 2395 
3 17 4 170
12595 1049 2460 174 2443 
12596 1059 2441 184 2461 
12597 2438 177 1053 2463 
12598 2459 1063 188 2442 
12599 178 2444 1053 2458 
12600 2453 2449 2470 2466 
12601 2445 2448 2468 2431 
12602 2450 2466 2468 2431 
12603 2468 2452 2429 2445 
12604 2452 2446 2429 2445 
12605 2446 2452 2469 2445 
12606 2445 2468 2466 2431 
12607 2468 2429 2448 2445 
12608 2452 2466 2469 2445 
12609 2469 2432 2446 2445 
12610 2452 2468 2466 2445 
12611 2449 2451 2470 2466 
12612 2466 2449 2451 2445 
12613 2449 2432 2451 2445 
12614 2453 2467 2430 2466 
12615 2466 2450 2467 2447 
12616 184 1055 2441 1059 
12617 184 1055 179 2441 
12618 1059 2464 183 1055 
12619 1053 186 2463 177 
12620 182 2460 174 1049 
12621 1057 2460 182 1049 
12622 1051 187 176 2439 
12623 1051 188 1063 2442 
12624 175 188 1051 2442 
12625 1057 181 2465 1049 
12626 1061 178 2458 185 
12627 186 1053 2463 1061 
12628 178 1061 2458 1053 
12629 1063 2459 2469 2442 
12630 1051 2462 2439 2446 
12631 2448 1049 2465 2437 
12632 2438 1053 2449 2463 
12633 2461 1059 2441 2467 
12634 2464 2447 2440 1055 
12635 2446 1063 2469 2442 
12636 2455 2438 2436 2451 
12637 2465 2468 1057 2448 
12638 2469 2462 1063 2446 
12639 2444 2449 1053 2470 
12640 2429 2433 2460 2443 
12641 2454 2464 2450 2440 
12642 2434 2441 2430 2461 
12643 2432 2439 2436 2462 
12644 2455 2438 2451 2463 
12645 2447 2467 2441 1055 
12646 1051 1063 2462 2446 
12647 2446 1051 1063 2442 
12648 1049 2465 1057 2448 
12649 1054 185 1060 2434 
12650 2437 173 2454 2435 
12651 2434 2458 185 2457 
12652 2454 1058 180 1056 
12653 2433 1064 174 1050 
12654 2434 179 1060 1054 
12655 1056 181 2454 1058 
12656 1050 188 2433 1064 
12657 2457 179 2434 2461 
12658 2434 2430 2444 2453 
12659 1052 187 1062 2436 
12660 2459 188 2456 2433 
12661 2467 1059 2441 1055 
12662 187 2455 2436 2462 
12663 2436 177 2438 2455 
12664 2465 2448 2437 2431 
12665 2429 2460 2468 2443 
12666 2438 2432 2436 2451 
12667 2432 2439 2462 2446 
12668 2441 2434 179 2461 
12669 2433 174 2460 2443 
12670 181 2454 2465 2437 
12671 2436 2439 187 2462 
12672 2454 183 2464 2440 
12673 2444 178 2434 2458 
12674 2451 2438 2449 2463 
12675 2470 2458 2444 2453 
12676 2447 2450 2464 2440 
12677 2441 2430 2461 2467 
12678 173 2454 2435 1056 
12679 2457 185 2434 1060 
12680 2457 179 1060 2434 
12681 2435 2454 180 1056 
12682 188 1064 2456 2433 
12683 2468 2465 2450 2431 
12684 2465 2468 2448 2431 
12685 1062 2455 2436 187 
12686 2452 2446 2442 2429 
12687 1064 182 2456 2433 
12688 2449 2444 2430 2453 
12689 2444 2449 2470 2453 
12690 2462 2469 2432 2446 
12691 2452 2460 2468 2429 
12692 2462 2432 2469 2451 
12693 2443 2468 2429 2448 
12694 2463 2449 2451 2470 
12695 2432 2438 2449 2451 
12696 2441 179 184 2461 
12697 2467 2450 2464 2447 
12698 2447 2431 2450 2440 
12699 2430 2461 2467 2453 
12700 2441 2430 2467 2447 
12701 2454 181 173 2437 
12702 2458 178 2434 185 
12703 2436 2439 176 187 
12704 184 179 2457 2461 
12705 1056 181 173 2454 
12706 1054 185 2434 178 
12707 188 1050 2433 175 
12708 179 2457 1060 184 
12709 1052 187 2436 176 
12710 183 1058 180 2454 
12711 182 1064 174 2433 
12712 186 2455 177 1062 
12713 2466 2447 2430 2445 
12714 2430 2447 2466 2467 
12715 2431 2466 2447 2450 
12716 2431 2447 2466 2445 
12717 2430 2466 2449 2453 
12718 2449 2466 2430 2445 
12719 2451 2445 2469 2466 
12720 2469 2445 2451 2432 
12721 2436 1062 177 2455 
12722 177 1062 2436 1052 
12723 2434 2458 2453 2444 
12724 2434 2453 2458 2457 
12725 2462 1051 187 1063 
12726 187 1051 2462 2439 
12727 2434 2453 2461 2430 
12728 2461 2453 2434 2457 
12729 2469 2442 2452 2446 
12730 2452 2442 2469 2459 
12731 2436 2451 2462 2455 
12732 2462 2451 2436 2432 
12733 1053 2458 2470 1061 
12734 2470 2458 1053 2444 
12735 2435 2431 2454 2437 
12736 2465 2454 2431 2437 
12737 2465 2431 2454 2450 
12738 2463 177 2455 2438 
12739 2463 2455 177 186 
12740 1053 2470 2463 1061 
12741 2463 2470 1053 2449 
12742 1057 2448 2443 1049 
12743 2443 2448 1057 2468 
12744 2443 2460 1057 1049 
12745 1057 2460 2443 2468 
12746 2440 183 1055 180 
12747 2440 1055 183 2464 
12748 2467 1055 2464 1059 
12749 2464 1055 2467 2447 
12750 2442 2452 2433 2459 
12751 2442 2433 2452 2429 
12752 2456 2433 2452 2459 
12753 2442 188 2433 175 
12754 2442 2433 188 2459 
12755 2437 181 1049 2465 
12756 2437 1049 181 173 
12757 180 2454 2440 183 
12758 2440 2454 180 2435 
12759 182 2433 2460 2456 
12760 2460 2433 182 174 
12761 2431 2454 2440 2435 
12762 2431 2440 2454 2450 
12763 2433 2452 2460 2456 
12764 2433 2460 2452 2429 
3 18 4 169
12765 2480 193 1069 2506 
12766 2500 200 2483 1075 
12767 2501 1079 204 2484 
12768 2485 190 2503 1065 
12769 2474 2493 2509 2508 
12770 2495 2488 2487 2512 
12771 2487 2472 2488 2495 
12772 2490 2487 2474 2509 
12773 2509 2487 2474 2508 
12774 2512 2488 2487 2473 
12775 2472 2487 2509 2495 
12776 2512 2487 2495 2508 
12777 2508 2512 2487 2473 
12778 2492 2512 2508 2473 
12779 2487 2490 2472 2509 
12780 2495 2487 2509 2508 
12781 2511 2494 2508 2471 
12782 2510 2508 2494 2491 
12783 2511 2508 2487 2471 
12784 1067 204 1079 2484 
12785 191 204 1067 2484 
12786 2507 1073 197 1065 
12787 2487 2489 2511 2471 
12788 2508 2510 2492 2491 
12789 199 1071 2482 196 
12790 194 2502 1077 201 
12791 198 2503 190 1065 
12792 1073 2503 198 1065 
12793 1067 203 192 2481 
12794 202 1069 193 2506 
12795 200 1071 2483 1075 
12796 200 1071 195 2483 
12797 2506 202 1069 1077 
12798 2512 2500 2483 1075 
12799 2482 2505 2488 1071 
12800 2501 2511 1079 2484 
12801 2507 2491 1065 2479 
12802 2502 2509 2486 1077 
12803 2490 2480 1069 2506 
12804 2504 2489 2481 1067 
12805 2476 2498 2500 2495 
12806 2512 2483 2488 1075 
12807 2505 2512 2488 1075 
12808 2475 2499 2501 2471 
12809 2479 2496 2492 2478 
12810 1079 2511 2489 2484 
12811 2490 2509 2506 1077 
12812 2476 2472 2486 2502 
12813 2504 2497 2481 2493 
12814 2491 2510 2507 1065 
12815 2503 2494 2499 2485 
12816 2482 2473 2505 2478 
12817 2489 2504 2511 1079 
12818 2484 2475 2501 2471 
12819 2510 2491 2485 1065 
12820 2507 2496 2492 2479 
12821 195 1076 2476 1070 
12822 2478 1074 196 1072 
12823 2475 191 1080 1066 
12824 1075 2488 2505 1071 
12825 1075 2483 2488 1071 
12826 194 1070 2476 1076 
12827 1078 192 2497 1068 
12828 2477 193 2480 2497 
12829 2506 1069 2490 1077 
12830 190 2499 2475 2485 
12831 1068 202 2497 1078 
12832 1073 2507 2510 1065 
12833 1067 1079 2489 2484 
12834 200 2476 2498 2500 
12835 2502 194 2476 2498 
12836 2479 189 2496 2478 
12837 2496 199 2505 2478 
12838 2489 2504 1079 1067 
12839 2480 2490 2474 2506 
12840 2494 2501 2499 2471 
12841 2473 2505 2488 2482 
12842 2499 190 2503 2485 
12843 2509 2486 2472 2502 
12844 2501 204 2499 2475 
12845 2473 2479 2492 2478 
12846 2491 2507 2492 2479 
12847 2482 2505 199 2478 
12848 194 2476 2486 2502 
12849 197 2496 2507 2479 
12850 203 2497 2481 2504 
12851 2503 2510 2494 2485 
12852 2501 2511 2484 2471 
12853 2481 2489 2504 2493 
12854 1068 193 2477 2497 
12855 1068 2477 192 2497 
12856 200 2498 2476 1076 
12857 1074 199 2496 2478 
12858 2509 2493 2474 2506 
12859 2509 2474 2490 2506 
12860 2472 2483 2488 2495 
12861 204 1080 2499 2475 
12862 2491 2471 2494 2485 
12863 2488 2512 2505 2473 
12864 2491 2494 2510 2485 
12865 2505 2512 2492 2473 
12866 2472 2509 2502 2495 
12867 2490 2486 2472 2509 
12868 2510 2507 2492 2491 
12869 2492 2491 2479 2473 
12870 2489 2481 2474 2493 
12871 2484 2511 2489 2471 
12872 2489 2504 2493 2511 
12873 2511 2501 2494 2471 
12874 2482 199 196 2478 
12875 194 2502 201 2498 
12876 198 190 2503 2499 
12877 2496 197 189 2479 
12878 195 1076 200 2476 
12879 1068 202 193 2497 
12880 198 1080 190 2499 
12881 199 1074 196 2478 
12882 192 1078 2497 203 
12883 1074 197 189 2496 
12884 1080 204 191 2475 
12885 2474 2508 2511 2493 
12886 2511 2508 2474 2487 
12887 2511 2489 2474 2493 
12888 2474 2489 2511 2487 
12889 2473 2508 2491 2487 
12890 2473 2491 2508 2492 
12891 2504 1067 203 1079 
12892 203 1067 2504 2481 
12893 2471 2508 2491 2494 
12894 2471 2491 2508 2487 
12895 2486 1077 194 2502 
12896 194 1077 2486 1069 
12897 1080 2475 190 2499 
12898 190 2475 1080 1066 
12899 2478 1074 189 2496 
12900 189 1074 2478 1072 
12901 1071 2505 199 2482 
12902 1071 199 2505 1075 
12903 2476 2495 2502 2498 
12904 2502 2495 2476 2472 
12905 2492 2478 2505 2473 
12906 2505 2478 2492 2496 
12907 2483 2512 2495 2500 
12908 2495 2512 2483 2488 
12909 2471 2499 2485 2475 
12910 2471 2485 2499 2494 
12911 2503 1065 2510 2485 
12912 2510 1065 2503 1073 
12913 2506 2474 2497 2493 
12914 2506 2497 2474 2480 
12915 2477 2474 2497 2480 
12916 2490 1077 2486 2509 
12917 2486 1077 2490 1069 
12918 2495 2483 2476 2472 
12919 2495 2476 2483 2500 
12920 2506 193 2497 2480 
12921 2506 2497 193 202 
12922 2483 200 2476 195 
12923 2483 2476 200 2500 
12924 2484 204 2475 191 
12925 2484 2475 204 2501 
12926 2479 197 1065 2507 
12927 2479 1065 197 189 
12928 2497 192 2481 2477 
12929 2481 192 2497 203 
12930 2498 194 1076 201 
12931 2498 1076 194 2476 
12932 2474 2497 2481 2477 
12933 2474 2481 2497 2493 
3 19 4 106
12934 2520 206 210 4061 
12935 2530 2520 210 4061 
12936 1082 1092 206 4061 
12937 211 2517 208 4062 
12938 1092 210 206 4061 
12939 211 2527 2517 4062 
12940 2527 1097 1087 4062 
12941 208 1087 1097 4062 
12942 2523 2515 2530 2513 
12943 2523 2513 2519 2516 
12944 2517 2527 1087 4062 
12945 1087 2531 2521 1086 
12946 2518 2524 2514 2515 
12947 2524 2516 2527 2514 
12948 1094 1090 1089 2516 
12949 1098 1084 2515 1099 
12950 1094 1089 1088 2516 
12951 1099 2515 1100 1084 
12952 2516 2523 2513 2515 
12953 2514 2524 2516 2515 
12954 211 208 1097 4062 
12955 1081 2529 209 1091 
12956 212 1086 2528 1096 
12957 1097 1086 2531 1087 
12958 1086 1097 2531 1096 
12959 2529 2519 1090 2516 
12960 2530 1083 2520 2515 
12961 1082 2522 1081 2532 
12962 2530 2520 2513 2515 
12963 1099 1098 2525 2515 
12964 2529 2523 2519 2516 
12965 2527 2516 1088 2517 
12966 2528 1100 2525 2518 
12967 2526 1095 1094 2516 
12968 1090 1094 1095 2516 
12969 1084 1098 2515 1083 
12970 2525 2524 2528 2518 
12971 2514 2516 2527 2517 
12972 1093 2526 1094 1088 
12973 1084 2515 1100 1085 
12974 2515 1099 1100 2525 
12975 2525 1098 2530 2515 
12976 1083 2530 1098 2515 
12977 1088 2526 1094 2516 
12978 2526 2529 1095 2516 
12979 2529 1090 1095 2516 
12980 2515 2523 2530 2525 
12981 2515 2518 1100 1085 
12982 2527 2526 1093 1088 
12983 2523 2529 2526 2516 
12984 2518 1100 2525 2515 
12985 2516 2527 1088 2526 
12986 2525 2524 2518 2515 
12987 2516 2524 2527 2526 
12988 205 1081 2519 209 
12989 2518 212 207 1086 
12990 1082 1091 2532 1081 
12991 1091 1082 2532 1092 
12992 2526 2524 2525 2515 
12993 2524 2526 2516 2515 
12994 2526 2525 2523 2515 
12995 2516 2526 2523 2515 
12996 2529 1081 209 2519 
12997 2518 212 1086 2528 
12998 212 1085 2518 207 
12999 206 1083 2520 210 
13000 1088 211 2517 208 
13001 205 2519 1090 209 
13002 2530 2520 1083 210 
13003 209 2519 1090 2529 
13004 1100 212 2518 2528 
13005 2529 2522 2523 2532 
13006 2523 2522 2530 2532 
13007 2527 1088 211 2517 
13008 2514 2531 2518 2521 
13009 2527 2531 2514 2521 
13010 1085 212 2518 1100 
13011 1083 2530 210 1098 
13012 1095 209 1090 2529 
13013 1088 2527 211 1093 
13014 2527 2531 2521 1087 
13015 2531 2521 1086 2518 
13016 2519 2523 2522 2513 
13017 2522 2523 2530 2513 
13018 1082 2530 1092 4061 
13019 2531 2514 2518 2524 
13020 2527 2531 2524 2514 
13021 2529 1081 2522 2532 
13022 1096 2528 2531 1086 
13023 2530 2522 1082 2532 
13024 2531 2527 1097 1087 
13025 1081 2529 1091 2532 
13026 2530 2532 1082 1092 
13027 2523 2519 2522 2529 
13028 2522 2520 2513 2530 
13029 2530 1082 2520 4061 
13030 2531 2524 2518 2528 
13031 2521 2514 2527 2517 
13032 2527 2521 2517 1087 
13033 1086 2528 2531 2518 
13034 2522 2519 1081 2529 
13035 2522 2530 1082 2520 
13036 1097 2527 211 4062 
13037 2517 1087 208 4062 
13038 1092 2530 210 4061 
13039 1082 206 2520 4061 
3 20 4 168
13040 1111 2545 224 2565 
13041 2541 217 1105 2567 
13042 228 2563 1115 2546 
13043 2544 227 2569 1115 
13044 218 2547 1105 2562 
13045 2556 2553 2573 2570 
13046 2571 2552 2536 2549 
13047 2571 2557 2534 2549 
13048 2557 2551 2534 2549 
13049 2549 2536 2554 2550 
13050 2551 2557 2574 2549 
13051 2571 2534 2552 2549 
13052 2557 2570 2574 2549 
13053 2574 2535 2551 2549 
13054 2557 2571 2570 2549 
13055 2553 2555 2573 2570 
13056 2570 2553 2555 2549 
13057 2554 2570 2549 2550 
13058 2553 2535 2555 2549 
13059 2556 2572 2533 2570 
13060 2570 2554 2572 2550 
13061 224 1107 2545 1111 
13062 2545 219 1107 224 
13063 2566 1111 1107 223 
13064 226 1105 217 2567 
13065 1103 227 216 2544 
13066 1103 227 2544 1115 
13067 214 2564 1109 222 
13068 1115 1103 228 2546 
13069 228 1103 215 2546 
13070 2562 1113 218 225 
13071 226 1105 2567 1113 
13072 1109 221 2568 1101 
13073 1113 218 1105 2562 
13074 2552 1101 2568 2542 
13075 2541 1105 2553 2567 
13076 2565 1111 2545 2572 
13077 2550 2566 1107 2543 
13078 2537 2564 2560 2534 
13079 2558 2541 2540 2555 
13080 1115 2574 2569 2551 
13081 2546 2537 2563 2534 
13082 2568 2571 1109 2552 
13083 2547 2553 1105 2573 
13084 2534 2537 2564 2548 
13085 2559 2566 2554 2543 
13086 2538 2545 2533 2565 
13087 2535 2544 2540 2569 
13088 1111 2572 2566 2550 
13089 2558 2541 2555 2567 
13090 2546 1115 1103 2551 
13091 2542 213 2559 2539 
13092 2538 2562 225 2561 
13093 1110 220 2559 1108 
13094 1101 2568 1109 2552 
13095 1108 221 2559 1110 
13096 218 1112 1106 2538 
13097 1102 228 2537 1116 
13098 2538 2533 2547 2556 
13099 2540 1104 1114 227 
13100 1102 214 1116 2537 
13101 2563 228 2560 2537 
13102 1106 224 2538 1112 
13103 2538 224 2565 2561 
13104 227 2558 2540 2569 
13105 2540 217 2541 2558 
13106 2566 1107 1111 2550 
13107 2568 2552 2542 2536 
13108 2564 2571 2534 2548 
13109 2564 2557 2560 2534 
13110 2541 2535 2540 2555 
13111 2569 2535 2544 2551 
13112 221 2559 2568 2542 
13113 2540 2544 227 2569 
13114 2559 223 2566 2543 
13115 218 2538 2547 2562 
13116 2537 214 2564 2548 
13117 2555 2541 2553 2567 
13118 2547 2573 2562 2556 
13119 2550 2554 2566 2543 
13120 2545 2533 2565 2572 
13121 1108 2559 213 2539 
13122 2561 225 2538 1112 
13123 1108 220 2559 2539 
13124 1116 222 2560 2537 
13125 228 1116 2560 2537 
13126 2571 2568 2554 2536 
13127 2568 2571 2552 2536 
13128 1114 2558 2540 227 
13129 224 2561 2538 1112 
13130 2553 2547 2533 2556 
13131 2563 2557 2574 2551 
13132 2547 2553 2573 2556 
13133 2535 2569 2574 2551 
13134 2557 2564 2571 2534 
13135 2574 2569 2535 2555 
13136 2571 2534 2548 2552 
13137 2553 2555 2567 2573 
13138 2535 2541 2553 2555 
13139 2572 2554 2566 2550 
13140 2550 2536 2554 2543 
13141 2533 2565 2572 2556 
13142 2545 2533 2572 2550 
13143 2559 221 213 2542 
13144 2562 218 2538 225 
13145 2540 2544 216 227 
13146 1108 221 213 2559 
13147 218 1112 2538 225 
13148 228 1102 2537 215 
13149 1104 2540 216 227 
13150 220 1110 2559 223 
13151 222 1116 214 2537 
13152 1106 224 219 2538 
13153 1114 217 2558 226 
13154 2570 2550 2533 2549 
13155 2533 2550 2570 2572 
13156 2549 2554 2571 2570 
13157 2549 2571 2554 2536 
13158 2533 2570 2553 2556 
13159 2553 2570 2533 2549 
13160 2555 2549 2574 2570 
13161 2574 2549 2555 2535 
13162 1114 2540 217 1104 
13163 1114 217 2540 2558 
13164 2538 2562 2556 2547 
13165 2538 2556 2562 2561 
13166 2560 2534 2563 2537 
13167 2563 2534 2560 2557 
13168 1115 2544 2551 2569 
13169 1115 2551 2544 1103 
13170 2538 2556 2565 2533 
13171 2565 2556 2538 2561 
13172 2563 2551 1115 2546 
13173 1115 2551 2563 2574 
13174 2540 2555 2569 2558 
13175 2569 2555 2540 2535 
13176 1105 2562 2573 1113 
13177 2573 2562 1105 2547 
13178 2545 224 2538 219 
13179 2538 224 2545 2565 
13180 2539 2536 2559 2542 
13181 2568 2559 2536 2542 
13182 2568 2536 2559 2554 
13183 2567 217 2558 2541 
13184 2567 2558 217 226 
13185 1105 2573 2567 1113 
13186 2567 2573 1105 2553 
13187 1109 2552 2548 1101 
13188 2548 2552 1109 2571 
13189 1109 2564 2548 2571 
13190 2543 223 1107 220 
13191 2543 1107 223 2566 
13192 1111 2550 2545 2572 
13193 2545 2550 1111 1107 
13194 2534 2563 2551 2557 
13195 2534 2551 2563 2546 
13196 2546 228 2537 215 
13197 2546 2537 228 2563 
13198 2542 221 1101 2568 
13199 2542 1101 221 213 
13200 220 2559 2543 223 
13201 2543 2559 220 2539 
13202 222 2537 2564 2560 
13203 2564 2537 222 214 
13204 2536 2559 2543 2539 
13205 2536 2543 2559 2554 
13206 2548 1109 214 2564 
13207 214 1109 2548 1101 
3 21 4 169
13208 2589 235 1123 2606 
13209 1127 2610 239 2585 
13210 2605 1129 2588 241 
13211 2604 1131 244 2587 
13212 2609 242 2583 1129 
13213 2590 230 2607 1117 
13214 2612 2598 2593 2614 
13215 2597 2578 2591 2616 
13216 2593 2591 2598 2612 
13217 2591 2575 2593 2598 
13218 2614 2593 2612 2577 
13219 2575 2591 2616 2598 
13220 2595 2591 2578 2616 
13221 2614 2612 2596 2577 
13222 2596 2612 2594 2577 
13223 2591 2597 2616 2612 
13224 2593 2591 2612 2577 
13225 2598 2591 2616 2612 
13226 2615 2599 2612 2576 
13227 2592 2578 2591 2597 
13228 2591 2592 2597 2615 
13229 2599 2613 2612 2594 
13230 2612 2591 2597 2615 
13231 2594 2612 2591 2577 
13232 2591 2595 2575 2616 
13233 244 1119 231 2587 
13234 244 1119 2587 1131 
13235 2615 2612 2591 2576 
13236 234 1129 241 2588 
13237 2596 2612 2613 2594 
13238 239 236 1123 2585 
13239 239 1123 1127 2585 
13240 240 1123 2606 1127 
13241 240 1123 235 2606 
13242 1125 230 2607 238 
13243 243 2586 232 1119 
13244 2591 2592 2615 2576 
13245 1121 242 2583 233 
13246 237 1117 2608 1125 
13247 234 1129 2588 1121 
13248 230 1125 2607 1117 
13249 242 1121 2583 1129 
13250 2604 2615 1131 2587 
13251 2608 2594 1117 2584 
13252 2588 2616 1129 2605 
13253 2592 2586 2611 1119 
13254 2580 2589 2575 2603 
13255 2601 2610 2596 2581 
13256 2583 2578 2582 2600 
13257 1126 2601 1124 2581 
13258 2593 2606 1127 2614 
13259 2605 2580 2575 2603 
13260 2579 2602 2604 2576 
13261 2584 2601 2596 2581 
13262 2616 2595 2588 1129 
13263 2583 2578 2600 2609 
13264 1131 2615 2592 2587 
13265 2589 2603 2606 2598 
13266 2585 2577 2610 2581 
13267 2594 2613 2608 1117 
13268 2609 2595 2616 1129 
13269 2611 2600 2586 2597 
13270 2607 2599 2602 2590 
13271 2592 2611 2615 1131 
13272 2580 2575 2588 2605 
13273 2613 2594 2590 1117 
13274 2587 2579 2604 2576 
13275 2608 2601 2596 2584 
13276 1132 238 2602 1118 
13277 1120 242 2600 1130 
13278 1124 236 1126 2581 
13279 1121 2588 2595 1129 
13280 241 1122 2580 1128 
13281 2582 233 2583 2600 
13282 243 1120 2600 1130 
13283 2603 2589 2575 2598 
13284 2600 232 2586 2582 
13285 2587 2592 1131 1119 
13286 2577 2596 2610 2581 
13287 2589 2580 235 2603 
13288 2597 2600 2578 2609 
13289 237 1126 2601 1124 
13290 2584 229 2601 2581 
13291 2613 1125 2608 1117 
13292 2593 2589 2606 2598 
13293 2580 2605 241 2603 
13294 230 2602 2579 2590 
13295 2577 2610 2614 2585 
13296 2601 239 2610 2581 
13297 1131 2592 2611 1119 
13298 2599 2604 2602 2576 
13299 235 2589 2603 2606 
13300 2604 244 2602 2579 
13301 2594 2608 2596 2584 
13302 2575 2605 2603 2598 
13303 2578 2583 2595 2609 
13304 2577 2584 2596 2581 
13305 237 2601 2608 2584 
13306 2602 230 2607 2590 
13307 2585 2610 239 2581 
13308 2616 2588 2575 2605 
13309 2583 2600 242 2609 
13310 243 2600 2586 2611 
13311 2607 2613 2599 2590 
13312 2611 2586 2592 2597 
13313 2604 2615 2587 2576 
13314 2582 1120 233 2600 
13315 232 1120 2582 2600 
13316 1124 2601 229 2581 
13317 2603 241 2580 1128 
13318 1126 239 2601 2581 
13319 2579 2602 230 1118 
13320 2594 2576 2599 2590 
13321 2598 2606 2593 2614 
13322 2616 2578 2595 2609 
13323 2616 2597 2578 2609 
13324 2610 2614 2596 2577 
13325 2614 2593 2577 2585 
13326 2589 2593 2575 2598 
13327 2594 2599 2613 2590 
13328 2613 2608 2596 2594 
13329 2595 2588 2575 2616 
13330 2596 2594 2584 2577 
13331 2575 2616 2605 2598 
13332 2578 2592 2586 2597 
13333 2587 2615 2592 2576 
13334 2592 2611 2597 2615 
13335 2615 2604 2599 2576 
13336 2600 233 2583 242 
13337 2601 237 229 2584 
13338 239 236 2585 2581 
13339 240 235 2603 2606 
13340 238 230 2607 2602 
13341 232 2600 2586 243 
13342 242 1120 2600 233 
13343 2602 238 230 1118 
13344 239 1126 236 2581 
13345 1128 235 2603 240 
13346 2601 229 237 1124 
13347 1122 2580 234 241 
13348 2579 231 244 1118 
13349 1120 243 2600 232 
13350 2576 2612 2594 2599 
13351 2576 2594 2612 2591 
13352 2611 1119 243 1131 
13353 243 1119 2611 2586 
13354 2580 1128 235 2603 
13355 235 1128 2580 1122 
13356 2602 1118 244 1132 
13357 244 1118 2602 2579 
13358 2583 1129 2595 2609 
13359 2595 1129 2583 1121 
13360 2576 2602 2590 2579 
13361 2576 2590 2602 2599 
13362 2607 1117 2613 2590 
13363 2613 1117 2607 1125 
13364 2578 2600 2586 2582 
13365 2578 2586 2600 2597 
13366 1127 2585 2614 2610 
13367 1127 2593 2585 1123 
13368 1127 2585 2593 2614 
13369 2606 1123 2593 1127 
13370 2606 2593 1123 2589 
13371 2588 241 2580 2605 
13372 2580 241 2588 234 
13373 2587 244 2579 231 
13374 2587 2579 244 2604 
13375 2584 237 1117 2608 
13376 2584 1117 237 229 
3 22 4 106
13377 2619 1137 1152 4064 
13378 1152 2629 2619 4064 
13379 1151 1137 1136 4064 
13380 2630 1147 2620 4063 
13381 2620 1147 1142 4063 
13382 1152 1137 1151 4064 
13383 2623 2633 2630 4063 
13384 2623 2630 2620 4063 
13385 2624 2627 2629 2617 
13386 2617 2630 2623 2627 
13387 2618 2622 2628 2619 
13388 2620 2631 2628 2618 
13389 1149 2625 1148 2635 
13390 1136 1135 1151 2629 
13391 1141 1147 2620 1146 
13392 1141 1140 1146 2620 
13393 2617 2629 2630 2627 
13394 2618 2628 2620 2619 
13395 249 1133 2633 1143 
13396 246 1144 2624 1134 
13397 2632 1148 252 1138 
13398 2621 1149 1139 248 
13399 1148 2625 1139 1138 
13400 2625 1149 1148 1139 
13401 2634 1135 2624 2629 
13402 2636 1134 1133 2626 
13403 2627 2624 2629 2634 
13404 1136 1135 2629 2619 
13405 2633 2627 2623 2630 
13406 2620 1140 2631 2621 
13407 2632 1137 2619 2622 
13408 1147 1141 2620 1142 
13409 1146 2630 1147 2620 
13410 1135 1150 1151 2629 
13411 2622 2632 2628 2619 
13412 2631 2620 2621 2618 
13413 1146 1145 2630 1140 
13414 2629 1135 2624 2619 
13415 1150 1135 2634 2629 
13416 2630 1146 1140 2620 
13417 2629 2624 2617 2619 
13418 1137 2632 2619 1152 
13419 2631 2630 1145 1140 
13420 2630 2617 2623 2620 
13421 2632 1152 2629 2619 
13422 2631 2630 1140 2620 
13423 2632 2629 2628 2619 
13424 2630 2631 2628 2620 
13425 249 1133 245 2633 
13426 246 2634 1144 250 
13427 252 2632 1138 247 
13428 2621 251 1149 248 
13429 1134 1143 2636 1133 
13430 1143 1134 2636 1144 
13431 2628 2629 2630 2619 
13432 2620 2628 2630 2619 
13433 2629 2617 2630 2619 
13434 2620 2630 2617 2619 
13435 1133 2623 245 2633 
13436 2634 246 1144 2624 
13437 2622 1138 2632 247 
13438 2621 251 2631 1149 
13439 2632 252 1137 247 
13440 250 1135 246 2634 
13441 251 2621 1140 248 
13442 249 245 1142 2633 
13443 246 1135 2624 2634 
13444 2623 1142 245 2633 
13445 1137 2622 2632 247 
13446 2636 2627 2626 2633 
13447 2627 2626 2624 2636 
13448 2621 251 1140 2631 
13449 2625 2632 2635 2628 
13450 2625 2628 2635 2631 
13451 2632 252 1152 1137 
13452 250 1135 2634 1150 
13453 1147 249 1142 2633 
13454 251 1140 2631 1145 
13455 1148 2625 2632 2635 
13456 2631 1149 2635 2625 
13457 2617 2623 2626 2627 
13458 2626 2627 2624 2617 
13459 2622 2628 2625 2618 
13460 2625 2628 2631 2618 
13461 2636 2626 1133 2633 
13462 1134 2624 2626 2636 
13463 2625 1148 2632 1138 
13464 2621 1149 2625 1139 
13465 2633 1133 2636 1143 
13466 1134 2624 2636 1144 
13467 2623 2626 2627 2633 
13468 2624 2627 2636 2634 
13469 1151 1136 2629 4064 
13470 2625 2632 2628 2622 
13471 2621 2625 2631 2618 
13472 1138 2632 2625 2622 
13473 1149 2621 2625 2631 
13474 2626 2623 1133 2633 
13475 2624 2636 1144 2634 
13476 2629 1136 2619 4064 
13477 2623 1142 2633 4063 
13478 1142 1147 2633 4063 
13479 2619 1136 1137 4064 
13480 2633 1147 2630 4063 
13481 2629 1152 1151 4064 
13482 1142 2623 2620 4063 
3 23 4 172
13483 1167 267 2648 2669 
13484 2668 260 1159 2647 
13485 2673 264 2650 1163 
13486 257 1157 2645 2667 
13487 1161 2671 262 2652 
13488 1161 261 2666 2646 
13489 258 2651 1157 2670 
13490 2661 2639 2674 2678 
13491 2660 2656 2640 2653 
13492 2639 2657 2674 2678 
13493 2660 2677 2656 2653 
13494 2658 2637 2657 2653 
13495 2659 2654 2638 2653 
13496 2657 2674 2658 2653 
13497 2654 2659 2674 2653 
13498 2654 2674 2639 2653 
13499 2660 2675 2674 2653 
13500 2657 2639 2674 2653 
13501 2677 2660 2674 2653 
13502 2677 2638 2656 2653 
13503 2657 2674 2678 2658 
13504 264 1159 2650 1163 
13505 268 1155 2672 1167 
13506 2650 259 1159 264 
13507 258 2670 1165 265 
13508 1161 254 2652 262 
13509 2653 2675 2637 2655 
13510 2659 2674 2676 2654 
13511 1155 267 256 2648 
13512 1155 267 2648 1167 
13513 1159 263 260 2668 
13514 1159 263 2668 1163 
13515 1157 266 2667 257 
13516 261 1153 253 2646 
13517 2670 1157 258 1165 
13518 254 1161 2652 1153 
13519 266 1157 2667 1165 
13520 261 1153 2646 1161 
13521 2650 2675 2673 1163 
13522 2645 1157 2678 2667 
13523 2656 1161 2666 2646 
13524 2651 2657 1157 2670 
13525 2677 2671 1161 2652 
13526 2654 1155 2672 2649 
13527 2676 1167 2648 2669 
13528 1159 2668 2647 2655 
13529 1160 2665 1162 2643 
13530 2644 1156 2664 1166 
13531 2669 2664 2644 2661 
13532 2647 2640 2665 2643 
13533 2666 2665 2640 2643 
13534 2664 2645 2644 2661 
13535 2663 2641 2651 2658 
13536 2642 2671 2662 2638 
13537 1161 2677 2652 2656 
13538 2678 1157 2657 2670 
13539 2645 1157 2657 2678 
13540 2677 1161 2666 2656 
13541 2665 2668 2660 2647 
13542 2639 2648 2644 2669 
13543 2650 2675 1163 2655 
13544 2640 2646 2666 2643 
13545 2664 2645 2661 2667 
13546 2659 2672 2662 2649 
13547 2641 2650 2637 2673 
13548 1155 2672 2676 2654 
13549 2668 1163 2675 2655 
13550 2651 2670 2663 2658 
13551 2638 2642 2671 2652 
13552 2676 2648 1155 2654 
13553 253 1162 2643 1160 
13554 256 1166 1156 2644 
13555 257 2645 2644 2664 
13556 266 2664 1156 1166 
13557 1153 1161 2652 2656 
13558 2670 2678 1157 1165 
13559 2656 1153 1161 2646 
13560 2667 1157 2678 1165 
13561 2663 265 1158 1164 
13562 2641 1158 259 1164 
13563 2662 262 2671 2642 
13564 2642 2662 255 2649 
13565 2647 2665 260 2643 
13566 2672 2676 1167 1155 
13567 1163 1159 2650 2655 
13568 261 2665 2666 2643 
13569 1162 263 2665 1160 
13570 2669 2644 2639 2661 
13571 2640 2665 2660 2647 
13572 1168 254 2642 1154 
13573 2648 1167 2676 1155 
13574 2668 1159 1163 2655 
13575 268 1168 2662 1154 
13576 258 2641 2651 2663 
13577 2645 2639 2644 2661 
13578 2666 2665 2660 2640 
13579 264 2641 2663 2673 
13580 267 2664 2644 2669 
13581 2671 2659 2662 2638 
13582 2641 2637 2651 2658 
13583 2664 257 2645 2667 
13584 2666 2656 2646 2640 
13585 2678 2661 2645 2667 
13586 2672 268 2662 2649 
13587 260 2668 2665 2647 
13588 2647 2668 2660 2655 
13589 2648 2639 2676 2669 
13590 2646 261 2666 2643 
13591 2648 267 2644 2669 
13592 1158 2641 2663 1164 
13593 2642 2662 1168 1154 
13594 2651 2657 2670 2658 
13595 2671 2677 2638 2652 
13596 2675 2637 2650 2673 
13597 2672 2659 2654 2649 
13598 257 2644 1156 2664 
13599 1160 260 2665 2643 
13600 261 1162 2665 2643 
13601 1168 262 2662 2642 
13602 255 2662 2642 1154 
13603 1166 2664 2644 267 
13604 258 1158 2641 2663 
13605 264 2663 2641 1164 
13606 2645 2639 2661 2678 
13607 2656 2666 2660 2640 
13608 2677 2666 2660 2656 
13609 2639 2645 2657 2678 
13610 2647 2660 2640 2655 
13611 2639 2676 2669 2661 
13612 2671 2677 2659 2638 
13613 2657 2651 2637 2658 
13614 2639 2648 2676 2654 
13615 2675 2660 2668 2655 
13616 2673 2675 2637 2658 
13617 2659 2654 2649 2638 
13618 2657 2678 2670 2658 
13619 2677 2638 2652 2656 
13620 2672 2659 2676 2654 
13621 2650 2637 2675 2655 
13622 257 2664 266 2667 
13623 2646 253 261 2643 
13624 2662 268 255 2649 
13625 267 2648 2644 256 
13626 2668 260 2665 263 
13627 2664 1156 257 266 
13628 1162 253 2643 261 
13629 256 1166 2644 267 
13630 2665 263 260 1160 
13631 254 1168 2642 262 
13632 1158 258 265 2663 
13633 264 2641 259 1164 
13634 2662 255 268 1154 
13635 2653 2658 2675 2674 
13636 2653 2675 2658 2637 
13637 2653 2659 2677 2638 
13638 2653 2677 2659 2674 
13639 2676 2639 2674 2661 
13640 2676 2674 2639 2654 
13641 2655 2660 2653 2675 
13642 2655 2653 2660 2640 
13643 2662 2638 2649 2642 
13644 2649 2638 2662 2659 
13645 2641 2658 2673 2637 
13646 2673 2658 2641 2663 
13647 258 2670 2663 2651 
13648 258 2663 2670 265 
13649 2652 262 2642 2671 
13650 2652 2642 262 254 
13651 2650 264 2641 259 
13652 2650 2641 264 2673 
13653 2649 268 1155 2672 
13654 2649 1155 268 255 
3 24 4 168
13655 2691 2710 271 1171 
13656 1177 2709 278 2692 
13657 2715 2687 272 1171 
13658 2708 1181 2693 281 
13659 2694 275 1175 2711 
13660 2714 282 2690 1181 
13661 2681 2701 2720 2716 
13662 2716 2717 2699 2682 
13663 2700 2717 2716 2682 
13664 2719 2716 2703 2697 
13665 2720 2695 2681 2716 
13666 2717 2699 2702 2716 
13667 2697 2700 2716 2682 
13668 2699 2695 2716 2682 
13669 2702 2680 2720 2716 
13670 2718 2703 2716 2679 
13671 2716 2698 2718 2679 
13672 2716 2719 2700 2697 
13673 2680 2695 2720 2716 
13674 2695 2698 2716 2679 
13675 2697 2716 2695 2682 
13676 2696 2695 2681 2720 
13677 272 283 2715 1171 
13678 1181 274 2693 281 
13679 1183 2715 283 1171 
13680 2716 2698 2701 2718 
13681 2695 2696 2680 2720 
13682 280 1175 275 2711 
13683 2711 280 1175 1179 
13684 277 269 2689 1169 
13685 284 271 2710 1171 
13686 2710 1183 284 1171 
13687 273 1173 2690 282 
13688 1175 279 2713 1179 
13689 278 270 1177 2692 
13690 274 2693 1173 1181 
13691 282 1173 2690 1181 
13692 270 1177 2692 1169 
13693 2693 2720 1181 2708 
13694 2689 2697 2712 1169 
13695 2719 2709 1177 2692 
13696 2715 2698 2687 1171 
13697 2694 2684 2706 2702 
13698 2689 2705 2700 2686 
13699 2704 2685 2687 2701 
13700 2699 2694 1175 2717 
13701 2705 2713 2700 2688 
13702 2719 2697 2692 1169 
13703 2712 2705 2700 2689 
13704 2691 2683 2710 2679 
13705 2720 2696 2693 1181 
13706 2690 2681 2685 2714 
13707 2698 2715 2718 1171 
13708 2694 2706 2711 2702 
13709 2715 2704 2687 2701 
13710 2696 2720 2714 1181 
13711 2684 2680 2693 2708 
13712 2691 2698 2718 1171 
13713 1170 1184 271 2683 
13714 2713 2717 1175 1179 
13715 1170 270 1184 2683 
13716 2705 1178 276 1176 
13717 1174 280 2706 1180 
13718 1172 283 1182 2704 
13719 2707 278 2709 2683 
13720 2688 2705 276 2686 
13721 2692 1177 2719 1169 
13722 2694 2684 275 2706 
13723 1183 2718 2715 1171 
13724 2684 2694 2680 2702 
13725 1176 277 2705 1178 
13726 2685 2687 272 2704 
13727 2685 2704 282 2714 
13728 277 2705 2689 2686 
13729 2696 1173 2693 1181 
13730 2684 2708 281 2706 
13731 2709 2719 2703 2692 
13732 2682 2689 2700 2686 
13733 2681 2687 2685 2701 
13734 2702 2711 2694 2717 
13735 275 2694 2706 2711 
13736 2697 2712 2700 2689 
13737 2683 2710 271 2691 
13738 2705 279 2713 2688 
13739 2720 2693 2680 2708 
13740 282 2690 2685 2714 
13741 277 2705 2712 2689 
13742 2690 2696 2681 2714 
13743 2687 2698 2715 2701 
13744 2710 2718 2691 2679 
13745 1184 278 2707 2683 
13746 1176 276 2705 2686 
13747 1174 275 2684 2706 
13748 2685 272 1172 2704 
13749 2697 2679 2703 2692 
13750 2697 2703 2719 2692 
13751 284 1184 2707 2683 
13752 2720 2701 2681 2714 
13753 2682 2717 2699 2688 
13754 2694 2699 2702 2717 
13755 2720 2681 2696 2714 
13756 2694 2699 2680 2702 
13757 2700 2697 2689 2682 
13758 2719 2712 2700 2697 
13759 2696 2693 2680 2720 
13760 2680 2720 2708 2702 
13761 2718 2710 2703 2679 
13762 2698 2715 2701 2718 
13763 2691 2718 2698 2679 
13764 2698 2687 2681 2701 
13765 276 279 2705 2688 
13766 2689 269 277 2686 
13767 280 275 2706 2711 
13768 273 2690 2685 282 
13769 279 1178 276 2705 
13770 278 1184 270 2683 
13771 282 1172 2685 273 
13772 1174 280 275 2706 
13773 1184 284 271 2683 
13774 1174 2684 274 281 
13775 1172 283 2704 272 
13776 2679 2716 2697 2703 
13777 2679 2697 2716 2695 
13778 2680 2716 2699 2695 
13779 2699 2716 2680 2702 
13780 1171 2710 2718 2691 
13781 1171 2718 2710 1183 
13782 2681 2716 2698 2701 
13783 2698 2716 2681 2695 
13784 2712 1169 277 2689 
13785 277 1169 2712 1177 
13786 1172 2704 282 2685 
13787 282 2704 1172 1182 
13788 2706 1174 281 2684 
13789 281 1174 2706 1180 
13790 1175 2711 2717 2694 
13791 1175 2717 2711 1179 
13792 2700 2686 2688 2682 
13793 2688 2686 2700 2705 
13794 2684 2702 2708 2706 
13795 2708 2702 2684 2680 
13796 2688 2717 1175 2713 
13797 2688 1175 2717 2699 
13798 2701 2685 2714 2704 
13799 2701 2714 2685 2681 
13800 2690 1181 2696 2714 
13801 2696 1181 2690 1173 
13802 2692 2703 2683 2679 
13803 2692 2683 2703 2709 
13804 2707 2703 2683 2709 
13805 2719 1169 2712 2697 
13806 2712 1169 2719 1177 
13807 2700 2688 2717 2682 
13808 2717 2688 2700 2713 
13809 2692 278 2683 2709 
13810 2692 2683 278 270 
13811 2688 279 1175 276 
13812 2688 1175 279 2713 
13813 2715 272 2704 283 
13814 2715 2704 272 2687 
13815 2693 281 2684 2708 
13816 2684 281 2693 274 
13817 2683 284 2710 2707 
13818 2683 2710 284 271 
13819 277 2686 1176 2705 
13820 1176 2686 277 269 
13821 2703 2683 2710 2707 
13822 2703 2710 2683 2679 
3 25 4 54
13823 1185 1192 2726 1191 
13824 1192 1185 2726 1186 
13825 2721 2726 1194 1195 
13826 1195 1188 2721 1189 
13827 2726 1186 1185 2721 
13828 1188 1195 2721 1194 
13829 2725 2726 1192 2730 
13830 2726 1195 2724 2729 
13831 1196 2725 290 2730 
13832 2729 1190 291 2724 
13833 1193 289 2722 2727 
13834 292 2723 1196 2728 
13835 285 1193 2722 1190 
13836 287 1196 2723 1187 
13837 1193 285 2722 289 
13838 2723 292 1196 287 
13839 1190 291 2724 288 
13840 1194 292 2728 2723 
13841 2727 289 2722 1191 
13842 2726 2727 2722 1191 
13843 2723 2726 2728 1194 
13844 1185 2722 285 289 
13845 2723 1188 292 287 
13846 2725 2721 1186 2726 
13847 2721 1195 2724 2726 
13848 1195 2721 2724 1189 
13849 2726 1186 2725 1192 
13850 1187 290 2725 286 
13851 290 1187 2725 1196 
13852 1190 2729 291 1193 
13853 2724 1195 291 2729 
13854 290 2725 1192 2730 
13855 291 2724 288 1189 
13856 286 2725 1192 290 
13857 2723 2726 1194 2721 
13858 1185 2726 2722 1191 
13859 1188 1194 2721 2723 
13860 1185 2726 2721 2722 
13861 292 1194 1188 2723 
13862 1185 2722 289 1191 
13863 2724 1195 1189 291 
13864 286 2725 1186 1192 
13865 2722 2729 2726 2724 
13866 2728 2725 2730 2726 
13867 2728 2725 2726 2723 
13868 2729 2722 2726 2727 
13869 2725 2726 2723 2721 
13870 2726 2721 2722 2724 
13871 2729 2722 1190 2724 
13872 2725 1196 2728 2730 
13873 2722 1193 2727 2729 
13874 2723 1196 2728 2725 
13875 1193 2722 1190 2729 
13876 2723 1196 2725 1187 
3 26 4 78
13877 1197 1206 1198 2737 
13878 1210 1211 1202 2738 
13879 1207 2735 2732 2743 
13880 1201 2742 2740 2734 
13881 298 2735 2743 1200 
13882 2734 2742 1212 295 
13883 2736 2744 1205 2739 
13884 2736 297 2744 1208 
13885 2731 2741 1203 2733 
13886 2741 1204 299 2733 
13887 1211 1210 2746 2738 
13888 1197 1206 2737 1205 
13889 1205 1206 2737 2745 
13890 1203 1202 1211 2738 
13891 2735 1207 2732 1199 
13892 2732 1207 2743 2740 
13893 1209 2742 2740 1201 
13894 1201 2740 2732 2734 
13895 2736 297 1208 293 
13896 296 299 1204 2733 
13897 293 1208 2736 1204 
13898 1204 2741 299 1208 
13899 298 2735 1200 294 
13900 300 1212 2742 295 
13901 1205 2737 2731 2739 
13902 2743 298 1200 1212 
13903 2734 1212 1200 295 
13904 1209 1202 2738 1210 
13905 1198 1199 2737 1206 
13906 1205 2731 2736 2739 
13907 2739 1211 2746 2738 
13908 2737 1205 2745 2739 
13909 2731 1197 2737 1205 
13910 1201 2740 1209 2738 
13911 1201 2732 2740 2738 
13912 2732 1199 1207 2745 
13913 1207 2732 2745 2740 
13914 1197 2731 2736 1205 
13915 1207 2735 2743 298 
13916 2734 1201 2742 295 
13917 1199 1206 1207 2745 
13918 1202 1209 2738 1201 
13919 1199 2732 2737 2745 
13920 2740 2746 1209 2738 
13921 2733 299 2741 1203 
13922 1205 2736 297 2744 
13923 1201 300 2742 295 
13924 2735 298 1199 294 
13925 1209 2746 1210 2738 
13926 300 1201 2742 1209 
13927 1206 1199 2737 2745 
13928 1207 2735 298 1199 
13929 2733 296 299 1203 
13930 1197 297 2736 293 
13931 1211 2741 299 1203 
13932 2736 1205 297 1197 
13933 2739 2736 2744 2741 
13934 2741 2731 2736 2733 
13935 2743 2732 2734 2735 
13936 2743 2740 2742 2734 
13937 2743 1200 2735 2734 
13938 2743 2742 1212 2734 
13939 2739 2731 2736 2741 
13940 2736 1208 2744 2741 
13941 1212 1200 2743 2734 
13942 2741 2736 1204 2733 
13943 2732 2743 2734 2740 
13944 2736 1208 2741 1204 
13945 2738 2740 2745 2732 
13946 2738 2732 2745 2737 
13947 2740 2738 2745 2746 
13948 2739 2738 2737 2731 
13949 2745 2738 2737 2739 
13950 2745 2738 2739 2746 
13951 2738 1211 2731 2739 
13952 2738 2731 1211 1203 
13953 2741 2731 1211 2739 
13954 2741 1211 2731 1203 
3 27 4 93
13955 306 1216 302 4065 
13956 1228 1216 306 4065 
13957 302 2751 2759 4065 
13958 2750 2758 303 4067 
13959 306 302 2759 4065 
13960 2758 308 303 4067 
13961 1219 307 304 4066 
13962 1217 303 308 4067 
13963 1225 1217 308 4067 
13964 1227 307 1219 4066 
13965 1218 1227 2762 1226 
13966 2753 1222 1213 1214 
13967 2751 2748 1215 2759 
13968 2758 2748 1225 2750 
13969 2751 1228 2759 4065 
13970 2758 1216 2750 303 
13971 2755 2760 2752 1221 
13972 305 2752 1224 2760 
13973 2749 2755 1227 2757 
13974 1213 1222 2761 1221 
13975 1222 2753 1213 2761 
13976 2759 2748 1215 2756 
13977 1215 1223 2759 2756 
13978 1217 1225 2748 2750 
13979 2748 2758 1225 2756 
13980 2752 305 1224 301 
13981 2752 301 1224 1220 
13982 307 2757 1224 1220 
13983 1228 2758 308 303 
13984 1227 2762 2755 2747 
13985 2755 2753 1213 2747 
13986 2758 1228 1216 303 
13987 1226 1225 2762 1218 
13988 2751 1216 1228 4065 
13989 1214 1223 2753 1222 
13990 1213 2752 2755 2747 
13991 1213 2755 1221 2761 
13992 2755 1213 2753 2761 
13993 2755 2749 1227 2747 
13994 1225 2758 2750 4067 
13995 1223 2753 2756 1215 
13996 1217 2762 2748 1225 
13997 2762 2756 2748 1225 
13998 2748 2753 1215 2756 
13999 302 2751 1215 2759 
14000 2752 1213 2755 1221 
14001 1227 2747 2749 1219 
14002 1218 1225 2762 1217 
14003 1214 1223 1215 2753 
14004 2753 1223 2756 2761 
14005 2762 1217 2748 2754 
14006 2760 305 2752 1221 
14007 306 302 1223 2759 
14008 1223 302 1215 2759 
14009 1217 2762 1218 2754 
14010 1223 2753 1222 2761 
14011 1217 1225 2750 4067 
14012 1213 2752 301 305 
14013 1213 2752 305 1221 
14014 2752 2757 2760 2755 
14015 2752 2757 2755 2749 
14016 1227 2749 2757 4066 
14017 2751 2748 2759 2758 
14018 2751 2748 2758 2750 
14019 1228 2751 2759 2758 
14020 2758 1216 2751 2750 
14021 2755 2752 2749 2747 
14022 1224 2752 2757 2760 
14023 1216 2758 2751 1228 
14024 1220 2757 2752 2749 
14025 2756 2759 2748 2758 
14026 2749 1227 1219 4066 
14027 2752 1224 2757 1220 
14028 2748 2762 2753 2756 
14029 2762 2748 2753 2754 
14030 2753 2761 2756 2762 
14031 2762 2753 2755 2747 
14032 2747 2762 2753 2754 
14033 2761 2753 2755 2762 
14034 2759 1228 306 4065 
14035 2750 303 1217 4067 
14036 2757 307 1227 4066 
14037 2751 302 1216 4065 
14038 2749 1219 304 4066 
14039 308 2758 1225 4067 
14040 4066 307 2749 2757 
14041 4066 2749 307 304 
14042 1220 2749 307 2757 
14043 1220 307 2749 304 
14044 1218 1227 2754 2762 
14045 1218 2754 1227 1219 
14046 2747 2754 1227 2762 
14047 2747 1227 2754 1219 
3 28 4 78
14048 1242 2770 1235 1234 
14049 2769 1238 1229 1230 
14050 2764 2775 1239 2767 
14051 2764 1233 2774 2766 
14052 1244 2774 316 2766 
14053 1232 2767 314 2775 
14054 1229 2763 2768 2776 
14055 1243 2765 2771 2773 
14056 313 2768 1236 2776 
14057 315 2773 1240 2765 
14058 1229 1237 1238 2777 
14059 1238 2769 1229 2777 
14060 1242 2770 2778 1235 
14061 1242 2778 1243 1235 
14062 2775 2764 1239 2772 
14063 1239 2767 1231 2764 
14064 2774 1241 1233 2764 
14065 1241 2774 2772 2764 
14066 309 2768 1236 313 
14067 2776 1236 313 1240 
14068 1236 315 2765 312 
14069 315 1236 2765 1240 
14070 2775 314 1232 1244 
14071 1232 2767 310 314 
14072 1232 316 2766 1244 
14073 316 1232 2766 311 
14074 2763 1229 2777 2771 
14075 2763 2778 1235 2771 
14076 1242 1233 2770 1234 
14077 1238 1230 2769 1239 
14078 1229 2763 2776 2771 
14079 2763 1229 2769 2777 
14080 2771 1243 2778 1235 
14081 2777 1229 1237 2771 
14082 2778 2763 1235 2770 
14083 2765 2771 2763 1235 
14084 1239 1231 2769 2764 
14085 1241 1233 2764 2770 
14086 2772 1239 2769 2764 
14087 2772 2778 1241 2764 
14088 1237 1229 2776 2771 
14089 314 2767 1239 2775 
14090 2765 1243 2771 1235 
14091 2774 1233 316 2766 
14092 1230 1231 2769 1239 
14093 1233 1242 2770 1241 
14094 1239 2769 2777 2772 
14095 2764 2778 1241 2770 
14096 1243 2773 315 2765 
14097 313 1229 2768 2776 
14098 2766 1233 316 311 
14099 310 2767 1239 314 
14100 310 2767 1231 1239 
14101 2770 1241 1242 2778 
14102 1239 2769 1238 2777 
14103 1233 2774 316 1241 
14104 1235 315 312 2765 
14105 1229 2768 309 313 
14106 1235 315 2765 1243 
14107 2776 313 1229 1237 
14108 2763 2776 2765 2768 
14109 2771 2765 2776 2773 
14110 2774 1244 2775 2766 
14111 2775 2767 2764 2766 
14112 2764 2774 2775 2766 
14113 1232 2775 2766 2767 
14114 2776 2763 2765 2771 
14115 2775 1232 2766 1244 
14116 2776 1240 2773 2765 
14117 2776 2768 1236 2765 
14118 2774 2775 2772 2764 
14119 1240 2776 1236 2765 
14120 2764 2778 2769 2772 
14121 2772 2769 2777 2778 
14122 2778 2764 2769 2770 
14123 2778 2763 2777 2771 
14124 2769 2763 2777 2778 
14125 2769 2763 2778 2770 
3 29 4 59
14126 1247 318 322 4068 
14127 322 1256 1247 4068 
14128 318 2782 2787 4068 
14129 322 318 2787 4068 
14130 1245 1246 2779 1251 
14131 1251 1246 2779 1252 
14132 2779 1254 1249 2784 
14133 1255 1254 2784 1249 
14134 2779 1251 1252 2784 
14135 1254 2779 1249 1248 
14136 2787 2782 1256 4068 
14137 2782 2779 1252 2787 
14138 1255 2783 2784 2788 
14139 1256 2782 1247 4068 
14140 2788 1253 323 2783 
14141 2780 321 2785 1253 
14142 1256 2786 324 2781 
14143 2781 1256 1247 319 
14144 2781 324 1256 319 
14145 317 1253 2780 1250 
14146 317 1253 321 2780 
14147 323 1250 320 2783 
14148 2785 1245 321 2780 
14149 1254 324 2786 2781 
14150 2786 2779 1254 2781 
14151 2780 1245 2779 2785 
14152 2781 1248 324 319 
14153 1245 321 2780 317 
14154 2783 1255 2784 1249 
14155 2782 2779 1246 1252 
14156 2787 2779 1252 2784 
14157 2784 2779 2783 1249 
14158 323 1250 2783 1253 
14159 2783 1255 323 2788 
14160 318 2782 1252 2787 
14161 323 1249 2783 320 
14162 322 318 1252 2787 
14163 1251 2779 2785 2784 
14164 2779 2786 1254 2784 
14165 2785 1245 2779 1251 
14166 1248 1254 2779 2781 
14167 324 1254 1248 2781 
14168 1245 2785 321 1251 
14169 318 2782 1246 1252 
14170 1249 323 2783 1255 
14171 2787 2782 2779 2786 
14172 2788 2784 2785 2783 
14173 2786 2782 2779 2781 
14174 2785 2779 2780 2783 
14175 2784 2787 2779 2786 
14176 2779 2785 2784 2783 
14177 2782 2787 1256 2786 
14178 1253 2788 2785 2783 
14179 1256 2781 2782 2786 
14180 2785 2780 1253 2783 
14181 1253 2780 1250 2783 
14182 2781 1256 2782 1247 
14183 2787 1256 322 4068 
14184 2782 318 1247 4068 
3 30 4 169
14185 1265 2822 334 2797 
14186 2801 329 1261 2818 
14187 2803 332 2821 1263 
14188 1261 330 2798 2823 
14189 1265 333 2819 2804 
14190 2808 2789 2813 2805 
14191 2805 2828 2791 2807 
14192 2812 2828 2805 2807 
14193 2828 2805 2791 2826 
14194 2826 2808 2813 2805 
14195 2805 2830 2812 2790 
14196 2826 2808 2791 2810 
14197 2812 2828 2826 2805 
14198 2790 2812 2805 2807 
14199 2826 2791 2828 2810 
14200 2826 2813 2808 2829 
14201 2830 2805 2792 2809 
14202 2830 2812 2826 2805 
14203 2826 2791 2808 2805 
14204 2808 2826 2829 2810 
14205 2830 2805 2809 2790 
14206 2827 2789 2806 2805 
14207 325 333 1257 2804 
14208 1269 330 2823 337 
14209 336 331 2800 1263 
14210 2821 1267 332 335 
14211 328 1271 2802 1259 
14212 340 2824 1271 1259 
14213 338 1261 329 2818 
14214 334 326 1265 2797 
14215 333 1265 1257 2804 
14216 2823 1261 330 1269 
14217 332 1267 2821 1263 
14218 326 1265 2797 1257 
14219 2818 338 1261 1269 
14220 2828 2800 1263 2825 
14221 2808 1261 2798 2823 
14222 2830 1265 2819 2804 
14223 2827 1271 2802 2820 
14224 2806 1259 2824 2799 
14225 2803 2790 2817 2793 
14226 2795 2815 2825 2810 
14227 2815 2795 2798 2810 
14228 2819 2817 2790 2793 
14229 1261 2808 2829 2823 
14230 1265 2830 2809 2804 
14231 2800 2828 1263 2807 
14232 1264 2817 1266 2793 
14233 2817 2821 2812 2803 
14234 2795 2800 2791 2825 
14235 2808 2801 1261 2829 
14236 2830 2822 1265 2809 
14237 2811 2824 2814 2799 
14238 2789 2802 2794 2820 
14239 2790 2804 2819 2793 
14240 2798 2823 2815 2810 
14241 2824 2827 1271 2806 
14242 334 1258 2814 1272 
14243 2815 337 1262 1268 
14244 1266 335 2817 1264 
14245 1265 2809 1257 2804 
14246 2829 1261 2823 1269 
14247 1264 1266 325 2793 
14248 1258 340 2814 1272 
14249 2825 2828 1267 1263 
14250 2825 2791 2795 2810 
14251 2790 2817 2812 2803 
14252 1260 338 2794 1270 
14253 327 2814 2799 2796 
14254 2822 2811 2814 2792 
14255 2801 2789 2794 2813 
14256 2794 2816 338 2818 
14257 326 2814 2796 2797 
14258 328 1260 2794 1270 
14259 2825 2800 2791 2828 
14260 2807 2812 2821 2803 
14261 2816 2794 328 2820 
14262 2803 2817 332 2793 
14263 336 2795 2815 2825 
14264 2794 329 2801 2818 
14265 2814 334 2822 2797 
14266 2798 330 2795 2815 
14267 333 2817 2819 2793 
14268 1259 2824 1271 2806 
14269 2819 2817 2812 2790 
14270 2795 2791 2798 2810 
14271 2798 2808 2823 2810 
14272 2819 2830 2804 2790 
14273 2797 2822 2792 2809 
14274 2829 2813 2801 2818 
14275 332 2821 2817 2803 
14276 2800 2795 336 2825 
14277 2794 2802 328 2820 
14278 2824 340 2814 2799 
14279 2802 2789 2827 2820 
14280 2824 2811 2806 2799 
14281 327 2814 2796 1258 
14282 338 2816 2794 1270 
14283 2796 2814 326 1258 
14284 328 2816 1270 2794 
14285 1264 332 2817 2793 
14286 330 1262 2795 2815 
14287 333 1266 2817 2793 
14288 2822 2830 2811 2792 
14289 2801 2808 2789 2813 
14290 2801 2808 2813 2829 
14291 2822 2830 2792 2809 
14292 2800 2791 2828 2807 
14293 2828 2812 2821 2807 
14294 2828 2791 2825 2810 
14295 2807 2790 2812 2803 
14296 2830 2809 2804 2790 
14297 2808 2829 2823 2810 
14298 2808 2798 2791 2810 
14299 2830 2819 2812 2790 
14300 2789 2827 2820 2813 
14301 2811 2806 2799 2792 
14302 2824 2811 2827 2806 
14303 2789 2802 2827 2806 
14304 329 2794 338 2818 
14305 326 334 2814 2797 
14306 2800 2795 331 336 
14307 335 332 2821 2817 
14308 339 2816 328 2820 
14309 2814 327 2799 340 
14310 338 1260 2794 329 
14311 334 1258 326 2814 
14312 2816 328 1270 339 
14313 2817 335 332 1264 
14314 2795 1262 331 336 
14315 1262 330 337 2815 
14316 1266 333 325 2793 
14317 340 1258 2814 327 
14318 2813 2805 2827 2826 
14319 2827 2805 2813 2789 
14320 2792 2805 2811 2806 
14321 2827 2811 2805 2806 
14322 2827 2805 2811 2826 
14323 1262 2815 336 2795 
14324 336 2815 1262 1268 
14325 2814 2797 2792 2796 
14326 2792 2797 2814 2822 
14327 2794 2818 2813 2816 
14328 2813 2818 2794 2801 
14329 2794 2813 2820 2816 
14330 2820 2813 2794 2789 
14331 2814 2792 2799 2796 
14332 2799 2792 2814 2811 
14333 1265 2797 2809 2822 
14334 1265 2809 2797 1257 
14335 1261 2818 2829 2801 
14336 1261 2829 2818 1269 
14337 2799 340 1259 2824 
14338 2799 1259 340 327 
14339 328 2820 1271 339 
14340 1271 2820 328 2802 
14341 2821 1263 2807 2803 
14342 1263 2825 336 1267 
14343 1263 336 2825 2800 
14344 330 2823 2815 2798 
14345 2815 2823 330 337 
14346 2804 333 2793 325 
14347 2804 2793 333 2819 
14348 1263 2828 2821 2807 
14349 1263 2821 2828 1267 
14350 1271 2806 2802 1259 
14351 2802 2806 1271 2827 
14352 2805 2811 2830 2792 
14353 2805 2830 2811 2826 
3 31 4 169
14354 2861 1275 343 2844 
14355 344 2840 1275 2867 
14356 2864 354 2841 1285 
14357 346 2845 1277 2863 
14358 2860 352 2846 1283 
14359 2852 2871 2868 2833 
14360 2834 2849 2847 2869 
14361 2851 2854 2868 2831 
14362 2868 2871 2847 2833 
14363 2869 2847 2834 2868 
14364 2834 2853 2869 2868 
14365 2869 2849 2847 2855 
14366 2834 2853 2868 2851 
14367 2872 2854 2868 2851 
14368 2849 2832 2847 2855 
14369 2855 2832 2847 2871 
14370 2851 2868 2847 2831 
14371 2847 2869 2855 2868 
14372 2868 2847 2834 2851 
14373 2870 2868 2854 2831 
14374 2870 2868 2831 2850 
14375 2833 2871 2847 2848 
14376 2831 2868 2847 2850 
14377 2871 2847 2855 2868 
14378 2872 2868 2853 2851 
14379 352 1279 347 2846 
14380 352 1279 2846 1283 
14381 355 1275 2867 344 
14382 1275 355 2867 1287 
14383 2871 2832 2847 2848 
14384 1277 354 2841 345 
14385 2863 1285 346 353 
14386 351 1279 2842 348 
14387 342 1281 350 2862 
14388 2868 2870 2852 2850 
14389 1281 349 2865 1273 
14390 356 1275 2861 1287 
14391 1275 356 2861 343 
14392 1285 346 1277 2863 
14393 354 1277 2841 1285 
14394 2871 2860 2846 1283 
14395 2840 1275 2867 2851 
14396 2839 2865 1273 2850 
14397 2842 2866 2848 1279 
14398 2870 2862 1281 2843 
14399 2853 2857 2838 2864 
14400 2836 2832 2845 2858 
14401 2854 2861 2859 2835 
14402 1278 2836 2858 1284 
14403 2857 2838 2840 2853 
14404 2839 2856 2852 2837 
14405 2858 2836 2832 2860 
14406 1283 2846 2871 2848 
14407 2872 2867 1275 2851 
14408 2841 2869 1277 2849 
14409 2835 2854 2861 2844 
14410 2841 2834 2838 2864 
14411 2845 2863 2858 2855 
14412 2844 2872 1275 2851 
14413 2831 2835 2862 2843 
14414 2842 2833 2866 2837 
14415 2865 2870 1273 2850 
14416 2871 2866 1283 2848 
14417 2867 2857 2840 2853 
14418 2865 2856 2852 2839 
14419 2836 2846 2832 2860 
14420 2843 1273 2870 2850 
14421 343 1288 2835 1274 
14422 2872 1275 2867 1287 
14423 353 1278 2858 1284 
14424 1286 2857 1276 355 
14425 347 1284 2836 1278 
14426 2835 1288 342 1274 
14427 2853 2838 2834 2864 
14428 2848 1283 2846 1279 
14429 1280 351 1282 2837 
14430 2858 2832 2845 2855 
14431 2844 2835 2854 2831 
14432 2861 356 2859 2835 
14433 2866 1283 2848 1279 
14434 2834 2841 2869 2864 
14435 2838 2840 344 2857 
14436 2839 341 2856 2837 
14437 2856 351 2866 2837 
14438 2863 2845 2849 2855 
14439 2870 1281 2865 1273 
14440 2859 342 2862 2835 
14441 2838 2857 354 2864 
14442 2845 346 2836 2858 
14443 2833 2839 2852 2837 
14444 352 2836 2858 2860 
14445 2835 2861 343 2844 
14446 2860 2846 2832 2871 
14447 1273 2870 1281 2843 
14448 2834 2840 2838 2853 
14449 2872 2861 2854 2844 
14450 2832 2858 2860 2855 
14451 354 2841 2838 2864 
14452 2842 2866 351 2837 
14453 346 2845 2863 2858 
14454 2840 2867 2853 2851 
14455 349 2856 2865 2839 
14456 2835 342 2862 2843 
14457 2848 2833 2866 2842 
14458 2862 2870 2831 2843 
14459 2839 2852 2865 2850 
14460 344 1276 2838 2857 
14461 356 1288 2859 2835 
14462 346 1278 2836 2858 
14463 1282 351 2856 2837 
14464 342 2859 1288 2835 
14465 352 2858 2836 1284 
14466 2866 2871 2852 2833 
14467 2834 2841 2849 2869 
14468 2854 2872 2844 2851 
14469 2851 2844 2854 2831 
14470 2832 2849 2845 2855 
14471 2863 2849 2869 2855 
14472 2869 2853 2834 2864 
14473 2833 2866 2871 2848 
14474 2871 2846 2832 2848 
14475 2872 2853 2867 2851 
14476 2855 2860 2832 2871 
14477 2834 2840 2853 2851 
14478 2862 2870 2854 2831 
14479 2870 2865 2852 2850 
14480 2870 2831 2843 2850 
14481 2850 2839 2852 2833 
14482 356 2861 343 2835 
14483 346 2863 353 2858 
14484 2838 345 2841 354 
14485 2842 351 348 2837 
14486 350 342 2862 2859 
14487 2856 349 341 2839 
14488 343 1288 356 2835 
14489 2859 342 1288 350 
14490 1280 351 2837 348 
14491 1278 353 2858 346 
14492 354 1276 2838 345 
14493 1284 347 2836 352 
14494 344 1276 2857 355 
14495 1282 349 341 2856 
14496 2833 2868 2850 2847 
14497 2833 2850 2868 2852 
14498 1281 2843 342 1273 
14499 342 2843 1281 2862 
14500 1276 2857 354 2838 
14501 354 2857 1276 1286 
14502 2837 1282 341 2856 
14503 2837 341 1282 1280 
14504 2861 1275 2872 1287 
14505 2861 2872 1275 2844 
14506 2852 2837 2866 2833 
14507 2866 2837 2852 2856 
14508 2866 1279 351 1283 
14509 351 1279 2866 2842 
14510 2835 2854 2862 2859 
14511 2862 2854 2835 2831 
14512 2849 2863 1277 2845 
14513 1277 2869 2863 2849 
14514 1277 2863 2869 1285 
14515 2841 1285 2869 2864 
14516 2869 1285 2841 1277 
14517 344 2867 2857 2840 
14518 2857 2867 344 355 
14519 2839 349 1273 2865 
14520 2839 1273 349 341 
14521 2846 352 2836 347 
14522 2846 2836 352 2860 
3 32 4 96
14523 2880 2883 2875 2873 
14524 2873 2886 2889 2883 
14525 2881 1295 2891 1294 
14526 2874 2884 2885 2878 
14527 2874 2886 2884 2877 
14528 1292 2885 1306 1307 
14529 2886 1297 1298 1302 
14530 1292 1308 2885 1307 
14531 1297 2886 1301 1302 
14532 2886 2883 2873 2875 
14533 2886 2884 2885 2874 
14534 2889 361 1289 1299 
14535 358 1300 2890 1290 
14536 2888 1304 364 1294 
14537 2877 360 1305 1295 
14538 1294 1305 2891 1304 
14539 1305 1294 2891 1295 
14540 2892 1299 2882 1300 
14541 2889 2879 1298 2876 
14542 1291 2880 2890 2875 
14543 2883 2880 2875 2890 
14544 2873 2879 2889 2876 
14545 2887 2886 1301 2877 
14546 2888 1308 2885 2878 
14547 1298 1303 2886 1302 
14548 2886 1298 1297 2876 
14549 1306 1292 1291 2875 
14550 2885 1292 1306 2875 
14551 2884 2888 2885 2878 
14552 2887 2884 2886 2877 
14553 1296 1301 1297 2876 
14554 1292 1308 1293 2885 
14555 2885 1306 2890 2875 
14556 1291 2890 1306 2875 
14557 2886 1297 1301 2876 
14558 2886 2889 1298 2876 
14559 1298 1303 2889 2886 
14560 2885 2890 2883 2875 
14561 2878 1308 2885 1293 
14562 2875 2885 1292 1293 
14563 2876 1296 1301 2877 
14564 2886 2873 2889 2876 
14565 2875 2878 2885 1293 
14566 2876 1301 2886 2877 
14567 2878 2885 2874 2875 
14568 2886 2874 2876 2877 
14569 1289 2879 357 361 
14570 358 1300 362 2890 
14571 2878 364 359 1294 
14572 2882 1289 1290 1300 
14573 1289 2882 1299 1300 
14574 363 2877 360 1305 
14575 2874 2885 2886 2875 
14576 2876 2874 2886 2875 
14577 2886 2885 2883 2875 
14578 2876 2886 2873 2875 
14579 2880 1290 358 2890 
14580 361 1289 2879 2889 
14581 2878 364 1294 2888 
14582 363 2877 1305 2887 
14583 364 1293 2878 359 
14584 358 1291 2890 362 
14585 2877 1296 363 360 
14586 1298 361 357 2879 
14587 358 1291 2880 2890 
14588 1298 2889 361 2879 
14589 2878 1308 364 2888 
14590 2882 2883 2889 2892 
14591 2882 2890 2883 2892 
14592 1301 2877 363 2887 
14593 2891 2884 2881 2878 
14594 2877 2891 2884 2881 
14595 1308 2878 364 1293 
14596 1291 2890 362 1306 
14597 2889 1298 361 1303 
14598 2877 1301 363 1296 
14599 2891 2877 1295 2881 
14600 2878 2881 2891 1294 
14601 2883 2873 2882 2889 
14602 2882 2883 2880 2873 
14603 2884 2874 2881 2878 
14604 2884 2874 2877 2881 
14605 1299 2882 2889 2892 
14606 1304 2888 2891 1294 
14607 1300 2890 2882 2892 
14608 1305 2877 1295 2891 
14609 1289 2882 2889 1299 
14610 1290 2890 2882 1300 
14611 2879 2882 2873 2889 
14612 2882 2890 2880 2883 
14613 2884 2891 2888 2878 
14614 2884 2887 2891 2877 
14615 2878 2891 2888 1294 
14616 1305 2877 2891 2887 
14617 2890 1290 2882 2880 
14618 2882 2879 1289 2889 
3 33 4 169
14619 2906 371 1315 2924 
14620 375 1319 2926 2903 
14621 2922 1321 2907 377 
14622 2923 1323 380 2905 
14623 2927 378 2901 1321 
14624 2908 366 2925 1309 
14625 2930 2917 2911 2932 
14626 2915 2896 2909 2934 
14627 2911 2909 2917 2930 
14628 2909 2894 2911 2917 
14629 2932 2911 2930 2895 
14630 2894 2909 2934 2917 
14631 2912 2909 2896 2934 
14632 2930 2914 2932 2895 
14633 2913 2914 2930 2895 
14634 2909 2915 2934 2930 
14635 2911 2909 2930 2895 
14636 2917 2909 2934 2930 
14637 2933 2916 2930 2893 
14638 2910 2896 2909 2915 
14639 2909 2910 2915 2933 
14640 2916 2931 2930 2913 
14641 2930 2909 2915 2933 
14642 2930 2909 2913 2895 
14643 2909 2912 2894 2934 
14644 1323 380 2905 1311 
14645 2905 380 367 1311 
14646 2933 2930 2909 2893 
14647 370 1321 377 2907 
14648 2931 2914 2930 2913 
14649 375 1315 2903 372 
14650 2924 376 1315 1319 
14651 376 1315 371 2924 
14652 1315 375 2903 1319 
14653 1311 379 368 2904 
14654 366 1317 374 2925 
14655 2909 2910 2933 2893 
14656 378 1313 369 2901 
14657 373 1309 2928 1317 
14658 370 1321 2907 1313 
14659 366 1317 2925 1309 
14660 378 1313 2901 1321 
14661 2923 2933 1323 2905 
14662 2928 2913 1309 2902 
14663 2907 2934 1321 2922 
14664 2929 2910 2904 1311 
14665 2898 2906 2894 2920 
14666 2918 2926 2914 2899 
14667 2901 2896 2900 2919 
14668 2899 2918 1318 1316 
14669 2911 2924 1319 2932 
14670 2922 2898 2894 2920 
14671 2897 2921 2923 2893 
14672 2902 2918 2914 2899 
14673 2934 2912 2907 1321 
14674 2919 2901 2896 2927 
14675 1323 2933 2910 2905 
14676 2906 2920 2924 2917 
14677 2903 2895 2926 2899 
14678 2913 2931 2928 1309 
14679 2912 2934 2927 1321 
14680 2929 2919 2904 2915 
14681 2925 2916 2921 2908 
14682 2910 2929 2933 1323 
14683 2898 2894 2907 2922 
14684 2931 2913 2908 1309 
14685 2905 2897 2923 2893 
14686 2928 2918 2914 2902 
14687 2899 1318 372 1316 
14688 376 2920 1314 1320 
14689 2912 1313 2907 1321 
14690 369 2901 2900 2919 
14691 1322 368 2919 1312 
14692 2920 2906 2894 2917 
14693 2919 368 2904 2900 
14694 378 2919 1312 1322 
14695 2910 1323 2905 1311 
14696 2895 2914 2926 2899 
14697 2906 2898 371 2920 
14698 2915 2919 2896 2927 
14699 373 1318 2918 1316 
14700 1310 380 2897 1324 
14701 2902 365 2918 2899 
14702 1317 2928 2931 1309 
14703 2911 2906 2924 2917 
14704 2898 2922 377 2920 
14705 366 2921 2897 2908 
14706 2895 2926 2932 2903 
14707 2918 375 2926 2899 
14708 2910 2929 1323 1311 
14709 2916 2923 2921 2893 
14710 371 2906 2920 2924 
14711 2923 380 2921 2897 
14712 2913 2928 2914 2902 
14713 2894 2922 2920 2917 
14714 2901 2912 2896 2927 
14715 2895 2902 2914 2899 
14716 373 2918 2928 2902 
14717 2921 366 2925 2908 
14718 2903 2926 375 2899 
14719 2934 2907 2894 2922 
14720 378 2901 2919 2927 
14721 379 2919 2904 2929 
14722 2925 2931 2916 2908 
14723 2904 2910 2929 2915 
14724 2923 2933 2905 2893 
14725 2900 1312 369 2919 
14726 1314 371 2898 2920 
14727 368 1312 2900 2919 
14728 365 2918 2899 1316 
14729 1318 375 2918 2899 
14730 380 1324 2921 2897 
14731 2913 2893 2916 2908 
14732 2917 2924 2911 2932 
14733 2934 2896 2912 2927 
14734 2934 2915 2896 2927 
14735 2926 2932 2914 2895 
14736 2895 2932 2911 2903 
14737 2906 2911 2894 2917 
14738 2913 2916 2931 2908 
14739 2931 2928 2914 2913 
14740 2912 2907 2894 2934 
14741 2914 2913 2902 2895 
14742 2894 2934 2922 2917 
14743 2910 2904 2896 2915 
14744 2905 2933 2910 2893 
14745 2910 2929 2915 2933 
14746 2933 2923 2916 2893 
14747 2919 369 2901 378 
14748 2918 373 365 2902 
14749 376 371 2920 2924 
14750 2903 375 372 2899 
14751 374 366 2925 2921 
14752 368 2919 2904 379 
14753 2919 1312 369 378 
14754 374 1324 366 2921 
14755 375 1318 372 2899 
14756 2920 1314 371 376 
14757 2918 365 373 1316 
14758 1314 2898 370 377 
14759 380 1310 2897 367 
14760 368 1322 2919 379 
14761 2893 2930 2913 2916 
14762 2893 2913 2930 2909 
14763 2929 1311 379 1323 
14764 379 1311 2929 2904 
14765 2920 1314 377 2898 
14766 377 1314 2920 1320 
14767 2897 1324 366 1310 
14768 2897 366 1324 2921 
14769 2901 1321 2912 2927 
14770 2912 1321 2901 1313 
14771 2893 2921 2908 2897 
14772 2893 2908 2921 2916 
14773 2925 1309 2931 2908 
14774 2931 1309 2925 1317 
14775 2896 2919 2904 2900 
14776 2896 2904 2919 2915 
14777 2903 2932 1319 2926 
14778 2911 1319 2903 2932 
14779 2903 1319 2911 1315 
14780 1315 2924 2911 2906 
14781 1315 2911 2924 1319 
14782 2907 377 2898 2922 
14783 2898 377 2907 370 
14784 2905 380 2897 367 
14785 2905 2897 380 2923 
14786 2902 373 1309 2928 
14787 2902 1309 373 365 
3 34 4 71
14788 1332 2942 1336 4069 
14789 1332 2936 2942 4069 
14790 2936 2939 2945 4069 
14791 2942 2936 2945 4069 
14792 2935 1339 2936 1327 
14793 2936 2941 1339 2935 
14794 2941 2936 1339 2942 
14795 1331 1335 2942 2941 
14796 2936 1331 2941 2935 
14797 2936 1331 2942 2941 
14798 1330 1335 2941 1334 
14799 1335 1332 2942 1336 
14800 1340 2935 1328 1327 
14801 1326 1339 2936 1338 
14802 1332 1335 2942 1331 
14803 2935 1340 1339 1327 
14804 1335 1330 2941 1331 
14805 2940 387 1330 2946 
14806 2941 1340 1339 2935 
14807 1336 385 2939 2945 
14808 1339 1326 2936 1327 
14809 1339 2942 2936 1338 
14810 1337 2946 387 2940 
14811 388 1329 2937 1337 
14812 2945 1325 385 2939 
14813 2936 1331 1332 2942 
14814 1330 2941 1331 2935 
14815 2943 1337 388 2937 
14816 382 2938 1325 1333 
14817 1329 388 2937 383 
14818 1333 2938 2944 386 
14819 2938 2944 386 1338 
14820 382 2938 1333 386 
14821 2937 388 1328 383 
14822 388 2937 1328 2943 
14823 382 1326 2938 386 
14824 387 2940 1330 384 
14825 2939 1332 381 385 
14826 387 1330 2946 1334 
14827 1329 387 2940 1337 
14828 385 2939 1332 1336 
14829 1325 2945 385 1333 
14830 2946 2935 1330 2940 
14831 2943 1328 388 1340 
14832 387 1329 2940 384 
14833 1325 2939 381 385 
14834 386 1326 2938 1338 
14835 2938 2936 2944 1338 
14836 2943 2935 2937 1328 
14837 1330 2941 2946 1334 
14838 2936 2938 1326 1338 
14839 2935 2943 1340 1328 
14840 2936 2942 2944 1338 
14841 2941 2943 1340 2935 
14842 2935 2946 1330 2941 
14843 2939 1336 2945 4069 
14844 2936 2939 2938 2945 
14845 2939 1332 1336 4069 
14846 2945 2938 2936 2944 
14847 2946 2935 2940 2937 
14848 2939 1325 2938 2945 
14849 2940 1337 2946 2937 
14850 2935 2946 2943 2937 
14851 1333 2938 2945 2944 
14852 2936 2942 2945 2944 
14853 2938 1333 2945 1325 
14854 2937 2940 1337 1329 
14855 1337 2943 2946 2937 
14856 2941 2946 2943 2935 
14857 2936 1332 2939 4069 
14858 2942 2945 1336 4069 
3 35 4 68
14859 396 2955 1353 2951 
14860 390 1342 2949 2957 
14861 1346 392 2958 2950 
14862 2950 392 2958 1345 
14863 2956 393 2952 1349 
14864 1351 2953 2947 1347 
14865 2948 2954 2947 1343 
14866 1355 2954 2953 2948 
14867 2953 2947 2954 1351 
14868 1347 2953 2947 2948 
14869 1355 2954 2948 1343 
14870 1342 2947 2954 1343 
14871 2953 1356 1355 2948 
14872 2953 1351 1350 1346 
14873 2947 1348 1352 1347 
14874 1355 1344 2948 1356 
14875 1354 1355 1342 2954 
14876 1347 1346 2953 2948 
14877 2947 1352 2954 1351 
14878 1344 1355 2948 1343 
14879 2953 1351 1346 1347 
14880 1351 2947 1352 1347 
14881 2954 1355 1342 1343 
14882 2952 1348 389 393 
14883 1344 2951 396 391 
14884 1353 2958 395 1345 
14885 396 1345 2951 1353 
14886 393 1341 2952 1349 
14887 1341 2952 389 393 
14888 392 395 2958 1345 
14889 396 1345 391 2951 
14890 395 1346 392 2958 
14891 390 1349 394 2957 
14892 395 1346 2958 1350 
14893 390 1342 2957 394 
14894 1342 2957 394 1354 
14895 2948 2951 2955 1344 
14896 2953 2954 2947 2948 
14897 2952 2947 1348 2956 
14898 2950 2953 1346 2948 
14899 2947 1352 2956 2954 
14900 2948 2955 1356 1344 
14901 2947 2949 1342 2954 
14902 2953 2955 1356 2948 
14903 1352 1348 2947 2956 
14904 2957 2949 2956 2954 
14905 2951 2955 2950 2948 
14906 2947 2952 2949 2956 
14907 2953 2958 2955 2950 
14908 2957 2956 2949 1349 
14909 2949 2947 2956 2954 
14910 2955 2953 2950 2948 
14911 2956 1348 393 1352 
14912 2956 393 1348 2952 
14913 2958 1346 2953 1350 
14914 2958 2953 1346 2950 
14915 1344 2955 396 2951 
14916 1344 396 2955 1356 
14917 1342 2957 2954 2949 
14918 1342 2954 2957 1354 
14919 1349 2949 390 1341 
14920 1349 390 2949 2957 
14921 1345 2958 2951 1353 
14922 1345 2951 2958 2950 
14923 2955 2951 2958 1353 
14924 2955 2958 2951 2950 
14925 2952 1349 2949 2956 
14926 2949 1349 2952 1341 
3 36 4 64
14927 402 2968 2962 4070 
14928 1364 402 398 4070 
14929 2962 398 402 4070 
14930 1358 1364 398 4070 
14931 2960 2966 399 4071 
14932 2966 404 399 4071 
14933 1360 399 404 4071 
14934 1366 1360 404 4071 
14935 1366 2959 1367 1360 
14936 1361 1367 2959 1360 
14937 1357 1358 2964 1364 
14938 1363 1357 2964 1364 
14939 1357 1358 2959 2964 
14940 2959 1366 1367 2964 
14941 2962 2959 1358 2968 
14942 2967 1367 2964 2963 
14943 2968 1359 402 2962 
14944 2967 1362 403 2963 
14945 2966 1359 2960 399 
14946 2961 1365 397 2965 
14947 2966 1368 1359 399 
14948 1365 2961 397 1362 
14949 1365 401 397 2965 
14950 1368 2966 404 399 
14951 400 403 1362 2963 
14952 1357 2961 397 2965 
14953 2966 2959 1366 2960 
14954 1357 2961 2965 2964 
14955 1357 401 2965 397 
14956 1367 2959 2963 1361 
14957 2964 1358 2959 2968 
14958 1358 2964 1364 2968 
14959 2959 1367 2963 2964 
14960 1359 2962 398 402 
14961 1359 2968 402 1368 
14962 1362 2967 403 1365 
14963 2963 1367 403 2967 
14964 1366 2966 2960 4071 
14965 2963 400 403 1361 
14966 1360 1366 2959 2960 
14967 2964 2965 1357 1363 
14968 2961 1357 2959 2964 
14969 2959 2966 1366 2964 
14970 401 1357 2965 1363 
14971 1360 1366 2960 4071 
14972 1367 2963 403 1361 
14973 2967 2964 2961 2963 
14974 2962 2966 2959 2968 
14975 2964 2961 2965 2967 
14976 2966 2962 2959 2960 
14977 1358 2962 2968 4070 
14978 2964 2959 2961 2963 
14979 2959 2964 2968 2966 
14980 1364 1358 2968 4070 
14981 2967 2961 1362 2963 
14982 1359 2962 2968 2966 
14983 1359 2962 2966 2960 
14984 2961 1365 2965 2967 
14985 1359 2968 1368 2966 
14986 1365 2961 1362 2967 
14987 404 2966 1366 4071 
14988 2962 1358 398 4070 
14989 402 1364 2968 4070 
14990 2960 399 1360 4071 
3 37 4 71
14991 1383 2976 1371 4072 
14992 2976 2970 1371 4072 
14993 1383 1370 1382 4072 
14994 1383 1371 1370 4072 
14995 2975 1383 2976 1371 
14996 2969 2975 2976 1371 
14997 2969 2976 2970 1371 
14998 2975 1375 2976 1379 
14999 2970 1375 2976 2969 
15000 1375 2975 2976 2969 
15001 2975 1379 1378 1374 
15002 1376 1375 1380 2976 
15003 1384 2975 1372 1371 
15004 1375 1380 2976 1379 
15005 2975 1384 1383 1371 
15006 1379 2975 1375 1374 
15007 2980 1374 411 2974 
15008 2975 2969 1372 1371 
15009 1376 2979 409 2973 
15010 411 2974 1381 2980 
15011 2971 1381 412 1373 
15012 2979 409 2973 1377 
15013 1375 1376 2970 2976 
15014 1374 2975 1375 2969 
15015 412 2977 1381 2971 
15016 406 1377 2972 1369 
15017 412 2971 1373 407 
15018 2978 1377 2972 410 
15019 2978 1370 410 2972 
15020 406 1377 410 2972 
15021 1372 2971 412 407 
15022 2977 412 1384 2971 
15023 410 1370 406 2972 
15024 1374 411 2974 408 
15025 2973 1376 405 409 
15026 1374 2980 411 1378 
15027 1373 411 2974 1381 
15028 2973 2970 1376 2979 
15029 2979 1376 409 1380 
15030 409 1369 2973 1377 
15031 2980 2975 1374 2974 
15032 2971 412 1384 1372 
15033 411 1373 2974 408 
15034 409 1369 405 2973 
15035 1370 2978 410 1382 
15036 2970 2972 1370 2978 
15037 2976 1380 1376 2979 
15038 1384 2971 2975 2977 
15039 2980 2975 1378 1374 
15040 2971 1384 2975 1372 
15041 2976 1376 2970 2979 
15042 1372 2975 2971 2969 
15043 2969 1374 2975 2974 
15044 2973 2970 2979 2978 
15045 2970 2973 2972 2978 
15046 2975 2980 2977 2974 
15047 2973 2979 1377 2978 
15048 2977 2980 1381 2974 
15049 2974 2977 2975 2971 
15050 1377 2972 2973 2978 
15051 2970 2976 2979 2978 
15052 1369 2972 2973 1377 
15053 2971 2974 1381 1373 
15054 2974 1381 2977 2971 
15055 2975 2969 2974 2971 
15056 1383 1382 2976 4072 
15057 2970 1370 1371 4072 
15058 4072 1370 2976 2970 
15059 4072 2976 1370 1382 
15060 2978 2976 1370 2970 
15061 2978 1370 2976 1382 
3 38 4 67
15062 2989 417 2985 1393 
15063 2983 1389 2991 415 
15064 1396 417 2985 2989 
15065 1388 2983 2991 415 
15066 2981 2988 2982 1387 
15067 2988 2982 2987 1395 
15068 414 1386 2984 2992 
15069 414 2984 1385 2992 
15070 2990 1394 419 2986 
15071 1399 2987 2988 1387 
15072 2982 1391 1395 2981 
15073 1395 2988 2982 2981 
15074 2988 2987 2982 1387 
15075 1388 2988 2981 1387 
15076 2987 2982 1396 1395 
15077 1399 1386 1398 2987 
15078 1395 1394 2988 2981 
15079 1386 2982 2987 1387 
15080 1396 2982 1392 1395 
15081 1388 1400 2988 1387 
15082 1394 1395 1390 2981 
15083 1399 2988 1400 1387 
15084 2982 1391 1392 1395 
15085 1390 1395 1391 2981 
15086 2987 1399 1386 1387 
15087 419 1390 416 2986 
15088 415 1400 420 2991 
15089 420 2991 1397 1389 
15090 1393 414 1385 2992 
15091 1385 2985 417 1393 
15092 2992 1393 414 418 
15093 419 1389 2986 416 
15094 420 2991 1389 415 
15095 418 1386 414 2992 
15096 1385 2985 413 417 
15097 417 2985 413 1396 
15098 419 1390 2986 1394 
15099 418 1386 2992 1398 
15100 415 1400 2991 1388 
15101 2985 1392 413 1396 
15102 2982 2984 1386 2987 
15103 1394 2990 2988 2981 
15104 2988 2981 2983 1388 
15105 2982 1396 2989 2987 
15106 2982 2985 2984 2989 
15107 2990 2991 2988 2983 
15108 2992 2984 2989 2987 
15109 2986 2990 2981 2983 
15110 1389 2990 2986 2983 
15111 2981 2990 2988 2983 
15112 2984 2982 2989 2987 
15113 2991 1388 2988 2983 
15114 2988 1388 2991 1400 
15115 2985 1396 2982 1392 
15116 2985 2982 1396 2989 
15117 2986 1394 2981 2990 
15118 2986 2981 1394 1390 
15119 1386 2992 2987 2984 
15120 1386 2987 2992 1398 
15121 2991 1389 2990 1397 
15122 2991 2990 1389 2983 
15123 1389 2990 419 2986 
15124 1389 419 2990 1397 
15125 2992 2989 2985 1393 
15126 2985 2989 2992 2984 
15127 2985 1385 2992 1393 
15128 2992 1385 2985 2984 
3 39 4 67
15129 2995 1405 3003 423 
15130 1404 2995 3003 423 
15131 427 1413 3002 2998 
15132 1411 3000 2999 2993 
15133 3002 1410 427 2998 
15134 1411 2999 2994 2993 
15135 2994 1407 1411 2993 
15136 2999 3000 1415 1403 
15137 2999 1414 1402 1415 
15138 3000 2993 1404 1403 
15139 1411 1408 2994 1412 
15140 1416 1415 3000 1404 
15141 3000 1411 1410 2993 
15142 1408 1411 2994 1407 
15143 1406 1411 2993 1410 
15144 422 1402 2997 3004 
15145 2997 1401 422 3004 
15146 2999 2994 1412 1411 
15147 1415 1402 2999 1403 
15148 1411 1406 2993 1407 
15149 1404 1415 3000 1403 
15150 1412 425 2996 3001 
15151 1401 2996 421 425 
15152 1406 427 2998 424 
15153 3003 428 1416 423 
15154 1402 2994 2999 1403 
15155 428 3003 1413 1405 
15156 421 1412 425 2996 
15157 3004 1409 1401 426 
15158 1405 427 2998 1413 
15159 426 1402 422 3004 
15160 426 1402 3004 1414 
15161 3004 1401 422 426 
15162 427 1405 2998 424 
15163 428 3003 1405 423 
15164 3004 1402 2997 2999 
15165 421 1412 2996 1408 
15166 427 1406 2998 1410 
15167 1404 3003 1416 423 
15168 1414 1402 3004 2999 
15169 1410 3002 3000 2993 
15170 3000 2993 2995 1404 
15171 1402 2994 2997 2999 
15172 2994 1412 3001 2999 
15173 3002 3003 3000 2995 
15174 2998 3002 2993 2995 
15175 2997 3001 3004 2999 
15176 2996 2997 2994 3001 
15177 1401 2997 2996 3001 
15178 3001 2997 2994 2999 
15179 2993 3002 3000 2995 
15180 2993 2999 1403 3000 
15181 2993 1403 2999 2994 
15182 3004 1401 3001 2997 
15183 3004 3001 1401 1409 
15184 2996 1412 2994 1408 
15185 2994 1412 2996 3001 
15186 3003 1404 3000 2995 
15187 3000 1404 3003 1416 
15188 2998 1410 2993 3002 
15189 2998 2993 1410 1406 
15190 2995 2998 3003 1405 
15191 2995 3003 2998 3002 
15192 1413 3003 2998 1405 
15193 1413 2998 3003 3002 
15194 3001 1401 425 2996 
15195 425 1401 3001 1409 
3 40 4 66
15196 3011 3012 1427 1423 
15197 3005 1431 3006 1419 
15198 3012 1431 3006 3011 
15199 3011 1431 3006 3005 
15200 3006 3012 3011 1423 
15201 1423 3011 3006 3005 
15202 3005 1432 1419 1420 
15203 1427 1424 3012 1428 
15204 1422 1427 3011 1426 
15205 1418 3006 1430 1419 
15206 1424 1427 3012 1423 
15207 3005 1432 1431 1419 
15208 3016 1422 435 3010 
15209 430 1418 3009 3015 
15210 3011 1432 1431 3005 
15211 3006 1424 3012 1423 
15212 1429 3016 435 3010 
15213 436 3013 1429 1421 
15214 3009 1417 430 3015 
15215 1427 1422 3011 1423 
15216 433 1417 3014 1425 
15217 1431 1430 3006 1419 
15218 3007 436 1421 3013 
15219 436 3007 1421 431 
15220 1417 3008 429 3014 
15221 1428 429 3008 3014 
15222 3006 1430 1431 3012 
15223 3011 1423 1422 3005 
15224 3007 1432 436 3013 
15225 433 1417 429 3014 
15226 1432 431 3007 436 
15227 1428 433 429 3014 
15228 1422 432 435 3010 
15229 1418 3015 3006 3009 
15230 430 1418 3015 434 
15231 1422 3016 435 1426 
15232 1421 435 3010 1429 
15233 1425 430 1417 3015 
15234 431 1432 3007 1420 
15235 435 1421 3010 432 
15236 3005 1422 3016 3010 
15237 1418 3015 434 1430 
15238 3015 1425 430 434 
15239 3008 1424 429 1428 
15240 3008 1428 3014 3012 
15241 3015 1418 3006 1430 
15242 3005 3013 1432 3007 
15243 3016 3011 1426 1422 
15244 3008 1424 1428 3012 
15245 1432 3005 3007 1420 
15246 1430 3006 3015 3012 
15247 3013 3005 1432 3011 
15248 1424 3008 3006 3012 
15249 3016 3011 1422 3005 
15250 3006 3015 3008 3009 
15251 3012 3008 3015 3014 
15252 3013 3010 3005 3016 
15253 3016 1429 3013 3010 
15254 1417 3009 3008 3015 
15255 3010 3013 3005 3007 
15256 3014 1417 3008 3015 
15257 3015 3006 3008 3012 
15258 1425 1417 3014 3015 
15259 3010 1429 3013 1421 
15260 1421 3013 3010 3007 
15261 3011 3016 3013 3005 
3 41 4 169
15262 3030 441 1437 3049 
15263 3051 448 3027 1443 
15264 447 1443 3047 3031 
15265 437 3048 1433 3029 
15266 442 3025 1437 3050 
15267 438 3052 3026 1433 
15268 3053 1447 452 3028 
15269 3038 3019 3055 3054 
15270 3033 3035 3041 3057 
15271 3035 3017 3033 3041 
15272 3019 3033 3036 3055 
15273 3019 3033 3055 3054 
15274 3033 3035 3057 3020 
15275 3041 3017 3033 3055 
15276 3054 3033 3041 3057 
15277 3057 3054 3033 3020 
15278 3057 3039 3054 3020 
15279 3017 3036 3033 3055 
15280 3033 3041 3055 3054 
15281 3054 3040 3058 3018 
15282 3056 3040 3054 3037 
15283 3058 3033 3054 3018 
15284 1441 438 3052 446 
15285 444 1443 447 3031 
15286 3034 3033 3058 3018 
15287 3039 3056 3054 3037 
15288 1437 450 3049 441 
15289 452 1435 439 3028 
15290 445 1433 437 3048 
15291 3027 443 1439 448 
15292 1445 442 3050 449 
15293 1443 444 1439 3031 
15294 438 1441 3052 1433 
15295 450 1437 3049 1445 
15296 452 1435 3028 1447 
15297 445 1433 3048 1441 
15298 448 1439 3027 1443 
15299 442 1445 3050 1437 
15300 440 3032 1435 1447 
15301 3032 3046 3057 1447 
15302 3052 3026 1433 3037 
15303 3025 3036 1437 3050 
15304 3058 3047 1443 3031 
15305 3029 3045 3040 3022 
15306 3046 3044 3021 3041 
15307 3024 3042 3053 3020 
15308 3035 3032 3057 1447 
15309 3057 3053 3035 1447 
15310 3030 1437 3036 3055 
15311 3030 3017 3021 3049 
15312 3027 3043 3051 3038 
15313 1433 3056 3052 3037 
15314 3048 3045 3040 3029 
15315 1443 3034 3058 3031 
15316 3028 3024 3053 3020 
15317 3031 3018 3047 3022 
15318 3037 1433 3056 3029 
15319 3052 3039 3042 3026 
15320 3058 3051 3034 1443 
15321 441 1446 3021 1436 
15322 1446 440 3021 1436 
15323 3045 437 1442 1440 
15324 3032 3035 1435 1447 
15325 451 3044 3021 3046 
15326 3029 437 3045 3022 
15327 1444 442 3043 1438 
15328 3018 3029 3040 3022 
15329 1448 452 1434 3024 
15330 442 3023 3025 3043 
15331 3039 3053 3042 3020 
15332 1438 448 3043 1444 
15333 3045 447 3047 3022 
15334 3052 1441 3056 1433 
15335 1439 3034 1443 3031 
15336 3023 3027 3043 448 
15337 3053 452 3042 3024 
15338 3036 3025 3019 3050 
15339 3028 3053 3035 3020 
15340 3048 437 3045 3029 
15341 3030 3017 3049 3055 
15342 3021 441 3030 3049 
15343 438 3042 3024 3026 
15344 3021 3032 440 3046 
15345 3052 3039 3026 3037 
15346 3053 452 3024 3028 
15347 448 3027 3043 3051 
15348 3056 3048 3040 3029 
15349 3018 3047 3058 3031 
15350 3034 3027 3051 3038 
15351 1446 3044 3021 451 
15352 437 3045 3022 1440 
15353 1438 3023 442 3043 
15354 452 1448 3042 3024 
15355 3019 3055 3050 3038 
15356 3055 3036 3019 3050 
15357 3035 3032 3017 3041 
15358 450 3044 3021 1446 
15359 3040 3037 3029 3018 
15360 3057 3035 3053 3020 
15361 3037 3056 3040 3029 
15362 3057 3053 3039 3020 
15363 3017 3041 3049 3055 
15364 3017 3030 3036 3055 
15365 3039 3052 3056 3037 
15366 3039 3020 3026 3037 
15367 3027 3034 3019 3038 
15368 3018 3058 3034 3031 
15369 3038 3051 3034 3058 
15370 3047 3058 3040 3018 
15371 451 3021 440 3046 
15372 3024 452 439 3028 
15373 3045 445 437 3048 
15374 3027 3023 443 448 
15375 440 1446 3021 451 
15376 442 1444 3043 449 
15377 1442 445 437 3045 
15378 1434 452 439 3024 
15379 1446 441 3021 450 
15380 446 1448 438 3042 
15381 3022 447 444 1440 
15382 3019 3054 3058 3033 
15383 3058 3054 3019 3038 
15384 3058 3034 3019 3033 
15385 3019 3034 3058 3038 
15386 3020 3054 3037 3039 
15387 3020 3037 3054 3033 
15388 3027 1443 3034 3051 
15389 3034 1443 3027 1439 
15390 3054 3018 3037 3040 
15391 3037 3018 3054 3033 
15392 1437 3049 3055 3030 
15393 3055 3049 1437 1445 
15394 3024 1448 438 1434 
15395 3024 438 1448 3042 
15396 3045 1440 447 3022 
15397 447 1440 3045 1442 
15398 3028 1447 3035 3053 
15399 3028 3035 1447 1435 
15400 3041 3021 3049 3044 
15401 3041 3049 3021 3017 
15402 3020 3042 3026 3024 
15403 3020 3026 3042 3039 
15404 3032 3057 3041 3035 
15405 3041 3057 3032 3046 
15406 3040 3022 3047 3018 
15407 3047 3022 3040 3045 
15408 3048 1433 3056 1441 
15409 3048 3056 1433 3029 
15410 3019 3023 3043 3025 
15411 3043 3050 3019 3025 
15412 3019 3050 3043 3038 
15413 3055 1437 3050 1445 
15414 3055 3050 1437 3036 
15415 3041 3032 3021 3046 
15416 3041 3021 3032 3017 
15417 442 3050 3043 3025 
15418 442 3043 3050 449 
15419 440 3046 1447 451 
15420 1447 3046 440 3032 
15421 3031 447 3022 3047 
15422 3031 3022 447 444 
15423 3052 438 3042 446 
15424 3052 3042 438 3026 
15425 448 3023 1438 3043 
15426 448 1438 3023 443 
15427 3021 450 3049 3044 
15428 3049 450 3021 441 
15429 3043 3019 3027 3023 
15430 3027 3019 3043 3038 
3 42 4 168
15431 3071 457 1453 3091 
15432 1459 3089 463 3073 
15433 453 3090 1449 3072 
15434 3067 454 3094 1449 
15435 458 3068 1453 3092 
15436 3062 3098 3096 3079 
15437 3081 3098 3096 3062 
15438 3077 3100 3083 3096 
15439 3098 3082 3096 3079 
15440 3081 3096 3077 3062 
15441 3062 3096 3075 3079 
15442 3082 3099 3096 3060 
15443 3096 3083 3059 3097 
15444 3059 3078 3096 3097 
15445 3077 3100 3096 3081 
15446 3075 3096 3099 3060 
15447 3059 3078 3075 3096 
15448 3075 3077 3096 3062 
15449 3078 3061 3075 3080 
15450 3076 3075 3061 3099 
15451 3096 3078 3075 3080 
15452 458 1461 465 3092 
15453 460 1459 463 3073 
15454 3078 3096 3097 3080 
15455 3076 3075 3099 3060 
15456 3090 461 453 1449 
15457 455 468 1451 3070 
15458 1455 464 3069 459 
15459 1453 466 3091 457 
15460 3094 1457 454 462 
15461 458 1461 3092 1453 
15462 460 1459 3073 1455 
15463 461 3090 1457 1449 
15464 466 1453 3091 1461 
15465 1463 3074 456 1451 
15466 454 1457 3094 1449 
15467 1449 3094 3067 3079 
15468 1459 3099 3089 3073 
15469 3088 3100 3074 1463 
15470 3068 3078 1453 3092 
15471 3076 3069 1455 3093 
15472 3088 3086 3063 3083 
15473 3062 3066 3084 3067 
15474 3072 3087 3082 3064 
15475 3085 3065 3068 3080 
15476 3098 3094 1449 3079 
15477 3079 1449 3098 3072 
15478 3077 3074 3100 1451 
15479 3081 3095 3084 3070 
15480 3071 3059 3063 3091 
15481 3099 1459 3076 3073 
15482 3065 3069 3061 3093 
15483 3097 1453 3078 3092 
15484 3090 3087 3082 3072 
15485 3068 3092 3085 3080 
15486 3093 1459 3076 3099 
15487 3073 3060 3089 3064 
15488 3071 1453 3078 3097 
15489 3063 1452 1462 467 
15490 462 1450 3084 1464 
15491 1452 457 3063 1462 
15492 3084 455 1464 1450 
15493 467 3086 3063 3088 
15494 463 1456 3064 1458 
15495 3098 3094 1457 1449 
15496 1463 3100 3074 1451 
15497 3072 453 3087 3064 
15498 3065 1454 464 1460 
15499 3060 3072 3082 3064 
15500 454 3084 3066 3067 
15501 464 3065 3085 3093 
15502 3092 3097 1453 1461 
15503 1455 3076 1459 3073 
15504 3087 463 3089 3064 
15505 3074 3100 3088 3083 
15506 3065 3061 3068 3080 
15507 1459 3076 1455 3093 
15508 3098 3090 3082 3072 
15509 3090 453 3087 3072 
15510 3095 3081 3077 3070 
15511 458 3065 3068 3085 
15512 3063 457 3071 3091 
15513 3063 3074 456 3088 
15514 3060 3089 3099 3073 
15515 3069 3065 464 3093 
15516 3095 468 3084 3070 
15517 3069 3076 3061 3093 
15518 3068 3078 3092 3080 
15519 3059 3071 3097 3091 
15520 1462 3086 3063 467 
15521 455 3084 3066 1450 
15522 1458 463 3087 3064 
15523 3066 3084 454 1450 
15524 464 3085 3065 1460 
15525 3059 3077 3074 3083 
15526 3100 3074 3077 3083 
15527 3094 3098 3081 3062 
15528 466 3086 3063 1462 
15529 3099 3061 3093 3080 
15530 3079 3098 3082 3072 
15531 3093 3076 3061 3099 
15532 3082 3079 3072 3060 
15533 3070 3081 3077 3062 
15534 3077 3100 3081 3095 
15535 3060 3099 3076 3073 
15536 3099 3082 3089 3060 
15537 3097 3083 3059 3091 
15538 3078 3097 3092 3080 
15539 3059 3071 3078 3097 
15540 3078 3068 3061 3080 
15541 467 3063 456 3088 
15542 3087 461 453 3090 
15543 3069 3065 459 464 
15544 1450 462 3084 454 
15545 1452 3063 456 467 
15546 3065 1454 459 464 
15547 1458 461 453 3087 
15548 466 3063 457 1462 
15549 1464 468 455 3084 
15550 3085 465 458 1460 
15551 1456 463 3064 460 
15552 3059 3096 3077 3083 
15553 3077 3096 3059 3075 
15554 3060 3096 3079 3075 
15555 3060 3079 3096 3082 
15556 1453 3091 3097 3071 
15557 3097 3091 1453 1461 
15558 3075 3080 3099 3096 
15559 3099 3080 3075 3061 
15560 3064 1458 453 3087 
15561 3064 453 1458 1456 
15562 3065 1460 458 1454 
15563 458 1460 3065 3085 
15564 3090 1449 3098 1457 
15565 3090 3098 1449 3072 
15566 3084 3062 3070 3066 
15567 3070 3062 3084 3081 
15568 3082 3064 3089 3060 
15569 3089 3064 3082 3087 
15570 3079 3094 3062 3098 
15571 3079 3062 3094 3067 
15572 3065 3080 3093 3061 
15573 3093 3080 3065 3085 
15574 3083 3063 3091 3086 
15575 3083 3091 3063 3059 
15576 1455 3093 464 1459 
15577 464 3093 1455 3069 
15578 3083 3074 3063 3088 
15579 3083 3063 3074 3059 
15580 3070 3095 1451 3077 
15581 3100 3095 1451 1463 
15582 3100 1451 3095 3077 
15583 3062 3094 3084 3081 
15584 3062 3084 3094 3067 
15585 456 3088 1463 467 
15586 1463 3088 456 3074 
15587 3094 454 3084 462 
15588 3094 3084 454 3067 
15589 458 3092 3085 3068 
15590 458 3085 3092 465 
15591 3073 463 3064 3089 
15592 3073 3064 463 460 
15593 3063 466 3091 3086 
15594 3091 466 3063 457 
15595 3084 455 3070 468 
15596 3070 455 3084 3066 
15597 3095 1451 468 3070 
15598 3095 468 1451 1463 
3 43 4 173
15599 3116 3137 1465 4073 
15600 1473 478 470 4073 
15601 470 1465 1473 4073 
15602 3137 1473 1465 4073 
15603 1471 475 3136 3115 
15604 3133 476 1471 3112 
15605 3135 1477 3114 481 
15606 473 1469 3110 3131 
15607 1467 3132 483 3111 
15608 3134 1467 484 3113 
15609 1465 477 3130 3109 
15610 3102 3138 3141 3123 
15611 3101 3139 3138 3122 
15612 3141 3102 3120 3117 
15613 3139 3101 3138 3119 
15614 3138 3102 3141 3117 
15615 3140 3104 3138 3124 
15616 3119 3101 3138 3117 
15617 3138 3103 3141 3125 
15618 3103 3125 3138 3119 
15619 3138 3123 3102 3140 
15620 3120 3103 3141 3117 
15621 3139 3138 3125 3119 
15622 3124 3138 3121 3104 
15623 3103 3138 3141 3117 
15624 3101 3122 3138 3121 
15625 3119 3138 3103 3117 
15626 3122 3142 3138 3121 
15627 3140 3102 3138 3117 
15628 3140 3102 3117 3118 
15629 3124 3138 3142 3121 
15630 3117 3140 3104 3138 
15631 3140 3117 3104 3118 
15632 3138 3101 3121 3117 
15633 3104 3138 3121 3117 
15634 480 1471 3136 1475 
15635 1471 480 3136 475 
15636 3132 1467 483 1479 
15637 1467 483 472 3111 
15638 1471 479 476 3133 
15639 1471 479 3133 1475 
15640 1467 3134 484 1479 
15641 484 1467 471 3113 
15642 474 1477 481 3114 
15643 469 477 1465 3109 
15644 482 1469 473 3131 
15645 474 1477 3114 1469 
15646 1473 477 3130 1465 
15647 482 1469 3131 1477 
15648 3141 3110 1469 3131 
15649 3137 3116 1465 3121 
15650 3132 3111 1467 3119 
15651 3141 1477 3114 3135 
15652 3139 1467 3134 3113 
15653 1465 3130 3142 3109 
15654 1471 3115 3136 3140 
15655 478 3137 3116 4073 
15656 3118 3133 1471 3112 
15657 3105 3126 3134 3101 
15658 3127 3114 3102 3106 
15659 3102 3127 3106 3136 
15660 3112 3104 3129 3107 
15661 3101 3105 3126 3116 
15662 3104 3109 3129 3107 
15663 3128 3108 3111 3125 
15664 3125 3128 3108 3131 
15665 3113 3105 3134 3101 
15666 3106 3115 3102 3136 
15667 3114 3127 3102 3135 
15668 3110 3141 1469 3120 
15669 3101 3126 3137 3116 
15670 1465 3142 3137 3121 
15671 1469 3141 3114 3120 
15672 3104 3129 3133 3112 
15673 3121 1465 3142 3109 
15674 3139 3132 1467 3119 
15675 3132 3128 3111 3125 
15676 1467 3139 3119 3113 
15677 3109 3124 3129 3130 
15678 3125 3108 3110 3131 
15679 1471 3115 3140 3118 
15680 3133 1471 3140 3118 
15681 3134 3139 3113 3101 
15682 3114 3141 3135 3102 
15683 478 3126 3105 3116 
15684 1479 3132 1467 3139 
15685 3127 475 3106 3136 
15686 3141 3131 1469 1477 
15687 3122 3134 3126 3101 
15688 3134 1479 1467 3139 
15689 471 1480 3105 1466 
15690 3107 1474 476 1472 
15691 1469 3141 1477 3114 
15692 3128 473 3108 3131 
15693 1478 472 3128 1468 
15694 3135 3127 3102 3123 
15695 482 3128 1468 1478 
15696 1474 3107 477 1472 
15697 3137 1473 3142 1465 
15698 474 3106 3114 3127 
15699 3130 1465 3142 1473 
15700 1480 3105 1466 478 
15701 3134 3105 484 3126 
15702 3102 3127 3136 3123 
15703 3126 478 3137 3116 
15704 3111 3125 3119 3132 
15705 3129 3133 3124 3104 
15706 3115 3106 475 3136 
15707 3127 474 1470 1476 
15708 3112 3129 476 3107 
15709 3137 3122 3126 3101 
15710 3108 3111 472 3128 
15711 3107 477 3109 3129 
15712 3110 3125 3131 3141 
15713 3136 1475 1471 3140 
15714 3124 3109 3129 3104 
15715 3114 3135 481 3127 
15716 3115 3140 3102 3136 
15717 3137 3101 3116 3121 
15718 3140 1475 1471 3133 
15719 1470 480 3127 1476 
15720 3103 3111 3108 3125 
15721 3110 3103 3108 3125 
15722 473 3110 3108 3131 
15723 3133 3118 3104 3112 
15724 3105 3134 484 3113 
15725 3142 3130 3124 3109 
15726 3129 3112 476 3133 
15727 477 3129 3130 3109 
15728 483 3128 3111 3132 
15729 470 478 3116 4073 
15730 3102 3141 3135 3123 
15731 3139 3134 3122 3101 
15732 3114 3141 3102 3120 
15733 3139 3119 3113 3101 
15734 3128 473 1468 3108 
15735 476 3129 1474 3107 
15736 1468 3108 472 3128 
15737 3107 1474 477 3129 
15738 1480 3105 478 3126 
15739 1470 475 3106 3127 
15740 3110 3103 3125 3141 
15741 3125 3111 3119 3103 
15742 3103 3110 3120 3141 
15743 3139 3125 3132 3119 
15744 1470 3106 474 3127 
15745 484 3105 1480 3126 
15746 3137 3122 3101 3121 
15747 3122 3137 3142 3121 
15748 3124 3121 3109 3104 
15749 3123 3136 3102 3140 
15750 3133 3104 3140 3124 
15751 3121 3124 3109 3142 
15752 3140 3115 3102 3118 
15753 3118 3133 3104 3140 
15754 470 478 3105 3116 
15755 481 474 3114 3127 
15756 475 3127 480 3136 
15757 3105 484 471 3113 
15758 3107 477 469 3109 
15759 473 3128 482 3131 
15760 3128 3111 472 483 
15761 3129 3133 476 479 
15762 473 3128 1468 482 
15763 477 1472 3107 469 
15764 3127 481 474 1476 
15765 1480 471 3105 484 
15766 476 3129 479 1474 
15767 472 1478 3128 483 
15768 1466 470 478 3105 
15769 480 1470 3127 475 
15770 3137 478 1473 4073 
15771 3116 1465 470 4073 
3 44 4 170
15772 1489 3178 494 3152 
15773 485 3173 1481 3158 
15774 500 3177 1495 3154 
15775 3151 491 1487 3179 
15776 490 3153 1485 3176 
15777 3175 498 3155 1493 
15778 3184 3159 3167 3180 
15779 3159 3184 3167 3163 
15780 3184 3159 3180 3145 
15781 3163 3167 3159 3144 
15782 3165 3184 3180 3145 
15783 3145 3184 3159 3163 
15784 3161 3183 3180 3165 
15785 3146 3182 3180 3164 
15786 3182 3162 3146 3180 
15787 3181 3143 3166 3180 
15788 3182 3180 3167 3144 
15789 3159 3146 3162 3180 
15790 3180 3181 3160 3164 
15791 3155 489 1485 498 
15792 490 3176 1493 497 
15793 1491 492 3174 495 
15794 487 500 1483 3154 
15795 496 1487 491 3179 
15796 1485 3155 498 1493 
15797 3176 1485 490 1493 
15798 493 1481 485 3173 
15799 486 1489 494 3152 
15800 1483 500 1495 3154 
15801 488 1495 3156 1483 
15802 3179 496 1487 1491 
15803 493 1481 3173 1489 
15804 486 1489 3152 1481 
15805 3167 3180 3159 3144 
15806 3178 3152 1481 3163 
15807 3172 3183 3156 1495 
15808 3162 3151 1487 3179 
15809 3182 3174 1491 3157 
15810 3153 3160 1485 3176 
15811 3175 3155 3181 1493 
15812 3173 3171 3167 3147 
15813 3145 3150 3168 3152 
15814 3152 1489 3178 1481 
15815 3184 1481 3158 3163 
15816 1481 3184 3178 3163 
15817 3182 3179 3162 1491 
15818 3183 3161 1495 3177 
15819 3158 3173 3167 3147 
15820 3145 3168 3178 3152 
15821 3165 3177 3168 3154 
15822 3157 3144 3174 3147 
15823 3153 3176 3169 3164 
15824 3155 3143 3148 3175 
15825 3176 3181 3160 1493 
15826 3169 1486 491 1492 
15827 487 1496 3168 1482 
15828 1484 499 1494 3148 
15829 1490 485 1488 3147 
15830 3168 1496 486 1482 
15831 1489 3184 3178 1481 
15832 499 3170 3148 3172 
15833 3151 3149 491 3169 
15834 3148 1484 489 1494 
15835 1487 3162 3179 1491 
15836 490 1486 3169 1492 
15837 1488 495 1490 3147 
15838 3144 3158 3167 3147 
15839 3178 3165 3168 3145 
15840 486 3168 3150 3152 
15841 493 3171 3173 3147 
15842 3184 3173 3167 3158 
15843 3178 3145 3152 3163 
15844 3176 3160 1485 1493 
15845 3177 3165 3161 3154 
15846 3144 3174 3182 3157 
15847 3168 494 3178 3152 
15848 485 3173 3158 3147 
15849 3156 3183 3172 3166 
15850 3151 3162 3146 3179 
15851 3148 3156 488 3172 
15852 3177 500 3168 3154 
15853 3174 492 3157 3147 
15854 3153 3160 3176 3164 
15855 3143 3155 3181 3175 
15856 3149 1486 491 3169 
15857 1482 3168 487 3150 
15858 1494 3170 3148 499 
15859 1482 486 3168 3150 
15860 490 1486 3149 3169 
15861 1490 495 3171 3147 
15862 493 1490 3171 3147 
15863 3146 3179 3182 3164 
15864 3143 3161 3156 3166 
15865 498 3170 3148 1494 
15866 3179 3162 3146 3182 
15867 3183 3156 3161 3166 
15868 3163 3184 3167 3158 
15869 3145 3178 3184 3163 
15870 3167 3163 3158 3144 
15871 3165 3178 3184 3145 
15872 3154 3165 3161 3145 
15873 3182 3167 3174 3144 
15874 3161 3183 3165 3177 
15875 3144 3182 3162 3157 
15876 3160 3153 3146 3164 
15877 3181 3166 3143 3175 
15878 3143 3155 3160 3181 
15879 3160 3181 3176 3164 
15880 499 3148 488 3172 
15881 486 494 3168 3152 
15882 3173 485 493 3147 
15883 1484 499 3148 488 
15884 496 3169 491 1492 
15885 1490 485 3147 493 
15886 494 1496 486 3168 
15887 498 3148 489 1494 
15888 3169 497 490 1492 
15889 1496 487 3168 500 
15890 1488 495 3147 492 
15891 3180 3162 3144 3182 
15892 3180 3144 3162 3159 
15893 3166 3180 3161 3183 
15894 3157 1491 492 3174 
15895 3157 492 1491 1487 
15896 1495 3154 3161 1483 
15897 3161 3154 1495 3177 
15898 3180 3143 3161 3159 
15899 3180 3161 3143 3166 
15900 3180 3146 3160 3159 
15901 3160 3146 3180 3164 
15902 3180 3145 3161 3165 
15903 3161 3145 3180 3159 
15904 3180 3160 3143 3159 
15905 3180 3143 3160 3181 
15906 3173 1481 3184 1489 
15907 3184 1481 3173 3158 
15908 3168 3145 3154 3150 
15909 3154 3145 3168 3165 
15910 3167 3147 3174 3144 
15911 3174 3147 3167 3171 
15912 1491 3162 3157 1487 
15913 1491 3157 3162 3182 
15914 3161 1495 3156 3183 
15915 3161 3156 1495 1483 
15916 3170 3166 3148 3172 
15917 3156 3148 3166 3172 
15918 3156 3166 3148 3143 
15919 3149 3146 3169 3151 
15920 3179 3169 3146 3151 
15921 3179 3146 3169 3164 
15922 1493 3160 3155 3181 
15923 1493 3155 3160 1485 
15924 3179 491 3169 3151 
15925 3179 3169 491 496 
15926 488 3172 1495 499 
15927 1495 3172 488 3156 
15928 3148 498 3175 3170 
15929 3153 3169 490 3149 
15930 495 3147 3174 3171 
15931 3174 3147 495 492 
15932 3168 487 3154 500 
15933 3154 487 3168 3150 
15934 490 3176 3169 3153 
15935 490 3169 3176 497 
15936 3155 498 3148 489 
15937 3148 498 3155 3175 
15938 3166 3148 3175 3170 
15939 3166 3175 3148 3143 
15940 3146 3169 3153 3149 
15941 3146 3153 3169 3164 
3 45 4 69
15942 3189 3194 503 4074 
15943 3194 508 503 4074 
15944 3185 1506 1500 4076 
15945 1507 3190 1501 4076 
15946 1506 3185 3190 4076 
15947 3190 3185 1501 4076 
15948 1500 503 508 4074 
15949 1506 1500 508 4074 
15950 3186 3190 1504 3191 
15951 1497 3187 3192 3185 
15952 3188 3193 3190 1501 
15953 3194 3185 1506 3189 
15954 3194 1499 3189 503 
15955 3193 504 3188 1502 
15956 1504 1497 1503 3185 
15957 1498 1497 1504 3185 
15958 3190 1504 1503 3185 
15959 3187 505 3192 1505 
15960 1499 3186 502 3191 
15961 1501 1500 1507 4076 
15962 1507 1500 1506 4076 
15963 1504 3186 1498 3185 
15964 1497 3192 1503 3185 
15965 3190 1503 3192 3185 
15966 3190 3186 1504 3185 
15967 3192 3193 3188 4075 
15968 1506 3185 1500 3189 
15969 1507 3190 3193 1501 
15970 3185 3194 1506 3190 
15971 3185 3188 3190 1501 
15972 3192 3188 3187 4075 
15973 506 1499 502 3191 
15974 505 1502 3187 501 
15975 3191 506 1499 1508 
15976 1502 505 3187 1505 
15977 507 3193 1505 1502 
15978 1499 3194 508 503 
15979 3194 1508 1499 508 
15980 3193 507 504 1502 
15981 3192 3187 1505 4075 
15982 3188 3193 1502 4075 
15983 3188 504 3193 1501 
15984 3186 1504 502 3191 
15985 3187 505 1497 3192 
15986 3187 1502 1505 4075 
15987 3193 1505 1502 4075 
15988 502 3191 1504 506 
15989 505 3187 1497 501 
15990 507 1501 3193 504 
15991 1504 3186 502 1498 
15992 505 1497 3192 1503 
15993 1501 507 3193 1507 
15994 1506 3194 3189 4074 
15995 3193 3190 3192 3188 
15996 3185 3194 3186 3189 
15997 3188 3192 3187 3185 
15998 3194 3186 3191 3190 
15999 1500 1506 3189 4074 
16000 3188 3190 3192 3185 
16001 3190 3194 3186 3185 
16002 3194 1499 3186 3189 
16003 1499 3191 3194 3186 
16004 3191 1499 3194 1508 
16005 3189 503 1500 4074 
16006 1505 3193 3192 4075 
16007 1507 1506 3190 4076 
16008 1501 3185 1500 4076 
16009 3188 1502 3187 4075 
16010 508 3194 1506 4074 
3 46 4 168
16011 3226 1511 511 3207 
16012 3225 520 3209 1519 
16013 512 3203 1511 3230 
16014 3228 522 3205 1521 
16015 519 1519 3231 3206 
16016 510 3224 3210 1509 
16017 3196 3219 3232 3215 
16018 3232 3216 3235 3198 
16019 3219 3236 3232 3215 
16020 3235 3211 3232 3198 
16021 3232 3217 3197 3233 
16022 3232 3197 3211 3233 
16023 3196 3232 3211 3215 
16024 3213 3211 3195 3218 
16025 3233 3195 3211 3218 
16026 3213 3211 3235 3198 
16027 3213 3211 3218 3235 
16028 3197 3214 3217 3232 
16029 3218 3211 3232 3235 
16030 3197 3212 3211 3233 
16031 3211 3232 3233 3218 
16032 3236 3216 3232 3215 
16033 3234 3219 3232 3196 
16034 3214 3197 3211 3232 
16035 3232 3214 3234 3196 
16036 3212 3195 3211 3233 
16037 3211 3214 3232 3196 
16038 523 512 1511 3230 
16039 1511 523 3230 1523 
16040 1515 519 516 3206 
16041 1519 519 1515 3206 
16042 1511 524 3226 511 
16043 524 1511 3226 1523 
16044 1513 522 3205 513 
16045 1519 520 3209 1515 
16046 520 515 3209 1515 
16047 3232 3214 3217 3234 
16048 1517 510 3224 518 
16049 514 3208 1513 1521 
16050 1517 517 3229 1509 
16051 522 1513 3205 1521 
16052 510 1517 3224 1509 
16053 3209 3213 3225 1519 
16054 3208 3233 1521 3227 
16055 3204 3215 3229 1509 
16056 3203 3214 1511 3230 
16057 3217 3220 3201 3228 
16058 3222 3200 3195 3225 
16059 3224 3219 3223 3199 
16060 3227 3200 3195 3222 
16061 3204 3221 3216 3202 
16062 3231 3235 3213 1519 
16063 3235 3225 3213 1519 
16064 3220 3201 3203 3217 
16065 3205 3197 3201 3228 
16066 3200 3209 3195 3225 
16067 3199 3224 3219 3210 
16068 3215 3210 3236 1509 
16069 3207 3199 3226 3196 
16070 3233 3212 3208 1521 
16071 3214 1511 3230 3234 
16072 3200 3195 3208 3227 
16073 3206 3198 3231 3202 
16074 3229 3221 3216 3204 
16075 3212 3233 3228 1521 
16076 3230 3220 3203 3217 
16077 3214 1511 3234 3207 
16078 1514 3200 521 1520 
16079 3209 3213 1519 1515 
16080 1514 520 3200 1520 
16081 518 1510 3199 1524 
16082 523 1512 3220 1522 
16083 3217 3201 3197 3228 
16084 3223 518 3224 3199 
16085 1510 1524 511 3199 
16086 3234 1511 3230 1523 
16087 3223 3226 511 3199 
16088 519 1518 1516 3202 
16089 520 3200 3222 3225 
16090 3196 3199 3219 3210 
16091 3195 3222 3225 3218 
16092 3201 3203 512 3220 
16093 3212 1513 3208 1521 
16094 3221 519 3231 3202 
16095 3204 509 3221 3202 
16096 3201 3220 522 3228 
16097 3233 3208 3195 3227 
16098 3198 3231 3213 3206 
16099 3198 3204 3216 3202 
16100 3205 3212 3197 3228 
16101 3197 3203 3201 3217 
16102 3222 3195 3227 3218 
16103 3199 3226 511 3207 
16104 514 3200 3208 3227 
16105 3206 3231 519 3202 
16106 522 3205 3201 3228 
16107 3199 510 3224 3210 
16108 517 3221 3229 3204 
16109 3215 3229 3216 3204 
16110 3224 3236 3219 3210 
16111 3203 3214 3230 3217 
16112 3226 3234 3207 3196 
16113 3222 521 3200 1520 
16114 1524 518 3223 3199 
16115 520 3222 3200 1520 
16116 3223 511 1524 3199 
16117 1512 3201 512 3220 
16118 3233 3217 3197 3228 
16119 1518 519 3221 3202 
16120 3233 3197 3212 3228 
16121 3219 3196 3210 3215 
16122 3210 3236 3219 3215 
16123 3218 3225 3213 3235 
16124 3213 3235 3231 3198 
16125 3212 3208 3195 3233 
16126 3231 3235 3216 3198 
16127 3227 3195 3233 3218 
16128 3236 3229 3216 3215 
16129 3216 3215 3204 3198 
16130 3214 3230 3217 3234 
16131 3234 3226 3219 3196 
16132 3207 3234 3214 3196 
16133 3214 3203 3197 3217 
16134 518 510 3224 3199 
16135 519 516 3206 3202 
16136 513 3205 3201 522 
16137 524 3226 511 3223 
16138 3221 517 509 3204 
16139 520 1514 3200 515 
16140 1510 518 3199 510 
16141 511 3223 1524 524 
16142 513 3201 1512 522 
16143 1516 516 519 3202 
16144 1512 523 3220 512 
16145 514 1514 3200 521 
16146 1518 517 509 3221 
16147 3226 1511 3234 1523 
16148 3226 3234 1511 3207 
16149 3232 3198 3215 3216 
16150 3215 3198 3232 3211 
16151 1512 3220 522 3201 
16152 1512 522 3220 1522 
16153 1518 3202 509 1516 
16154 509 3202 1518 3221 
16155 3224 1509 3236 3210 
16156 3236 1509 3224 1517 
16157 3206 1519 3213 1515 
16158 3206 3213 1519 3231 
16159 3219 3199 3226 3223 
16160 3219 3226 3199 3196 
16161 3216 3202 3231 3198 
16162 3231 3202 3216 3221 
16163 1509 3236 3229 1517 
16164 1509 3229 3236 3215 
16165 3204 517 1509 3229 
16166 3204 1509 517 509 
16167 3205 1521 3212 3228 
16168 3212 1521 3205 1513 
16169 3227 514 1521 3208 
16170 1521 514 3227 521 
16171 3225 3195 3213 3209 
16172 3213 3195 3225 3218 
16173 512 3230 3220 3203 
16174 3220 3230 512 523 
16175 3209 520 3200 515 
16176 3209 3200 520 3225 
16177 3200 521 3227 514 
16178 3200 3227 521 3222 
3 47 4 169
16179 1535 3266 535 3252 
16180 526 3272 3247 1525 
16181 1533 533 3269 3250 
16182 3249 529 1529 3268 
16183 540 3273 1539 3245 
16184 530 3246 1529 3270 
16185 3278 3257 3239 3253 
16186 3256 3237 3261 3253 
16187 3274 3260 3277 3255 
16188 3253 3238 3260 3255 
16189 3274 3256 3261 3253 
16190 3274 3258 3240 3255 
16191 3240 3276 3258 3274 
16192 3276 3240 3256 3274 
16193 3260 3274 3253 3255 
16194 3258 3274 3277 3255 
16195 3274 3240 3256 3253 
16196 3256 3261 3276 3274 
16197 3253 3274 3240 3255 
16198 3257 3278 3237 3253 
16199 3259 3239 3254 3253 
16200 3275 3254 3238 3253 
16201 3272 1533 526 534 
16202 533 525 3250 1525 
16203 538 1529 529 3268 
16204 1531 3248 531 536 
16205 1537 530 3270 537 
16206 535 532 1535 3252 
16207 3272 526 1533 1525 
16208 1527 540 3245 527 
16209 3250 1533 533 1525 
16210 528 1539 3251 1527 
16211 538 1529 3268 1537 
16212 530 1537 3270 1529 
16213 1535 532 1531 3252 
16214 540 1527 3245 1539 
16215 3256 1529 3246 3270 
16216 1531 3248 3271 3255 
16217 1535 3277 3266 3252 
16218 3251 1539 3267 3278 
16219 3254 3247 3272 1525 
16220 1533 3269 3275 3250 
16221 3264 3249 3242 3261 
16222 1535 3271 3277 3255 
16223 1529 3256 3276 3270 
16224 1529 3256 3249 3276 
16225 3273 3278 1539 3257 
16226 3248 3263 3271 3258 
16227 3238 3250 3269 3241 
16228 3272 3259 3262 3247 
16229 3264 3249 3261 3268 
16230 3237 3251 3242 3267 
16231 3250 3254 3275 1525 
16232 3264 3242 1528 1538 
16233 1534 535 3241 1532 
16234 3262 527 1540 1526 
16235 537 1530 3263 1536 
16236 3265 535 3266 3241 
16237 3244 3262 527 3245 
16238 3263 1530 531 1536 
16239 533 1534 3241 1532 
16240 534 1526 3262 1540 
16241 3271 1535 1531 3255 
16242 3276 1537 1529 3270 
16243 3242 529 3249 3264 
16244 3259 3273 3262 3239 
16245 1528 538 3264 1538 
16246 530 3243 3246 3263 
16247 528 1528 3242 1538 
16248 3249 3237 3242 3261 
16249 3262 526 3247 3244 
16250 539 3264 3242 3267 
16251 3266 3277 3260 3252 
16252 3258 3271 3248 3255 
16253 529 3249 3264 3268 
16254 3249 3261 3268 3276 
16255 3250 3275 1533 1525 
16256 3273 540 3262 3245 
16257 536 3248 3263 3271 
16258 3267 3237 3251 3278 
16259 3242 3251 528 3267 
16260 3273 3257 3245 3239 
16261 3250 3269 3275 3238 
16262 1534 535 3265 3241 
16263 3272 3259 3247 3254 
16264 1526 3262 527 3244 
16265 3242 1528 529 3264 
16266 3243 1530 531 3263 
16267 533 1534 3265 3241 
16268 1538 3264 3242 539 
16269 530 1530 3243 3263 
16270 3260 3238 3252 3255 
16271 3252 3277 3260 3255 
16272 3240 3276 3270 3258 
16273 1526 526 3262 3244 
16274 3259 3278 3273 3239 
16275 3257 3273 3278 3239 
16276 3261 3249 3256 3276 
16277 3258 3248 3240 3255 
16278 3237 3249 3256 3261 
16279 3271 3258 3277 3255 
16280 3278 3237 3251 3257 
16281 3261 3237 3267 3278 
16282 3275 3254 3250 3238 
16283 3269 3260 3275 3238 
16284 3259 3239 3247 3254 
16285 3259 3272 3275 3254 
16286 3262 540 527 3245 
16287 538 529 3264 3268 
16288 539 3242 528 3267 
16289 3241 535 532 1532 
16290 1540 540 527 3262 
16291 1530 537 3263 530 
16292 538 1528 3264 529 
16293 3241 525 533 1532 
16294 536 3263 531 1536 
16295 1526 534 3262 526 
16296 1538 3242 528 539 
16297 3275 3253 3259 3254 
16298 3259 3253 3275 3274 
16299 3253 3260 3275 3274 
16300 3253 3275 3260 3238 
16301 3259 3253 3278 3239 
16302 3278 3253 3259 3274 
16303 3271 1531 536 3248 
16304 3271 536 1531 1535 
16305 3261 3253 3278 3274 
16306 3278 3253 3261 3237 
16307 3262 3245 3239 3273 
16308 3239 3245 3262 3244 
16309 3239 3262 3247 3244 
16310 3239 3247 3262 3259 
16311 1529 3268 3276 3249 
16312 1529 3276 3268 1537 
16313 3256 3270 3240 3276 
16314 3240 3270 3256 3246 
16315 3242 3261 3267 3264 
16316 3267 3261 3242 3237 
16317 1539 3245 3257 1527 
16318 3257 3245 1539 3273 
16319 3272 526 3262 534 
16320 3272 3262 526 3247 
16321 3252 3260 3241 3238 
16322 3252 3241 3260 3266 
16323 3265 3260 3241 3266 
16324 528 3267 1539 539 
16325 1539 3267 528 3251 
16326 1539 3257 3251 1527 
16327 3251 3257 1539 3278 
16328 3255 1535 3252 3277 
16329 3255 3252 1535 1531 
16330 1525 3275 3272 3254 
16331 1525 3272 3275 1533 
16332 3240 3243 3263 3246 
16333 3263 3270 3240 3246 
16334 3240 3270 3263 3258 
16335 530 3270 3263 3246 
16336 530 3263 3270 537 
16337 3252 535 3241 3266 
16338 3252 3241 535 532 
16339 3241 533 3269 3265 
16340 531 3263 3248 3243 
16341 531 3248 3263 536 
16342 3250 533 3241 525 
16343 3250 3241 533 3269 
16344 3260 3241 3269 3265 
16345 3260 3269 3241 3238 
16346 3263 3240 3248 3243 
16347 3248 3240 3263 3258 
3 48 4 54
16348 3285 3280 1542 3279 
16349 3284 3281 1547 3286 
16350 3279 1544 3287 3282 
16351 3283 3288 3284 1545 
16352 1546 544 3288 3283 
16353 1541 1548 3279 1547 
16354 1541 1548 1542 3279 
16355 3284 1548 1547 3279 
16356 3284 1551 1550 1545 
16357 1550 3284 1545 1544 
16358 542 3280 3285 1543 
16359 1544 3284 1545 3279 
16360 3282 548 3287 1543 
16361 1546 3286 545 3281 
16362 3281 3279 1547 1541 
16363 3281 3284 1547 3279 
16364 3285 1542 1548 3279 
16365 3284 3285 1548 3279 
16366 3284 1550 3287 1544 
16367 1551 3284 3288 1545 
16368 3284 3283 1545 3279 
16369 3287 3284 1544 3279 
16370 3281 541 545 1546 
16371 3286 1546 545 1549 
16372 546 1543 3285 1552 
16373 546 1543 542 3285 
16374 1552 3287 548 1543 
16375 1543 3282 548 543 
16376 547 1546 544 3288 
16377 547 1546 3288 1549 
16378 3288 544 1545 3283 
16379 542 3280 1542 3285 
16380 3282 548 1544 3287 
16381 3286 545 3281 1547 
16382 542 1548 546 3285 
16383 1541 3281 541 545 
16384 547 1545 3288 544 
16385 548 3282 1544 543 
16386 542 1548 3285 1542 
16387 1541 3281 545 1547 
16388 1545 547 3288 1551 
16389 548 1544 3287 1550 
16390 3288 3284 3286 3283 
16391 3279 3287 3280 3282 
16392 3281 3286 3284 3283 
16393 3287 3280 3285 3279 
16394 3283 3284 3281 3279 
16395 3284 3287 3285 3279 
16396 3282 3287 3280 1543 
16397 1546 3288 3286 3283 
16398 3285 3280 3287 1543 
16399 1546 3286 3281 3283 
16400 3287 1552 3285 1543 
16401 1549 3288 3286 1546 
3 49 4 54
16402 1553 3291 3296 3294 
16403 3295 3289 3290 1560 
16404 3289 1556 3298 3293 
16405 3292 3297 3294 1557 
16406 1564 3298 556 3293 
16407 552 3297 1558 3292 
16408 1553 3294 1560 3289 
16409 1554 1553 1560 3289 
16410 3294 1553 1560 1559 
16411 1563 1556 3294 1557 
16412 1556 1563 3294 1562 
16413 1555 3290 550 3295 
16414 1556 3294 1557 3289 
16415 553 3291 1558 3296 
16416 1560 3290 1554 3289 
16417 1559 1553 3296 3294 
16418 1553 3291 3294 3289 
16419 3295 3289 1560 3294 
16420 1556 3294 3298 1562 
16421 3297 1563 3294 1557 
16422 3294 1556 3298 3289 
16423 3294 3292 1557 3289 
16424 3296 1558 553 1561 
16425 3295 554 1555 1564 
16426 554 1555 550 3295 
16427 549 3291 1558 553 
16428 1558 3297 555 1561 
16429 556 1555 1564 3293 
16430 3293 556 1555 551 
16431 3297 552 1558 555 
16432 3292 552 3297 1557 
16433 3290 1560 550 3295 
16434 3293 556 1556 3298 
16435 3291 553 1553 3296 
16436 1560 550 3295 554 
16437 553 3291 1553 549 
16438 556 3293 1556 551 
16439 1557 555 552 3297 
16440 1560 3290 550 1554 
16441 3296 553 1553 1559 
16442 556 1556 3298 1562 
16443 1557 555 3297 1563 
16444 3297 3294 3296 3292 
16445 3295 3293 3289 3298 
16446 3291 3296 3294 3292 
16447 3293 3295 3289 3290 
16448 3298 1564 3295 3293 
16449 3292 3294 3291 3289 
16450 3298 3289 3295 3294 
16451 3297 3296 1558 3292 
16452 3296 3291 1558 3292 
16453 1555 3295 3293 3290 
16454 3295 1555 3293 1564 
16455 3296 1558 1561 3297 
3 50 4 26
16456 3299 3300 1569 4077 
16457 3300 1571 1569 4077 
16458 562 561 1571 4077 
16459 1571 561 1569 4077 
16460 560 1566 1569 558 
16461 559 1565 557 1570 
16462 1565 1572 559 1567 
16463 1566 560 1569 1568 
16464 1569 560 1571 1568 
16465 1572 1565 559 1570 
16466 3300 3299 1567 1572 
16467 3300 1566 3299 1569 
16468 3300 3299 1572 562 
16469 3299 1565 1567 1572 
16470 3300 1568 1566 1569 
16471 1568 3300 1571 1569 
16472 3299 1565 1572 1570 
16473 562 3299 1572 561 
16474 1570 1572 3299 561 
16475 3299 1567 1566 3300 
16476 3300 1567 1566 1568 
16477 1567 3299 1566 1565 
16478 3300 3299 562 4077 
16479 562 3299 561 4077 
16480 1571 3300 562 4077 
16481 3299 1569 561 4077 
3 51 4 36
16482 3301 1580 1579 1576 
16483 3303 3304 567 3306 
16484 3305 1574 1579 1578 
16485 3301 563 1581 1577 
16486 3302 3305 1579 3304 
16487 1575 3302 1579 3301 
16488 3304 1579 3302 3301 
16489 1579 1576 1575 3301 
16490 1580 3301 1579 3304 
16491 1581 567 563 3301 
16492 567 3301 3303 563 
16493 1574 3305 1579 3302 
16494 567 1581 3304 3301 
16495 3304 3303 567 3301 
16496 1574 1579 1575 3302 
16497 567 566 3303 3306 
16498 563 566 564 3303 
16499 3302 565 1582 1573 
16500 1580 1577 3301 1581 
16501 1577 1580 3301 1576 
16502 3302 1573 1582 3303 
16503 1574 3302 565 568 
16504 3305 568 1574 1578 
16505 3302 568 1582 565 
16506 1582 1573 564 3303 
16507 3306 3302 1582 3303 
16508 563 566 3303 567 
16509 566 3306 1582 3303 
16510 1580 3304 1581 3301 
16511 3306 3304 3302 3303 
16512 564 566 1582 3303 
16513 1574 3302 568 3305 
16514 568 3302 1582 3305 
16515 3302 3306 1582 3305 
16516 3304 3302 3305 3306 
16517 3303 3304 3302 3301 
3 52 4 36
16518 1590 1585 3310 1586 
16519 3309 3310 569 3312 
16520 3310 1587 569 1591 
16521 1584 1589 3308 1588 
16522 3308 1589 3310 3311 
16523 1585 3308 3310 3307 
16524 1589 3308 3310 1585 
16525 3310 1586 1585 3307 
16526 1585 1590 3310 1589 
16527 569 3310 1591 573 
16528 3310 569 3312 573 
16529 3308 1589 3311 1588 
16530 3310 1587 3307 569 
16531 3310 3309 569 3307 
16532 1584 1589 1585 3308 
16533 3309 572 3312 569 
16534 3309 570 572 569 
16535 1587 3310 1586 1591 
16536 3310 1590 1586 1591 
16537 1583 574 3308 1592 
16538 571 1588 3308 574 
16539 1592 3309 3308 1583 
16540 571 1588 1584 3308 
16541 574 1583 3308 571 
16542 1592 3309 3312 3308 
16543 1592 570 3309 1583 
16544 573 3312 572 569 
16545 3309 572 1592 3312 
16546 3310 1587 1586 3307 
16547 3308 3312 3310 3309 
16548 570 1592 3309 572 
16549 574 1588 3308 3311 
16550 574 3308 1592 3311 
16551 3308 1592 3311 3312 
16552 3312 3308 3310 3311 
16553 3310 3308 3309 3307 
3 53 4 26
16554 1593 1597 1599 4078 
16555 1593 1599 1596 4078 
16556 575 1596 578 4078 
16557 1599 578 1596 4078 
16558 1593 575 1597 4078 
16559 1597 575 578 4078 
16560 576 1594 579 1595 
16561 1594 1598 579 1600 
16562 1600 579 1594 1595 
16563 3314 3313 1597 1599 
16564 3313 1598 1600 3314 
16565 580 3313 1600 3314 
16566 580 3313 3314 1599 
16567 1598 3313 1600 1594 
16568 3313 1593 1597 1599 
16569 3313 1593 1599 1596 
16570 3313 1600 1594 1595 
16571 3313 580 1600 577 
16572 577 1599 3313 580 
16573 1595 3313 1600 577 
16574 577 1599 1596 3313 
16575 1598 3313 1597 3314 
16576 1594 1597 3313 1593 
16577 1597 1594 3313 1598 
16578 578 1599 1597 4078 
16579 575 1593 1596 4078 
3 54 4 23
16580 3315 3316 1603 588 
16581 3316 581 3315 1603 
16582 581 3316 3315 4079 
16583 583 1604 1603 1602 
16584 583 1603 588 3315 
16585 583 1603 3315 1601 
16586 1604 586 1603 1602 
16587 587 585 584 4079 
16588 1601 586 582 1602 
16589 1602 1603 583 1601 
16590 1604 583 1603 588 
16591 3316 585 581 1603 
16592 1601 586 1602 1603 
16593 3315 588 587 3316 
16594 585 581 584 4079 
16595 1601 3315 581 1603 
16596 585 3316 581 4079 
16597 3315 587 583 584 
16598 587 3315 3316 4079 
16599 588 3315 587 583 
16600 3315 587 584 4079 
16601 3316 585 587 4079 
16602 581 3315 584 4079 
3 55 4 41
16603 589 1609 1613 4080 
16604 593 589 1613 4080 
16605 1612 1608 1607 3320 
16606 3320 3319 3322 593 
16607 3318 1606 1607 1610 
16608 3318 3321 1611 3320 
16609 1607 3318 3320 3317 
16610 1611 1607 3318 3320 
16611 3320 1608 1607 3317 
16612 1612 1607 1611 3320 
16613 3318 3321 1610 1611 
16614 3319 592 3322 593 
16615 1610 1607 3318 1611 
16616 3319 592 593 590 
16617 3320 1612 1608 1609 
16618 1612 3320 1613 1609 
16619 3318 591 1614 1605 
16620 1606 3318 591 594 
16621 1614 3318 1605 3319 
16622 1606 3318 594 1610 
16623 3318 594 1614 591 
16624 3322 3321 1614 3319 
16625 592 1605 3319 1614 
16626 3319 590 593 589 
16627 592 1614 3319 3322 
16628 3317 3320 1608 1609 
16629 3320 1613 1609 4080 
16630 3319 3321 3320 3322 
16631 1605 592 3319 590 
16632 3321 594 3318 1610 
16633 594 3318 1614 3321 
16634 1614 3318 3319 3321 
16635 3317 3320 1609 4080 
16636 3318 3320 3319 3321 
16637 3320 3318 3319 3317 
16638 3317 1609 589 4080 
16639 1613 3320 593 4080 
16640 4080 589 3320 593 
16641 4080 3320 589 3317 
16642 3319 3320 589 593 
16643 3319 589 3320 3317 
3 56 4 170
16644 1623 603 3357 3333 
16645 3331 599 1619 3358 
16646 1623 3352 604 3338 
16647 1625 3356 605 3332 
16648 3344 3363 3339 3326 
16649 3347 3324 3343 3339 
16650 3363 3339 3326 3342 
16651 3343 3360 3347 3339 
16652 3339 3340 3346 3323 
16653 3340 3346 3360 3339 
16654 3363 3360 3344 3339 
16655 3360 3345 3325 3362 
16656 3360 3325 3345 3340 
16657 3343 3360 3362 3347 
16658 3325 3343 3360 3362 
16659 3346 3364 3339 3323 
16660 3343 3325 3360 3339 
16661 3361 3346 3360 3340 
16662 3340 3360 3325 3339 
16663 3339 3363 3324 3342 
16664 3344 3339 3341 3326 
16665 3346 3364 3360 3339 
16666 3339 3364 3344 3341 
16667 3361 3360 3345 3340 
16668 3364 3344 3360 3339 
16669 596 1623 604 3338 
16670 596 1623 3338 1615 
16671 600 3354 1627 607 
16672 597 1629 3355 610 
16673 1615 595 1623 3333 
16674 595 603 1623 3333 
16675 1627 599 3358 1619 
16676 599 1627 3358 608 
16677 3364 3339 3323 3341 
16678 605 602 1621 3332 
16679 1617 609 3359 1629 
16680 1625 601 3335 1621 
16681 605 1621 1625 3332 
16682 3331 1619 3362 3358 
16683 3354 3362 3336 1627 
16684 3359 3334 1617 3340 
16685 1625 3335 3353 3363 
16686 1623 3364 3352 3338 
16687 1629 3355 3361 3337 
16688 3337 3327 3350 3323 
16689 3349 3331 3329 3345 
16690 3332 3326 3348 3330 
16691 3351 3328 3336 3347 
16692 1630 3350 1616 3327 
16693 3349 3329 3334 3345 
16694 3336 3343 1619 3362 
16695 3331 1619 3343 3362 
16696 3327 3352 3350 3323 
16697 3346 3355 3350 3337 
16698 3349 3331 3345 3358 
16699 3326 3348 3356 3332 
16700 1625 3363 3356 3342 
16701 3357 3348 3344 3333 
16702 1617 3361 3359 3340 
16703 1623 3364 3338 3341 
16704 3359 3349 3334 3345 
16705 3336 3354 3351 3347 
16706 3328 3335 3324 3353 
16707 3340 1617 3361 3337 
16708 3323 3327 3352 3338 
16709 3364 1623 3357 3341 
16710 1620 3328 3351 1626 
16711 3362 1619 3336 1627 
16712 1619 3362 3358 1627 
16713 1618 608 3349 1628 
16714 1624 602 3348 1622 
16715 610 1630 3350 1616 
16716 3351 607 1620 1626 
16717 598 1618 3349 1628 
16718 3337 3350 3346 3323 
16719 3332 3348 602 3330 
16720 603 1624 3348 1622 
16721 1615 1623 3338 3341 
16722 3329 599 3331 3349 
16723 3348 3356 3344 3326 
16724 3331 3325 3329 3345 
16725 1616 596 1630 3327 
16726 3350 604 3352 3327 
16727 3328 1620 601 1626 
16728 3361 3359 1629 1617 
16729 3328 3324 3336 3347 
16730 595 3348 3333 3330 
16731 600 3328 3336 3351 
16732 606 3328 3351 3353 
16733 3327 3350 597 3337 
16734 3334 3359 3345 3340 
16735 3336 3362 3354 3347 
16736 1617 1629 3361 3337 
16737 3361 3355 3346 3337 
16738 3352 3346 3350 3323 
16739 3325 3334 3329 3345 
16740 603 3348 3357 3333 
16741 609 3349 3334 3359 
16742 3354 600 3336 3351 
16743 3350 3355 597 3337 
16744 3348 605 3356 3332 
16745 3335 3328 601 3353 
16746 3353 3335 3324 3363 
16747 3342 3326 3356 3332 
16748 3323 3352 3364 3338 
16749 3341 3357 3344 3333 
16750 1622 602 3348 3330 
16751 598 1618 3329 3349 
16752 1630 604 3350 3327 
16753 606 3351 3328 1626 
16754 3329 1618 599 3349 
16755 1616 3350 597 3327 
16756 3337 3346 3340 3323 
16757 600 1620 3328 3351 
16758 1622 3348 595 3330 
16759 3340 3361 3346 3337 
16760 3356 3363 3344 3326 
16761 3326 3356 3363 3342 
16762 3325 3331 3343 3362 
16763 3336 3343 3362 3347 
16764 3361 3345 3359 3340 
16765 3343 3336 3324 3347 
16766 3325 3334 3345 3340 
16767 3335 3324 3363 3342 
16768 3347 3353 3324 3363 
16769 3338 3364 3323 3341 
16770 3333 3344 3341 3326 
16771 3364 3357 3344 3341 
16772 3346 3352 3364 3323 
16773 602 605 3348 3332 
16774 600 3354 607 3351 
16775 610 3355 597 3350 
16776 3348 595 3333 603 
16777 606 601 3328 3353 
16778 1618 608 599 3349 
16779 602 1624 3348 605 
16780 3350 597 610 1616 
16781 1620 600 607 3351 
16782 1628 3349 598 609 
16783 604 1630 596 3327 
16784 3348 595 603 1622 
16785 606 3328 601 1626 
16786 1623 3333 3341 1615 
16787 3341 3333 1623 3357 
16788 3339 3347 3363 3360 
16789 3339 3363 3347 3324 
16790 1625 3332 3342 3356 
16791 3342 3332 1625 1621 
16792 3336 1627 600 3354 
16793 600 1627 3336 1619 
16794 3326 3348 3333 3344 
16795 3333 3348 3326 3330 
16796 3328 3347 3353 3324 
16797 3353 3347 3328 3351 
16798 1625 3342 3335 3363 
16799 3335 3342 1625 1621 
16800 3353 601 1625 606 
16801 3353 1625 601 3335 
16802 1629 3337 597 3355 
16803 597 3337 1629 1617 
16804 3334 609 1617 598 
16805 3334 1617 609 3359 
16806 3331 3345 3362 3325 
16807 3362 3345 3331 3358 
16808 3338 604 3327 3352 
16809 3338 3327 604 596 
16810 3358 599 3349 3331 
16811 3358 3349 599 608 
16812 3349 598 3334 3329 
16813 3334 598 3349 609 
3 57 4 168
16814 3398 1643 3375 623 
16815 612 3400 3373 1631 
16816 1639 619 3395 3377 
16817 3399 1645 626 3376 
16818 1637 3374 617 3401 
16819 3403 3367 3382 3402 
16820 3406 3387 3381 3368 
16821 3389 3402 3366 3385 
16822 3381 3382 3367 3402 
16823 3381 3365 3382 3388 
16824 3402 3403 3367 3386 
16825 3366 3402 3381 3385 
16826 3381 3402 3387 3406 
16827 3381 3365 3388 3406 
16828 3386 3367 3402 3385 
16829 3387 3405 3402 3384 
16830 3402 3381 3387 3384 
16831 3367 3381 3402 3385 
16832 3402 3381 3388 3406 
16833 3383 3406 3381 3368 
16834 3402 3389 3404 3385 
16835 614 1645 3378 1633 
16836 1641 617 3401 1637 
16837 1641 617 622 3401 
16838 3368 3387 3381 3384 
16839 3405 3389 3402 3366 
16840 611 619 1639 3377 
16841 611 1639 1631 3377 
16842 3400 1639 612 620 
16843 3400 612 1639 1631 
16844 3397 624 615 1643 
16845 616 1643 623 3375 
16846 616 1643 3375 1635 
16847 626 1645 613 3376 
16848 613 1645 1633 3376 
16849 3396 1641 618 621 
16850 3381 3365 3406 3383 
16851 3404 3386 3402 3385 
16852 1637 3374 3401 3385 
16853 3379 3382 3397 1643 
16854 3384 3373 3400 1631 
16855 3406 3378 3394 1645 
16856 3395 3405 1639 3377 
16857 3404 3396 1641 3380 
16858 3371 3398 3390 3386 
16859 3379 3365 3369 3392 
16860 3380 3389 3393 3370 
16861 3372 3391 3399 3368 
16862 3392 3365 3369 3394 
16863 3374 3371 3390 3386 
16864 1631 3405 3384 3377 
16865 3404 1637 3401 3385 
16866 1643 3382 3397 3403 
16867 3371 3367 3375 3398 
16868 3388 3392 3379 3397 
16869 3376 3372 3399 3368 
16870 3393 3396 3389 3380 
16871 1645 3406 3378 3383 
16872 3385 3404 1637 3380 
16873 3400 3387 3391 3373 
16874 3366 3377 3395 3370 
16875 3399 3406 1645 3383 
16876 3365 3378 3369 3394 
16877 3374 3390 3401 3386 
16878 1646 620 3391 1632 
16879 3382 3379 1635 1643 
16880 1631 1639 3405 3377 
16881 623 1636 3371 1642 
16882 1644 614 3369 1634 
16883 3399 626 3391 3372 
16884 1633 1645 3378 3383 
16885 3401 1641 1637 3404 
16886 1640 618 3393 1638 
16887 3398 3371 3367 3386 
16888 3392 3379 3365 3388 
16889 3371 3398 623 3390 
16890 3380 3366 3389 3370 
16891 3387 3399 3391 3368 
16892 3404 1641 1637 3380 
16893 625 3392 3369 3394 
16894 3380 3393 618 3370 
16895 3379 3382 3388 3397 
16896 3403 3375 3367 3398 
16897 619 3393 3395 3370 
16898 3369 615 3379 3392 
16899 3399 626 3372 3376 
16900 3374 3371 617 3390 
16901 3398 3375 3371 623 
16902 612 3391 3372 3373 
16903 3401 3374 3386 3385 
16904 3394 3365 3378 3406 
16905 618 3396 3393 3380 
16906 3394 3392 3365 3388 
16907 3371 3374 3367 3386 
16908 3369 3378 614 3394 
16909 615 3379 3392 3397 
16910 3389 3396 3404 3380 
16911 3399 3383 3376 3368 
16912 3400 3387 3373 3384 
16913 3395 3405 3377 3366 
16914 3390 623 3371 1642 
16915 1644 3392 3369 625 
16916 3370 3393 618 1638 
16917 1632 612 3391 3372 
16918 3382 3388 3397 3403 
16919 3382 3375 3367 3403 
16920 3406 3399 3387 3368 
16921 3385 3366 3389 3380 
16922 3367 3403 3398 3386 
16923 3379 3382 3365 3388 
16924 3399 3406 3383 3368 
16925 3385 3389 3404 3380 
16926 3404 3401 3386 3385 
16927 3406 3365 3378 3383 
16928 3386 3374 3367 3385 
16929 3388 3365 3394 3406 
16930 3405 3384 3377 3366 
16931 3387 3400 3405 3384 
16932 3405 3395 3389 3366 
16933 3387 3368 3373 3384 
16934 625 3369 614 3394 
16935 616 3371 3375 623 
16936 624 615 3392 3397 
16937 3372 626 613 3376 
16938 621 618 3396 3393 
16939 618 1640 3393 621 
16940 1632 626 613 3372 
16941 1636 623 3371 616 
16942 624 3392 615 1644 
16943 614 1644 3369 625 
16944 622 3390 617 1642 
16945 3391 620 612 1632 
16946 1638 619 611 3370 
16947 3402 3382 3388 3381 
16948 3402 3388 3382 3403 
16949 3402 3384 3366 3381 
16950 3366 3384 3402 3405 
16951 1644 3369 615 1634 
16952 1644 615 3369 3392 
16953 3371 1642 617 3390 
16954 617 1642 3371 1636 
16955 3391 1632 626 1646 
16956 3391 626 1632 3372 
16957 3393 1638 619 1640 
16958 619 1638 3393 3370 
16959 3368 3391 3373 3372 
16960 3368 3373 3391 3387 
16961 3370 3389 3395 3366 
16962 3370 3395 3389 3393 
16963 1645 3376 3383 1633 
16964 3383 3376 1645 3399 
16965 3380 1641 618 3396 
16966 3380 618 1641 1637 
16967 3400 612 3391 620 
16968 3400 3391 612 3373 
16969 3377 619 3370 611 
16970 3377 3370 619 3395 
16971 1643 3379 615 3397 
16972 1643 615 3379 1635 
16973 3403 1643 3375 3398 
16974 1631 3405 3400 3384 
16975 1631 3400 3405 1639 
16976 1643 3382 3375 1635 
16977 3375 3382 1643 3403 
16978 614 3394 1645 625 
16979 1645 3394 614 3378 
16980 617 3401 3390 622 
16981 3390 3401 617 3374 
3 58 4 170
16982 3440 1659 3417 639 
16983 3416 633 1653 3442 
16984 628 3443 3415 1647 
16985 3441 1661 642 3418 
16986 3448 3429 3444 3409 
16987 3423 3424 3410 3445 
16988 3431 3444 3408 3427 
16989 3444 3423 3448 3409 
16990 3410 3423 3445 3444 
16991 3428 3410 3445 3444 
16992 3424 3423 3430 3445 
16993 3444 3428 3410 3427 
16994 3444 3431 3447 3427 
16995 3424 3423 3407 3430 
16996 3430 3423 3407 3448 
16997 3408 3444 3423 3427 
16998 3423 3430 3445 3444 
16999 3410 3423 3444 3427 
17000 3446 3431 3444 3408 
17001 3426 3446 3444 3408 
17002 3425 3448 3423 3409 
17003 3444 3423 3426 3408 
17004 3423 3430 3444 3448 
17005 3428 3444 3447 3427 
17006 628 1655 3443 1647 
17007 1655 628 3443 636 
17008 630 1661 3420 1649 
17009 1657 633 638 3442 
17010 1657 633 3442 1653 
17011 3448 3423 3407 3425 
17012 632 3417 1651 1659 
17013 1659 631 640 3438 
17014 1659 632 3417 639 
17015 635 627 3439 1655 
17016 1661 629 3418 1649 
17017 1661 629 642 3418 
17018 3429 3446 3444 3426 
17019 634 3436 1657 637 
17020 3421 3424 3438 1659 
17021 3442 1653 3416 3427 
17022 3443 3426 3415 1647 
17023 3420 3437 3448 1661 
17024 3447 3436 1657 3419 
17025 3439 3446 1655 3422 
17026 3413 3440 3432 3428 
17027 3421 3407 3412 3434 
17028 3414 3433 3441 3409 
17029 3435 3436 3431 3411 
17030 1653 3442 3447 3427 
17031 3416 3413 3432 3428 
17032 3434 3407 3412 3437 
17033 1653 3447 3419 3427 
17034 3419 3431 3436 3411 
17035 3426 3443 3446 1647 
17036 3413 1652 3432 1658 
17037 1659 3424 3438 3445 
17038 3413 3410 3417 3440 
17039 3430 3434 3421 3438 
17040 1661 3448 3420 3425 
17041 3408 3422 3439 3411 
17042 3418 3414 3441 3409 
17043 1647 3446 3426 3422 
17044 1648 3433 1662 3414 
17045 3416 3432 3442 3428 
17046 3441 3448 1661 3425 
17047 3443 3429 3433 3415 
17048 3407 3420 3412 3437 
17049 3447 3442 1653 1657 
17050 3424 3421 1651 1659 
17051 1657 1653 3447 3419 
17052 3412 1650 1660 641 
17053 1652 638 3432 1658 
17054 636 1648 3433 1662 
17055 3435 637 3436 3411 
17056 635 1656 3411 1654 
17057 3440 3413 3410 3428 
17058 3441 642 3433 3414 
17059 1661 3420 1649 3425 
17060 3411 635 3439 3435 
17061 3411 1656 634 1654 
17062 3443 1655 3446 1647 
17063 1648 1662 629 3414 
17064 3434 3421 3407 3430 
17065 3429 3441 3433 3409 
17066 3413 3440 639 3432 
17067 1658 632 3413 1652 
17068 3419 3408 3431 3411 
17069 641 3434 3412 3437 
17070 3445 3417 3410 3440 
17071 3421 3424 3430 3438 
17072 3412 631 3421 3434 
17073 1647 1655 3446 3422 
17074 3440 3417 3413 639 
17075 3441 642 3414 3418 
17076 3416 3413 633 3432 
17077 628 3433 3414 3415 
17078 3407 3420 3437 3448 
17079 3413 3416 3410 3428 
17080 3436 3447 3431 3419 
17081 3437 3434 3407 3430 
17082 3412 3420 630 3437 
17083 631 3421 3434 3438 
17084 3428 3442 3416 3427 
17085 3436 634 3419 3411 
17086 627 3439 3422 3411 
17087 3425 3418 3441 3409 
17088 3439 3446 3422 3408 
17089 3429 3443 3426 3415 
17090 1656 637 3435 3411 
17091 642 1662 3433 3414 
17092 3432 639 3413 1658 
17093 635 1656 3435 3411 
17094 1660 3434 3412 641 
17095 3413 1652 633 3432 
17096 1648 628 3433 3414 
17097 3448 3441 3429 3409 
17098 3424 3417 3410 3445 
17099 3419 3447 3431 3427 
17100 3431 3408 3419 3427 
17101 3421 3424 3407 3430 
17102 3424 3430 3438 3445 
17103 3410 3445 3440 3428 
17104 3441 3448 3425 3409 
17105 3407 3420 3448 3425 
17106 3442 3428 3447 3427 
17107 3407 3437 3430 3448 
17108 3428 3416 3410 3427 
17109 3446 3439 3431 3408 
17110 3429 3443 3446 3426 
17111 3446 3426 3422 3408 
17112 3426 3409 3429 3415 
17113 634 3436 637 3411 
17114 641 3412 630 3437 
17115 640 631 3434 3438 
17116 632 3413 3417 639 
17117 3414 642 629 3418 
17118 635 3411 3439 627 
17119 637 1656 634 3411 
17120 1662 642 629 3414 
17121 632 1658 3413 639 
17122 1660 631 3434 640 
17123 1650 3412 630 641 
17124 638 1652 3432 633 
17125 1648 636 3433 628 
17126 3411 627 635 1654 
17127 3444 3409 3426 3423 
17128 3426 3409 3444 3429 
17129 3422 1655 627 1647 
17130 3422 627 1655 3439 
17131 1660 3412 631 1650 
17132 1660 631 3412 3434 
17133 3419 1657 634 3436 
17134 3419 634 1657 1653 
17135 3409 3433 3415 3414 
17136 3409 3415 3433 3429 
17137 3418 1661 3425 3441 
17138 3418 3425 1661 1649 
17139 3411 3431 3439 3408 
17140 3411 3439 3431 3435 
17141 1659 3421 631 3438 
17142 1659 631 3421 1651 
17143 3417 3445 1659 3440 
17144 3442 633 3432 3416 
17145 3442 3432 633 638 
17146 3443 628 3433 636 
17147 3443 3433 628 3415 
17148 630 3437 1661 641 
17149 1661 3437 630 3420 
17150 1659 3424 3417 1651 
17151 1659 3417 3424 3445 
3 59 4 168
17152 1663 643 3482 3459 
17153 3484 656 3460 1675 
17154 646 3457 1665 3485 
17155 653 1673 3483 3458 
17156 3449 3472 3469 3465 
17157 3486 3466 3473 3488 
17158 3466 3451 3488 3486 
17159 3466 3486 3473 3465 
17160 3472 3486 3469 3465 
17161 3451 3471 3486 3469 
17162 3490 3450 3473 3465 
17163 3466 3451 3486 3465 
17164 3473 3450 3466 3465 
17165 3451 3471 3488 3486 
17166 3490 3465 3452 3468 
17167 3472 3486 3489 3469 
17168 3469 3486 3451 3465 
17169 3486 3490 3473 3465 
17170 3489 3486 3471 3469 
17171 3465 3490 3450 3468 
17172 3467 3487 3449 3465 
17173 651 643 3482 1671 
17174 643 3482 1671 1663 
17175 644 1671 3462 1663 
17176 657 646 1665 3485 
17177 1675 647 3460 1667 
17178 1675 647 656 3460 
17179 3480 1675 648 655 
17180 1677 3478 645 658 
17181 1669 653 650 3458 
17182 1665 657 3485 1677 
17183 1673 649 3463 1669 
17184 1669 653 3458 1673 
17185 3461 3488 1675 3480 
17186 3457 1665 3485 3469 
17187 3490 3479 3463 1673 
17188 3478 3489 1677 3464 
17189 3459 3482 1663 3467 
17190 3487 3481 1671 3462 
17191 3454 3450 3461 3477 
17192 3471 3475 3455 3484 
17193 3475 3455 3457 3471 
17194 3477 3454 3450 3479 
17195 3463 3490 1673 3468 
17196 3489 3485 1665 3469 
17197 3488 3466 3461 1675 
17198 3461 3480 3477 3473 
17199 3460 3451 3455 3484 
17200 3464 3489 1665 3469 
17201 3490 3483 1673 3468 
17202 3449 3453 3481 3462 
17203 3482 3474 3470 3459 
17204 3485 3475 3457 3471 
17205 3454 3463 3450 3479 
17206 3487 1671 3482 3467 
17207 1667 3461 3466 1675 
17208 1664 658 3453 1678 
17209 3455 1666 656 1676 
17210 3489 1665 3485 1677 
17211 1673 1669 3463 3468 
17212 3458 3474 650 3456 
17213 3478 658 3476 3453 
17214 3454 1668 654 1674 
17215 1677 3489 1665 3464 
17216 3477 3450 3461 3473 
17217 3471 3455 3451 3484 
17218 1672 653 3474 1670 
17219 3464 3453 3472 3449 
17220 3474 3483 3470 3452 
17221 3455 3475 656 3484 
17222 3488 3461 3473 3480 
17223 3474 643 1672 1670 
17224 1664 644 1678 3453 
17225 3451 3460 3488 3484 
17226 3455 3457 646 3475 
17227 654 3454 3477 3479 
17228 643 3474 3459 3456 
17229 3476 644 3481 3453 
17230 1663 3482 1671 3467 
17231 648 3454 3461 3477 
17232 656 3460 3455 3484 
17233 3451 3457 3455 3471 
17234 3450 3477 3479 3473 
17235 3463 3450 3479 3490 
17236 3471 3457 3485 3469 
17237 3489 3478 3472 3464 
17238 3468 3452 3483 3458 
17239 3480 648 3461 3477 
17240 3453 3478 645 3464 
17241 3474 653 3483 3458 
17242 3453 644 3481 3462 
17243 3463 3454 649 3479 
17244 3481 3487 3449 3462 
17245 3459 3470 3482 3467 
17246 658 1678 3476 3453 
17247 1670 650 3474 3456 
17248 656 3475 3455 1676 
17249 654 3477 3454 1674 
17250 644 3476 1678 3453 
17251 1670 3474 643 3456 
17252 3469 3464 3472 3449 
17253 3483 3490 3470 3452 
17254 3461 3488 3473 3466 
17255 3472 3489 3464 3469 
17256 3452 3483 3490 3468 
17257 3451 3460 3466 3488 
17258 3450 3466 3461 3473 
17259 3488 3471 3451 3484 
17260 3489 3471 3485 3469 
17261 3463 3450 3490 3468 
17262 3471 3451 3457 3469 
17263 3473 3479 3450 3490 
17264 3481 3487 3472 3449 
17265 3467 3459 3470 3452 
17266 3487 3449 3462 3467 
17267 3487 3482 3470 3467 
17268 658 3478 645 3453 
17269 650 653 3474 3458 
17270 648 3480 655 3477 
17271 3455 647 3460 656 
17272 652 644 3481 3476 
17273 654 649 3454 3479 
17274 3474 653 650 1670 
17275 658 1664 3453 645 
17276 3476 644 1678 652 
17277 648 1674 3477 655 
17278 3455 1666 647 656 
17279 646 1676 3475 657 
17280 3454 1668 649 654 
17281 1672 651 643 3474 
17282 3472 3465 3487 3486 
17283 3487 3465 3472 3449 
17284 3470 3452 3465 3467 
17285 3470 3487 3465 3486 
17286 3465 3487 3470 3467 
17287 3454 1674 648 1668 
17288 648 1674 3454 3477 
17289 3455 1676 646 1666 
17290 646 1676 3455 3475 
17291 3458 3474 3452 3483 
17292 3452 3474 3458 3456 
17293 3453 3478 3472 3476 
17294 3472 3478 3453 3464 
17295 3453 3472 3481 3476 
17296 3481 3472 3453 3449 
17297 3452 3474 3459 3470 
17298 3459 3474 3452 3456 
17299 3458 1673 3468 1669 
17300 3458 3468 1673 3483 
17301 3464 1677 645 1665 
17302 3464 645 1677 3478 
17303 644 3481 1671 652 
17304 644 1671 3481 3462 
17305 643 3482 3474 651 
17306 643 3474 3482 3459 
17307 1675 3488 3460 3484 
17308 1675 3461 648 1667 
17309 648 3461 1675 3480 
17310 1675 3466 3460 3488 
17311 1675 3460 3466 1667 
17312 646 3485 3475 3457 
17313 3475 3485 646 657 
17314 3479 649 1673 654 
17315 3479 1673 649 3463 
17316 3467 1671 3462 3487 
17317 3467 3462 1671 1663 
17318 3465 3470 3490 3452 
17319 3490 3470 3465 3486 
3 60 4 352
17320 3498 3492 3543 4081 
17321 3492 3537 3543 4081 
17322 3493 3538 3506 4082 
17323 3557 3498 3543 4081 
17324 3512 3498 3557 4081 
17325 3572 3495 3561 3527 
17326 3538 3551 3506 4082 
17327 3492 3571 3505 3526 
17328 3495 3572 3504 3527 
17329 3492 3508 3543 3553 
17330 3544 3554 3495 3509 
17331 3557 1681 1682 1704 
17332 1714 1693 3515 1715 
17333 3529 3501 3574 1695 
17334 3530 1684 3500 3575 
17335 1692 1713 3558 1691 
17336 1702 1680 3559 1703 
17337 1685 3505 1719 1686 
17338 1697 1696 1708 3504 
17339 3531 3547 1700 3576 
17340 3573 1722 3548 3528 
17341 3555 3542 3497 3506 
17342 3556 3496 3552 3541 
17343 1696 1707 1708 3504 
17344 1718 3505 1719 1685 
17345 3549 1708 1707 3504 
17346 3505 1718 1719 3550 
17347 3510 3493 3538 3506 
17348 3552 3494 3511 3539 
17349 3527 3495 3561 3516 
17350 3509 3495 3544 3499 
17351 3537 3492 3543 3553 
17352 3492 3508 3498 3543 
17353 3544 3554 3540 3495 
17354 3498 1703 3557 3543 
17355 3510 3555 3497 3506 
17356 3542 3555 3551 3506 
17357 3552 3511 3507 3496 
17358 3496 3556 3552 3511 
17359 3574 662 1694 3529 
17360 3575 660 1683 3530 
17361 3562 3492 3571 3537 
17362 3495 3572 3561 3540 
17363 3501 3546 3574 1695 
17364 1706 3574 3546 1695 
17365 3545 3500 1684 3575 
17366 1717 3545 1684 3575 
17367 1719 3519 3550 3564 
17368 1708 3518 3504 3563 
17369 3566 3502 1700 3521 
17370 3548 1722 3565 3520 
17371 3498 1681 3512 3557 
17372 1703 3498 3557 1681 
17373 1714 3515 3544 3560 
17374 3498 3543 3559 1703 
17375 3512 1681 1682 3557 
17376 3576 3547 1700 1711 
17377 1689 3548 1722 3528 
17378 1689 3503 3548 3528 
17379 3547 3531 1700 3502 
17380 3499 1692 3558 3513 
17381 3514 3498 3559 1703 
17382 1693 1714 3515 1692 
17383 3560 1715 1714 3515 
17384 3557 1703 1681 1704 
17385 1720 1688 1687 3551 
17386 1699 1709 3507 1698 
17387 3513 1692 3558 1691 
17388 3508 3492 3562 3553 
17389 3554 3516 3495 3509 
17390 3498 3514 1681 1703 
17391 3559 1680 3514 1703 
17392 1682 3578 1683 3533 
17393 1720 1688 3551 1721 
17394 1709 1699 3507 1710 
17395 3510 3538 3555 3506 
17396 3511 3552 3539 3556 
17397 3507 3494 3511 3552 
17398 3551 3555 3538 3506 
17399 1719 3505 3519 1686 
17400 3518 1708 3504 1697 
17401 3577 1694 1715 3532 
17402 3502 3566 1700 3547 
17403 3520 3548 1722 1689 
17404 1711 3547 1700 3566 
17405 3548 3520 3503 1689 
17406 1713 3558 1714 1692 
17407 1680 1681 3514 1703 
17408 3505 3550 3571 3537 
17409 3549 3540 3572 3504 
17410 1690 661 3573 3528 
17411 659 3576 1701 3531 
17412 3491 3555 3554 3536 
17413 3555 3509 3491 3554 
17414 3553 3491 3556 3536 
17415 3508 3491 3556 3553 
17416 3505 3571 3542 3526 
17417 3504 3572 3496 3527 
17418 3542 3564 3519 3506 
17419 3563 3496 3552 3518 
17420 3549 3563 1708 3504 
17421 1719 3505 3550 3519 
17422 3516 3554 3495 3561 
17423 3508 3492 3517 3562 
17424 3540 3549 3567 3504 
17425 3505 3568 3550 3537 
17426 3535 1691 3580 1690 
17427 3525 3511 3539 3570 
17428 3538 3569 3524 3510 
17429 1716 3574 665 1694 
17430 662 3574 1694 665 
17431 664 3575 1683 1705 
17432 660 3575 1683 664 
17433 3579 1680 1679 3534 
17434 3529 3574 662 1695 
17435 660 1684 3530 3575 
17436 3576 659 1701 663 
17437 661 1712 3573 666 
17438 3564 1687 3519 3506 
17439 3518 1709 3552 3563 
17440 1712 661 3573 1690 
17441 659 1679 3531 1701 
17442 3492 3500 3523 3545 
17443 3495 3546 3501 3522 
17444 3578 1682 1683 1704 
17445 1694 3577 1715 1716 
17446 1704 1683 3578 1705 
17447 3505 3523 3568 3537 
17448 3522 3540 3567 3504 
17449 3567 1706 3546 1695 
17450 1717 1684 3545 3568 
17451 3545 3523 1684 3500 
17452 1695 3501 3546 3522 
17453 1715 1694 1693 3532 
17454 3491 3554 3516 3536 
17455 3491 3508 3562 3553 
17456 3554 3491 3516 3509 
17457 3553 3562 3491 3536 
17458 1690 1713 1691 3580 
17459 1722 3520 1721 3565 
17460 3521 1699 1700 3566 
17461 3496 3563 3552 3541 
17462 3542 3519 3497 3506 
17463 3550 3564 3519 3542 
17464 3518 3563 3496 3504 
17465 3523 3545 3568 3537 
17466 3540 3567 3546 3522 
17467 1702 3579 1679 1701 
17468 1680 3579 1679 1702 
17469 1690 1713 3580 1712 
17470 3537 3562 3492 3553 
17471 3554 3561 3540 3495 
17472 3525 3511 3494 3539 
17473 3493 3538 3524 3510 
17474 3507 3518 1698 1709 
17475 1687 3551 3564 1720 
17476 1695 3546 3567 3522 
17477 3523 3545 1684 3568 
17478 3571 3492 3505 3537 
17479 3504 3540 3572 3495 
17480 3566 1699 1700 1710 
17481 1688 3520 1721 1689 
17482 1688 1687 3551 3506 
17483 1709 1710 3507 3552 
17484 3508 3570 3511 3525 
17485 3569 3509 3524 3510 
17486 3538 3513 3548 3493 
17487 3514 3494 3502 3539 
17488 3573 661 1722 3528 
17489 1700 3576 659 3531 
17490 3520 1722 1721 1689 
17491 1700 1711 3566 1710 
17492 3539 3547 3502 3559 
17493 3513 3548 3493 3503 
17494 3491 3508 3517 3562 
17495 3554 3536 3561 3516 
17496 3523 3505 3492 3537 
17497 3504 3522 3540 3495 
17498 662 1706 3574 665 
17499 1717 660 664 3575 
17500 3513 3538 3569 3524 
17501 3539 3514 3525 3570 
17502 1679 3579 3534 3531 
17503 1690 3573 3535 3528 
17504 3576 1701 3531 3579 
17505 3580 1690 3573 3535 
17506 3515 3544 3495 3499 
17507 3560 3544 3540 3495 
17508 1683 3575 3530 3533 
17509 1683 3578 3575 3533 
17510 3529 1694 3577 3532 
17511 3574 1694 3577 3529 
17512 3509 3555 3491 3510 
17513 3508 3491 3511 3556 
17514 3495 3546 3522 3540 
17515 3545 3523 3492 3537 
17516 3496 3563 3549 3504 
17517 3550 3519 3505 3542 
17518 3560 3544 3495 3515 
17519 3534 3514 3502 3579 
17520 3513 3580 3548 3535 
17521 3525 3498 3508 3570 
17522 3499 3569 3509 3524 
17523 3569 3555 3554 3509 
17524 3508 3556 3570 3553 
17525 3576 659 663 1711 
17526 661 3573 1722 666 
17527 3549 3541 3563 3496 
17528 3497 3505 3519 3542 
17529 3564 1687 1719 3519 
17530 3563 3518 1709 1708 
17531 3505 3523 1685 1718 
17532 1696 3522 1707 3504 
17533 3500 3492 3512 3545 
17534 3546 3515 3495 3501 
17535 3564 3542 3551 3506 
17536 3507 3518 3552 3496 
17537 1679 3579 3531 1701 
17538 1690 3580 3573 1712 
17539 1707 1695 3522 1696 
17540 3523 1718 1684 1685 
17541 3505 3568 1718 3550 
17542 1707 3567 3549 3504 
17543 1706 662 3574 1695 
17544 1684 660 1717 3575 
17545 3514 3525 3494 3539 
17546 3524 3513 3538 3493 
17547 3494 3521 3502 3566 
17548 3508 3570 3543 3553 
17549 3569 3544 3509 3554 
17550 1719 1687 1686 3519 
17551 3518 1698 1708 1697 
17552 3556 3491 3516 3536 
17553 3555 3491 3562 3536 
17554 3502 3579 3531 3534 
17555 3548 3528 3535 3573 
17556 3531 3547 3576 3579 
17557 3573 3548 3580 3535 
17558 3567 1707 1706 1695 
17559 1684 1718 3568 1717 
17560 3571 3505 3542 3550 
17561 3572 3504 3496 3549 
17562 1721 3520 3551 3565 
17563 3566 1699 3507 3521 
17564 1694 3574 3577 1716 
17565 3578 1683 3575 1705 
17566 3533 3530 3500 3575 
17567 3501 3574 3577 3529 
17568 3501 3529 3577 3532 
17569 3545 3533 3575 3578 
17570 1687 3564 1719 1720 
17571 3518 1698 1709 1708 
17572 3569 3538 3555 3510 
17573 3556 3539 3511 3570 
17574 3539 3502 3514 3559 
17575 3513 3538 3548 3558 
17576 3566 3502 3494 3539 
17577 3566 3547 3502 3539 
17578 3548 3520 3493 3503 
17579 3576 1700 659 1711 
17580 1689 1722 661 3528 
17581 3520 1721 3551 1688 
17582 1699 3566 3507 1710 
17583 3568 3505 1718 3523 
17584 3567 1707 3522 3504 
17585 3507 3518 1709 3552 
17586 3551 1687 3564 3506 
17587 3541 3549 3572 3496 
17588 3505 3497 3526 3542 
17589 3567 1707 1695 3522 
17590 1718 3523 1684 3568 
17591 3557 3533 3545 3578 
17592 3515 3501 3577 3532 
17593 3561 3536 3556 3516 
17594 3517 3491 3562 3555 
17595 3561 3496 3556 3541 
17596 3542 3497 3517 3555 
17597 3496 3561 3556 3516 
17598 3562 3542 3517 3555 
17599 3559 3547 3502 3579 
17600 3548 3513 3535 3503 
17601 3496 3572 3561 3527 
17602 3545 3492 3512 3537 
17603 3495 3560 3546 3540 
17604 3512 3557 3545 3537 
17605 3560 3495 3546 3515 
17606 1682 3533 3557 3578 
17607 3577 1715 3515 3532 
17608 3509 3569 3555 3510 
17609 3556 3508 3570 3511 
17610 3558 3538 3569 3513 
17611 3570 3539 3514 3559 
17612 3580 3513 1691 3535 
17613 3514 3534 1680 3579 
17614 3570 3498 3508 3543 
17615 3569 3499 3509 3544 
17616 3566 3507 3494 3521 
17617 3528 3548 3535 3503 
17618 3579 3502 3531 3547 
17619 3514 3498 3525 3570 
17620 3513 3569 3499 3524 
17621 3491 3556 3516 3511 
17622 3517 3491 3555 3510 
17623 3496 3556 3511 3516 
17624 3555 3497 3517 3510 
17625 3552 3566 3494 3539 
17626 3551 3506 3520 1688 
17627 1710 3566 3507 3552 
17628 3578 3557 1682 1704 
17629 3580 3513 3548 3558 
17630 3559 3502 3514 3579 
17631 1713 3580 3558 1691 
17632 3533 3545 3575 3500 
17633 3574 3501 3577 3546 
17634 1715 3515 3532 1693 
17635 1680 3559 3579 1702 
17636 3500 3512 3533 3545 
17637 3501 3577 3546 3515 
17638 3492 3512 3537 4081 
17639 3512 3557 3537 4081 
17640 3507 3566 3494 3552 
17641 3533 3557 3545 3512 
17642 3577 3560 3546 3515 
17643 3572 3496 3561 3541 
17644 3497 3517 3526 3542 
17645 3561 3496 3527 3516 
17646 3544 3558 3569 3499 
17647 3543 3570 3498 3559 
17648 3569 3513 3499 3558 
17649 3514 3498 3570 3559 
17650 3513 3558 3580 1691 
17651 3559 1680 3579 3514 
17652 3533 3512 1682 3557 
17653 3560 3577 1715 3515 
17654 3520 3551 3565 4082 
17655 3506 3551 3520 4082 
17656 3551 3538 3565 4082 
17657 3506 3520 3493 4082 
17658 3492 3498 3512 4081 
17659 3557 3543 3537 4081 
17660 3520 4082 3538 3493 
17661 3538 4082 3520 3565 
17662 3538 3548 3520 3493 
17663 3520 3548 3538 3565 
17664 3542 3562 3526 3571 
17665 3542 3526 3562 3517 
17666 3492 3526 3562 3571 
17667 3492 3562 3526 3517 
17668 3558 1714 3499 3544 
17669 3558 3499 1714 1692 
17670 3515 3499 1714 3544 
17671 3515 1714 3499 1692 
3 61 4 356
17672 3649 1758 3605 4086 
17673 1758 1736 3605 4086 
17674 1737 1736 1759 4086 
17675 1727 672 668 4084 
17676 672 1727 1749 4084 
17677 1744 1743 1754 4083 
17678 1755 1744 1754 4083 
17679 3612 3628 3656 4085 
17680 3641 3584 3597 4085 
17681 3612 3584 3628 4085 
17682 1759 1736 1758 4086 
17683 3584 3641 3628 4085 
17684 3618 668 3662 4084 
17685 668 672 3662 4084 
17686 3598 3589 3642 3582 
17687 1735 1758 3646 1757 
17688 1748 1725 3647 1726 
17689 3661 1766 3637 3617 
17690 1724 1725 3604 1746 
17691 1764 1732 1731 3640 
17692 3586 3644 3638 3630 
17693 3630 3601 3595 3586 
17694 3584 3599 3588 3643 
17695 1763 1729 3597 1730 
17696 1761 3634 3618 3662 
17697 3619 3636 1744 3663 
17698 3620 3635 3664 1739 
17699 1764 1732 3640 1765 
17700 3640 1731 3596 1732 
17701 3601 3629 3639 3585 
17702 3627 3638 3583 3600 
17703 3607 3631 3641 3587 
17704 1729 1763 3597 1762 
17705 3582 3650 3606 3616 
17706 1763 3597 1762 3641 
17707 1749 3618 3662 4084 
17708 3589 3633 3642 3582 
17709 3633 3626 3642 3582 
17710 3632 3584 3588 3643 
17711 3628 3584 3632 3643 
17712 3653 3596 1731 3608 
17713 3631 3607 3641 3651 
17714 3597 3607 3641 3587 
17715 3641 3607 3584 3651 
17716 3607 3641 3584 3597 
17717 3616 3631 3596 3660 
17718 1758 3633 3589 3602 
17719 1734 669 3661 3617 
17720 1733 3593 1766 3617 
17721 3593 3637 1766 3617 
17722 1739 3635 3657 3613 
17723 3589 1736 1758 3602 
17724 3633 1758 3646 3602 
17725 1758 3633 3605 3589 
17726 3603 1725 1726 3647 
17727 3634 3618 1728 1761 
17728 3590 3618 1728 3634 
17729 1750 3664 3635 1739 
17730 3636 3619 1744 3592 
17731 1744 3663 3636 1755 
17732 3620 3591 3635 1739 
17733 3588 1725 3603 3647 
17734 3633 3649 1758 3605 
17735 3581 3643 3607 3625 
17736 3653 1731 3640 1764 
17737 1758 3602 1735 3646 
17738 1725 1748 3647 1747 
17739 3602 1758 1735 1736 
17740 3644 3586 3638 3600 
17741 3601 3639 3645 3630 
17742 3638 3586 3594 3600 
17743 3639 3601 3595 3630 
17744 3595 1742 1743 1753 
17745 1741 1751 1752 3594 
17746 1763 3653 3608 3641 
17747 1727 3618 1749 4084 
17748 3598 3650 3582 3642 
17749 3641 3653 3608 3587 
17750 1736 1758 3605 3589 
17751 3643 3651 3607 3625 
17752 1741 1740 1751 3594 
17753 1754 3595 1743 1753 
17754 3595 3585 3601 3639 
17755 3629 3601 3639 3645 
17756 3638 3627 3644 3600 
17757 3638 3594 3583 3600 
17758 3643 3581 3607 3599 
17759 3667 1735 1756 3623 
17760 3653 3608 3587 3596 
17761 3636 1744 3610 3592 
17762 3657 1750 3635 1739 
17763 1739 3591 3635 3613 
17764 670 1738 3664 3620 
17765 1745 3619 667 3663 
17766 3596 3653 1731 3640 
17767 3581 3607 3650 3625 
17768 3640 3660 3626 3596 
17769 3650 3607 3651 3625 
17770 3650 3598 3582 3606 
17771 3607 3581 3650 3606 
17772 1730 3608 3597 1763 
17773 3584 3641 3651 3628 
17774 3655 3640 3626 3596 
17775 3612 3590 1728 3634 
17776 1728 3656 3634 1761 
17777 3581 3600 3642 3598 
17778 3653 3641 3631 3587 
17779 3600 3583 3658 3614 
17780 3615 3645 3629 3659 
17781 1756 669 3661 1734 
17782 1756 669 674 3661 
17783 1728 3656 3612 3634 
17784 3624 1748 1727 3668 
17785 3621 1745 1724 3665 
17786 3666 1738 1759 3622 
17787 3601 3630 3644 3586 
17788 3587 3631 3653 3596 
17789 3619 1745 667 1723 
17790 1745 667 671 3663 
17791 1738 673 3664 1760 
17792 673 1738 3664 670 
17793 3661 669 1766 3617 
17794 1742 3652 3595 3609 
17795 3609 3652 3586 3594 
17796 3652 3586 3595 3609 
17797 1752 3652 3609 3594 
17798 3644 3581 3642 3625 
17799 3611 3582 3637 3593 
17800 1756 1735 1734 3623 
17801 1735 3667 1756 1757 
17802 3596 3626 3655 3611 
17803 3611 3637 1766 3593 
17804 1766 3611 3593 1733 
17805 3640 3653 3631 3596 
17806 3651 3607 3584 3643 
17807 1763 3608 3597 3641 
17808 1759 3649 1737 4086 
17809 3641 3608 3597 3587 
17810 3599 3584 3607 3643 
17811 1745 3621 1724 1723 
17812 3622 1738 1759 1737 
17813 3666 1738 1760 1759 
17814 1748 1727 3668 1749 
17815 1748 3624 1727 1726 
17816 1751 3613 1739 3657 
17817 3637 3655 3626 3611 
17818 3581 3645 3625 3644 
17819 1745 1724 3665 1746 
17820 3642 3650 3582 3626 
17821 3583 3658 3627 3600 
17822 3629 3601 3615 3585 
17823 3586 3638 3652 3630 
17824 3586 3652 3595 3630 
17825 1741 1752 3609 3594 
17826 3652 1742 3595 1753 
17827 3637 1766 3655 3611 
17828 3631 3616 3596 3587 
17829 3643 3581 3645 3625 
17830 3642 3581 3598 3650 
17831 3613 1751 1739 1740 
17832 1761 3618 668 3662 
17833 3620 3664 670 1739 
17834 3638 1752 1751 3594 
17835 1753 1754 3595 3639 
17836 3642 3614 3600 3658 
17837 3636 3604 3585 3629 
17838 3591 3649 3627 3583 
17839 3653 1731 1763 3608 
17840 3619 1744 667 3663 
17841 1739 1751 3657 1750 
17842 3618 3668 1749 3662 
17843 3604 3585 3592 3636 
17844 3649 3627 3635 3591 
17845 3596 3582 3626 3611 
17846 3599 3581 3645 3643 
17847 669 3661 1766 674 
17848 3658 3583 3649 3614 
17849 3659 3604 3629 3615 
17850 1745 3621 3619 3665 
17851 1727 3668 3618 3624 
17852 3664 1738 3666 3620 
17853 3620 1738 3666 3622 
17854 3663 1745 3619 3665 
17855 1734 3661 3623 3617 
17856 3640 3631 3660 3596 
17857 3642 3581 3650 3625 
17858 3633 3646 3626 3582 
17859 3633 3589 3602 3582 
17860 1729 3656 3597 3612 
17861 3656 1729 3597 1762 
17862 3667 1756 3661 3623 
17863 3631 3607 3650 3587 
17864 3582 3637 3626 3611 
17865 3632 3584 3647 3588 
17866 3584 3632 3647 3628 
17867 3650 3581 3598 3606 
17868 1762 3597 3656 3641 
17869 3646 3633 3602 3582 
17870 3612 3634 3628 3590 
17871 3604 3665 3636 3621 
17872 3666 3649 3591 3622 
17873 3633 3614 3642 3658 
17874 3628 3651 3584 3643 
17875 3588 3603 3584 3647 
17876 3614 3642 3600 3598 
17877 3634 3612 3628 3656 
17878 3615 3645 3659 3643 
17879 1763 1731 1730 3608 
17880 1731 3653 1763 1764 
17881 3663 667 671 1755 
17882 1761 668 672 3662 
17883 670 673 1750 3664 
17884 3581 3644 3642 3600 
17885 3586 3644 3601 3600 
17886 3630 3601 3644 3645 
17887 1728 1762 3656 1761 
17888 3656 1729 1728 3612 
17889 3668 1727 3618 1749 
17890 3664 1738 1760 3666 
17891 1723 3621 3619 1745 
17892 1762 1728 3656 1729 
17893 3655 1765 3640 1732 
17894 3650 3660 3631 3616 
17895 3602 3637 3582 3593 
17896 3609 1742 3652 1752 
17897 3650 3651 3607 3631 
17898 1765 3655 1766 1732 
17899 3655 3596 1732 3640 
17900 3606 3650 3607 3587 
17901 3604 3615 3585 3629 
17902 3583 3658 3649 3627 
17903 3644 3581 3601 3600 
17904 3645 3581 3601 3644 
17905 3654 3585 3636 3610 
17906 3627 3657 3635 3613 
17907 669 1766 3617 1733 
17908 3589 3642 3614 3598 
17909 3619 3636 3663 3665 
17910 3618 3590 3624 3668 
17911 3618 3634 3668 3662 
17912 3621 3636 3619 3665 
17913 3635 3664 3666 3620 
17914 3666 3591 3620 3622 
17915 1766 1732 3611 1733 
17916 3588 3659 3643 3615 
17917 3638 3613 1751 3657 
17918 3595 1743 3610 3654 
17919 3599 3581 3601 3645 
17920 3661 1734 3623 1756 
17921 3661 3623 3637 3667 
17922 3623 3661 3637 3617 
17923 3658 3644 3627 3600 
17924 3645 3615 3629 3601 
17925 3629 3636 3604 3648 
17926 3583 3591 3649 3605 
17927 3618 1761 668 1728 
17928 3664 1750 670 1739 
17929 3585 3654 3636 3629 
17930 3613 3591 3627 3583 
17931 3585 3610 3592 3636 
17932 3591 3627 3635 3613 
17933 3663 1744 667 1755 
17934 1754 3595 3654 1743 
17935 1740 3613 1751 3594 
17936 1753 3652 1742 1752 
17937 3609 1742 1752 1741 
17938 3596 3655 1732 3611 
17939 1753 3595 3652 3639 
17940 1752 3638 3652 3594 
17941 3638 3586 3652 3594 
17942 3595 3652 3639 3630 
17943 3647 3624 3590 3668 
17944 1732 3655 1766 3611 
17945 3637 3623 3602 3667 
17946 3599 3645 3615 3643 
17947 3584 3590 3612 3628 
17948 3621 3604 3592 3636 
17949 3666 3649 3635 3591 
17950 3649 3605 1737 4086 
17951 3646 3637 3626 3582 
17952 3637 3646 3602 3582 
17953 3634 3590 3647 3628 
17954 3667 3602 1735 3623 
17955 3644 3658 3642 3600 
17956 3604 3659 3629 3648 
17957 3583 3649 3614 3605 
17958 3615 3588 3599 3643 
17959 1724 3665 3604 3621 
17960 1759 3622 3649 3666 
17961 3614 3633 3642 3589 
17962 3654 3595 3585 3610 
17963 3627 3638 3657 3613 
17964 3591 3666 3620 3635 
17965 3636 3621 3619 3592 
17966 3634 3618 3668 3590 
17967 3649 3614 3633 3658 
17968 3624 3647 1748 3668 
17969 3590 3647 3668 3634 
17970 3604 3588 3615 3659 
17971 3616 3631 3650 3587 
17972 3645 3599 3615 3601 
17973 3639 3654 3585 3629 
17974 3627 3638 3613 3583 
17975 3595 1754 3654 3639 
17976 3613 3638 1751 3594 
17977 1757 3667 3646 1735 
17978 3665 3604 3636 3648 
17979 3605 3591 3649 3622 
17980 3622 1759 3649 1737 
17981 3593 3623 3637 3617 
17982 1724 3665 1746 3604 
17983 3623 3637 3602 3593 
17984 3659 3588 3643 3632 
17985 3584 3647 3590 3628 
17986 1726 3624 3647 1748 
17987 3647 3584 3590 3603 
17988 3606 3616 3650 3587 
17989 3603 3624 3590 3647 
17990 3595 3654 3585 3639 
17991 3594 3613 3638 3583 
17992 3646 3667 3637 3602 
17993 3656 3597 3612 4085 
17994 3633 3614 3605 3589 
17995 3614 3649 3633 3605 
17996 3632 3659 3604 3648 
17997 3604 3588 3659 3632 
17998 3597 3656 3641 4085 
17999 3649 3605 3622 1737 
18000 1746 3648 3604 3665 
18001 3602 3667 1735 3646 
18002 3603 1726 3624 3647 
18003 1743 3610 3654 4083 
18004 3654 1754 1743 4083 
18005 1727 668 3618 4084 
18006 3597 3584 3612 4085 
18007 1737 3605 1736 4086 
18008 3641 3656 3628 4085 
18009 3610 1743 1744 4083 
18010 1759 1758 3649 4086 
18011 1749 3662 672 4084 
18012 1754 3654 1755 4083 
18013 4083 3654 1744 3610 
18014 4083 1744 3654 1755 
18015 3636 1744 3654 3610 
18016 3636 3654 1744 1755 
18017 3647 1725 3632 3588 
18018 3647 3632 1725 1747 
18019 3604 3632 1725 3588 
18020 3650 3582 3660 3616 
18021 3650 3660 3582 3626 
18022 3596 3660 3582 3616 
18023 3596 3582 3660 3626 
18024 3632 1725 3648 3604 
18025 3632 3648 1725 1747 
18026 1746 3648 1725 3604 
18027 1746 1725 3648 1747 
3 62 4 341
18028 3673 3728 3684 4087 
18029 3717 3728 3673 4087 
18030 3717 3704 3748 4087 
18031 3717 3673 3704 4087 
18032 3704 3738 3717 3748 
18033 3721 3730 3717 3686 
18034 1803 3690 1781 1780 
18035 1790 1768 3736 1791 
18036 3706 3678 3750 1783 
18037 3691 1769 1770 1792 
18038 1801 3693 1802 1779 
18039 1785 1784 1796 3684 
18040 3727 3674 3718 3732 
18041 3733 3729 3674 3718 
18042 3687 3714 3676 3731 
18043 1787 1797 3726 1786 
18044 1805 3723 3705 3749 
18045 3707 3724 1788 3751 
18046 3681 3752 1777 3708 
18047 3728 1784 1796 1795 
18048 1784 3728 1796 3684 
18049 3727 3732 3715 3671 
18050 3672 3729 3733 3716 
18051 3719 3739 3726 3675 
18052 1797 1787 3726 1798 
18053 3738 3704 3717 3694 
18054 3683 1786 1787 3726 
18055 3686 3673 3717 3677 
18056 3686 3717 3721 3677 
18057 3714 3687 3676 3670 
18058 3731 3714 3676 3720 
18059 1796 3741 3697 3684 
18060 3739 3695 3726 3675 
18061 3726 3695 3683 3675 
18062 3695 3726 3714 3739 
18063 3726 3695 3714 3683 
18064 3684 3748 3719 3704 
18065 3734 3677 1802 3721 
18066 3750 678 1782 3706 
18067 1794 3750 3678 1783 
18068 1794 3750 3722 3678 
18069 3701 3679 1772 3745 
18070 3700 1810 3725 3744 
18071 3677 3734 1802 3690 
18072 1802 3677 3690 1780 
18073 1802 3721 3677 3693 
18074 3723 3705 1772 1805 
18075 3679 3705 1772 3723 
18076 3751 3724 1788 1799 
18077 3752 1810 3725 1777 
18078 3752 3681 1777 3725 
18079 3724 3707 1788 3680 
18080 3676 3692 1769 1791 
18081 3721 1802 3737 3693 
18082 3669 3739 3687 3713 
18083 1785 1796 3697 3684 
18084 1768 1769 3692 1791 
18085 3736 1768 3692 1791 
18086 3734 1803 1802 3690 
18087 3690 1803 1802 1780 
18088 3729 3674 3689 3733 
18089 3685 3674 3689 3729 
18090 3727 3674 3732 3682 
18091 3688 3732 3674 3682 
18092 3717 3673 3694 3704 
18093 3727 1775 1776 1808 
18094 1806 1774 3685 1807 
18095 3720 1791 3691 3735 
18096 3676 1791 3691 3720 
18097 1786 3697 3741 3726 
18098 3694 3717 3730 3686 
18099 3719 3697 3726 3741 
18100 1802 3677 1780 3693 
18101 3693 1801 1802 3737 
18102 3735 1791 3691 1792 
18103 3739 3669 3687 3695 
18104 3727 1809 1808 1776 
18105 1806 1774 1773 3685 
18106 3685 3689 3672 3729 
18107 3729 3689 3672 3733 
18108 3688 3671 3732 3682 
18109 3671 3727 3732 3682 
18110 1791 3676 3691 1769 
18111 3687 3739 3731 3713 
18112 1803 3756 1782 3712 
18113 3697 3741 3719 3684 
18114 3723 1772 3679 3745 
18115 3725 3700 3681 1777 
18116 1805 1772 3723 3745 
18117 1810 3700 3725 1777 
18118 3705 1771 676 3749 
18119 3693 1780 1802 1779 
18120 1769 3691 1791 1792 
18121 3751 675 3707 1789 
18122 3752 1778 677 3708 
18123 1796 3728 3741 3684 
18124 3713 3669 3739 3738 
18125 3739 3669 3695 3738 
18126 3730 3738 3717 3694 
18127 3738 3669 3695 3694 
18128 1786 3741 1797 3726 
18129 3683 3670 3695 3714 
18130 3728 3699 3673 3684 
18131 3698 1788 3680 3724 
18132 1799 3698 3724 1788 
18133 3686 3730 3669 3688 
18134 3697 3719 3726 3675 
18135 3702 3746 3732 3671 
18136 3703 3672 3733 3747 
18137 678 3750 1782 681 
18138 681 3750 1782 1804 
18139 1799 3698 3742 3724 
18140 3755 3711 1771 1792 
18141 3709 1789 1790 3753 
18142 1801 3754 3710 1778 
18143 3732 3733 3674 3718 
18144 3675 3697 3719 3684 
18145 3706 3750 678 1783 
18146 3751 675 1789 679 
18147 1771 680 676 3749 
18148 1771 680 3749 1793 
18149 1800 3752 677 682 
18150 3740 1774 3685 3696 
18151 1775 3740 3727 3696 
18152 3740 3685 3674 3696 
18153 3740 3674 3727 3696 
18154 3732 3669 3713 3730 
18155 3742 3698 3683 3714 
18156 1778 3752 677 1800 
18157 1789 675 3707 1767 
18158 3678 3722 3743 3673 
18159 1803 3756 1804 1782 
18160 1781 1803 1782 3712 
18161 3699 3728 3673 3743 
18162 3743 1794 3722 3678 
18163 1783 3678 1794 3699 
18164 3719 3741 3728 3684 
18165 3726 3742 3683 3714 
18166 3739 3687 3714 3695 
18167 3697 1786 3683 3726 
18168 3726 3683 3697 3675 
18169 3687 3739 3714 3731 
18170 3711 1770 1771 1792 
18171 1792 1771 3755 1793 
18172 1809 3744 1810 3700 
18173 1806 3701 1772 3745 
18174 3699 3678 3743 3673 
18175 3689 3713 3732 3669 
18176 3754 1801 1800 1778 
18177 3710 1779 1801 1778 
18178 3709 1789 1767 1790 
18179 3709 1790 1767 1768 
18180 3694 3673 3717 3686 
18181 3746 3715 3732 3671 
18182 3716 3733 3672 3747 
18183 3740 1775 3727 1808 
18184 3729 3740 3674 3718 
18185 1807 3685 3740 1774 
18186 3674 3740 3727 3718 
18187 3678 3743 1794 3699 
18188 3719 3675 3684 3704 
18189 3689 3669 3687 3713 
18190 3694 3730 3669 3686 
18191 3701 1806 1772 1773 
18192 1809 1777 1776 3700 
18193 1805 3705 676 3749 
18194 1806 1807 3685 3729 
18195 1775 3727 1776 3682 
18196 3746 3732 3730 3702 
18197 3671 3693 3715 3681 
18198 3723 3672 3735 3716 
18199 3741 1786 1796 3697 
18200 677 3752 3708 1777 
18201 675 1788 3751 3707 
18202 1809 1777 3700 1810 
18203 1806 1772 1805 3745 
18204 3735 3679 3672 3723 
18205 3737 3725 3715 3681 
18206 3717 3728 3743 3673 
18207 3731 3689 3687 3713 
18208 1794 678 681 3750 
18209 3672 3703 3735 3747 
18210 3702 3693 3746 3671 
18211 3707 1789 3753 3751 
18212 3711 1771 3705 3755 
18213 3755 1771 3705 3749 
18214 1778 3752 3754 3708 
18215 3754 3710 1778 3708 
18216 1789 3709 3707 3753 
18217 3719 3728 3748 3684 
18218 3669 3713 3730 3738 
18219 3734 3673 3677 3717 
18220 3734 3721 3717 3677 
18221 3683 1787 3698 3742 
18222 3726 1787 3742 1798 
18223 1782 3756 3750 3712 
18224 3706 1782 3750 3712 
18225 3719 3738 3739 3675 
18226 3717 3743 3722 3673 
18227 3692 3676 3670 3714 
18228 3738 3730 3669 3694 
18229 1787 3726 3742 3683 
18230 3673 3734 3677 3690 
18231 3714 3680 3724 3698 
18232 3754 3693 3710 3681 
18233 3679 3755 3735 3711 
18234 3730 3721 3746 3702 
18235 3670 3683 3698 3714 
18236 3687 3695 3670 3714 
18237 3730 3686 3702 3688 
18238 3742 3724 3698 3714 
18239 3703 3733 3731 3747 
18240 1786 3741 1796 1797 
18241 1796 1786 1785 3697 
18242 1805 676 680 3749 
18243 1810 677 3752 682 
18244 1799 675 3751 679 
18245 3730 3732 3669 3688 
18246 3733 3674 3689 3732 
18247 3732 3674 3689 3688 
18248 1799 1787 3698 1788 
18249 1787 3742 1799 3698 
18250 1771 3755 1793 3749 
18251 3742 1787 1799 1798 
18252 3743 1784 3728 1795 
18253 3748 3738 3719 3704 
18254 3684 3748 3704 4087 
18255 3673 3678 3722 3690 
18256 1775 1774 3740 3696 
18257 3709 1789 3707 1767 
18258 3754 1800 3752 1778 
18259 3738 3695 3739 3675 
18260 3743 1795 1794 1784 
18261 3728 1784 3699 3684 
18262 3675 3738 3695 3694 
18263 1794 678 3750 1783 
18264 3693 3715 3746 3671 
18265 3716 3672 3735 3747 
18266 3689 3669 3732 3688 
18267 3713 3689 3732 3733 
18268 3679 3701 3672 3745 
18269 3725 3744 3715 3700 
18270 3721 3730 3686 3702 
18271 3681 3710 3754 3708 
18272 3681 3754 3752 3708 
18273 3724 3707 3709 3753 
18274 3707 3724 3751 3753 
18275 3755 3705 3723 3749 
18276 3705 3679 3711 3755 
18277 1784 1783 1794 3699 
18278 3720 3703 3731 3747 
18279 3685 3701 1806 3745 
18280 1809 3700 3727 3744 
18281 3733 3689 3731 3713 
18282 3756 1782 3750 1804 
18283 3678 3750 3712 3706 
18284 3722 3750 3756 3712 
18285 3703 3672 3689 3733 
18286 3732 3702 3671 3688 
18287 3679 3672 3691 3735 
18288 3693 3737 3715 3681 
18289 676 1772 3705 1805 
18290 3700 3671 3715 3681 
18291 3672 3723 3745 3716 
18292 3723 3672 3745 3679 
18293 3700 3715 3725 3681 
18294 677 1810 3752 1777 
18295 675 1799 3751 1788 
18296 3685 3701 1773 1806 
18297 3700 1809 3727 1776 
18298 1775 3740 1807 1808 
18299 1774 1775 3740 1807 
18300 1784 3743 3728 3699 
18301 3685 3740 3674 3729 
18302 1775 3727 3682 3696 
18303 3685 1807 3740 3729 
18304 3696 3674 3727 3682 
18305 3724 3709 3736 3753 
18306 1784 1794 3743 3699 
18307 3756 3690 3722 3712 
18308 3687 3703 3689 3731 
18309 3714 3680 3698 3670 
18310 3755 3679 3735 3723 
18311 3737 3754 3725 3681 
18312 3734 3717 3722 3673 
18313 3673 3722 3734 3690 
18314 3680 3736 3714 3724 
18315 3756 1803 3690 3712 
18316 3702 3732 3730 3688 
18317 3737 3715 3746 3693 
18318 3672 3703 3691 3735 
18319 3687 3676 3703 3731 
18320 3755 3735 3711 1792 
18321 3754 3693 1801 3710 
18322 3721 3686 3677 3702 
18323 3744 3727 3715 3700 
18324 3745 3672 3685 3701 
18325 3680 3707 3709 3724 
18326 3752 3725 3754 3681 
18327 3705 3679 3755 3723 
18328 3721 3702 3693 3746 
18329 3709 1790 3736 3753 
18330 3724 3709 3680 3736 
18331 3703 3720 3735 3747 
18332 3675 3719 3738 3704 
18333 3733 3703 3731 3689 
18334 3729 3672 3745 3716 
18335 3671 3715 3727 3700 
18336 3727 3700 1776 3682 
18337 3745 1806 3685 3729 
18338 1781 3690 1803 3712 
18339 3754 3737 3693 3681 
18340 3679 3691 3711 3735 
18341 3711 3691 1770 1792 
18342 3750 3678 3712 3722 
18343 1779 1801 3693 3710 
18344 3690 3678 3722 3712 
18345 3703 3720 3731 3676 
18346 3714 3692 3680 3670 
18347 1790 3709 3736 1768 
18348 3692 3714 3680 3736 
18349 3694 3675 3738 3704 
18350 3728 3748 3684 4087 
18351 3709 3692 3680 3736 
18352 3682 3671 3727 3700 
18353 3672 3729 3745 3685 
18354 3690 3756 3722 3734 
18355 3702 3721 3693 3677 
18356 3721 3737 3746 3693 
18357 3720 3691 3703 3735 
18358 3676 3691 3703 3720 
18359 3691 3711 3735 1792 
18360 3693 3754 1801 3737 
18361 3734 3756 1803 3690 
18362 3692 3709 1768 3736 
18363 3717 3748 3728 4087 
18364 3673 3684 3704 4087 
18365 3714 3692 3720 3736 
18366 3714 3720 3692 3676 
18367 1791 3720 3692 3736 
18368 1791 3692 3720 3676 
3 63 4 352
18369 1832 3831 3786 4088 
18370 1832 1843 3831 4088 
18371 3828 3782 3805 4089 
18372 3760 3774 3820 4089 
18373 3782 3760 3805 4089 
18374 1843 1831 1842 4088 
18375 1832 1831 1843 4088 
18376 3805 3760 3820 4089 
18377 3761 3827 3838 3792 
18378 3761 3838 3773 3792 
18379 3760 3774 3764 3820 
18380 3775 3761 3819 3765 
18381 1847 3781 1825 1824 
18382 3826 1835 1814 1836 
18383 3812 3797 1816 3840 
18384 1838 3794 3839 3767 
18385 1834 1812 3823 1835 
18386 1823 1846 3779 1845 
18387 1828 1840 1829 3817 
18388 1817 1851 1818 3772 
18389 3769 3842 1854 3796 
18390 3795 3813 1832 3841 
18391 3771 3807 3776 3763 
18392 1817 1851 3772 1850 
18393 1828 1840 3817 1839 
18394 1850 1851 3772 3818 
18395 1828 3817 1829 3773 
18396 3776 3803 3815 3758 
18397 3816 3822 3804 3759 
18398 3782 3837 3828 3805 
18399 3792 3761 3827 3783 
18400 3761 3810 3819 3765 
18401 3809 3760 3764 3820 
18402 3805 3760 3809 3820 
18403 3810 3761 3819 3806 
18404 3765 1846 3781 3810 
18405 3776 3815 3821 3807 
18406 3807 3771 3776 3815 
18407 3777 3822 3762 3770 
18408 3797 1815 684 3840 
18409 3806 3827 3838 3761 
18410 3797 3812 1816 3766 
18411 3794 1838 1827 3767 
18412 1816 3812 3840 1849 
18413 1838 3839 3811 3767 
18414 1840 3817 3829 3785 
18415 3784 3818 1851 3830 
18416 3831 3768 1832 3786 
18417 3814 1854 3834 3789 
18418 1813 3780 3764 1835 
18419 1846 3765 3781 1824 
18420 3810 3825 1846 3781 
18421 1826 3839 689 3794 
18422 1835 3764 3823 3809 
18423 3765 3824 1846 3810 
18424 3842 3769 1854 3814 
18425 3796 1854 3769 1821 
18426 3841 3813 1832 1843 
18427 3813 3795 1832 3768 
18428 3823 3778 3764 1835 
18429 3824 3765 1846 3779 
18430 1835 1814 3780 3826 
18431 1813 1814 3780 1835 
18432 3781 1847 1846 1824 
18433 3825 1847 1846 3781 
18434 1841 1831 1830 3771 
18435 1852 1819 3816 1820 
18436 3819 3827 3761 3775 
18437 1813 3764 3778 1835 
18438 3765 1824 1846 3779 
18439 3823 1812 3778 1835 
18440 1845 3824 1846 3779 
18441 3816 1853 1852 1820 
18442 1841 1831 3771 1842 
18443 3777 3759 3822 3770 
18444 3771 3758 3776 3815 
18445 3803 3776 3815 3821 
18446 3759 3816 3822 3770 
18447 1840 3817 3785 1829 
18448 1818 3784 3772 1851 
18449 3799 1814 1815 3846 
18450 3801 1847 1826 3845 
18451 3769 1854 3814 3789 
18452 3769 1854 3789 1821 
18453 3768 3831 1832 3813 
18454 1843 3813 1832 3831 
18455 1812 1813 3778 1835 
18456 1823 1846 1824 3779 
18457 3772 3793 3760 3818 
18458 3773 3838 3806 3817 
18459 1822 685 3842 3796 
18460 683 1811 3795 3841 
18461 3757 3822 3775 3802 
18462 3802 3821 3774 3820 
18463 3774 3757 3776 3802 
18464 3819 3822 3802 3775 
18465 3793 3818 3808 3837 
18466 3838 3763 3773 3792 
18467 3807 3785 3771 3829 
18468 3816 3808 3784 3830 
18469 3817 3785 1829 3773 
18470 3818 3784 1851 3772 
18471 3783 3761 3827 3775 
18472 3806 3817 3788 3773 
18473 3787 3772 3760 3818 
18474 3804 3791 3822 3835 
18475 3790 3821 3803 3836 
18476 1826 689 686 3794 
18477 3839 1826 689 1848 
18478 688 684 1815 3840 
18479 1845 3798 1844 3843 
18480 1834 3800 1833 3844 
18481 688 1815 1837 3840 
18482 684 1816 3797 3840 
18483 1844 685 690 3842 
18484 1833 683 687 3841 
18485 3794 1838 3839 689 
18486 3816 3784 1819 3830 
18487 3771 1830 3829 3785 
18488 1844 685 3842 1822 
18489 1833 683 3841 1811 
18490 3760 3766 3787 3812 
18491 3806 3832 3811 3767 
18492 1814 3846 1836 1837 
18493 1847 3845 1848 1826 
18494 1847 3801 1826 1825 
18495 3806 3817 3832 3788 
18496 3787 3833 3818 3805 
18497 3812 3787 1816 3766 
18498 3833 3812 1816 1849 
18499 3832 1838 3767 1827 
18500 3832 1838 3811 3767 
18501 3846 1814 1815 1837 
18502 3827 3819 3802 3775 
18503 3802 3757 3783 3775 
18504 3828 3802 3774 3820 
18505 3774 3757 3802 3828 
18506 1854 3789 1820 3834 
18507 3785 3807 3771 3763 
18508 3817 3785 3807 3829 
18509 3808 3818 3784 3830 
18510 3787 3812 3833 3805 
18511 3767 3806 3832 3788 
18512 3798 1845 1844 1822 
18513 3798 1845 1822 1823 
18514 1811 1834 1812 3800 
18515 1811 1834 3800 1833 
18516 3819 3827 3806 3761 
18517 3790 3803 3776 3758 
18518 3791 3804 3822 3759 
18519 1830 3771 3829 1841 
18520 1852 3816 1819 3830 
18521 1827 3767 3832 3788 
18522 3787 3812 1816 3833 
18523 3838 3761 3773 3806 
18524 1854 3834 1820 1853 
18525 3770 3816 1819 1820 
18526 1841 1842 3771 3815 
18527 3790 3821 3836 3820 
18528 3822 3791 3775 3835 
18529 3759 3824 3804 3769 
18530 3778 3758 3768 3803 
18531 1854 3842 685 3796 
18532 1832 3841 683 3795 
18533 3789 1854 1820 1821 
18534 3824 3814 3804 3769 
18535 3813 3778 3768 3803 
18536 3783 3827 3802 3775 
18537 3757 3774 3782 3828 
18538 3818 3760 3787 3805 
18539 3773 3788 3806 3761 
18540 1849 684 688 3840 
18541 1838 3794 686 689 
18542 3823 3790 3803 3836 
18543 3824 3804 3835 3791 
18544 1833 3800 3841 3844 
18545 1822 3842 3798 3796 
18546 3843 1844 3842 3798 
18547 1811 3800 3795 3841 
18548 3760 3809 3826 3805 
18549 3825 3810 3806 3761 
18550 3781 3810 3761 3765 
18551 1815 3846 3797 3799 
18552 3845 3839 1826 3801 
18553 3840 1815 3846 3797 
18554 3794 1826 3839 3801 
18555 3821 3774 3776 3802 
18556 3822 3757 3775 3777 
18557 3788 3767 3806 3761 
18558 3812 3787 3760 3805 
18559 3785 3817 3807 3773 
18560 3818 3784 3772 3808 
18561 3810 3781 3761 3825 
18562 3779 3843 3769 3798 
18563 3800 3823 3813 3844 
18564 3790 3836 3809 3820 
18565 3835 3775 3765 3791 
18566 3774 3821 3790 3820 
18567 3835 3822 3819 3775 
18568 3842 685 690 1854 
18569 3841 683 687 1843 
18570 3763 3785 3807 3773 
18571 3762 3772 3784 3808 
18572 3829 1830 1840 3785 
18573 3784 1851 1819 3830 
18574 3772 3787 1817 1850 
18575 3832 1828 3817 1839 
18576 3825 3806 3811 3767 
18577 3766 3760 3780 3812 
18578 3771 3829 3815 3807 
18579 3800 1833 3841 1811 
18580 3798 1844 3842 1822 
18581 1839 1827 3832 1828 
18582 3787 1850 1816 1817 
18583 3772 3787 1850 3818 
18584 3817 1828 3788 3773 
18585 1816 684 1849 3840 
18586 1838 3794 1827 686 
18587 3824 3804 3791 3759 
18588 3778 3790 3758 3803 
18589 3789 3814 3804 3834 
18590 3758 3786 3768 3831 
18591 3790 3764 3774 3820 
18592 3775 3835 3765 3819 
18593 3785 1830 1840 1829 
18594 1851 3784 1819 1818 
18595 3828 3757 3802 3822 
18596 3802 3757 3776 3783 
18597 3769 3843 3842 3798 
18598 3769 3798 3842 3796 
18599 3800 3841 3813 3795 
18600 3841 3800 3813 3844 
18601 1816 1850 3833 1849 
18602 1827 1839 3832 1838 
18603 3807 3817 3838 3773 
18604 3818 3793 3808 3772 
18605 3816 3789 3834 1820 
18606 1842 3786 3771 3831 
18607 3845 3839 1848 1826 
18608 3846 3797 3799 3812 
18609 3846 3797 3812 3840 
18610 3811 3839 3845 3801 
18611 3767 3839 3801 3794 
18612 1830 3829 1840 1841 
18613 1851 1819 3830 1852 
18614 3821 3790 3803 3776 
18615 3822 3791 3759 3777 
18616 3759 3779 3824 3769 
18617 3803 3813 3778 3823 
18618 1815 3840 3846 1837 
18619 3789 3759 3804 3769 
18620 3831 3768 3758 3803 
18621 3814 3789 3804 3769 
18622 3831 3813 3768 3803 
18623 3841 1832 683 1843 
18624 1821 1854 685 3796 
18625 3816 1820 3834 1853 
18626 3771 1831 3786 1842 
18627 1828 3832 3817 3788 
18628 3833 1850 3787 3818 
18629 3816 1819 3784 3770 
18630 1841 3771 3829 3815 
18631 3763 3838 3773 3807 
18632 3772 3762 3793 3808 
18633 3774 3828 3820 4089 
18634 1850 3787 1816 3833 
18635 3832 1828 1827 3788 
18636 3799 3826 3846 3812 
18637 3845 3825 3811 3801 
18638 3827 3776 3783 3802 
18639 3782 3822 3757 3828 
18640 3776 3807 3827 3763 
18641 3762 3822 3782 3808 
18642 3776 3763 3827 3783 
18643 3828 3808 3782 3822 
18644 3824 3843 3814 3769 
18645 3800 3813 3778 3768 
18646 3793 3808 3782 3837 
18647 3827 3792 3763 3838 
18648 3767 3825 3806 3761 
18649 3760 3826 3812 3805 
18650 3826 3780 3760 3812 
18651 3761 3767 3825 3781 
18652 3774 3782 3828 4089 
18653 3799 3826 1814 3846 
18654 3801 3825 1847 3845 
18655 3821 3774 3790 3776 
18656 3791 3822 3775 3777 
18657 3791 3779 3824 3759 
18658 3790 3823 3803 3778 
18659 1845 3798 3843 3779 
18660 1834 3823 3800 3844 
18661 3764 3790 3809 3820 
18662 3819 3810 3835 3765 
18663 3831 3771 3758 3786 
18664 3789 3804 3816 3834 
18665 3768 3795 3800 3813 
18666 3843 3769 3842 3814 
18667 3765 3824 3835 3791 
18668 3790 3836 3823 3809 
18669 3822 3782 3757 3777 
18670 3827 3776 3802 3821 
18671 3807 3776 3827 3821 
18672 3822 3762 3782 3777 
18673 3815 3831 3758 3803 
18674 3804 3789 3816 3759 
18675 3816 3789 1820 3770 
18676 3831 3771 1842 3815 
18677 3846 3826 1814 1836 
18678 1847 3781 3801 1825 
18679 3843 3779 3769 3824 
18680 3823 3800 3813 3778 
18681 3839 3767 3801 3811 
18682 3797 3766 3799 3812 
18683 1845 3798 3779 1823 
18684 1812 3823 3800 1834 
18685 3767 3811 3825 3801 
18686 3780 3799 3766 3812 
18687 3771 3831 3758 3815 
18688 3759 3789 3816 3770 
18689 3799 3780 3826 3812 
18690 3781 3767 3825 3801 
18691 3838 3827 3807 3763 
18692 3808 3793 3782 3762 
18693 3792 3827 3763 3783 
18694 3837 3808 3782 3828 
18695 3823 3764 3790 3809 
18696 3810 3824 3835 3765 
18697 3824 3765 3779 3791 
18698 3790 3778 3764 3823 
18699 1842 3786 3831 4088 
18700 3824 1845 3843 3779 
18701 3823 1812 3800 3778 
18702 3826 3799 1814 3780 
18703 3825 3801 1847 3781 
18704 1831 3786 1842 4088 
18705 3805 3820 3828 4089 
18706 1842 3831 1843 4088 
18707 3786 1831 1832 4088 
18708 3760 3782 3774 4089 
18709 3784 3770 3808 3816 
18710 3784 3808 3770 3762 
18711 3822 3808 3770 3816 
18712 3822 3770 3808 3762 
18713 3805 3818 3793 3837 
18714 3793 3818 3805 3760 
18715 3793 3782 3805 3837 
18716 3805 3782 3793 3760 
18717 3760 3780 3809 3764 
18718 3760 3809 3780 3826 
18719 1835 3809 3780 3764 
18720 1835 3780 3809 3826 
3 64 4 21
18721 691 1861 3847 692 
18722 692 3847 3848 1861 
18723 692 1866 3847 691 
18724 1857 3847 1862 1863 
18725 1866 3847 1865 3848 
18726 3847 3848 1866 692 
18727 1857 3847 1856 1862 
18728 3847 1863 1864 3848 
18729 1860 3847 1866 691 
18730 1861 691 3847 1855 
18731 3847 1856 1862 1855 
18732 3847 1861 1862 3848 
18733 3847 1860 1865 1859 
18734 3847 1866 1865 1860 
18735 1865 3847 1859 1864 
18736 1863 3847 1864 1857 
18737 1864 1857 3847 1858 
18738 1861 3847 1862 1855 
18739 1865 3847 1864 3848 
18740 3847 1864 1858 1859 
18741 3847 1862 1863 3848 
3 65 4 21
18742 3849 1873 693 1867 
18743 693 1873 3850 694 
18744 694 1872 3850 693 
18745 1869 3849 1874 1875 
18746 3849 3850 1872 693 
18747 1869 3849 1868 1874 
18748 1876 1871 3849 1877 
18749 1877 3849 1872 1871 
18750 1877 3850 1878 1872 
18751 3849 1868 1874 1867 
18752 3849 1874 3850 1873 
18753 1873 3849 693 3850 
18754 3849 1877 1872 3850 
18755 1872 694 3850 1878 
18756 1871 1876 3849 1870 
18757 1869 1876 3849 1875 
18758 1876 1869 3849 1870 
18759 1873 3849 1874 1867 
18760 1877 3849 1876 3850 
18761 1876 3849 1875 3850 
18762 3849 1874 1875 3850 
3 66 4 21
18763 696 1879 3852 1885 
18764 3852 1881 1888 1887 
18765 696 1890 3852 695 
18766 695 1890 3851 1884 
18767 1890 1889 3851 1884 
18768 3851 3852 1890 695 
18769 1881 3851 1880 1886 
18770 1888 1883 3851 1889 
18771 1888 3851 3852 1889 
18772 1886 3851 1879 3852 
18773 1883 3851 1889 1884 
18774 3851 1886 1879 1880 
18775 1879 696 3852 695 
18776 1879 3852 3851 695 
18777 3851 3852 1889 1890 
18778 1883 1888 3851 1882 
18779 1881 1882 3851 1888 
18780 1885 3852 1886 1879 
18781 1886 1881 3851 3852 
18782 3852 1886 1881 1887 
18783 1881 3852 1888 3851 
3 67 4 31
18784 698 3854 697 4091 
18785 697 3854 3853 4091 
18786 3853 1902 1896 4091 
18787 3853 3854 1902 4091 
18788 697 1896 698 4091 
18789 698 1896 1902 4091 
18790 1894 1900 1895 4090 
18791 1900 1901 1895 4090 
18792 3854 1891 697 3853 
18793 1902 1895 3853 1896 
18794 1893 3853 1892 3854 
18795 1892 1898 3854 1891 
18796 1891 3854 697 1897 
18797 1897 698 3854 697 
18798 3854 3853 1892 1891 
18799 1898 1893 1892 3854 
18800 1893 3854 1899 1900 
18801 1897 3854 1898 1891 
18802 3854 1898 1893 1899 
18803 697 3853 1896 4091 
18804 1902 3854 698 4091 
18805 1894 1895 3853 4090 
18806 1900 3854 1901 4090 
18807 1902 1901 3853 1895 
18808 1902 3853 1901 3854 
18809 4090 3853 1901 1895 
18810 4090 1901 3853 3854 
18811 1893 3854 1894 3853 
18812 1893 1894 3854 1900 
18813 4090 1894 3854 3853 
18814 4090 3854 1894 1900 
3 68 4 26
18815 1910 1904 3856 4092 
18816 1904 3855 3856 4092 
18817 1910 1911 1905 4092 
18818 1905 1904 1910 4092 
18819 699 3856 1914 700 
18820 3856 699 1914 3855 
18821 699 1914 3855 1908 
18822 1912 1907 3856 1913 
18823 1904 1910 3856 1909 
18824 1907 3855 1914 1908 
18825 1903 1909 3856 699 
18826 1909 700 3856 699 
18827 3855 1904 3856 1903 
18828 1903 3856 3855 699 
18829 3856 1907 1914 1913 
18830 3856 1907 3855 1914 
18831 1907 1912 3856 1906 
18832 1906 3856 1911 1912 
18833 1909 3856 1904 1903 
18834 1907 1906 3856 3855 
18835 3856 1911 1910 4092 
18836 1904 1905 3855 4092 
18837 4092 3856 1905 3855 
18838 4092 1905 3856 1911 
18839 1906 1905 3856 3855 
18840 1906 3856 1905 1911 
3 69 4 21
18841 702 3857 3858 1921 
18842 702 1920 3857 701 
18843 1924 1919 1918 3858 
18844 1917 1922 1923 3858 
18845 3857 3858 1926 702 
18846 1917 3857 1916 1922 
18847 1919 3857 3858 1926 
18848 1919 3857 1926 1920 
18849 1921 702 3857 1915 
18850 3857 1916 1921 1915 
18851 3857 1916 1922 1921 
18852 1915 702 3857 701 
18853 3858 3857 1922 1921 
18854 3858 1925 1919 1926 
18855 1920 702 3857 1926 
18856 1925 1919 1924 3858 
18857 1918 1917 1924 3858 
18858 1917 1923 1924 3858 
18859 1922 1917 3857 3858 
18860 1919 3857 1918 3858 
18861 1917 1918 3857 3858 
3 70 4 21
18862 703 1933 3859 704 
18863 704 3859 3860 1933 
18864 3860 1929 1930 1935 
18865 703 704 3859 1932 
18866 704 1938 3859 1932 
18867 3859 3860 1938 704 
18868 1938 1931 3859 1932 
18869 1930 3860 1931 3859 
18870 1931 3860 1938 3859 
18871 1933 703 3859 1927 
18872 3859 1928 1934 1927 
18873 3859 1934 3860 1933 
18874 3860 1931 1938 1937 
18875 1934 1929 3860 1935 
18876 1934 3859 1929 1928 
18877 1931 3860 1936 1937 
18878 1930 3860 1935 1936 
18879 1933 3859 1934 1927 
18880 3860 1930 1931 1936 
18881 1929 1930 3859 3860 
18882 3859 1934 1929 3860 
3 71 4 26
18883 706 3861 705 4093 
18884 3861 706 3862 4093 
18885 706 705 1950 4093 
18886 1950 705 1944 4093 
18887 706 3861 3862 1945 
18888 1941 3861 1940 1946 
18889 1948 1943 3861 1949 
18890 1940 1945 3861 1939 
18891 1943 3861 1949 1944 
18892 1945 706 3861 1939 
18893 1939 706 3861 705 
18894 3861 1946 3862 1945 
18895 1946 1941 3861 1947 
18896 1943 1948 3861 1942 
18897 1941 1942 3861 1948 
18898 1947 1941 3861 1948 
18899 1945 1940 3861 1946 
18900 1948 3861 1947 3862 
18901 3861 1948 1949 3862 
18902 3861 1946 1947 3862 
18903 1944 705 3861 4093 
18904 1950 3862 706 4093 
18905 1950 4093 3861 3862 
18906 3861 4093 1950 1944 
18907 3861 1949 1950 3862 
18908 1950 1949 3861 1944 
3 72 4 169
18909 3896 1959 715 3873 
18910 710 3874 1953 3899 
18911 1961 3898 717 3872 
18912 1959 3892 716 3878 
18913 711 1955 3871 3897 
18914 3883 3900 3866 3879 
18915 3900 3883 3866 3903 
18916 3886 3900 3883 3879 
18917 3886 3883 3863 3879 
18918 3900 3885 3903 3866 
18919 3886 3883 3900 3903 
18920 3904 3885 3900 3881 
18921 3901 3863 3882 3879 
18922 3879 3864 3887 3881 
18923 3865 3880 3884 3879 
18924 3864 3902 3880 3879 
18925 1965 710 1953 3899 
18926 1965 721 710 3899 
18927 1965 1953 709 3877 
18928 1959 707 3873 1951 
18929 1963 712 3894 719 
18930 707 1959 3873 715 
18931 3897 720 711 1963 
18932 1959 708 3878 716 
18933 711 1955 3897 1963 
18934 708 1959 3878 1951 
18935 1961 714 3872 717 
18936 3893 718 713 1961 
18937 714 1961 3872 1957 
18938 3882 3871 1955 3897 
18939 3876 3893 1961 3903 
18940 1959 3904 3892 3878 
18941 3894 3901 3875 1963 
18942 3874 3880 1953 3899 
18943 1965 3895 3902 3877 
18944 3872 3866 3888 3870 
18945 3868 3890 3893 3886 
18946 3883 1961 3898 3903 
18947 1961 3883 3876 3903 
18948 3882 3901 3897 1963 
18949 1959 3896 3904 3881 
18950 3866 3888 3898 3872 
18951 3876 3868 3893 3886 
18952 3868 3863 3875 3894 
18953 3896 3888 3885 3873 
18954 3899 3889 3874 3884 
18955 3877 3867 3895 3864 
18956 3880 1953 3902 3877 
18957 720 3889 1954 1964 
18958 1964 3889 1954 721 
18959 1961 3876 3883 1957 
18960 3897 1955 3882 1963 
18961 718 3868 1956 1962 
18962 3891 716 3892 3867 
18963 1966 722 1952 3867 
18964 715 1960 3888 1958 
18965 718 3868 3890 3893 
18966 3874 3869 3889 721 
18967 1966 708 3867 1952 
18968 1960 714 3888 1958 
18969 715 3888 3873 3870 
18970 3869 711 3871 3889 
18971 3888 3898 3885 3866 
18972 3868 3876 3863 3886 
18973 3872 3888 714 3870 
18974 1956 3868 712 1962 
18975 3902 1953 1965 3877 
18976 3894 712 3868 3890 
18977 3866 3898 3883 3872 
18978 3886 3893 3876 3903 
18979 721 3889 3874 3899 
18980 3881 3896 3885 3873 
18981 3901 3875 3863 3894 
18982 3888 717 3898 3872 
18983 3887 3892 3904 3878 
18984 3871 3882 3865 3897 
18985 715 3888 3896 3873 
18986 3867 3895 709 3877 
18987 3876 3868 713 3893 
18988 712 3868 3875 3894 
18989 3874 3880 3899 3884 
18990 3895 3902 3877 3864 
18991 1966 716 3891 3867 
18992 718 3890 3868 1962 
18993 722 1966 3891 3867 
18994 1954 711 3869 3889 
18995 3870 3888 714 1958 
18996 3881 3864 3887 3878 
18997 3901 3884 3865 3897 
18998 3901 3865 3882 3897 
18999 3881 3887 3904 3878 
19000 3886 3876 3883 3903 
19001 3883 3903 3898 3866 
19002 3898 3903 3885 3866 
19003 3863 3876 3883 3886 
19004 3885 3881 3873 3866 
19005 3894 3863 3901 3886 
19006 3882 3875 3863 3901 
19007 3904 3896 3885 3881 
19008 3880 3874 3865 3884 
19009 3902 3895 3887 3864 
19010 3884 3880 3899 3902 
19011 3877 3902 3880 3864 
19012 3874 710 721 3899 
19013 718 713 3868 3893 
19014 714 717 3888 3872 
19015 712 3894 719 3890 
19016 3873 707 715 3870 
19017 3869 3874 710 721 
19018 708 1966 3867 716 
19019 3889 1954 711 720 
19020 1956 713 3868 718 
19021 714 1960 3888 717 
19022 1952 722 709 3867 
19023 3879 3901 3865 3882 
19024 3881 3900 3887 3879 
19025 3881 3887 3900 3904 
19026 3873 1959 3881 3896 
19027 3873 3881 1959 1951 
19028 3875 1963 712 3894 
19029 712 1963 3875 1955 
19030 3879 3884 3901 3900 
19031 3879 3901 3884 3865 
19032 3887 3879 3902 3864 
19033 3902 3879 3887 3900 
19034 3879 3886 3901 3863 
19035 3879 3901 3886 3900 
19036 3900 3866 3881 3885 
19037 3881 3866 3900 3879 
19038 3879 3902 3884 3900 
19039 3879 3884 3902 3880 
19040 1961 3872 3883 3898 
19041 3883 3872 1961 1957 
19042 1961 3876 713 3893 
19043 713 3876 1961 1957 
19044 3866 3888 3873 3885 
19045 3873 3888 3866 3870 
19046 3868 3886 3894 3890 
19047 3894 3886 3868 3863 
19048 3881 1959 3878 3904 
19049 3881 3878 1959 1951 
19050 3882 1963 3875 3901 
19051 3875 1963 3882 1955 
19052 3887 3878 3867 3892 
19053 3867 3878 3887 3864 
19054 3867 3891 3887 3892 
19055 3897 3865 3889 3884 
19056 3897 3889 3865 3871 
19057 3869 3865 3889 3871 
19058 3895 709 1965 722 
19059 3895 1965 709 3877 
19060 1953 3902 3899 3880 
19061 3899 3902 1953 1965 
19062 711 3897 3889 720 
19063 3889 3897 711 3871 
19064 3878 716 3867 3892 
19065 3878 3867 716 708 
19066 3869 721 1954 3889 
19067 1954 721 3869 710 
19068 3867 722 3895 3891 
19069 3867 3895 722 709 
19070 3890 712 1962 719 
19071 3890 1962 712 3868 
19072 715 3870 1958 3888 
19073 1958 3870 715 707 
19074 3887 3867 3895 3891 
19075 3895 3867 3887 3864 
19076 3865 3889 3874 3869 
19077 3865 3874 3889 3884 
3 73 4 67
19078 3909 3913 728 1980 
19079 3906 3911 1981 3912 
19080 3908 1974 723 3916 
19081 723 1967 3908 3916 
19082 1981 1969 3906 3912 
19083 1969 3906 3912 3905 
19084 3912 1982 1969 1970 
19085 1976 1973 1972 3905 
19086 1981 3911 3906 1980 
19087 1978 1973 3911 1974 
19088 3906 1968 1981 1980 
19089 1969 1981 1982 3912 
19090 3906 1974 3911 1973 
19091 3915 1976 729 3910 
19092 3905 3912 1969 1970 
19093 1973 1978 3911 1977 
19094 1976 1973 3905 1977 
19095 1977 1976 3912 3905 
19096 3906 1968 1969 1981 
19097 1979 725 730 3914 
19098 1970 3907 3914 725 
19099 1982 725 3914 730 
19100 1978 723 3916 727 
19101 1976 726 729 3910 
19102 1971 729 3915 1979 
19103 1976 726 3910 1972 
19104 1975 723 3916 1967 
19105 723 1975 3916 727 
19106 3905 1976 3915 3910 
19107 1967 728 724 3909 
19108 723 1978 3916 1974 
19109 1980 724 728 3909 
19110 725 1982 3914 1970 
19111 1980 724 3909 1968 
19112 3905 1972 1976 3910 
19113 3912 3905 3907 1970 
19114 3915 3912 1976 3905 
19115 1974 3908 3906 3911 
19116 3913 3906 3911 1980 
19117 3908 3909 3906 3913 
19118 3916 3908 3911 3913 
19119 3910 3915 3905 3907 
19120 3912 3915 3914 3907 
19121 1971 3915 3910 3907 
19122 3914 3915 1979 3907 
19123 1971 1979 3915 3907 
19124 3909 3908 1967 3913 
19125 3915 3912 3905 3907 
19126 3911 3908 3906 3913 
19127 3910 729 1971 726 
19128 3910 1971 729 3915 
19129 3906 3905 3911 3912 
19130 3906 3911 3905 1973 
19131 1977 3911 3905 3912 
19132 1977 3905 3911 1973 
19133 3914 1970 3912 3907 
19134 3912 1970 3914 1982 
19135 3916 1974 3911 3908 
19136 3916 3911 1974 1978 
19137 3909 1980 3906 3913 
19138 3906 1980 3909 1968 
19139 3913 1967 728 1975 
19140 3913 728 1967 3909 
19141 3916 1967 3913 1975 
19142 3916 3913 1967 3908 
19143 3907 1979 725 1971 
19144 3907 725 1979 3914 
3 74 4 81
19145 1983 1991 732 4094 
19146 732 1991 736 4094 
19147 3927 3921 736 4094 
19148 3921 732 736 4094 
19149 3923 1989 1993 4095 
19150 1989 3923 3917 4095 
19151 1992 1993 1988 4095 
19152 3917 1992 1988 4095 
19153 1989 1988 1993 4095 
19154 3923 1992 3917 4095 
19155 3923 1989 3924 1993 
19156 3918 1989 3924 3923 
19157 3918 1989 3923 3917 
19158 3924 1985 3923 1997 
19159 1985 3924 3923 3918 
19160 3923 1985 3918 3917 
19161 1998 1985 3923 1986 
19162 1984 1985 3918 1996 
19163 1994 1990 1989 3924 
19164 3924 1996 1985 1997 
19165 3921 3927 736 1996 
19166 1985 1998 3923 1997 
19167 3922 1998 733 3928 
19168 1989 1994 3924 1993 
19169 1990 3918 1989 3924 
19170 3922 1987 3928 733 
19171 1996 1985 3918 3924 
19172 3923 1986 1985 3917 
19173 1983 3920 731 3926 
19174 3926 731 1983 1991 
19175 1987 737 734 3919 
19176 1994 731 3920 3926 
19177 1987 3922 3928 4096 
19178 3926 735 731 1991 
19179 3925 1992 737 3919 
19180 734 737 1992 3919 
19181 1994 735 731 3926 
19182 3928 738 1998 733 
19183 732 1996 3921 736 
19184 1998 3922 733 1986 
19185 3921 3927 1996 3924 
19186 1996 732 3921 1984 
19187 1995 733 3928 1987 
19188 3928 1998 3923 3922 
19189 1988 734 1992 3919 
19190 733 1995 3928 738 
19191 3920 1990 731 1994 
19192 3928 1995 1987 4096 
19193 3920 1994 3926 3924 
19194 1984 3918 3921 1996 
19195 3919 1992 3917 3925 
19196 3922 1998 3923 1986 
19197 3920 1990 1994 3924 
19198 1992 3919 3917 1988 
19199 1990 3920 3918 3924 
19200 1996 3918 3921 3924 
19201 1992 3925 3923 3917 
19202 3917 3922 3923 1986 
19203 1983 3921 3927 4094 
19204 3925 3928 3922 4096 
19205 1991 1983 3927 4094 
19206 3919 3925 3922 4096 
19207 3921 3926 3927 3924 
19208 3921 3920 3926 3924 
19209 3925 3928 3923 3922 
19210 3921 3926 1983 3927 
19211 3925 3919 3922 3917 
19212 3926 3921 1983 3920 
19213 1983 3926 1991 3927 
19214 3920 3921 3918 3924 
19215 3922 3923 3925 3917 
19216 1993 1992 3923 4095 
19217 3927 736 1991 4094 
19218 3921 1983 732 4094 
19219 1987 3919 3922 4096 
19220 3928 3925 1995 4096 
19221 1988 1989 3917 4095 
19222 1987 4096 3925 3919 
19223 3925 4096 1987 1995 
19224 3925 737 1987 3919 
19225 1987 737 3925 1995 
3 75 4 168
19226 3960 750 3940 2009 
19227 749 2009 3963 3943 
19228 742 3944 2001 3964 
19229 3962 2007 747 3941 
19230 3942 743 2003 3965 
19231 744 3938 2003 3958 
19232 2007 3959 748 3939 
19233 3961 2001 741 3937 
19234 3945 3930 3950 3947 
19235 3929 3951 3969 3966 
19236 3950 3968 3945 3947 
19237 3968 3931 3953 3945 
19238 3949 3929 3969 3966 
19239 3945 3968 3931 3947 
19240 3953 3949 3969 3966 
19241 3949 3929 3966 3945 
19242 3950 3968 3966 3945 
19243 3966 3968 3953 3945 
19244 3930 3950 3970 3945 
19245 3929 3951 3966 3948 
19246 3966 3952 3970 3945 
19247 3930 3970 3946 3945 
19248 3948 3966 3929 3945 
19249 3966 3970 3950 3945 
19250 3967 3966 3951 3948 
19251 742 2013 3964 2001 
19252 742 2013 753 3964 
19253 2007 739 747 3941 
19254 1999 739 2007 3941 
19255 3952 3966 3967 3948 
19256 2009 745 3940 2005 
19257 745 2009 3940 750 
19258 2013 741 3961 2001 
19259 2013 741 754 3961 
19260 740 2007 748 3939 
19261 740 2007 3939 1999 
19262 2009 746 2005 3943 
19263 746 2009 749 3943 
19264 743 2011 3965 752 
19265 2011 743 3965 2003 
19266 744 2011 751 3958 
19267 744 2011 3958 2003 
19268 3969 2003 3938 3958 
19269 2003 3965 3969 3942 
19270 3968 3940 2009 3960 
19271 2009 3943 3947 3963 
19272 3944 2001 3964 3967 
19273 2007 3962 3946 3941 
19274 2001 3961 3967 3937 
19275 3946 3959 2007 3939 
19276 3943 3930 3955 3934 
19277 3951 3954 3933 3965 
19278 3962 3955 3930 3934 
19279 3936 3957 3960 3953 
19280 3958 3936 3953 3957 
19281 3949 2003 3938 3969 
19282 3937 3935 3956 3932 
19283 3949 3942 2003 3969 
19284 3940 3968 2009 3947 
19285 3930 3941 3962 3934 
19286 3936 3940 3931 3960 
19287 3968 3963 2009 3947 
19288 3936 3958 3953 3938 
19289 3944 2001 3967 3948 
19290 3952 3961 3956 3937 
19291 3932 3935 3959 3939 
19292 3948 2001 3967 3937 
19293 2007 3962 3970 3946 
19294 2007 3970 3959 3946 
19295 751 2004 3957 2010 
19296 2003 3969 2011 3958 
19297 3943 3963 3950 3947 
19298 3957 2004 750 2010 
19299 2009 2005 3940 3947 
19300 3965 2003 3969 2011 
19301 3965 3942 3929 3969 
19302 3943 2009 3947 2005 
19303 752 3954 2002 2012 
19304 748 2000 3935 2014 
19305 747 2008 3934 2006 
19306 3954 3933 742 3964 
19307 743 3954 3965 3933 
19308 3943 3955 746 3934 
19309 3940 3931 3960 3968 
19310 746 3934 2008 2006 
19311 1999 2007 3946 3941 
19312 750 3936 3957 3960 
19313 3958 744 3936 3957 
19314 3969 3938 3953 3958 
19315 3967 2001 3964 2013 
19316 2007 3946 3939 1999 
19317 3937 3956 3952 3932 
19318 3967 3961 2001 2013 
19319 3962 3955 3950 3930 
19320 742 2002 3954 2012 
19321 3960 3931 3936 3953 
19322 3929 3944 3933 3951 
19323 3955 749 3963 3943 
19324 3956 748 3959 3935 
19325 3936 3931 3938 3953 
19326 3962 3946 3941 3930 
19327 3933 3944 742 3964 
19328 3933 743 3942 3965 
19329 3951 3944 3964 3967 
19330 3935 3956 741 3937 
19331 3940 3936 750 3960 
19332 3935 748 3959 3939 
19333 3946 3932 3959 3939 
19334 744 3936 3938 3958 
19335 3967 3961 3952 3937 
19336 3956 3961 741 3937 
19337 3950 3930 3943 3947 
19338 3929 3951 3965 3969 
19339 3963 3968 3950 3947 
19340 3942 3949 3929 3969 
19341 2004 3957 750 3936 
19342 2004 3936 744 3957 
19343 2014 748 3956 3935 
19344 747 2008 3955 3934 
19345 3953 3960 3931 3968 
19346 3940 3931 3968 3947 
19347 746 3955 2008 3934 
19348 3938 3969 3953 3949 
19349 3949 3938 3931 3953 
19350 3933 2002 743 3954 
19351 742 2002 3933 3954 
19352 3970 3962 3950 3930 
19353 3951 3929 3944 3948 
19354 3962 3970 3946 3930 
19355 3959 3952 3932 3946 
19356 3967 3951 3944 3948 
19357 3937 3952 3948 3932 
19358 3952 3959 3970 3946 
19359 3948 3967 3952 3937 
19360 3954 743 3965 752 
19361 753 3954 742 3964 
19362 3941 739 747 3934 
19363 746 749 3955 3943 
19364 744 3958 751 3957 
19365 3940 3936 745 750 
19366 740 748 3935 3939 
19367 754 3961 741 3956 
19368 2004 751 3957 744 
19369 3954 2002 743 752 
19370 3955 746 2008 749 
19371 2000 748 3935 740 
19372 2014 754 741 3956 
19373 2004 745 3936 750 
19374 3934 739 747 2006 
19375 2012 3954 742 753 
19376 3953 3945 3949 3966 
19377 3949 3945 3953 3931 
19378 3945 3952 3948 3966 
19379 3945 3948 3952 3932 
19380 3935 2014 741 3956 
19381 3935 741 2014 2000 
19382 3932 3956 3959 3935 
19383 3932 3959 3956 3952 
19384 3962 3934 747 3955 
19385 747 3934 3962 3941 
19386 3933 3964 3951 3944 
19387 3951 3964 3933 3954 
19388 3952 3946 3945 3932 
19389 3945 3946 3952 3970 
19390 3943 3950 3955 3930 
19391 3943 3955 3950 3963 
19392 3965 3929 3933 3951 
19393 3965 3933 3929 3942 
3 76 4 59
19394 758 3977 3972 4097 
19395 761 3977 758 4097 
19396 758 2019 761 4097 
19397 761 2019 2025 4097 
19398 2024 3973 3978 3971 
19399 3977 2025 3976 3972 
19400 2022 3974 3976 3979 
19401 3980 3971 2021 3975 
19402 2019 2024 3971 2018 
19403 2024 3971 3976 2025 
19404 2025 2024 3971 2019 
19405 2022 2015 3971 2016 
19406 2015 2022 3971 2021 
19407 2021 2022 3971 3976 
19408 2020 3980 759 3975 
19409 756 3974 3979 2017 
19410 762 3973 2017 3978 
19411 758 3977 2020 3972 
19412 2025 3971 3976 3972 
19413 2024 3973 3971 2018 
19414 3972 2025 3971 2019 
19415 3971 3976 3978 2024 
19416 2015 3971 3975 2021 
19417 3971 2022 2016 3974 
19418 3971 3980 2021 3976 
19419 3971 2022 3974 3976 
19420 3973 762 2017 757 
19421 761 3977 2023 758 
19422 756 2026 3979 760 
19423 3975 2020 755 759 
19424 2020 2023 3977 758 
19425 2026 3978 762 2017 
19426 2026 756 3979 2017 
19427 3980 2020 759 2023 
19428 3974 2022 756 3979 
19429 3980 759 3975 2021 
19430 3973 762 2024 3978 
19431 757 2024 3973 762 
19432 2021 755 759 3975 
19433 2022 756 3979 760 
19434 2024 757 3973 2018 
19435 2021 755 3975 2015 
19436 2022 3974 756 2016 
19437 3977 2025 3972 4097 
19438 3979 3974 3976 3978 
19439 3980 3971 3975 3972 
19440 3977 3976 3980 3972 
19441 3971 3978 3974 3973 
19442 3972 2025 2019 4097 
19443 3978 3971 3974 3976 
19444 3971 3980 3976 3972 
19445 3978 3974 2017 3979 
19446 3975 2020 3980 3972 
19447 3977 3980 2020 3972 
19448 3974 3978 2017 3973 
19449 3978 2026 3979 2017 
19450 2020 2023 3980 3977 
19451 3977 761 2025 4097 
19452 3972 2019 758 4097 
3 77 4 54
19453 2036 3983 3988 3986 
19454 2037 3982 3986 3987 
19455 3985 2033 3981 3990 
19456 2034 3984 3986 3989 
19457 2030 2037 3986 2036 
19458 2031 3986 3981 2030 
19459 2030 2037 2031 3986 
19460 2027 2034 2028 3981 
19461 2027 2034 3981 2033 
19462 769 2035 3982 3987 
19463 3981 3986 2033 2034 
19464 764 3984 3989 2038 
19465 767 3985 2035 3990 
19466 2029 3988 770 3983 
19467 2036 3983 3986 2030 
19468 2030 3983 3986 3981 
19469 3982 2037 3986 2031 
19470 3982 3986 3981 2031 
19471 3981 2028 3984 2034 
19472 3985 2033 2027 3981 
19473 3986 3981 3984 2034 
19474 3986 3990 3981 2033 
19475 766 2035 3982 769 
19476 3983 770 2029 765 
19477 3985 767 2032 763 
19478 3989 768 764 2038 
19479 2035 766 3982 2032 
19480 770 2038 3988 2029 
19481 764 3984 2038 2029 
19482 3985 767 2035 2032 
19483 2037 3987 769 3982 
19484 764 3984 2034 3989 
19485 767 2033 3985 3990 
19486 3983 770 2036 3988 
19487 765 2036 3983 770 
19488 3982 766 769 2031 
19489 768 764 2034 3989 
19490 763 2033 3985 767 
19491 2036 765 3983 2030 
19492 3982 769 2037 2031 
19493 2033 763 3985 2027 
19494 764 3984 2028 2034 
19495 3984 3986 3989 3988 
19496 3982 3981 3990 3985 
19497 3986 3983 3988 3984 
19498 3986 3982 3990 3987 
19499 3986 3983 3984 3981 
19500 3982 3986 3990 3981 
19501 3988 3984 2038 3989 
19502 3990 3982 3985 2035 
19503 3988 2029 3984 3983 
19504 3990 3982 2035 3987 
19505 2035 3985 2032 3982 
19506 2029 3988 3984 2038 
3 78 4 76
19507 3997 2045 2049 4099 
19508 2045 3997 3991 4099 
19509 2048 2049 2044 4099 
19510 3995 3992 4001 4098 
19511 2049 2045 2044 4099 
19512 4001 3992 3998 4098 
19513 2044 3991 2048 4099 
19514 3998 2041 3997 2053 
19515 3997 2041 3992 3991 
19516 2041 3998 3997 3992 
19517 2045 3998 3997 2049 
19518 3997 2048 3991 4099 
19519 3998 2045 3997 3992 
19520 3992 2045 3997 3991 
19521 2045 2046 3992 2050 
19522 3991 2054 2041 2042 
19523 2052 2040 3998 2053 
19524 4002 2048 777 3996 
19525 2045 2050 3998 2049 
19526 2041 2053 2054 3997 
19527 3997 2054 2041 3991 
19528 775 3995 2046 4001 
19529 2040 2041 3998 2053 
19530 2040 2041 3992 3998 
19531 2051 3996 4002 777 
19532 773 3993 2051 2043 
19533 3995 775 2047 4001 
19534 3992 2045 2050 3998 
19535 772 2047 3994 2039 
19536 3993 778 2051 3999 
19537 778 3993 2051 773 
19538 4000 772 2047 3994 
19539 2040 772 4000 3994 
19540 4000 772 776 2047 
19541 2042 3993 778 773 
19542 3993 2054 778 3999 
19543 772 2052 4000 776 
19544 2048 774 777 3996 
19545 3995 2046 771 775 
19546 771 3995 2047 2039 
19547 2048 774 3996 2044 
19548 2051 3996 777 2043 
19549 3995 3992 2046 4001 
19550 2050 775 2046 4001 
19551 3991 2048 4002 3996 
19552 2054 3993 778 2042 
19553 2043 777 774 3996 
19554 775 3995 2047 771 
19555 2052 772 4000 2040 
19556 2050 3992 4001 2046 
19557 3991 3999 2054 3993 
19558 3991 2044 2048 3996 
19559 4000 2040 3998 2052 
19560 2054 3991 3993 2042 
19561 3992 2050 4001 3998 
19562 3999 3991 2054 3997 
19563 4002 3997 2048 3991 
19564 3999 3996 3991 4002 
19565 2047 3995 4001 4000 
19566 3996 3999 2051 4002 
19567 3995 4001 4000 4098 
19568 3996 3999 3991 3993 
19569 3994 2047 3995 2039 
19570 2047 3994 3995 4000 
19571 2051 3993 3996 2043 
19572 2051 3993 3999 3996 
19573 3994 3995 4000 4098 
19574 3997 4002 3999 3991 
19575 2044 2045 3991 4099 
19576 3995 3994 3992 4098 
19577 2049 2048 3997 4099 
19578 4001 3998 4000 4098 
19579 2040 3998 3994 4000 
19580 2040 3994 3998 3992 
19581 4098 3994 3998 4000 
19582 4098 3998 3994 3992 
3 79 4 71
19583 4010 2056 2068 4100 
19584 4004 2056 4010 4100 
19585 4006 4004 4012 4100 
19586 4004 4010 4012 4100 
19587 2069 2057 4010 4009 
19588 4009 4004 2057 4010 
19589 4004 4009 2057 4003 
19590 2065 4009 4004 2061 
19591 4009 4004 4010 2065 
19592 2061 4009 4004 4003 
19593 2065 2064 4009 2060 
19594 4004 2062 2066 2061 
19595 4003 2070 2057 2058 
19596 2056 2069 4010 2068 
19597 4008 785 2064 4014 
19598 2065 4004 2066 2061 
19599 4009 2057 2070 2069 
19600 2061 2065 4009 2060 
19601 2057 4009 2070 4003 
19602 783 4007 2062 4013 
19603 2069 2056 4010 2057 
19604 2056 2057 4004 4010 
19605 4008 2067 785 4014 
19606 2067 781 4005 2059 
19607 4013 783 4007 2063 
19608 4004 2066 4010 2065 
19609 4009 2061 2060 4003 
19610 4012 2063 4006 784 
19611 780 2063 4006 2055 
19612 4011 2067 786 4005 
19613 781 2067 4005 786 
19614 4006 4012 784 2068 
19615 780 2063 784 4006 
19616 2058 786 781 4005 
19617 2070 786 4005 4011 
19618 784 780 4006 2068 
19619 4008 785 782 2064 
19620 4007 783 2062 779 
19621 2063 779 4007 2055 
19622 2060 782 2064 4008 
19623 4008 2067 2059 785 
19624 4007 4004 2062 4013 
19625 2062 783 4013 2066 
19626 4014 4009 2064 4008 
19627 2058 786 4005 2070 
19628 785 2059 4008 782 
19629 2063 779 783 4007 
19630 780 2056 4006 2068 
19631 2066 2062 4004 4013 
19632 2070 4005 4003 4011 
19633 2060 2064 4009 4008 
19634 4005 2070 4003 2058 
19635 4010 2066 4004 4013 
19636 2070 4003 4009 4011 
19637 4003 2060 4009 4008 
19638 4006 4012 2068 4100 
19639 4007 4004 4013 4012 
19640 2056 4006 2068 4100 
19641 4004 4007 4006 4012 
19642 4009 4014 4011 4008 
19643 2063 4007 4013 4012 
19644 4008 4011 2067 4014 
19645 4008 4011 4003 4005 
19646 4006 4007 2055 2063 
19647 4006 4007 2063 4012 
19648 4004 4010 4013 4012 
19649 2067 4005 4008 2059 
19650 4011 4008 2067 4005 
19651 4003 4009 4011 4008 
19652 4006 2056 4004 4100 
19653 4012 4010 2068 4100 
3 80 4 54
19654 4021 2072 4020 4016 
19655 4020 4017 2077 4022 
19656 4019 4024 4020 2075 
19657 2080 4023 4020 4018 
19658 2072 2077 4015 2071 
19659 2072 4020 4015 2077 
19660 2072 4020 2077 2078 
19661 2081 2080 4020 2075 
19662 2075 2080 4020 2074 
19663 2074 4020 2075 4015 
19664 2076 790 4024 4019 
19665 794 4018 2073 4023 
19666 2073 4016 788 4021 
19667 4017 791 4022 2079 
19668 2072 4021 4020 2078 
19669 2077 4017 4015 2071 
19670 4020 4017 4015 2077 
19671 4020 4016 2072 4015 
19672 4024 2081 4020 2075 
19673 2074 2080 4020 4018 
19674 4020 4019 2075 4015 
19675 4015 2074 4020 4018 
19676 2082 788 792 4021 
19677 4017 787 791 2076 
19678 793 4024 2079 790 
19679 4018 794 2073 789 
19680 2082 788 4021 2073 
19681 2079 4017 791 2076 
19682 790 4024 2079 2076 
19683 2073 794 4023 2082 
19684 2080 794 4023 4018 
19685 4024 790 2075 4019 
19686 4022 791 4017 2077 
19687 788 4016 2072 4021 
19688 792 2072 4021 788 
19689 791 787 4017 2077 
19690 793 2075 4024 790 
19691 2080 794 4018 789 
19692 2072 792 4021 2078 
19693 2071 4017 787 2077 
19694 2075 793 4024 2081 
19695 4018 2074 2080 789 
19696 4020 4019 4017 4024 
19697 4023 4016 4020 4018 
19698 4024 4017 4020 4022 
19699 4020 4021 4016 4023 
19700 4019 4020 4017 4015 
19701 4015 4020 4016 4018 
19702 4023 2073 4016 4018 
19703 2076 4024 4017 4019 
19704 4021 2073 4016 4023 
19705 4022 4017 2079 4024 
19706 4017 2079 4024 2076 
19707 4023 4021 2073 2082 
3 81 4 54
19708 2089 4027 4032 4030 
19709 4031 4026 2090 4030 
19710 4034 2087 4025 4029 
19711 2092 4030 4028 4033 
19712 2090 2083 2089 4030 
19713 2090 2084 2083 4030 
19714 2084 2083 4030 4025 
19715 2087 2093 4025 2086 
19716 2093 2092 4025 2086 
19717 2093 2092 4030 4025 
19718 2085 4033 802 4028 
19719 4034 2088 798 4029 
19720 799 4027 2088 4032 
19721 796 4026 4031 2085 
19722 2090 4026 2084 4030 
19723 2083 4027 2089 4030 
19724 2083 4027 4030 4025 
19725 4030 4026 2084 4025 
19726 4025 2092 4028 2086 
19727 4034 2087 2093 4025 
19728 4034 2093 4030 4025 
19729 2092 4025 4028 4030 
19730 2094 796 800 4031 
19731 795 4027 2088 799 
19732 801 4034 2091 798 
19733 2085 4028 802 797 
19734 2094 796 4031 2085 
19735 4032 2088 799 2091 
19736 2088 4034 798 2091 
19737 4033 2085 802 2094 
19738 798 2087 4034 4029 
19739 2092 802 4033 4028 
19740 4032 799 4027 2089 
19741 4031 796 2090 4026 
19742 796 4031 2090 800 
19743 799 795 4027 2089 
19744 801 2087 4034 798 
19745 797 2092 4028 802 
19746 2083 4027 795 2089 
19747 2087 801 4034 2093 
19748 2092 797 4028 2086 
19749 796 2090 4026 2084 
19750 4033 4026 4030 4028 
19751 4029 4034 4027 4025 
19752 4027 4030 4034 4032 
19753 4030 4031 4026 4033 
19754 4030 4027 4034 4025 
19755 4025 4030 4026 4028 
19756 4026 4033 2085 4028 
19757 4034 4027 2088 4029 
19758 4027 4034 2088 4032 
19759 4033 4026 2085 4031 
19760 4031 4033 2094 2085 
19761 4032 2088 2091 4034 
3 82 4 69
19762 2099 4035 2105 4102 
19763 2105 4035 4040 4102 
19764 2099 4041 4036 4102 
19765 2105 4041 2099 4102 
19766 2104 805 810 4103 
19767 2098 805 2104 4103 
19768 2098 4042 4035 4037 
19769 4040 4044 4039 2101 
19770 4038 4040 2102 4043 
19771 4038 808 2106 4043 
19772 2099 2104 4035 2098 
19773 2105 4035 2104 4040 
19774 2104 2099 4035 2105 
19775 2103 4039 4044 807 
19776 2100 806 4041 4036 
19777 2101 2102 2096 4101 
19778 2095 2101 2096 4101 
19779 2104 4035 2098 4042 
19780 2104 4035 4042 4040 
19781 806 2103 4041 809 
19782 804 2106 4038 808 
19783 4039 807 2100 803 
19784 2103 806 4041 2100 
19785 4042 2097 810 2106 
19786 2106 804 4038 2097 
19787 2103 4039 807 2100 
19788 2102 808 4038 4043 
19789 807 4039 4044 2101 
19790 4041 806 2099 4036 
19791 806 4041 2099 809 
19792 804 2102 808 4038 
19793 807 4039 2101 803 
19794 4036 4041 4040 4102 
19795 2105 4041 809 2099 
19796 2095 4039 803 2101 
19797 804 2102 4038 2096 
19798 2098 4042 4037 4103 
19799 4041 4039 4040 4044 
19800 4040 4038 4042 4043 
19801 4041 4039 4036 4040 
19802 4038 4035 4042 4037 
19803 4040 4035 4036 4102 
19804 2098 2104 4042 4103 
19805 4038 4040 4042 4035 
19806 4035 4039 4040 4036 
19807 2106 4038 4043 4042 
19808 2103 4039 4041 4044 
19809 4039 2100 4041 4036 
19810 4038 4042 2097 4037 
19811 4039 2103 4041 2100 
19812 2106 4038 4042 2097 
19813 2105 4040 4041 4102 
19814 2096 4035 2095 4101 
19815 2101 4040 2102 4101 
19816 4037 805 2098 4103 
19817 810 4042 2104 4103 
19818 4036 4035 2099 4102 
19819 4101 2101 4035 2095 
19820 4101 4035 2101 4040 
19821 4039 4035 2101 2095 
19822 4039 2101 4035 4040 
19823 2096 4101 4040 4035 
19824 4040 4101 2096 2102 
19825 4040 4038 2096 4035 
19826 2096 4038 4040 2102 
19827 4037 2097 810 4042 
19828 810 2097 4037 805 
19829 810 4103 4037 4042 
19830 4037 4103 810 805 
3 83 4 54
19831 4051 4046 2114 4050 
19832 4050 4047 2113 4052 
19833 4053 2111 4050 4048 
19834 2110 4054 4050 4049 
19835 4054 2109 4049 813 
19836 2114 2107 2113 4045 
19837 2108 2107 2114 4045 
19838 4050 2114 2113 4045 
19839 2116 2111 4050 2117 
19840 2111 2116 4050 2110 
19841 811 4047 2112 4052 
19842 4050 4045 2111 2110 
19843 814 4053 2112 4048 
19844 2109 4046 812 4051 
19845 2114 4046 2108 4045 
19846 2107 4047 2113 4045 
19847 4047 4050 2113 4045 
19848 4046 2114 4050 4045 
19849 4050 2116 4054 2110 
19850 2111 4053 4050 2117 
19851 4045 4048 4050 2111 
19852 4050 4045 2110 4049 
19853 815 811 2112 4052 
19854 4051 816 812 2118 
19855 817 4053 2115 814 
19856 818 2109 4054 813 
19857 2115 815 2112 4052 
19858 4051 812 2109 2118 
19859 2112 2115 4053 814 
19860 2109 818 4054 2118 
19861 4049 2110 4054 813 
19862 4052 811 4047 2113 
19863 4048 814 4053 2111 
19864 4046 2114 812 4051 
19865 4052 815 811 2113 
19866 812 2114 816 4051 
19867 814 817 4053 2111 
19868 813 2116 4054 818 
19869 2107 4047 811 2113 
19870 2117 4053 817 2111 
19871 2116 813 4054 2110 
19872 2114 4046 812 2108 
19873 4053 4050 4047 4048 
19874 4050 4054 4046 4049 
19875 4047 4052 4050 4053 
19876 4054 4046 4051 4050 
19877 4048 4050 4047 4045 
19878 4045 4050 4046 4049 
19879 4053 4047 2112 4048 
19880 2109 4046 4054 4049 
19881 4052 4047 2112 4053 
19882 2109 4051 4054 4046 
19883 4051 2109 4054 2118 
19884 4052 2112 2115 4053 
$EndElements
