DBRep_DrawableShape

CASCADE Topology V3, (c) Open Cascade
Locations 85
1
              1               0               0               0 
              0               1               0               0 
              0               0               1               0 
1
              1               0               0               0 
              0               1               0               0 
              0               0               1               0 
1
              1               0               0               0 
              0               1               0               0 
              0               0               1               0 
1
              1               0               0               0 
              0               1               0               0 
              0               0               1               0 
1
              1               0               0               0 
              0               1               0               0 
              0               0               1               0 
1
              1               0               0               0 
              0               1               0               0 
              0               0               1               0 
1
              1               0               0               0 
              0               1               0               0 
              0               0               1               0 
1
              1               0               0               0 
              0               1               0               0 
              0               0               1               0 
1
              1               0               0               0 
              0               1               0               0 
              0               0               1               0 
1
              1               0               0               0 
              0               1               0               0 
              0               0               1               0 
1
              1               0               0               0 
              0               1               0               0 
              0               0               1               0 
1
              1               0               0               0 
              0               1               0               0 
              0               0               1               0 
1
              1               0               0               0 
              0               1               0               0 
              0               0               1               0 
1
              1               0               0               0 
              0               1               0               0 
              0               0               1               0 
1
              1               0               0               0 
              0               1               0               0 
              0               0               1               0 
1
              1               0               0               0 
              0               1               0               0 
              0               0               1               0 
1
              1               0               0               0 
              0               1               0               0 
              0               0               1               0 
1
              1               0               0               0 
              0               1               0               0 
              0               0               1               0 
1
              1               0               0               0 
              0               1               0               0 
              0               0               1               0 
1
              1               0               0               0 
              0               1               0               0 
              0               0               1               0 
1
              1               0               0               0 
              0               1               0               0 
              0               0               1               0 
1
              1               0               0               0 
              0               1               0               0 
              0               0               1               0 
1
              1               0               0               0 
              0               1               0               0 
              0               0               1               0 
1
              1               0               0               0 
              0               1               0               0 
              0               0               1               0 
1
              1               0               0               0 
              0               1               0               0 
              0               0               1               0 
1
              1               0               0               0 
              0               1               0               0 
              0               0               1               0 
1
              1               0               0               0 
              0               1               0               0 
              0               0               1               0 
1
              1               0               0               0 
              0               1               0               0 
              0               0               1               0 
1
              1               0               0               0 
              0               1               0               0 
              0               0               1               0 
1
              1               0               0               0 
              0               1               0               0 
              0               0               1               0 
1
              1               0               0               0 
              0               1               0               0 
              0               0               1               0 
1
              1               0               0               0 
              0               1               0               0 
              0               0               1               0 
1
              1               0               0               0 
              0               1               0               0 
              0               0               1               0 
1
              1               0               0               0 
              0               1               0               0 
              0               0               1               0 
1
              1               0               0               0 
              0               1               0               0 
              0               0               1               0 
1
              1               0               0               0 
              0               1               0               0 
              0               0               1               0 
1
              1               0               0               0 
              0               1               0               0 
              0               0               1               0 
1
              1               0               0               0 
              0               1               0               0 
              0               0               1               0 
1
              1               0               0               0 
              0               1               0               0 
              0               0               1               0 
1
              1               0               0               0 
              0               1               0               0 
              0               0               1               0 
1
              1               0               0               0 
              0               1               0               0 
              0               0               1               0 
1
              1               0               0               0 
              0               1               0               0 
              0               0               1               0 
1
              1               0               0               0 
              0               1               0               0 
              0               0               1               0 
1
              1               0               0               0 
              0               1               0               0 
              0               0               1               0 
1
              1               0               0               0 
              0               1               0               0 
              0               0               1               0 
1
              1               0               0               0 
              0               1               0               0 
              0               0               1               0 
1
              1               0               0               0 
              0               1               0               0 
              0               0               1               0 
1
              1               0               0               0 
              0               1               0               0 
              0               0               1               0 
1
              1               0               0               0 
              0               1               0               0 
              0               0               1               0 
1
              1               0               0               0 
              0               1               0               0 
              0               0               1               0 
1
              1               0               0               0 
              0               1               0               0 
              0               0               1               0 
1
              1               0               0               0 
              0               1               0               0 
              0               0               1               0 
1
              1               0               0               0 
              0               1               0               0 
              0               0               1               0 
1
              1               0               0               0 
              0               1               0               0 
              0               0               1               0 
1
              1               0               0               0 
              0               1               0               0 
              0               0               1               0 
1
              1               0               0               0 
              0               1               0               0 
              0               0               1               0 
1
              1               0               0               0 
              0               1               0               0 
              0               0               1               0 
1
              1               0               0               0 
              0               1               0               0 
              0               0               1               0 
1
              1               0               0               0 
              0               1               0               0 
              0               0               1               0 
1
              1               0               0               0 
              0               1               0               0 
              0               0               1               0 
1
              1               0               0               0 
              0               1               0               0 
              0               0               1               0 
1
              1               0               0               0 
              0               1               0               0 
              0               0               1               0 
1
              1               0               0               0 
              0               1               0               0 
              0               0               1               0 
1
              1               0               0               0 
              0               1               0               0 
              0               0               1               0 
1
              1               0               0               0 
              0               1               0               0 
              0               0               1               0 
1
              1               0               0               0 
              0               1               0               0 
              0               0               1               0 
1
              1               0               0               0 
              0               1               0               0 
              0               0               1               0 
1
              1               0               0               0 
              0               1               0               0 
              0               0               1               0 
1
              1               0               0               0 
              0               1               0               0 
              0               0               1               0 
1
              1               0               0               0 
              0               1               0               0 
              0               0               1               0 
1
              1               0               0               0 
              0               1               0               0 
              0               0               1               0 
1
              1               0               0               0 
              0               1               0               0 
              0               0               1               0 
1
              1               0               0               0 
              0               1               0               0 
              0               0               1               0 
1
              1               0               0               0 
              0               1               0               0 
              0               0               1               0 
1
              1               0               0               0 
              0               1               0               0 
              0               0               1               0 
1
              1               0               0               0 
              0               1               0               0 
              0               0               1               0 
1
              1               0               0               0 
              0               1               0               0 
              0               0               1               0 
1
              1               0               0               0 
              0               1               0               0 
              0               0               1               0 
1
              1               0               0               0 
              0               1               0               0 
              0               0               1               0 
1
              1               0               0               0 
              0               1               0               0 
              0               0               1               0 
1
              1               0               0               0 
              0               1               0               0 
              0               0               1               0 
1
              1               0               0               0 
              0               1               0               0 
              0               0               1               0 
1
              1               0               0               0 
              0               1               0               0 
              0               0               1               0 
1
              1               0               0               0 
              0               1               0               0 
              0               0               1               0 
1
              1               0               0               0 
              0               1               0               0 
              0               0               1               0 
Curve2ds 488
1 6.2831853071795862 0 -1 0 
1 6.2831853071795862 0 -1 0 
1 1.5707963267945866 0 -0 -1 
1 6.2831853071795862 -0.014999999999999999 -1 0 
1 3.1415926535895862 0 -0 -1 
1 3.1415926535895862 0 -0 -1 
1 6.2831853071795862 -0.014999999999999999 -1 0 
1 4.7123889803845866 0 -0 -1 
1 6.2831853071795862 0 -1 0 
1 6.2831853071795862 0 -1 0 
1 6.2831853071795862 0 -1 0 
1 6.2831853071795862 0 -1 0 
1 -4.1389114358025836e-13 0 -0 -1 
1 6.2831853071795862 0 -0 -1 
1 6.2831853071795862 -0.014999999999999999 -1 0 
1 1.5707963267945866 0 -0 -1 
1 1.5707963267945866 0 -0 -1 
1 6.2831853071795862 -0.014999999999999999 -1 0 
1 3.1415926535895862 0 -0 -1 
1 3.1415926535895862 0 -0 -1 
1 6.2831853071795862 -0.014999999999999999 -1 0 
1 4.7123889803845866 0 -0 -1 
1 4.7123889803845866 0 -0 -1 
1 6.2831853071795862 -0.014999999999999999 -1 0 
1 6.2831853071795862 0 -1 0 
1 6.2831853071795862 0 -1 0 
1 6.2831853071795862 0 -1 0 
1 6.2831853071795862 0 -1 0 
1 -4.1389114358025836e-13 0 -0 -1 
1 6.2831853071795862 0 -0 -1 
1 6.2831853071795862 -0.014999999999999999 -1 0 
1 1.5707963267945866 0 -0 -1 
1 1.5707963267945866 0 -0 -1 
1 6.2831853071795862 -0.014999999999999999 -1 0 
1 3.1415926535895862 0 -0 -1 
1 3.1415926535895862 0 -0 -1 
1 6.2831853071795862 -0.014999999999999999 -1 0 
1 4.7123889803845866 0 -0 -1 
1 4.7123889803845866 0 -0 -1 
1 6.2831853071795862 -0.014999999999999999 -1 0 
1 6.2831853071795862 0 -1 0 
1 6.2831853071795862 0 -1 0 
1 6.2831853071795862 0 -1 0 
1 6.2831853071795862 0 -1 0 
1 -4.1389114358025836e-13 0 -0 -1 
1 6.2831853071795862 0 -0 -1 
1 6.2831853071795862 -0.014999999999999999 -1 0 
1 1.5707963267945866 0 -0 -1 
1 1.5707963267945866 0 -0 -1 
1 6.2831853071795862 -0.014999999999999999 -1 0 
1 3.1415926535895862 0 -0 -1 
1 3.1415926535895862 0 -0 -1 
1 6.2831853071795862 -0.014999999999999999 -1 0 
1 4.7123889803845866 0 -0 -1 
1 4.7123889803845866 0 -0 -1 
1 6.2831853071795862 -0.014999999999999999 -1 0 
1 6.2831853071795862 0 -1 0 
1 6.2831853071795862 0 -1 0 
1 6.2831853071795862 0 -1 0 
1 6.2831853071795862 0 -1 0 
1 -4.1389114358025836e-13 0 -0 -1 
1 6.2831853071795862 0 -0 -1 
1 6.2831853071795862 -0.014999999999999999 -1 0 
1 1.5707963267945866 0 -0 -1 
1 1.5707963267945866 0 -0 -1 
1 6.2831853071795862 -0.014999999999999999 -1 0 
1 3.1415926535895862 0 -0 -1 
1 3.1415926535895862 0 -0 -1 
1 6.2831853071795862 -0.014999999999999999 -1 0 
1 4.7123889803845866 0 -0 -1 
1 4.7123889803845866 0 -0 -1 
1 6.2831853071795862 -0.014999999999999999 -1 0 
1 6.2831853071795862 0 -1 0 
1 6.2831853071795862 0 -1 0 
1 6.2831853071795862 0 -1 0 
1 6.2831853071795862 0 -1 0 
1 -4.1389114358025836e-13 0 -0 -1 
1 6.2831853071795862 0 -0 -1 
1 6.2831853071795862 -0.014999999999999999 -1 0 
1 1.5707963267945866 0 -0 -1 
1 1.5707963267945866 0 -0 -1 
1 6.2831853071795862 -0.014999999999999999 -1 0 
1 3.1415926535895862 0 -0 -1 
1 3.1415926535895862 0 -0 -1 
1 6.2831853071795862 -0.014999999999999999 -1 0 
1 4.7123889803845866 0 -0 -1 
1 4.7123889803845866 0 -0 -1 
1 6.2831853071795862 -0.014999999999999999 -1 0 
1 6.2831853071795862 0 -1 0 
1 6.2831853071795862 0 -1 0 
1 6.2831853071795862 0 -1 0 
1 6.2831853071795862 0 -1 0 
1 -4.1389114358025836e-13 0 -0 -1 
1 6.2831853071795862 0 -0 -1 
1 6.2831853071795862 -0.014999999999999999 -1 0 
1 1.5707963267945866 0 -0 -1 
1 1.5707963267945866 0 -0 -1 
1 6.2831853071795862 -0.014999999999999999 -1 0 
1 3.1415926535895862 0 -0 -1 
1 3.1415926535895862 0 -0 -1 
1 6.2831853071795862 -0.014999999999999999 -1 0 
1 4.7123889803845866 0 -0 -1 
1 4.7123889803845866 0 -0 -1 
1 6.2831853071795862 -0.014999999999999999 -1 0 
1 6.2831853071795862 0 -1 0 
1 6.2831853071795862 0 -1 0 
1 6.2831853071795862 0 -1 0 
1 6.2831853071795862 0 -1 0 
1 -4.1389114358025836e-13 0 -0 -1 
1 6.2831853071795862 0 -0 -1 
1 6.2831853071795862 -0.014999999999999999 -1 0 
1 1.5707963267945866 0 -0 -1 
1 1.5707963267945866 0 -0 -1 
1 6.2831853071795862 -0.014999999999999999 -1 0 
1 3.1415926535895862 0 -0 -1 
1 3.1415926535895862 0 -0 -1 
1 6.2831853071795862 -0.014999999999999999 -1 0 
1 4.7123889803845866 0 -0 -1 
1 4.7123889803845866 0 -0 -1 
1 6.2831853071795862 -0.014999999999999999 -1 0 
1 6.2831853071795862 0 -1 0 
1 6.2831853071795862 0 -1 0 
1 6.2831853071795862 0 -1 0 
1 6.2831853071795862 0 -1 0 
1 -4.1389114358025836e-13 0 -0 -1 
1 6.2831853071795862 0 -0 -1 
1 6.2831853071795862 -0.014999999999999999 -1 0 
1 1.5707963267945866 0 -0 -1 
1 1.5707963267945866 0 -0 -1 
1 6.2831853071795862 -0.014999999999999999 -1 0 
1 3.1415926535895862 0 -0 -1 
1 3.1415926535895862 0 -0 -1 
1 6.2831853071795862 -0.014999999999999999 -1 0 
1 4.7123889803845866 0 -0 -1 
1 4.7123889803845866 0 -0 -1 
1 6.2831853071795862 -0.014999999999999999 -1 0 
1 6.2831853071795862 0 -1 0 
1 6.2831853071795862 0 -1 0 
1 6.2831853071795862 0 -1 0 
1 6.2831853071795862 0 -1 0 
1 -4.1389114358025836e-13 0 -0 -1 
1 6.2831853071795862 0 -0 -1 
1 6.2831853071795862 -0.014999999999999999 -1 0 
1 1.5707963267945866 0 -0 -1 
1 1.5707963267945866 0 -0 -1 
1 6.2831853071795862 -0.014999999999999999 -1 0 
1 3.1415926535895862 0 -0 -1 
1 3.1415926535895862 0 -0 -1 
1 6.2831853071795862 -0.014999999999999999 -1 0 
1 4.7123889803845866 0 -0 -1 
1 4.7123889803845866 0 -0 -1 
1 6.2831853071795862 -0.014999999999999999 -1 0 
1 6.2831853071795862 0 -1 0 
1 6.2831853071795862 0 -1 0 
1 6.2831853071795862 0 -1 0 
1 6.2831853071795862 0 -1 0 
1 -4.1389114358025836e-13 0 -0 -1 
1 6.2831853071795862 0 -0 -1 
1 6.2831853071795862 -0.014999999999999999 -1 0 
1 1.5707963267945866 0 -0 -1 
1 1.5707963267945866 0 -0 -1 
1 6.2831853071795862 -0.014999999999999999 -1 0 
1 3.1415926535895862 0 -0 -1 
1 3.1415926535895862 0 -0 -1 
1 6.2831853071795862 -0.014999999999999999 -1 0 
1 4.7123889803845866 0 -0 -1 
1 4.7123889803845866 0 -0 -1 
1 6.2831853071795862 -0.014999999999999999 -1 0 
1 6.2831853071795862 0 -1 0 
1 6.2831853071795862 0 -1 0 
1 6.2831853071795862 0 -1 0 
1 6.2831853071795862 0 -1 0 
1 -4.1389114358025836e-13 0 -0 -1 
1 6.2831853071795862 0 -0 -1 
1 6.2831853071795862 -0.014999999999999999 -1 0 
1 1.5707963267945866 0 -0 -1 
1 1.5707963267945866 0 -0 -1 
1 6.2831853071795862 -0.014999999999999999 -1 0 
1 3.1415926535895862 0 -0 -1 
1 3.1415926535895862 0 -0 -1 
1 6.2831853071795862 -0.014999999999999999 -1 0 
1 4.7123889803845866 0 -0 -1 
1 4.7123889803845866 0 -0 -1 
1 6.2831853071795862 -0.014999999999999999 -1 0 
1 6.2831853071795862 0 -1 0 
1 6.2831853071795862 0 -1 0 
1 6.2831853071795862 0 -1 0 
1 6.2831853071795862 0 -1 0 
1 -4.1389114358025836e-13 0 -0 -1 
1 6.2831853071795862 0 -0 -1 
1 6.2831853071795862 -0.014999999999999999 -1 0 
1 1.5707963267945866 0 -0 -1 
1 1.5707963267945866 0 -0 -1 
1 6.2831853071795862 -0.014999999999999999 -1 0 
1 3.1415926535895862 0 -0 -1 
1 3.1415926535895862 0 -0 -1 
1 6.2831853071795862 -0.014999999999999999 -1 0 
1 4.7123889803845866 0 -0 -1 
1 4.7123889803845866 0 -0 -1 
1 6.2831853071795862 -0.014999999999999999 -1 0 
1 6.2831853071795862 0 -1 0 
1 6.2831853071795862 0 -1 0 
1 6.2831853071795862 0 -1 0 
1 6.2831853071795862 0 -1 0 
1 -4.1389114358025836e-13 0 -0 -1 
1 6.2831853071795862 0 -0 -1 
1 6.2831853071795862 -0.014999999999999999 -1 0 
1 1.5707963267945866 0 -0 -1 
1 1.5707963267945866 0 -0 -1 
1 6.2831853071795862 -0.014999999999999999 -1 0 
1 3.1415926535895862 0 -0 -1 
1 3.1415926535895862 0 -0 -1 
1 6.2831853071795862 -0.014999999999999999 -1 0 
1 4.7123889803845866 0 -0 -1 
1 4.7123889803845866 0 -0 -1 
1 6.2831853071795862 -0.014999999999999999 -1 0 
1 6.2831853071795862 0 -1 0 
1 6.2831853071795862 0 -1 0 
1 6.2831853071795862 0 -1 0 
1 6.2831853071795862 0 -1 0 
1 -4.1389114358025836e-13 0 -0 -1 
1 6.2831853071795862 0 -0 -1 
1 6.2831853071795862 -0.014999999999999999 -1 0 
1 1.5707963267945866 0 -0 -1 
1 1.5707963267945866 0 -0 -1 
1 6.2831853071795862 -0.014999999999999999 -1 0 
1 3.1415926535895862 0 -0 -1 
1 3.1415926535895862 0 -0 -1 
1 6.2831853071795862 -0.014999999999999999 -1 0 
1 4.7123889803845866 0 -0 -1 
1 4.7123889803845866 0 -0 -1 
1 6.2831853071795862 -0.014999999999999999 -1 0 
1 6.2831853071795862 0 -1 0 
1 6.2831853071795862 0 -1 0 
1 6.2831853071795862 0 -1 0 
1 6.2831853071795862 0 -1 0 
1 -4.1389114358025836e-13 0 -0 -1 
1 6.2831853071795862 0 -0 -1 
1 6.2831853071795862 -0.014999999999999999 -1 0 
1 1.5707963267945866 0 -0 -1 
1 1.5707963267945866 0 -0 -1 
1 6.2831853071795862 -0.014999999999999999 -1 0 
1 3.1415926535895862 0 -0 -1 
1 3.1415926535895862 0 -0 -1 
1 6.2831853071795862 -0.014999999999999999 -1 0 
1 4.7123889803845866 0 -0 -1 
1 4.7123889803845866 0 -0 -1 
1 6.2831853071795862 -0.014999999999999999 -1 0 
1 6.2831853071795862 0 -1 0 
1 6.2831853071795862 0 -1 0 
1 6.2831853071795862 0 -1 0 
1 6.2831853071795862 0 -1 0 
1 -4.1389114358025836e-13 0 -0 -1 
1 6.2831853071795862 0 -0 -1 
1 6.2831853071795862 -0.014999999999999999 -1 0 
1 1.5707963267945866 0 -0 -1 
1 1.5707963267945866 0 -0 -1 
1 6.2831853071795862 -0.014999999999999999 -1 0 
1 3.1415926535895862 0 -0 -1 
1 3.1415926535895862 0 -0 -1 
1 6.2831853071795862 -0.014999999999999999 -1 0 
1 4.7123889803845866 0 -0 -1 
1 4.7123889803845866 0 -0 -1 
1 6.2831853071795862 -0.014999999999999999 -1 0 
1 6.2831853071795862 0 -1 0 
1 6.2831853071795862 0 -1 0 
1 6.2831853071795862 0 -1 0 
1 6.2831853071795862 0 -1 0 
1 -4.1389114358025836e-13 0 -0 -1 
1 6.2831853071795862 0 -0 -1 
1 6.2831853071795862 -0.014999999999999999 -1 0 
1 1.5707963267945866 0 -0 -1 
1 1.5707963267945866 0 -0 -1 
1 6.2831853071795862 -0.014999999999999999 -1 0 
1 3.1415926535895862 0 -0 -1 
1 3.1415926535895862 0 -0 -1 
1 6.2831853071795862 -0.014999999999999999 -1 0 
1 4.7123889803845866 0 -0 -1 
1 4.7123889803845866 0 -0 -1 
1 6.2831853071795862 -0.014999999999999999 -1 0 
1 6.2831853071795862 0 -1 0 
1 6.2831853071795862 0 -1 0 
1 6.2831853071795862 0 -1 0 
1 6.2831853071795862 0 -1 0 
1 -4.1389114358025836e-13 0 -0 -1 
1 6.2831853071795862 0 -0 -1 
1 6.2831853071795862 -0.014999999999999999 -1 0 
1 1.5707963267945866 0 -0 -1 
1 1.5707963267945866 0 -0 -1 
1 6.2831853071795862 -0.014999999999999999 -1 0 
1 3.1415926535895862 0 -0 -1 
1 3.1415926535895862 0 -0 -1 
1 6.2831853071795862 -0.014999999999999999 -1 0 
1 4.7123889803845866 0 -0 -1 
1 4.7123889803845866 0 -0 -1 
1 6.2831853071795862 -0.014999999999999999 -1 0 
1 6.2831853071795862 0 -1 0 
1 6.2831853071795862 0 -1 0 
1 6.2831853071795862 0 -1 0 
1 6.2831853071795862 0 -1 0 
1 -4.1389114358025836e-13 0 -0 -1 
1 6.2831853071795862 0 -0 -1 
1 6.2831853071795862 -0.014999999999999999 -1 0 
1 1.5707963267945866 0 -0 -1 
1 1.5707963267945866 0 -0 -1 
1 6.2831853071795862 -0.014999999999999999 -1 0 
1 3.1415926535895862 0 -0 -1 
1 3.1415926535895862 0 -0 -1 
1 6.2831853071795862 -0.014999999999999999 -1 0 
1 4.7123889803845866 0 -0 -1 
1 4.7123889803845866 0 -0 -1 
1 6.2831853071795862 -0.014999999999999999 -1 0 
7 0 0  1 2 2  4.8077716393925858 -0.015000599999999999  4.8077716393925858 6.0000000001729999e-07 
 -0.015000599999999999 2 6.0000000001729999e-07 2
7 0 0  1 2 2  1.4754136677865866 -0.015000599999999999  1.4754136677865866 6.0000000001729999e-07 
 -0.015000599999999999 2 6.0000000001729999e-07 2
1 6.2831853071795862 0 -1 0 
1 6.2831853071795862 0 -1 0 
1 6.2831853071795862 -0.014999999999999999 -1 0 
1 -4.1389114358025836e-13 0 -0 -1 
1 6.2831853071795862 0 -0 -1 
1 6.2831853071795862 -0.014999999999999999 -1 0 
1 6.2831853071795862 0 -1 0 
1 6.2831853071795862 0 -1 0 
7 0 0  1 2 2  5.4875823536945862 -0.015000599999999999  5.4875823536945862 6.0000000001729999e-07 
 -0.015000599999999999 2 6.0000000001729999e-07 2
1 6.2831853071795862 -0.014999999999999999 -1 0 
1 6.2831853071795862 0 -0 -1 
1 -4.1389114358025836e-13 0 -0 -1 
1 6.2831853071795862 -0.014999999999999999 -1 0 
7 0 0  1 2 2  3.9371956070745862 -0.015000599999999999  3.9371956070745862 6.0000000001729999e-07 
 -0.015000599999999999 2 6.0000000001729999e-07 2
1 6.2831853071795862 0 -1 0 
1 6.2831853071795862 0 -1 0 
7 0 0  1 2 2  5.4875823536945862 -0.015000599999999999  5.4875823536945862 6.0000000001729999e-07 
 -0.015000599999999999 2 6.0000000001729999e-07 2
1 6.2831853071795862 -0.014999999999999999 -1 0 
1 6.2831853071795862 0 -0 -1 
1 -4.1389114358025836e-13 0 -0 -1 
1 6.2831853071795862 -0.014999999999999999 -1 0 
7 0 0  1 2 2  3.9371956070745862 -0.015000599999999999  3.9371956070745862 6.0000000001729999e-07 
 -0.015000599999999999 2 6.0000000001729999e-07 2
1 6.2831853071795862 0 -1 0 
1 6.2831853071795862 0 -1 0 
7 0 0  1 2 2  4.8077716393925858 -0.015000599999999999  4.8077716393925858 6.0000000001729999e-07 
 -0.015000599999999999 2 6.0000000001729999e-07 2
7 0 0  1 2 2  1.4754136677865866 -0.015000599999999999  1.4754136677865866 6.0000000001729999e-07 
 -0.015000599999999999 2 6.0000000001729999e-07 2
1 6.2831853071795862 -0.014999999999999999 -1 0 
1 6.2831853071795862 0 -0 -1 
1 -4.1389114358025836e-13 0 -0 -1 
1 6.2831853071795862 -0.014999999999999999 -1 0 
1 6.2831853071795862 0 -1 0 
1 6.2831853071795862 0 -1 0 
7 0 0  1 2 2  1.4754136677865866 -0.015000599999999999  1.4754136677865866 6.0000000001729999e-07 
 -0.015000599999999999 2 6.0000000001729999e-07 2
7 0 0  1 2 2  5.4875823536945862 -0.015000599999999999  5.4875823536945862 6.0000000001729999e-07 
 -0.015000599999999999 2 6.0000000001729999e-07 2
1 6.2831853071795862 -0.014999999999999999 -1 0 
1 6.2831853071795862 0 -0 -1 
1 -4.1389114358025836e-13 0 -0 -1 
1 6.2831853071795862 -0.014999999999999999 -1 0 
1 6.2831853071795862 0 -1 0 
1 6.2831853071795862 0 -1 0 
7 0 0  1 2 2  5.4875823536945862 -0.015000599999999999  5.4875823536945862 6.0000000001729999e-07 
 -0.015000599999999999 2 6.0000000001729999e-07 2
1 6.2831853071795862 -0.014999999999999999 -1 0 
1 6.2831853071795862 0 -0 -1 
1 -4.1389114358025836e-13 0 -0 -1 
1 6.2831853071795862 -0.014999999999999999 -1 0 
7 0 0  1 2 2  3.9371956070745862 -0.015000599999999999  3.9371956070745862 6.0000000001729999e-07 
 -0.015000599999999999 2 6.0000000001729999e-07 2
1 6.2831853071795862 0 -1 0 
1 6.2831853071795862 0 -1 0 
1 6.2831853071795862 0 -1 0 
1 6.2831853071795862 0 -1 0 
1 -4.1389114358025836e-13 0 -0 -1 
1 6.2831853071795862 0 -0 -1 
1 6.2831853071795862 -0.014999999999999999 -1 0 
1 1.5707963267945866 0 -0 -1 
1 1.5707963267945866 0 -0 -1 
1 6.2831853071795862 -0.014999999999999999 -1 0 
1 3.1415926535895862 0 -0 -1 
1 3.1415926535895862 0 -0 -1 
1 6.2831853071795862 -0.014999999999999999 -1 0 
1 4.7123889803845866 0 -0 -1 
1 4.7123889803845866 0 -0 -1 
1 6.2831853071795862 -0.014999999999999999 -1 0 
1 6.2831853071795862 0 -1 0 
1 6.2831853071795862 0 -1 0 
1 6.2831853071795862 0 -1 0 
1 6.2831853071795862 0 -1 0 
1 -4.1389114358025836e-13 0 -0 -1 
1 6.2831853071795862 0 -0 -1 
1 6.2831853071795862 -0.014999999999999999 -1 0 
1 1.5707963267945866 0 -0 -1 
1 1.5707963267945866 0 -0 -1 
1 6.2831853071795862 -0.014999999999999999 -1 0 
1 3.1415926535895862 0 -0 -1 
1 3.1415926535895862 0 -0 -1 
1 6.2831853071795862 -0.014999999999999999 -1 0 
1 4.7123889803845866 0 -0 -1 
1 4.7123889803845866 0 -0 -1 
1 6.2831853071795862 -0.014999999999999999 -1 0 
1 6.2831853071795862 0 -1 0 
1 6.2831853071795862 0 -1 0 
1 6.2831853071795862 0 -1 0 
1 6.2831853071795862 0 -1 0 
1 -4.1389114358025836e-13 0 -0 -1 
1 6.2831853071795862 0 -0 -1 
1 6.2831853071795862 -0.014999999999999999 -1 0 
1 1.5707963267945866 0 -0 -1 
1 1.5707963267945866 0 -0 -1 
1 6.2831853071795862 -0.014999999999999999 -1 0 
1 3.1415926535895862 0 -0 -1 
1 3.1415926535895862 0 -0 -1 
1 6.2831853071795862 -0.014999999999999999 -1 0 
1 4.7123889803845866 0 -0 -1 
1 4.7123889803845866 0 -0 -1 
1 6.2831853071795862 -0.014999999999999999 -1 0 
1 6.2831853071795862 0 -1 0 
1 6.2831853071795862 0 -1 0 
1 6.2831853071795862 0 -1 0 
1 6.2831853071795862 0 -1 0 
1 -4.1389114358025836e-13 0 -0 -1 
1 6.2831853071795862 0 -0 -1 
1 6.2831853071795862 -0.014999999999999999 -1 0 
1 1.5707963267945866 0 -0 -1 
1 1.5707963267945866 0 -0 -1 
1 6.2831853071795862 -0.014999999999999999 -1 0 
1 3.1415926535895862 0 -0 -1 
1 3.1415926535895862 0 -0 -1 
1 6.2831853071795862 -0.014999999999999999 -1 0 
1 4.7123889803845866 0 -0 -1 
1 4.7123889803845866 0 -0 -1 
1 6.2831853071795862 -0.014999999999999999 -1 0 
1 6.2831853071795862 0 -1 0 
1 -4.1389114358025836e-13 0 -0 -1 
1 6.2831853071795862 0 -0 -1 
1 6.2831853071795862 -0.014999999999999958 -1 0 
1 6.2831853071795862 0 -1 0 
1 -4.1389114358025836e-13 0 -0 -1 
1 6.2831853071795862 0 -0 -1 
1 6.2831853071795862 -0.014999999999999958 -1 0 
1 6.2831853071795862 0 -1 0 
1 -4.1389114358025836e-13 0 -0 -1 
1 6.2831853071795862 0 -0 -1 
1 6.2831853071795862 -0.014999999999999958 -1 0 
1 6.2831853071795862 0 -1 0 
1 -4.1389114358025836e-13 0 -0 -1 
1 6.2831853071795862 0 -0 -1 
1 6.2831853071795862 -0.014999999999999958 -1 0 
1 6.2831853071795862 0 -1 0 
1 -4.1389114358025836e-13 0 -0 -1 
1 6.2831853071795862 0 -0 -1 
1 6.2831853071795862 -0.014999999999999958 -1 0 
1 6.2831853071795862 0 -1 0 
1 -4.1389114358025836e-13 0 -0 -1 
1 6.2831853071795862 0 -0 -1 
1 6.2831853071795862 -0.014999999999999958 -1 0 
1 6.2831853071795862 0 -1 0 
1 -4.1389114358025836e-13 0 -0 -1 
1 6.2831853071795862 0 -0 -1 
1 6.2831853071795862 -0.014999999999999958 -1 0 
1 6.2831853071795862 0 -1 0 
1 -4.1389114358025836e-13 0 -0 -1 
1 6.2831853071795862 0 -0 -1 
1 6.2831853071795862 -0.014999999999999958 -1 0 
1 6.2831853071795862 0 -1 0 
1 6.2831853071795862 0 -1 0 
1 6.2831853071795862 0 -1 0 
1 6.2831853071795862 0 -1 0 
1 -4.1389114358025836e-13 0 -0 -1 
1 6.2831853071795862 0 -0 -1 
1 6.2831853071795862 -0.014999999999999999 -1 0 
1 1.5707963267945866 0 -0 -1 
1 1.5707963267945866 0 -0 -1 
1 6.2831853071795862 -0.014999999999999999 -1 0 
1 3.1415926535895862 0 -0 -1 
1 3.1415926535895862 0 -0 -1 
1 6.2831853071795862 -0.014999999999999999 -1 0 
1 4.7123889803845866 0 -0 -1 
1 4.7123889803845866 0 -0 -1 
1 6.2831853071795862 -0.014999999999999999 -1 0 
1 6.2831853071795862 0 -1 0 
1 6.2831853071795862 0 -1 0 
1 6.2831853071795862 0 -1 0 
1 6.2831853071795862 0 -1 0 
1 -4.1389114358025836e-13 0 -0 -1 
1 6.2831853071795862 0 -0 -1 
1 6.2831853071795862 -0.014999999999999999 -1 0 
1 1.5707963267945866 0 -0 -1 
1 1.5707963267945866 0 -0 -1 
1 6.2831853071795862 -0.014999999999999999 -1 0 
1 3.1415926535895862 0 -0 -1 
1 3.1415926535895862 0 -0 -1 
1 6.2831853071795862 -0.014999999999999999 -1 0 
1 4.7123889803845866 0 -0 -1 
1 4.7123889803845866 0 -0 -1 
1 6.2831853071795862 -0.014999999999999999 -1 0 
Curves 1227
1 30 5 0 0 1 0 
1 30 5.4900000000000002 0 0 0 -1 
1 30 5 0.014999999999999999 0 1 0 
1 30 5.6600000000000001 0 0 0 1 
1 29.77 5.4900000000000002 0 1 0 0 
1 30.170000000000002 5.6600000000000001 0 -1 0 0 
1 29.77 5.6600000000000001 0 -1 0 0 
1 29.370000000000001 5.6600000000000001 0 0 -1 0 
1 29.370000000000001 5.4900000000000002 0 1 0 0 
1 30.170000000000002 5.6600000000000001 0.014999999999999999 -1 0 0 
1 29.77 5.6600000000000001 0 0 0 1 
1 29.77 5.4900000000000002 0.014999999999999999 1 0 0 
1 29.77 5.6600000000000001 0.014999999999999999 -1 0 0 
1 29.370000000000001 5.6600000000000001 0.014999999999999999 0 -1 0 
1 29.370000000000001 5.4900000000000002 0.014999999999999999 1 0 0 
1 29.77 5.4900000000000002 0 0 0 1 
1 29.370000000000001 5.4900000000000002 0 0 0 1 
1 29.370000000000001 5.6600000000000001 0 0 0 1 
1 30 10 0 -1 0 0 
1 28.879999999999999 10.06 0 0 -1 0 
1 28.879999999999999 9.8350000000000009 0 1 0 0 
1 29.059999999999999 9.8350000000000009 0 0 1 0 
1 29.059999999999999 10 0 -0 -0 -1 
1 30 10 0.014999999999999999 -1 0 0 
1 28.879999999999999 10 0 0 0 1 
1 29.059999999999999 9.8350000000000009 0 0 0 1 
1 29.059999999999999 9.8350000000000009 0.014999999999999999 0 1 0 
1 28.879999999999999 9.8350000000000009 0 0 0 1 
1 28.879999999999999 9.8350000000000009 0.014999999999999999 1 0 0 
1 28.879999999999999 10.06 0.014999999999999999 0 -1 0 
1 30 10 0 -1 0 0 
1 28.5 10.06 0 0 -1 0 
1 28.5 9.8350000000000009 0 1 0 0 
1 28.68 9.8350000000000009 0 0 1 0 
1 28.68 10 0 -0 -0 -1 
1 30 10 0.014999999999999999 -1 0 0 
1 28.5 10 0 0 0 1 
1 28.68 9.8350000000000009 0 0 0 1 
1 28.68 9.8350000000000009 0.014999999999999999 0 1 0 
1 28.5 9.8350000000000009 0 0 0 1 
1 28.5 9.8350000000000009 0.014999999999999999 1 0 0 
1 28.5 10.06 0.014999999999999999 0 -1 0 
1 30 10 0 -1 0 0 
1 29.260000000000002 10.06 0 0 -1 0 
1 29.260000000000002 9.8350000000000009 0 1 0 0 
1 29.440000000000001 9.8350000000000009 0 0 1 0 
1 29.440000000000001 10 0 -0 -0 -1 
1 30 10 0.014999999999999999 -1 0 0 
1 29.260000000000002 10 0 0 0 1 
1 29.440000000000001 9.8350000000000009 0 0 0 1 
1 29.440000000000001 9.8350000000000009 0.014999999999999999 0 1 0 
1 29.260000000000002 9.8350000000000009 0 0 0 1 
1 29.260000000000002 9.8350000000000009 0.014999999999999999 1 0 0 
1 29.260000000000002 10.06 0.014999999999999999 0 -1 0 
1 29.978000000000002 6.6600000000000001 0 1 0 0 
1 30 5 0 0 1 0 
1 30.122 6.9000000000000004 0 -1 0 0 
2 29.978000000000002 6.8520000000000003 0 0 0 1 1 0 -0 -0 1 0 0.048000000000000001
1 29.93 6.8520000000000003 0 0 -1 0 
2 29.978000000000002 6.7080000000000002 0 0 0 1 1 0 -0 -0 1 0 0.048000000000000001
1 29.978000000000002 6.6600000000000001 0 0 0 1 
1 29.978000000000002 6.6600000000000001 0.014999999999999999 1 0 0 
1 30 6.6600000000000001 0 0 0 -1 
2 29.978000000000002 6.7080000000000002 0.014999999999999999 0 0 1 1 0 -0 -0 1 0 0.048000000000000001
1 29.93 6.7080000000000002 0 0 0 1 
1 29.93 6.8520000000000003 0 0 0 1 
1 29.93 6.8520000000000003 0.014999999999999999 0 -1 0 
2 29.978000000000002 6.8520000000000003 0.014999999999999999 0 0 1 1 0 -0 -0 1 0 0.048000000000000001
1 29.978000000000002 6.9000000000000004 0 0 0 1 
1 30 6.9000000000000004 0 0 0 1 
1 30.122 6.9000000000000004 0.014999999999999999 -1 0 0 
1 30 5 0.014999999999999999 0 1 0 
1 29.77 6.0899999999999999 0 1 0 0 
1 30 5 0 0 1 0 
1 30.170000000000002 6.2599999999999998 0 -1 0 0 
1 29.77 6.2599999999999998 0 -1 0 0 
1 29.370000000000001 6.2599999999999998 0 0 -1 0 
1 29.370000000000001 6.0899999999999999 0 1 0 0 
1 29.77 6.0899999999999999 0 0 0 1 
1 29.77 6.0899999999999999 0.014999999999999999 1 0 0 
1 30 6.0899999999999999 0 0 0 -1 
1 29.370000000000001 6.0899999999999999 0 0 0 1 
1 29.370000000000001 6.0899999999999999 0.014999999999999999 1 0 0 
1 29.370000000000001 6.2599999999999998 0 0 0 1 
1 29.370000000000001 6.2599999999999998 0.014999999999999999 0 -1 0 
1 29.77 6.2599999999999998 0 0 0 1 
1 29.77 6.2599999999999998 0.014999999999999999 -1 0 0 
1 30 6.2599999999999998 0 0 0 1 
1 30.170000000000002 6.2599999999999998 0.014999999999999999 -1 0 0 
1 30 5 0.014999999999999999 0 1 0 
1 25.106000000000002 6.4749999999999996 0 0 -1 0 
1 25.106000000000002 6.1749999999999998 0 1 0 0 
1 25.306000000000001 6.1749999999999998 0 0 1 0 
1 25.306000000000001 6.4749999999999996 0 -1 0 0 
1 25.106000000000002 6.4749999999999996 0 0 0 1 
1 25.106000000000002 6.4749999999999996 0.014999999999999999 0 -1 0 
1 25.106000000000002 6.1749999999999998 0 0 0 1 
1 25.306000000000001 6.4749999999999996 0 0 0 1 
1 25.306000000000001 6.4749999999999996 0.014999999999999999 -1 0 0 
1 25.306000000000001 6.1749999999999998 0 0 0 1 
1 25.306000000000001 6.1749999999999998 0.014999999999999999 0 1 0 
1 25.106000000000002 6.1749999999999998 0.014999999999999999 1 0 0 
1 25.581 6.5250000000000004 0 0 -1 0 
1 25.581 6.1749999999999998 0 1 0 0 
1 25.780999999999999 6.1749999999999998 0 0 1 0 
1 25.780999999999999 6.5250000000000004 0 -1 0 0 
1 25.581 6.5250000000000004 0 0 0 1 
1 25.581 6.5250000000000004 0.014999999999999999 0 -1 0 
1 25.581 6.1749999999999998 0 0 0 1 
1 25.780999999999999 6.5250000000000004 0 0 0 1 
1 25.780999999999999 6.5250000000000004 0.014999999999999999 -1 0 0 
1 25.780999999999999 6.1749999999999998 0 0 0 1 
1 25.780999999999999 6.1749999999999998 0.014999999999999999 0 1 0 
1 25.581 6.1749999999999998 0.014999999999999999 1 0 0 
1 26.056000000000001 6.5250000000000004 0 0 -1 0 
1 26.056000000000001 6.1749999999999998 0 1 0 0 
1 26.256 6.1749999999999998 0 0 1 0 
1 26.256 6.5250000000000004 0 -1 0 0 
1 26.056000000000001 6.5250000000000004 0 0 0 1 
1 26.056000000000001 6.5250000000000004 0.014999999999999999 0 -1 0 
1 26.056000000000001 6.1749999999999998 0 0 0 1 
1 26.256 6.5250000000000004 0 0 0 1 
1 26.256 6.5250000000000004 0.014999999999999999 -1 0 0 
1 26.256 6.1749999999999998 0 0 0 1 
1 26.256 6.1749999999999998 0.014999999999999999 0 1 0 
1 26.056000000000001 6.1749999999999998 0.014999999999999999 1 0 0 
1 26.530999999999999 6.5250000000000004 0 0 -1 0 
1 26.530999999999999 6.1749999999999998 0 1 0 0 
1 26.731000000000002 6.1749999999999998 0 0 1 0 
1 26.731000000000002 6.5250000000000004 0 -1 0 0 
1 26.530999999999999 6.5250000000000004 0 0 0 1 
1 26.530999999999999 6.5250000000000004 0.014999999999999999 0 -1 0 
1 26.530999999999999 6.1749999999999998 0 0 0 1 
1 26.731000000000002 6.5250000000000004 0 0 0 1 
1 26.731000000000002 6.5250000000000004 0.014999999999999999 -1 0 0 
1 26.731000000000002 6.1749999999999998 0 0 0 1 
1 26.731000000000002 6.1749999999999998 0.014999999999999999 0 1 0 
1 26.530999999999999 6.1749999999999998 0.014999999999999999 1 0 0 
1 27.006 6.4749999999999996 0 0 -1 0 
1 27.006 6.1749999999999998 0 1 0 0 
1 27.206 6.1749999999999998 0 0 1 0 
1 27.206 6.4749999999999996 0 -1 0 0 
1 27.006 6.4749999999999996 0 0 0 1 
1 27.006 6.4749999999999996 0.014999999999999999 0 -1 0 
1 27.006 6.1749999999999998 0 0 0 1 
1 27.206 6.4749999999999996 0 0 0 1 
1 27.206 6.4749999999999996 0.014999999999999999 -1 0 0 
1 27.206 6.1749999999999998 0 0 0 1 
1 27.206 6.1749999999999998 0.014999999999999999 0 1 0 
1 27.006 6.1749999999999998 0.014999999999999999 1 0 0 
1 28.760000000000002 5.3979999999999997 0 0 1 0 
2 28.712 5.5419999999999998 0 0 0 1 1 0 -0 -0 1 0 0.048000000000000001
1 28.712 5.5899999999999999 0 -1 0 0 
2 28.568000000000001 5.5419999999999998 0 0 0 1 1 0 -0 -0 1 0 0.048000000000000001
1 28.52 5.5419999999999998 0 0 -1 0 
2 28.568000000000001 5.3979999999999997 0 0 0 1 1 0 -0 -0 1 0 0.048000000000000001
1 28.568000000000001 5.3499999999999996 0 1 0 0 
2 28.712 5.3979999999999997 0 0 0 1 1 0 -0 -0 1 0 0.048000000000000001
1 28.760000000000002 5.3979999999999997 0 0 0 1 
1 28.760000000000002 5.3979999999999997 0.014999999999999999 0 1 0 
1 28.760000000000002 5.5419999999999998 0 0 0 1 
2 28.712 5.3979999999999997 0.014999999999999999 0 0 1 1 0 -0 -0 1 0 0.048000000000000001
1 28.712 5.3499999999999996 0 0 0 1 
1 28.568000000000001 5.3499999999999996 0 0 0 1 
1 28.568000000000001 5.3499999999999996 0.014999999999999999 1 0 0 
2 28.568000000000001 5.3979999999999997 0.014999999999999999 0 0 1 1 0 -0 -0 1 0 0.048000000000000001
1 28.52 5.3979999999999997 0 0 0 1 
1 28.52 5.5419999999999998 0 0 0 1 
1 28.52 5.5419999999999998 0.014999999999999999 0 -1 0 
2 28.568000000000001 5.5419999999999998 0.014999999999999999 0 0 1 1 0 -0 -0 1 0 0.048000000000000001
1 28.568000000000001 5.5899999999999999 0 0 0 1 
1 28.712 5.5899999999999999 0 0 0 1 
1 28.712 5.5899999999999999 0.014999999999999999 -1 0 0 
2 28.712 5.5419999999999998 0.014999999999999999 0 0 1 1 0 -0 -0 1 0 0.048000000000000001
1 27.481000000000002 6.4749999999999996 0 0 -1 0 
1 27.481000000000002 6.1749999999999998 0 1 0 0 
1 27.681000000000001 6.1749999999999998 0 0 1 0 
1 27.681000000000001 6.4749999999999996 0 -1 0 0 
1 27.481000000000002 6.4749999999999996 0 0 0 1 
1 27.481000000000002 6.4749999999999996 0.014999999999999999 0 -1 0 
1 27.481000000000002 6.1749999999999998 0 0 0 1 
1 27.681000000000001 6.4749999999999996 0 0 0 1 
1 27.681000000000001 6.4749999999999996 0.014999999999999999 -1 0 0 
1 27.681000000000001 6.1749999999999998 0 0 0 1 
1 27.681000000000001 6.1749999999999998 0.014999999999999999 0 1 0 
1 27.481000000000002 6.1749999999999998 0.014999999999999999 1 0 0 
1 28.760000000000002 5.8680000000000003 0 0 1 0 
2 28.712 6.0119999999999996 0 0 0 1 1 0 -0 -0 1 0 0.048000000000000001
1 28.712 6.0599999999999996 0 -1 0 0 
2 28.568000000000001 6.0119999999999996 0 0 0 1 1 0 -0 -0 1 0 0.048000000000000001
1 28.52 6.0119999999999996 0 0 -1 0 
2 28.568000000000001 5.8680000000000003 0 0 0 1 1 0 -0 -0 1 0 0.048000000000000001
1 28.568000000000001 5.8200000000000003 0 1 0 0 
2 28.712 5.8680000000000003 0 0 0 1 1 0 -0 -0 1 0 0.048000000000000001
1 28.760000000000002 5.8680000000000003 0 0 0 1 
1 28.760000000000002 5.8680000000000003 0.014999999999999999 0 1 0 
1 28.760000000000002 6.0119999999999996 0 0 0 1 
2 28.712 5.8680000000000003 0.014999999999999999 0 0 1 1 0 -0 -0 1 0 0.048000000000000001
1 28.712 5.8200000000000003 0 0 0 1 
1 28.568000000000001 5.8200000000000003 0 0 0 1 
1 28.568000000000001 5.8200000000000003 0.014999999999999999 1 0 0 
2 28.568000000000001 5.8680000000000003 0.014999999999999999 0 0 1 1 0 -0 -0 1 0 0.048000000000000001
1 28.52 5.8680000000000003 0 0 0 1 
1 28.52 6.0119999999999996 0 0 0 1 
1 28.52 6.0119999999999996 0.014999999999999999 0 -1 0 
2 28.568000000000001 6.0119999999999996 0.014999999999999999 0 0 1 1 0 -0 -0 1 0 0.048000000000000001
1 28.568000000000001 6.0599999999999996 0 0 0 1 
1 28.712 6.0599999999999996 0 0 0 1 
1 28.712 6.0599999999999996 0.014999999999999999 -1 0 0 
2 28.712 6.0119999999999996 0.014999999999999999 0 0 1 1 0 -0 -0 1 0 0.048000000000000001
1 28.760000000000002 6.3380000000000001 0 0 1 0 
2 28.712 6.4820000000000002 0 0 0 1 1 0 -0 -0 1 0 0.048000000000000001
1 28.712 6.5300000000000002 0 -1 0 0 
2 28.568000000000001 6.4820000000000002 0 0 0 1 1 0 -0 -0 1 0 0.048000000000000001
1 28.52 6.4820000000000002 0 0 -1 0 
2 28.568000000000001 6.3380000000000001 0 0 0 1 1 0 -0 -0 1 0 0.048000000000000001
1 28.568000000000001 6.29 0 1 0 0 
2 28.712 6.3380000000000001 0 0 0 1 1 0 -0 -0 1 0 0.048000000000000001
1 28.760000000000002 6.3380000000000001 0 0 0 1 
1 28.760000000000002 6.3380000000000001 0.014999999999999999 0 1 0 
1 28.760000000000002 6.4820000000000002 0 0 0 1 
2 28.712 6.3380000000000001 0.014999999999999999 0 0 1 1 0 -0 -0 1 0 0.048000000000000001
1 28.712 6.29 0 0 0 1 
1 28.568000000000001 6.29 0 0 0 1 
1 28.568000000000001 6.29 0.014999999999999999 1 0 0 
2 28.568000000000001 6.3380000000000001 0.014999999999999999 0 0 1 1 0 -0 -0 1 0 0.048000000000000001
1 28.52 6.3380000000000001 0 0 0 1 
1 28.52 6.4820000000000002 0 0 0 1 
1 28.52 6.4820000000000002 0.014999999999999999 0 -1 0 
2 28.568000000000001 6.4820000000000002 0.014999999999999999 0 0 1 1 0 -0 -0 1 0 0.048000000000000001
1 28.568000000000001 6.5300000000000002 0 0 0 1 
1 28.712 6.5300000000000002 0 0 0 1 
1 28.712 6.5300000000000002 0.014999999999999999 -1 0 0 
2 28.712 6.4820000000000002 0.014999999999999999 0 0 1 1 0 -0 -0 1 0 0.048000000000000001
1 29.18 5.3979999999999997 0 0 1 0 
2 29.132000000000001 5.5419999999999998 0 0 0 1 1 0 -0 -0 1 0 0.048000000000000001
1 29.132000000000001 5.5899999999999999 0 -1 0 0 
2 28.988 5.5419999999999998 0 0 0 1 1 0 -0 -0 1 0 0.048000000000000001
1 28.940000000000001 5.5419999999999998 0 0 -1 0 
2 28.988 5.3979999999999997 0 0 0 1 1 0 -0 -0 1 0 0.048000000000000001
1 28.988 5.3499999999999996 0 1 0 0 
2 29.132000000000001 5.3979999999999997 0 0 0 1 1 0 -0 -0 1 0 0.048000000000000001
1 29.18 5.3979999999999997 0 0 0 1 
1 29.18 5.3979999999999997 0.014999999999999999 0 1 0 
1 29.18 5.5419999999999998 0 0 0 1 
2 29.132000000000001 5.3979999999999997 0.014999999999999999 0 0 1 1 0 -0 -0 1 0 0.048000000000000001
1 29.132000000000001 5.3499999999999996 0 0 0 1 
1 28.988 5.3499999999999996 0 0 0 1 
1 28.988 5.3499999999999996 0.014999999999999999 1 0 0 
2 28.988 5.3979999999999997 0.014999999999999999 0 0 1 1 0 -0 -0 1 0 0.048000000000000001
1 28.940000000000001 5.3979999999999997 0 0 0 1 
1 28.940000000000001 5.5419999999999998 0 0 0 1 
1 28.940000000000001 5.5419999999999998 0.014999999999999999 0 -1 0 
2 28.988 5.5419999999999998 0.014999999999999999 0 0 1 1 0 -0 -0 1 0 0.048000000000000001
1 28.988 5.5899999999999999 0 0 0 1 
1 29.132000000000001 5.5899999999999999 0 0 0 1 
1 29.132000000000001 5.5899999999999999 0.014999999999999999 -1 0 0 
2 29.132000000000001 5.5419999999999998 0.014999999999999999 0 0 1 1 0 -0 -0 1 0 0.048000000000000001
1 29.18 5.8680000000000003 0 0 1 0 
2 29.132000000000001 6.0119999999999996 0 0 0 1 1 0 -0 -0 1 0 0.048000000000000001
1 29.132000000000001 6.0599999999999996 0 -1 0 0 
2 28.988 6.0119999999999996 0 0 0 1 1 0 -0 -0 1 0 0.048000000000000001
1 28.940000000000001 6.0119999999999996 0 0 -1 0 
2 28.988 5.8680000000000003 0 0 0 1 1 0 -0 -0 1 0 0.048000000000000001
1 28.988 5.8200000000000003 0 1 0 0 
2 29.132000000000001 5.8680000000000003 0 0 0 1 1 0 -0 -0 1 0 0.048000000000000001
1 29.18 5.8680000000000003 0 0 0 1 
1 29.18 5.8680000000000003 0.014999999999999999 0 1 0 
1 29.18 6.0119999999999996 0 0 0 1 
2 29.132000000000001 5.8680000000000003 0.014999999999999999 0 0 1 1 0 -0 -0 1 0 0.048000000000000001
1 29.132000000000001 5.8200000000000003 0 0 0 1 
1 28.988 5.8200000000000003 0 0 0 1 
1 28.988 5.8200000000000003 0.014999999999999999 1 0 0 
2 28.988 5.8680000000000003 0.014999999999999999 0 0 1 1 0 -0 -0 1 0 0.048000000000000001
1 28.940000000000001 5.8680000000000003 0 0 0 1 
1 28.940000000000001 6.0119999999999996 0 0 0 1 
1 28.940000000000001 6.0119999999999996 0.014999999999999999 0 -1 0 
2 28.988 6.0119999999999996 0.014999999999999999 0 0 1 1 0 -0 -0 1 0 0.048000000000000001
1 28.988 6.0599999999999996 0 0 0 1 
1 29.132000000000001 6.0599999999999996 0 0 0 1 
1 29.132000000000001 6.0599999999999996 0.014999999999999999 -1 0 0 
2 29.132000000000001 6.0119999999999996 0.014999999999999999 0 0 1 1 0 -0 -0 1 0 0.048000000000000001
1 29.18 6.3380000000000001 0 0 1 0 
2 29.132000000000001 6.4820000000000002 0 0 0 1 1 0 -0 -0 1 0 0.048000000000000001
1 29.132000000000001 6.5300000000000002 0 -1 0 0 
2 28.988 6.4820000000000002 0 0 0 1 1 0 -0 -0 1 0 0.048000000000000001
1 28.940000000000001 6.4820000000000002 0 0 -1 0 
2 28.988 6.3380000000000001 0 0 0 1 1 0 -0 -0 1 0 0.048000000000000001
1 28.988 6.29 0 1 0 0 
2 29.132000000000001 6.3380000000000001 0 0 0 1 1 0 -0 -0 1 0 0.048000000000000001
1 29.18 6.3380000000000001 0 0 0 1 
1 29.18 6.3380000000000001 0.014999999999999999 0 1 0 
1 29.18 6.4820000000000002 0 0 0 1 
2 29.132000000000001 6.3380000000000001 0.014999999999999999 0 0 1 1 0 -0 -0 1 0 0.048000000000000001
1 29.132000000000001 6.29 0 0 0 1 
1 28.988 6.29 0 0 0 1 
1 28.988 6.29 0.014999999999999999 1 0 0 
2 28.988 6.3380000000000001 0.014999999999999999 0 0 1 1 0 -0 -0 1 0 0.048000000000000001
1 28.940000000000001 6.3380000000000001 0 0 0 1 
1 28.940000000000001 6.4820000000000002 0 0 0 1 
1 28.940000000000001 6.4820000000000002 0.014999999999999999 0 -1 0 
2 28.988 6.4820000000000002 0.014999999999999999 0 0 1 1 0 -0 -0 1 0 0.048000000000000001
1 28.988 6.5300000000000002 0 0 0 1 
1 29.132000000000001 6.5300000000000002 0 0 0 1 
1 29.132000000000001 6.5300000000000002 0.014999999999999999 -1 0 0 
2 29.132000000000001 6.4820000000000002 0.014999999999999999 0 0 1 1 0 -0 -0 1 0 0.048000000000000001
1 27.356000000000002 6.9450000000000003 0 0 -1 0 
1 27.356000000000002 6.7050000000000001 0 1 0 0 
1 27.706 6.7050000000000001 0 0 1 0 
1 27.706 6.9450000000000003 0 -1 0 0 
1 27.356000000000002 6.9450000000000003 0 0 0 1 
1 27.356000000000002 6.9450000000000003 0.014999999999999999 0 -1 0 
1 27.356000000000002 6.7050000000000001 0 0 0 1 
1 27.706 6.9450000000000003 0 0 0 1 
1 27.706 6.9450000000000003 0.014999999999999999 -1 0 0 
1 27.706 6.7050000000000001 0 0 0 1 
1 27.706 6.7050000000000001 0.014999999999999999 0 1 0 
1 27.356000000000002 6.7050000000000001 0.014999999999999999 1 0 0 
1 28.309999999999999 6.4480000000000004 0 0 1 0 
2 28.262 6.5919999999999996 0 0 0 1 1 0 -0 -0 1 0 0.048000000000000001
1 28.262 6.6399999999999997 0 -1 0 0 
2 28.117999999999999 6.5919999999999996 0 0 0 1 1 0 -0 -0 1 0 0.048000000000000001
1 28.07 6.5919999999999996 0 0 -1 0 
2 28.117999999999999 6.4480000000000004 0 0 0 1 1 0 -0 -0 1 0 0.048000000000000001
1 28.117999999999999 6.4000000000000004 0 1 0 0 
2 28.262 6.4480000000000004 0 0 0 1 1 0 -0 -0 1 0 0.048000000000000001
1 28.309999999999999 6.4480000000000004 0 0 0 1 
1 28.309999999999999 6.4480000000000004 0.014999999999999999 0 1 0 
1 28.309999999999999 6.5919999999999996 0 0 0 1 
2 28.262 6.4480000000000004 0.014999999999999999 0 0 1 1 0 -0 -0 1 0 0.048000000000000001
1 28.262 6.4000000000000004 0 0 0 1 
1 28.117999999999999 6.4000000000000004 0 0 0 1 
1 28.117999999999999 6.4000000000000004 0.014999999999999999 1 0 0 
2 28.117999999999999 6.4480000000000004 0.014999999999999999 0 0 1 1 0 -0 -0 1 0 0.048000000000000001
1 28.07 6.4480000000000004 0 0 0 1 
1 28.07 6.5919999999999996 0 0 0 1 
1 28.07 6.5919999999999996 0.014999999999999999 0 -1 0 
2 28.117999999999999 6.5919999999999996 0.014999999999999999 0 0 1 1 0 -0 -0 1 0 0.048000000000000001
1 28.117999999999999 6.6399999999999997 0 0 0 1 
1 28.262 6.6399999999999997 0 0 0 1 
1 28.262 6.6399999999999997 0.014999999999999999 -1 0 0 
2 28.262 6.5919999999999996 0.014999999999999999 0 0 1 1 0 -0 -0 1 0 0.048000000000000001
1 28.309999999999999 6.8680000000000003 0 0 1 0 
2 28.262 7.0119999999999996 0 0 0 1 1 0 -0 -0 1 0 0.048000000000000001
1 28.262 7.0599999999999996 0 -1 0 0 
2 28.117999999999999 7.0119999999999996 0 0 0 1 1 0 -0 -0 1 0 0.048000000000000001
1 28.07 7.0119999999999996 0 0 -1 0 
2 28.117999999999999 6.8680000000000003 0 0 0 1 1 0 -0 -0 1 0 0.048000000000000001
1 28.117999999999999 6.8200000000000003 0 1 0 0 
2 28.262 6.8680000000000003 0 0 0 1 1 0 -0 -0 1 0 0.048000000000000001
1 28.309999999999999 6.8680000000000003 0 0 0 1 
1 28.309999999999999 6.8680000000000003 0.014999999999999999 0 1 0 
1 28.309999999999999 7.0119999999999996 0 0 0 1 
2 28.262 6.8680000000000003 0.014999999999999999 0 0 1 1 0 -0 -0 1 0 0.048000000000000001
1 28.262 6.8200000000000003 0 0 0 1 
1 28.117999999999999 6.8200000000000003 0 0 0 1 
1 28.117999999999999 6.8200000000000003 0.014999999999999999 1 0 0 
2 28.117999999999999 6.8680000000000003 0.014999999999999999 0 0 1 1 0 -0 -0 1 0 0.048000000000000001
1 28.07 6.8680000000000003 0 0 0 1 
1 28.07 7.0119999999999996 0 0 0 1 
1 28.07 7.0119999999999996 0.014999999999999999 0 -1 0 
2 28.117999999999999 7.0119999999999996 0.014999999999999999 0 0 1 1 0 -0 -0 1 0 0.048000000000000001
1 28.117999999999999 7.0599999999999996 0 0 0 1 
1 28.262 7.0599999999999996 0 0 0 1 
1 28.262 7.0599999999999996 0.014999999999999999 -1 0 0 
2 28.262 7.0119999999999996 0.014999999999999999 0 0 1 1 0 -0 -0 1 0 0.048000000000000001
1 27.356000000000002 7.4450000000000003 0 0 -1 0 
1 27.356000000000002 7.2050000000000001 0 1 0 0 
1 27.706 7.2050000000000001 0 0 1 0 
1 27.706 7.4450000000000003 0 -1 0 0 
1 27.356000000000002 7.4450000000000003 0 0 0 1 
1 27.356000000000002 7.4450000000000003 0.014999999999999999 0 -1 0 
1 27.356000000000002 7.2050000000000001 0 0 0 1 
1 27.706 7.4450000000000003 0 0 0 1 
1 27.706 7.4450000000000003 0.014999999999999999 -1 0 0 
1 27.706 7.2050000000000001 0 0 0 1 
1 27.706 7.2050000000000001 0.014999999999999999 0 1 0 
1 27.356000000000002 7.2050000000000001 0.014999999999999999 1 0 0 
1 28.309999999999999 7.2779999999999996 0 0 1 0 
2 28.262 7.4219999999999997 0 0 0 1 1 0 -0 -0 1 0 0.048000000000000001
1 28.262 7.4699999999999998 0 -1 0 0 
2 28.117999999999999 7.4219999999999997 0 0 0 1 1 0 -0 -0 1 0 0.048000000000000001
1 28.07 7.4219999999999997 0 0 -1 0 
2 28.117999999999999 7.2779999999999996 0 0 0 1 1 0 -0 -0 1 0 0.048000000000000001
1 28.117999999999999 7.2300000000000004 0 1 0 0 
2 28.262 7.2779999999999996 0 0 0 1 1 0 -0 -0 1 0 0.048000000000000001
1 28.309999999999999 7.2779999999999996 0 0 0 1 
1 28.309999999999999 7.2779999999999996 0.014999999999999999 0 1 0 
1 28.309999999999999 7.4219999999999997 0 0 0 1 
2 28.262 7.2779999999999996 0.014999999999999999 0 0 1 1 0 -0 -0 1 0 0.048000000000000001
1 28.262 7.2300000000000004 0 0 0 1 
1 28.117999999999999 7.2300000000000004 0 0 0 1 
1 28.117999999999999 7.2300000000000004 0.014999999999999999 1 0 0 
2 28.117999999999999 7.2779999999999996 0.014999999999999999 0 0 1 1 0 -0 -0 1 0 0.048000000000000001
1 28.07 7.2779999999999996 0 0 0 1 
1 28.07 7.4219999999999997 0 0 0 1 
1 28.07 7.4219999999999997 0.014999999999999999 0 -1 0 
2 28.117999999999999 7.4219999999999997 0.014999999999999999 0 0 1 1 0 -0 -0 1 0 0.048000000000000001
1 28.117999999999999 7.4699999999999998 0 0 0 1 
1 28.262 7.4699999999999998 0 0 0 1 
1 28.262 7.4699999999999998 0.014999999999999999 -1 0 0 
2 28.262 7.4219999999999997 0.014999999999999999 0 0 1 1 0 -0 -0 1 0 0.048000000000000001
1 29.75 6.7080000000000002 0 0 1 0 
2 29.702000000000002 6.8520000000000003 0 0 0 1 1 0 -0 -0 1 0 0.048000000000000001
1 29.702000000000002 6.9000000000000004 0 -1 0 0 
2 29.558 6.8520000000000003 0 0 0 1 1 0 -0 -0 1 0 0.048000000000000001
1 29.510000000000002 6.8520000000000003 0 0 -1 0 
2 29.558 6.7080000000000002 0 0 0 1 1 0 -0 -0 1 0 0.048000000000000001
1 29.558 6.6600000000000001 0 1 0 0 
2 29.702000000000002 6.7080000000000002 0 0 0 1 1 0 -0 -0 1 0 0.048000000000000001
1 29.75 6.7080000000000002 0 0 0 1 
1 29.75 6.7080000000000002 0.014999999999999999 0 1 0 
1 29.75 6.8520000000000003 0 0 0 1 
2 29.702000000000002 6.7080000000000002 0.014999999999999999 0 0 1 1 0 -0 -0 1 0 0.048000000000000001
1 29.702000000000002 6.6600000000000001 0 0 0 1 
1 29.558 6.6600000000000001 0 0 0 1 
1 29.558 6.6600000000000001 0.014999999999999999 1 0 0 
2 29.558 6.7080000000000002 0.014999999999999999 0 0 1 1 0 -0 -0 1 0 0.048000000000000001
1 29.510000000000002 6.7080000000000002 0 0 0 1 
1 29.510000000000002 6.8520000000000003 0 0 0 1 
1 29.510000000000002 6.8520000000000003 0.014999999999999999 0 -1 0 
2 29.558 6.8520000000000003 0.014999999999999999 0 0 1 1 0 -0 -0 1 0 0.048000000000000001
1 29.558 6.9000000000000004 0 0 0 1 
1 29.702000000000002 6.9000000000000004 0 0 0 1 
1 29.702000000000002 6.9000000000000004 0.014999999999999999 -1 0 0 
2 29.702000000000002 6.8520000000000003 0.014999999999999999 0 0 1 1 0 -0 -0 1 0 0.048000000000000001
1 25.106000000000002 8.4749999999999996 0 0 -1 0 
1 25.106000000000002 8.1750000000000007 0 1 0 0 
1 25.306000000000001 8.1750000000000007 0 0 1 0 
1 25.306000000000001 8.4749999999999996 0 -1 0 0 
1 25.106000000000002 8.4749999999999996 0 0 0 1 
1 25.106000000000002 8.4749999999999996 0.014999999999999999 0 -1 0 
1 25.106000000000002 8.1750000000000007 0 0 0 1 
1 25.306000000000001 8.4749999999999996 0 0 0 1 
1 25.306000000000001 8.4749999999999996 0.014999999999999999 -1 0 0 
1 25.306000000000001 8.1750000000000007 0 0 0 1 
1 25.306000000000001 8.1750000000000007 0.014999999999999999 0 1 0 
1 25.106000000000002 8.1750000000000007 0.014999999999999999 1 0 0 
1 25.581 8.4749999999999996 0 0 -1 0 
1 25.581 8.125 0 1 0 0 
1 25.780999999999999 8.125 0 0 1 0 
1 25.780999999999999 8.4749999999999996 0 -1 0 0 
1 25.581 8.4749999999999996 0 0 0 1 
1 25.581 8.4749999999999996 0.014999999999999999 0 -1 0 
1 25.581 8.125 0 0 0 1 
1 25.780999999999999 8.4749999999999996 0 0 0 1 
1 25.780999999999999 8.4749999999999996 0.014999999999999999 -1 0 0 
1 25.780999999999999 8.125 0 0 0 1 
1 25.780999999999999 8.125 0.014999999999999999 0 1 0 
1 25.581 8.125 0.014999999999999999 1 0 0 
1 26.056000000000001 8.4749999999999996 0 0 -1 0 
1 26.056000000000001 8.125 0 1 0 0 
1 26.256 8.125 0 0 1 0 
1 26.256 8.4749999999999996 0 -1 0 0 
1 26.056000000000001 8.4749999999999996 0 0 0 1 
1 26.056000000000001 8.4749999999999996 0.014999999999999999 0 -1 0 
1 26.056000000000001 8.125 0 0 0 1 
1 26.256 8.4749999999999996 0 0 0 1 
1 26.256 8.4749999999999996 0.014999999999999999 -1 0 0 
1 26.256 8.125 0 0 0 1 
1 26.256 8.125 0.014999999999999999 0 1 0 
1 26.056000000000001 8.125 0.014999999999999999 1 0 0 
1 26.530999999999999 8.4749999999999996 0 0 -1 0 
1 26.530999999999999 8.125 0 1 0 0 
1 26.731000000000002 8.125 0 0 1 0 
1 26.731000000000002 8.4749999999999996 0 -1 0 0 
1 26.530999999999999 8.4749999999999996 0 0 0 1 
1 26.530999999999999 8.4749999999999996 0.014999999999999999 0 -1 0 
1 26.530999999999999 8.125 0 0 0 1 
1 26.731000000000002 8.4749999999999996 0 0 0 1 
1 26.731000000000002 8.4749999999999996 0.014999999999999999 -1 0 0 
1 26.731000000000002 8.125 0 0 0 1 
1 26.731000000000002 8.125 0.014999999999999999 0 1 0 
1 26.530999999999999 8.125 0.014999999999999999 1 0 0 
1 27.006 8.4749999999999996 0 0 -1 0 
1 27.006 8.1750000000000007 0 1 0 0 
1 27.206 8.1750000000000007 0 0 1 0 
1 27.206 8.4749999999999996 0 -1 0 0 
1 27.006 8.4749999999999996 0 0 0 1 
1 27.006 8.4749999999999996 0.014999999999999999 0 -1 0 
1 27.006 8.1750000000000007 0 0 0 1 
1 27.206 8.4749999999999996 0 0 0 1 
1 27.206 8.4749999999999996 0.014999999999999999 -1 0 0 
1 27.206 8.1750000000000007 0 0 0 1 
1 27.206 8.1750000000000007 0.014999999999999999 0 1 0 
1 27.006 8.1750000000000007 0.014999999999999999 1 0 0 
1 26.710000000000001 9.3979999999999997 0 0 1 0 
2 26.661999999999999 9.5419999999999998 0 0 0 1 1 0 -0 -0 1 0 0.048000000000000001
1 26.661999999999999 9.5899999999999999 0 -1 0 0 
2 26.518000000000001 9.5419999999999998 0 0 0 1 1 0 -0 -0 1 0 0.048000000000000001
1 26.469999999999999 9.5419999999999998 0 0 -1 0 
2 26.518000000000001 9.3979999999999997 0 0 0 1 1 0 -0 -0 1 0 0.048000000000000001
1 26.518000000000001 9.3499999999999996 0 1 0 0 
2 26.661999999999999 9.3979999999999997 0 0 0 1 1 0 -0 -0 1 0 0.048000000000000001
1 26.710000000000001 9.3979999999999997 0 0 0 1 
1 26.710000000000001 9.3979999999999997 0.014999999999999999 0 1 0 
1 26.710000000000001 9.5419999999999998 0 0 0 1 
2 26.661999999999999 9.3979999999999997 0.014999999999999999 0 0 1 1 0 -0 -0 1 0 0.048000000000000001
1 26.661999999999999 9.3499999999999996 0 0 0 1 
1 26.518000000000001 9.3499999999999996 0 0 0 1 
1 26.518000000000001 9.3499999999999996 0.014999999999999999 1 0 0 
2 26.518000000000001 9.3979999999999997 0.014999999999999999 0 0 1 1 0 -0 -0 1 0 0.048000000000000001
1 26.469999999999999 9.3979999999999997 0 0 0 1 
1 26.469999999999999 9.5419999999999998 0 0 0 1 
1 26.469999999999999 9.5419999999999998 0.014999999999999999 0 -1 0 
2 26.518000000000001 9.5419999999999998 0.014999999999999999 0 0 1 1 0 -0 -0 1 0 0.048000000000000001
1 26.518000000000001 9.5899999999999999 0 0 0 1 
1 26.661999999999999 9.5899999999999999 0 0 0 1 
1 26.661999999999999 9.5899999999999999 0.014999999999999999 -1 0 0 
2 26.661999999999999 9.5419999999999998 0.014999999999999999 0 0 1 1 0 -0 -0 1 0 0.048000000000000001
1 27.129999999999999 9.3979999999999997 0 0 1 0 
2 27.082000000000001 9.5419999999999998 0 0 0 1 1 0 -0 -0 1 0 0.048000000000000001
1 27.082000000000001 9.5899999999999999 0 -1 0 0 
2 26.937999999999999 9.5419999999999998 0 0 0 1 1 0 -0 -0 1 0 0.048000000000000001
1 26.890000000000001 9.5419999999999998 0 0 -1 0 
2 26.937999999999999 9.3979999999999997 0 0 0 1 1 0 -0 -0 1 0 0.048000000000000001
1 26.937999999999999 9.3499999999999996 0 1 0 0 
2 27.082000000000001 9.3979999999999997 0 0 0 1 1 0 -0 -0 1 0 0.048000000000000001
1 27.129999999999999 9.3979999999999997 0 0 0 1 
1 27.129999999999999 9.3979999999999997 0.014999999999999999 0 1 0 
1 27.129999999999999 9.5419999999999998 0 0 0 1 
2 27.082000000000001 9.3979999999999997 0.014999999999999999 0 0 1 1 0 -0 -0 1 0 0.048000000000000001
1 27.082000000000001 9.3499999999999996 0 0 0 1 
1 26.937999999999999 9.3499999999999996 0 0 0 1 
1 26.937999999999999 9.3499999999999996 0.014999999999999999 1 0 0 
2 26.937999999999999 9.3979999999999997 0.014999999999999999 0 0 1 1 0 -0 -0 1 0 0.048000000000000001
1 26.890000000000001 9.3979999999999997 0 0 0 1 
1 26.890000000000001 9.5419999999999998 0 0 0 1 
1 26.890000000000001 9.5419999999999998 0.014999999999999999 0 -1 0 
2 26.937999999999999 9.5419999999999998 0.014999999999999999 0 0 1 1 0 -0 -0 1 0 0.048000000000000001
1 26.937999999999999 9.5899999999999999 0 0 0 1 
1 27.082000000000001 9.5899999999999999 0 0 0 1 
1 27.082000000000001 9.5899999999999999 0.014999999999999999 -1 0 0 
2 27.082000000000001 9.5419999999999998 0.014999999999999999 0 0 1 1 0 -0 -0 1 0 0.048000000000000001
1 27.356000000000002 7.9450000000000003 0 0 -1 0 
1 27.356000000000002 7.7050000000000001 0 1 0 0 
1 27.706 7.7050000000000001 0 0 1 0 
1 27.706 7.9450000000000003 0 -1 0 0 
1 27.356000000000002 7.9450000000000003 0 0 0 1 
1 27.356000000000002 7.9450000000000003 0.014999999999999999 0 -1 0 
1 27.356000000000002 7.7050000000000001 0 0 0 1 
1 27.706 7.9450000000000003 0 0 0 1 
1 27.706 7.9450000000000003 0.014999999999999999 -1 0 0 
1 27.706 7.7050000000000001 0 0 0 1 
1 27.706 7.7050000000000001 0.014999999999999999 0 1 0 
1 27.356000000000002 7.7050000000000001 0.014999999999999999 1 0 0 
1 28.309999999999999 7.6980000000000004 0 0 1 0 
2 28.262 7.8419999999999996 0 0 0 1 1 0 -0 -0 1 0 0.048000000000000001
1 28.262 7.8899999999999997 0 -1 0 0 
2 28.117999999999999 7.8419999999999996 0 0 0 1 1 0 -0 -0 1 0 0.048000000000000001
1 28.07 7.8419999999999996 0 0 -1 0 
2 28.117999999999999 7.6980000000000004 0 0 0 1 1 0 -0 -0 1 0 0.048000000000000001
1 28.117999999999999 7.6500000000000004 0 1 0 0 
2 28.262 7.6980000000000004 0 0 0 1 1 0 -0 -0 1 0 0.048000000000000001
1 28.309999999999999 7.6980000000000004 0 0 0 1 
1 28.309999999999999 7.6980000000000004 0.014999999999999999 0 1 0 
1 28.309999999999999 7.8419999999999996 0 0 0 1 
2 28.262 7.6980000000000004 0.014999999999999999 0 0 1 1 0 -0 -0 1 0 0.048000000000000001
1 28.262 7.6500000000000004 0 0 0 1 
1 28.117999999999999 7.6500000000000004 0 0 0 1 
1 28.117999999999999 7.6500000000000004 0.014999999999999999 1 0 0 
2 28.117999999999999 7.6980000000000004 0.014999999999999999 0 0 1 1 0 -0 -0 1 0 0.048000000000000001
1 28.07 7.6980000000000004 0 0 0 1 
1 28.07 7.8419999999999996 0 0 0 1 
1 28.07 7.8419999999999996 0.014999999999999999 0 -1 0 
2 28.117999999999999 7.8419999999999996 0.014999999999999999 0 0 1 1 0 -0 -0 1 0 0.048000000000000001
1 28.117999999999999 7.8899999999999997 0 0 0 1 
1 28.262 7.8899999999999997 0 0 0 1 
1 28.262 7.8899999999999997 0.014999999999999999 -1 0 0 
2 28.262 7.8419999999999996 0.014999999999999999 0 0 1 1 0 -0 -0 1 0 0.048000000000000001
1 28.530000000000001 7.6950000000000003 0 0 -1 0 
1 28.530000000000001 7.5250000000000004 0 1 0 0 
1 28.879999999999999 7.5250000000000004 0 0 1 0 
1 28.879999999999999 7.6950000000000003 0 -1 0 0 
1 28.530000000000001 7.6950000000000003 0 0 0 1 
1 28.530000000000001 7.6950000000000003 0.014999999999999999 0 -1 0 
1 28.530000000000001 7.5250000000000004 0 0 0 1 
1 28.879999999999999 7.6950000000000003 0 0 0 1 
1 28.879999999999999 7.6950000000000003 0.014999999999999999 -1 0 0 
1 28.879999999999999 7.5250000000000004 0 0 0 1 
1 28.879999999999999 7.5250000000000004 0.014999999999999999 0 1 0 
1 28.530000000000001 7.5250000000000004 0.014999999999999999 1 0 0 
1 28.530000000000001 8.0950000000000006 0 0 -1 0 
1 28.530000000000001 7.9249999999999998 0 1 0 0 
1 28.879999999999999 7.9249999999999998 0 0 1 0 
1 28.879999999999999 8.0950000000000006 0 -1 0 0 
1 28.530000000000001 8.0950000000000006 0 0 0 1 
1 28.530000000000001 8.0950000000000006 0.014999999999999999 0 -1 0 
1 28.530000000000001 7.9249999999999998 0 0 0 1 
1 28.879999999999999 8.0950000000000006 0 0 0 1 
1 28.879999999999999 8.0950000000000006 0.014999999999999999 -1 0 0 
1 28.879999999999999 7.9249999999999998 0 0 0 1 
1 28.879999999999999 7.9249999999999998 0.014999999999999999 0 1 0 
1 28.530000000000001 7.9249999999999998 0.014999999999999999 1 0 0 
1 27.481000000000002 8.4749999999999996 0 0 -1 0 
1 27.481000000000002 8.1750000000000007 0 1 0 0 
1 27.681000000000001 8.1750000000000007 0 0 1 0 
1 27.681000000000001 8.4749999999999996 0 -1 0 0 
1 27.481000000000002 8.4749999999999996 0 0 0 1 
1 27.481000000000002 8.4749999999999996 0.014999999999999999 0 -1 0 
1 27.481000000000002 8.1750000000000007 0 0 0 1 
1 27.681000000000001 8.4749999999999996 0 0 0 1 
1 27.681000000000001 8.4749999999999996 0.014999999999999999 -1 0 0 
1 27.681000000000001 8.1750000000000007 0 0 0 1 
1 27.681000000000001 8.1750000000000007 0.014999999999999999 0 1 0 
1 27.481000000000002 8.1750000000000007 0.014999999999999999 1 0 0 
1 28.530000000000001 8.4949999999999992 0 0 -1 0 
1 28.530000000000001 8.3249999999999993 0 1 0 0 
1 28.879999999999999 8.3249999999999993 0 0 1 0 
1 28.879999999999999 8.4949999999999992 0 -1 0 0 
1 28.530000000000001 8.4949999999999992 0 0 0 1 
1 28.530000000000001 8.4949999999999992 0.014999999999999999 0 -1 0 
1 28.530000000000001 8.3249999999999993 0 0 0 1 
1 28.879999999999999 8.4949999999999992 0 0 0 1 
1 28.879999999999999 8.4949999999999992 0.014999999999999999 -1 0 0 
1 28.879999999999999 8.3249999999999993 0 0 0 1 
1 28.879999999999999 8.3249999999999993 0.014999999999999999 0 1 0 
1 28.530000000000001 8.3249999999999993 0.014999999999999999 1 0 0 
1 29.079999999999998 7.6950000000000003 0 0 -1 0 
1 29.079999999999998 7.5250000000000004 0 1 0 0 
1 29.43 7.5250000000000004 0 0 1 0 
1 29.43 7.6950000000000003 0 -1 0 0 
1 29.079999999999998 7.6950000000000003 0 0 0 1 
1 29.079999999999998 7.6950000000000003 0.014999999999999999 0 -1 0 
1 29.079999999999998 7.5250000000000004 0 0 0 1 
1 29.43 7.6950000000000003 0 0 0 1 
1 29.43 7.6950000000000003 0.014999999999999999 -1 0 0 
1 29.43 7.5250000000000004 0 0 0 1 
1 29.43 7.5250000000000004 0.014999999999999999 0 1 0 
1 29.079999999999998 7.5250000000000004 0.014999999999999999 1 0 0 
1 29.079999999999998 8.0950000000000006 0 0 -1 0 
1 29.079999999999998 7.9249999999999998 0 1 0 0 
1 29.43 7.9249999999999998 0 0 1 0 
1 29.43 8.0950000000000006 0 -1 0 0 
1 29.079999999999998 8.0950000000000006 0 0 0 1 
1 29.079999999999998 8.0950000000000006 0.014999999999999999 0 -1 0 
1 29.079999999999998 7.9249999999999998 0 0 0 1 
1 29.43 8.0950000000000006 0 0 0 1 
1 29.43 8.0950000000000006 0.014999999999999999 -1 0 0 
1 29.43 7.9249999999999998 0 0 0 1 
1 29.43 7.9249999999999998 0.014999999999999999 0 1 0 
1 29.079999999999998 7.9249999999999998 0.014999999999999999 1 0 0 
1 29.079999999999998 8.4949999999999992 0 0 -1 0 
1 29.079999999999998 8.3249999999999993 0 1 0 0 
1 29.43 8.3249999999999993 0 0 1 0 
1 29.43 8.4949999999999992 0 -1 0 0 
1 29.079999999999998 8.4949999999999992 0 0 0 1 
1 29.079999999999998 8.4949999999999992 0.014999999999999999 0 -1 0 
1 29.079999999999998 8.3249999999999993 0 0 0 1 
1 29.43 8.4949999999999992 0 0 0 1 
1 29.43 8.4949999999999992 0.014999999999999999 -1 0 0 
1 29.43 8.3249999999999993 0 0 0 1 
1 29.43 8.3249999999999993 0.014999999999999999 0 1 0 
1 29.079999999999998 8.3249999999999993 0.014999999999999999 1 0 0 
1 29.885000000000002 8.0679999999999996 0 0 1 0 
2 29.837 8.2119999999999997 0 0 0 1 1 0 -0 -0 1 0 0.048000000000000001
1 29.837 8.2599999999999998 0 -1 0 0 
2 29.693000000000001 8.2119999999999997 0 0 0 1 1 0 -0 -0 1 0 0.048000000000000001
1 29.645 8.2119999999999997 0 0 -1 0 
2 29.693000000000001 8.0679999999999996 0 0 0 1 1 0 -0 -0 1 0 0.048000000000000001
1 29.693000000000001 8.0199999999999996 0 1 0 0 
2 29.837 8.0679999999999996 0 0 0 1 1 0 -0 -0 1 0 0.048000000000000001
1 29.885000000000002 8.0679999999999996 0 0 0 1 
1 29.885000000000002 8.0679999999999996 0.014999999999999999 0 1 0 
1 29.885000000000002 8.2119999999999997 0 0 0 1 
2 29.837 8.0679999999999996 0.014999999999999999 0 0 1 1 0 -0 -0 1 0 0.048000000000000001
1 29.837 8.0199999999999996 0 0 0 1 
1 29.693000000000001 8.0199999999999996 0 0 0 1 
1 29.693000000000001 8.0199999999999996 0.014999999999999999 1 0 0 
2 29.693000000000001 8.0679999999999996 0.014999999999999999 0 0 1 1 0 -0 -0 1 0 0.048000000000000001
1 29.645 8.0679999999999996 0 0 0 1 
1 29.645 8.2119999999999997 0 0 0 1 
1 29.645 8.2119999999999997 0.014999999999999999 0 -1 0 
2 29.693000000000001 8.2119999999999997 0.014999999999999999 0 0 1 1 0 -0 -0 1 0 0.048000000000000001
1 29.693000000000001 8.2599999999999998 0 0 0 1 
1 29.837 8.2599999999999998 0 0 0 1 
1 29.837 8.2599999999999998 0.014999999999999999 -1 0 0 
2 29.837 8.2119999999999997 0.014999999999999999 0 0 1 1 0 -0 -0 1 0 0.048000000000000001
1 29.885000000000002 8.4879999999999995 0 0 1 0 
2 29.837 8.6319999999999997 0 0 0 1 1 0 -0 -0 1 0 0.048000000000000001
1 29.837 8.6799999999999997 0 -1 0 0 
2 29.693000000000001 8.6319999999999997 0 0 0 1 1 0 -0 -0 1 0 0.048000000000000001
1 29.645 8.6319999999999997 0 0 -1 0 
2 29.693000000000001 8.4879999999999995 0 0 0 1 1 0 -0 -0 1 0 0.048000000000000001
1 29.693000000000001 8.4399999999999995 0 1 0 0 
2 29.837 8.4879999999999995 0 0 0 1 1 0 -0 -0 1 0 0.048000000000000001
1 29.885000000000002 8.4879999999999995 0 0 0 1 
1 29.885000000000002 8.4879999999999995 0.014999999999999999 0 1 0 
1 29.885000000000002 8.6319999999999997 0 0 0 1 
2 29.837 8.4879999999999995 0.014999999999999999 0 0 1 1 0 -0 -0 1 0 0.048000000000000001
1 29.837 8.4399999999999995 0 0 0 1 
1 29.693000000000001 8.4399999999999995 0 0 0 1 
1 29.693000000000001 8.4399999999999995 0.014999999999999999 1 0 0 
2 29.693000000000001 8.4879999999999995 0.014999999999999999 0 0 1 1 0 -0 -0 1 0 0.048000000000000001
1 29.645 8.4879999999999995 0 0 0 1 
1 29.645 8.6319999999999997 0 0 0 1 
1 29.645 8.6319999999999997 0.014999999999999999 0 -1 0 
2 29.693000000000001 8.6319999999999997 0.014999999999999999 0 0 1 1 0 -0 -0 1 0 0.048000000000000001
1 29.693000000000001 8.6799999999999997 0 0 0 1 
1 29.837 8.6799999999999997 0 0 0 1 
1 29.837 8.6799999999999997 0.014999999999999999 -1 0 0 
2 29.837 8.6319999999999997 0.014999999999999999 0 0 1 1 0 -0 -0 1 0 0.048000000000000001
1 28.359999999999999 8.8230000000000004 0 0 1 0 
2 28.312000000000001 8.9670000000000005 0 0 0 1 1 0 -0 -0 1 0 0.048000000000000001
1 28.312000000000001 9.0150000000000006 0 -1 0 0 
2 28.167999999999999 8.9670000000000005 0 0 0 1 1 0 -0 -0 1 0 0.048000000000000001
1 28.120000000000001 8.9670000000000005 0 0 -1 0 
2 28.167999999999999 8.8230000000000004 0 0 0 1 1 0 -0 -0 1 0 0.048000000000000001
1 28.167999999999999 8.7750000000000004 0 1 0 0 
2 28.312000000000001 8.8230000000000004 0 0 0 1 1 0 -0 -0 1 0 0.048000000000000001
1 28.359999999999999 8.8230000000000004 0 0 0 1 
1 28.359999999999999 8.8230000000000004 0.014999999999999999 0 1 0 
1 28.359999999999999 8.9670000000000005 0 0 0 1 
2 28.312000000000001 8.8230000000000004 0.014999999999999999 0 0 1 1 0 -0 -0 1 0 0.048000000000000001
1 28.312000000000001 8.7750000000000004 0 0 0 1 
1 28.167999999999999 8.7750000000000004 0 0 0 1 
1 28.167999999999999 8.7750000000000004 0.014999999999999999 1 0 0 
2 28.167999999999999 8.8230000000000004 0.014999999999999999 0 0 1 1 0 -0 -0 1 0 0.048000000000000001
1 28.120000000000001 8.8230000000000004 0 0 0 1 
1 28.120000000000001 8.9670000000000005 0 0 0 1 
1 28.120000000000001 8.9670000000000005 0.014999999999999999 0 -1 0 
2 28.167999999999999 8.9670000000000005 0.014999999999999999 0 0 1 1 0 -0 -0 1 0 0.048000000000000001
1 28.167999999999999 9.0150000000000006 0 0 0 1 
1 28.312000000000001 9.0150000000000006 0 0 0 1 
1 28.312000000000001 9.0150000000000006 0.014999999999999999 -1 0 0 
2 28.312000000000001 8.9670000000000005 0.014999999999999999 0 0 1 1 0 -0 -0 1 0 0.048000000000000001
1 28.780000000000001 8.8230000000000004 0 0 1 0 
2 28.731999999999999 8.9670000000000005 0 0 0 1 1 0 -0 -0 1 0 0.048000000000000001
1 28.731999999999999 9.0150000000000006 0 -1 0 0 
2 28.588000000000001 8.9670000000000005 0 0 0 1 1 0 -0 -0 1 0 0.048000000000000001
1 28.539999999999999 8.9670000000000005 0 0 -1 0 
2 28.588000000000001 8.8230000000000004 0 0 0 1 1 0 -0 -0 1 0 0.048000000000000001
1 28.588000000000001 8.7750000000000004 0 1 0 0 
2 28.731999999999999 8.8230000000000004 0 0 0 1 1 0 -0 -0 1 0 0.048000000000000001
1 28.780000000000001 8.8230000000000004 0 0 0 1 
1 28.780000000000001 8.8230000000000004 0.014999999999999999 0 1 0 
1 28.780000000000001 8.9670000000000005 0 0 0 1 
2 28.731999999999999 8.8230000000000004 0.014999999999999999 0 0 1 1 0 -0 -0 1 0 0.048000000000000001
1 28.731999999999999 8.7750000000000004 0 0 0 1 
1 28.588000000000001 8.7750000000000004 0 0 0 1 
1 28.588000000000001 8.7750000000000004 0.014999999999999999 1 0 0 
2 28.588000000000001 8.8230000000000004 0.014999999999999999 0 0 1 1 0 -0 -0 1 0 0.048000000000000001
1 28.539999999999999 8.8230000000000004 0 0 0 1 
1 28.539999999999999 8.9670000000000005 0 0 0 1 
1 28.539999999999999 8.9670000000000005 0.014999999999999999 0 -1 0 
2 28.588000000000001 8.9670000000000005 0.014999999999999999 0 0 1 1 0 -0 -0 1 0 0.048000000000000001
1 28.588000000000001 9.0150000000000006 0 0 0 1 
1 28.731999999999999 9.0150000000000006 0 0 0 1 
1 28.731999999999999 9.0150000000000006 0.014999999999999999 -1 0 0 
2 28.731999999999999 8.9670000000000005 0.014999999999999999 0 0 1 1 0 -0 -0 1 0 0.048000000000000001
1 28.5 9.6850000000000005 0 0 -1 0 
1 28.5 9.4600000000000009 0 1 0 0 
1 28.68 9.4600000000000009 0 0 1 0 
1 28.68 9.6850000000000005 0 -1 0 0 
1 28.5 9.6850000000000005 0 0 0 1 
1 28.5 9.6850000000000005 0.014999999999999999 0 -1 0 
1 28.5 9.4600000000000009 0 0 0 1 
1 28.68 9.6850000000000005 0 0 0 1 
1 28.68 9.6850000000000005 0.014999999999999999 -1 0 0 
1 28.68 9.4600000000000009 0 0 0 1 
1 28.68 9.4600000000000009 0.014999999999999999 0 1 0 
1 28.5 9.4600000000000009 0.014999999999999999 1 0 0 
1 29.484999999999999 8.923 0 0 1 0 
2 29.437000000000001 9.0670000000000002 0 0 0 1 1 0 -0 -0 1 0 0.048000000000000001
1 29.437000000000001 9.1150000000000002 0 -1 0 0 
2 29.292999999999999 9.0670000000000002 0 0 0 1 1 0 -0 -0 1 0 0.048000000000000001
1 29.245000000000001 9.0670000000000002 0 0 -1 0 
2 29.292999999999999 8.923 0 0 0 1 1 0 -0 -0 1 0 0.048000000000000001
1 29.292999999999999 8.875 0 1 0 0 
2 29.437000000000001 8.923 0 0 0 1 1 0 -0 -0 1 0 0.048000000000000001
1 29.484999999999999 8.923 0 0 0 1 
1 29.484999999999999 8.923 0.014999999999999999 0 1 0 
1 29.484999999999999 9.0670000000000002 0 0 0 1 
2 29.437000000000001 8.923 0.014999999999999999 0 0 1 1 0 -0 -0 1 0 0.048000000000000001
1 29.437000000000001 8.875 0 0 0 1 
1 29.292999999999999 8.875 0 0 0 1 
1 29.292999999999999 8.875 0.014999999999999999 1 0 0 
2 29.292999999999999 8.923 0.014999999999999999 0 0 1 1 0 -0 -0 1 0 0.048000000000000001
1 29.245000000000001 8.923 0 0 0 1 
1 29.245000000000001 9.0670000000000002 0 0 0 1 
1 29.245000000000001 9.0670000000000002 0.014999999999999999 0 -1 0 
2 29.292999999999999 9.0670000000000002 0.014999999999999999 0 0 1 1 0 -0 -0 1 0 0.048000000000000001
1 29.292999999999999 9.1150000000000002 0 0 0 1 
1 29.437000000000001 9.1150000000000002 0 0 0 1 
1 29.437000000000001 9.1150000000000002 0.014999999999999999 -1 0 0 
2 29.437000000000001 9.0670000000000002 0.014999999999999999 0 0 1 1 0 -0 -0 1 0 0.048000000000000001
1 29.905000000000001 8.923 0 0 1 0 
2 29.856999999999999 9.0670000000000002 0 0 0 1 1 0 -0 -0 1 0 0.048000000000000001
1 29.856999999999999 9.1150000000000002 0 -1 0 0 
2 29.713000000000001 9.0670000000000002 0 0 0 1 1 0 -0 -0 1 0 0.048000000000000001
1 29.664999999999999 9.0670000000000002 0 0 -1 0 
2 29.713000000000001 8.923 0 0 0 1 1 0 -0 -0 1 0 0.048000000000000001
1 29.713000000000001 8.875 0 1 0 0 
2 29.856999999999999 8.923 0 0 0 1 1 0 -0 -0 1 0 0.048000000000000001
1 29.905000000000001 8.923 0 0 0 1 
1 29.905000000000001 8.923 0.014999999999999999 0 1 0 
1 29.905000000000001 9.0670000000000002 0 0 0 1 
2 29.856999999999999 8.923 0.014999999999999999 0 0 1 1 0 -0 -0 1 0 0.048000000000000001
1 29.856999999999999 8.875 0 0 0 1 
1 29.713000000000001 8.875 0 0 0 1 
1 29.713000000000001 8.875 0.014999999999999999 1 0 0 
2 29.713000000000001 8.923 0.014999999999999999 0 0 1 1 0 -0 -0 1 0 0.048000000000000001
1 29.664999999999999 8.923 0 0 0 1 
1 29.664999999999999 9.0670000000000002 0 0 0 1 
1 29.664999999999999 9.0670000000000002 0.014999999999999999 0 -1 0 
2 29.713000000000001 9.0670000000000002 0.014999999999999999 0 0 1 1 0 -0 -0 1 0 0.048000000000000001
1 29.713000000000001 9.1150000000000002 0 0 0 1 
1 29.856999999999999 9.1150000000000002 0 0 0 1 
1 29.856999999999999 9.1150000000000002 0.014999999999999999 -1 0 0 
2 29.856999999999999 9.0670000000000002 0.014999999999999999 0 0 1 1 0 -0 -0 1 0 0.048000000000000001
1 28.879999999999999 9.6850000000000005 0 0 -1 0 
1 28.879999999999999 9.4600000000000009 0 1 0 0 
1 29.059999999999999 9.4600000000000009 0 0 1 0 
1 29.059999999999999 9.6850000000000005 0 -1 0 0 
1 28.879999999999999 9.6850000000000005 0 0 0 1 
1 28.879999999999999 9.6850000000000005 0.014999999999999999 0 -1 0 
1 28.879999999999999 9.4600000000000009 0 0 0 1 
1 29.059999999999999 9.6850000000000005 0 0 0 1 
1 29.059999999999999 9.6850000000000005 0.014999999999999999 -1 0 0 
1 29.059999999999999 9.4600000000000009 0 0 0 1 
1 29.059999999999999 9.4600000000000009 0.014999999999999999 0 1 0 
1 28.879999999999999 9.4600000000000009 0.014999999999999999 1 0 0 
1 29.260000000000002 9.6850000000000005 0 0 -1 0 
1 29.260000000000002 9.4600000000000009 0 1 0 0 
1 29.440000000000001 9.4600000000000009 0 0 1 0 
1 29.440000000000001 9.6850000000000005 0 -1 0 0 
1 29.260000000000002 9.6850000000000005 0 0 0 1 
1 29.260000000000002 9.6850000000000005 0.014999999999999999 0 -1 0 
1 29.260000000000002 9.4600000000000009 0 0 0 1 
1 29.440000000000001 9.6850000000000005 0 0 0 1 
1 29.440000000000001 9.6850000000000005 0.014999999999999999 -1 0 0 
1 29.440000000000001 9.4600000000000009 0 0 0 1 
1 29.440000000000001 9.4600000000000009 0.014999999999999999 0 1 0 
1 29.260000000000002 9.4600000000000009 0.014999999999999999 1 0 0 
1 25 10 0.40600000000000003 0 -1 0 
1 25 9.3295227248020005 0.40600000000000003 -0 -0 -1 
1 25 10 0.42099999999999999 0 -1 0 
1 25 9.1204772751980006 0.40600000000000003 -0 -0 -1 
2 24.989999999999998 9.2249999999999996 0.40600000000000003 0 0 1 1 0 -0 -0 1 0 0.105
2 24.989999999999998 9.2249999999999996 0.40600000000000003 0 0 1 1 0 -0 -0 1 0 0.105
2 24.989999999999998 9.2249999999999996 0.42099999999999999 0 0 1 1 0 -0 -0 1 0 0.105
1 25.094999999999999 9.2249999999999996 0.40600000000000003 0 0 1 
2 24.989999999999998 9.2249999999999996 0.42099999999999999 0 0 1 1 0 -0 -0 1 0 0.105
2 25.690000000000001 9.9250000000000007 0.40600000000000003 0 0 1 1 0 -0 -0 1 0 0.105
1 30 10 0.40600000000000003 -1 0 0 
2 25.690000000000001 9.9250000000000007 0.40600000000000003 0 0 1 1 0 -0 -0 1 0 0.105
1 25.763484692283001 10 0.40600000000000003 -0 -0 -1 
2 25.690000000000001 9.9250000000000007 0.42099999999999999 0 0 1 1 0 -0 -0 1 0 0.105
1 25.795000000000002 9.9250000000000007 0.40600000000000003 0 0 1 
2 25.690000000000001 9.9250000000000007 0.42099999999999999 0 0 1 1 0 -0 -0 1 0 0.105
1 25.616515307716998 10 0.40600000000000003 -0 -0 -1 
1 30 10 0.42099999999999999 -1 0 0 
2 26.390000000000001 9.9250000000000007 0.40600000000000003 0 0 1 1 0 -0 -0 1 0 0.105
1 30 10 0.40600000000000003 -1 0 0 
2 26.390000000000001 9.9250000000000007 0.40600000000000003 0 0 1 1 0 -0 -0 1 0 0.105
1 26.463484692283 10 0.40600000000000003 -0 -0 -1 
2 26.390000000000001 9.9250000000000007 0.42099999999999999 0 0 1 1 0 -0 -0 1 0 0.105
1 26.495000000000001 9.9250000000000007 0.40600000000000003 0 0 1 
2 26.390000000000001 9.9250000000000007 0.42099999999999999 0 0 1 1 0 -0 -0 1 0 0.105
1 26.316515307717001 10 0.40600000000000003 -0 -0 -1 
1 30 10 0.42099999999999999 -1 0 0 
1 25 10 0.40600000000000003 0 -1 0 
2 24.989999999999998 9.5749999999999993 0.40600000000000003 0 0 1 1 0 -0 -0 1 0 0.105
2 24.989999999999998 9.5749999999999993 0.40600000000000003 0 0 1 1 0 -0 -0 1 0 0.105
1 25 9.6795227248020002 0.40600000000000003 -0 -0 -1 
1 25 10 0.42099999999999999 0 -1 0 
1 25 9.4704772751980002 0.40600000000000003 -0 -0 -1 
2 24.989999999999998 9.5749999999999993 0.42099999999999999 0 0 1 1 0 -0 -0 1 0 0.105
1 25.094999999999999 9.5749999999999993 0.40600000000000003 0 0 1 
2 24.989999999999998 9.5749999999999993 0.42099999999999999 0 0 1 1 0 -0 -0 1 0 0.105
1 25 10 0.40600000000000003 0 -1 0 
2 24.989999999999998 9.9250000000000007 0.40600000000000003 0 0 1 1 0 -0 -0 1 0 0.105
2 24.989999999999998 9.9250000000000007 0.40600000000000003 0 0 1 1 0 -0 -0 1 0 0.105
1 30 10 0.40600000000000003 -1 0 0 
1 25 10 0.40600000000000003 0 0 1 
1 25 10 0.42099999999999999 0 -1 0 
1 25 9.8204772751979998 0.40600000000000003 -0 -0 -1 
1 25.063484692283001 10 0.40600000000000003 -0 -0 -1 
1 30 10 0.42099999999999999 -1 0 0 
2 24.989999999999998 9.9250000000000007 0.42099999999999999 0 0 1 1 0 -0 -0 1 0 0.105
1 25.094999999999999 9.9250000000000007 0.40600000000000003 0 0 1 
2 24.989999999999998 9.9250000000000007 0.42099999999999999 0 0 1 1 0 -0 -0 1 0 0.105
2 25.34 9.9250000000000007 0.40600000000000003 0 0 1 1 0 -0 -0 1 0 0.105
1 30 10 0.40600000000000003 -1 0 0 
2 25.34 9.9250000000000007 0.40600000000000003 0 0 1 1 0 -0 -0 1 0 0.105
1 25.413484692282999 10 0.40600000000000003 -0 -0 -1 
2 25.34 9.9250000000000007 0.42099999999999999 0 0 1 1 0 -0 -0 1 0 0.105
1 25.445 9.9250000000000007 0.40600000000000003 0 0 1 
2 25.34 9.9250000000000007 0.42099999999999999 0 0 1 1 0 -0 -0 1 0 0.105
1 25.266515307717 10 0.40600000000000003 -0 -0 -1 
1 30 10 0.42099999999999999 -1 0 0 
1 28.556999999999999 5.5499999999999998 0.40600000000000003 0 1 0 
2 28.509 5.694 0.40600000000000003 0 0 1 1 0 -0 -0 1 0 0.048000000000000001
1 28.509 5.742 0.40600000000000003 -1 0 0 
2 28.364999999999998 5.694 0.40600000000000003 0 0 1 1 0 -0 -0 1 0 0.048000000000000001
1 28.317 5.694 0.40600000000000003 0 -1 0 
2 28.364999999999998 5.5499999999999998 0.40600000000000003 0 0 1 1 0 -0 -0 1 0 0.048000000000000001
1 28.364999999999998 5.5019999999999998 0.40600000000000003 1 0 0 
2 28.509 5.5499999999999998 0.40600000000000003 0 0 1 1 0 -0 -0 1 0 0.048000000000000001
1 28.556999999999999 5.5499999999999998 0.40600000000000003 0 0 1 
1 28.556999999999999 5.5499999999999998 0.42099999999999999 0 1 0 
1 28.556999999999999 5.694 0.40600000000000003 0 0 1 
2 28.509 5.5499999999999998 0.42099999999999999 0 0 1 1 0 -0 -0 1 0 0.048000000000000001
1 28.509 5.5019999999999998 0.40600000000000003 0 0 1 
1 28.364999999999998 5.5019999999999998 0.40600000000000003 0 0 1 
1 28.364999999999998 5.5019999999999998 0.42099999999999999 1 0 0 
2 28.364999999999998 5.5499999999999998 0.42099999999999999 0 0 1 1 0 -0 -0 1 0 0.048000000000000001
1 28.317 5.5499999999999998 0.40600000000000003 0 0 1 
1 28.317 5.694 0.40600000000000003 0 0 1 
1 28.317 5.694 0.42099999999999999 0 -1 0 
2 28.364999999999998 5.694 0.42099999999999999 0 0 1 1 0 -0 -0 1 0 0.048000000000000001
1 28.364999999999998 5.742 0.40600000000000003 0 0 1 
1 28.509 5.742 0.40600000000000003 0 0 1 
1 28.509 5.742 0.42099999999999999 -1 0 0 
2 28.509 5.694 0.42099999999999999 0 0 1 1 0 -0 -0 1 0 0.048000000000000001
1 28.986999999999998 5.5499999999999998 0.40600000000000003 0 1 0 
2 28.939 5.694 0.40600000000000003 0 0 1 1 0 -0 -0 1 0 0.048000000000000001
1 28.939 5.742 0.40600000000000003 -1 0 0 
2 28.795000000000002 5.694 0.40600000000000003 0 0 1 1 0 -0 -0 1 0 0.048000000000000001
1 28.747 5.694 0.40600000000000003 0 -1 0 
2 28.795000000000002 5.5499999999999998 0.40600000000000003 0 0 1 1 0 -0 -0 1 0 0.048000000000000001
1 28.795000000000002 5.5019999999999998 0.40600000000000003 1 0 0 
2 28.939 5.5499999999999998 0.40600000000000003 0 0 1 1 0 -0 -0 1 0 0.048000000000000001
1 28.986999999999998 5.5499999999999998 0.40600000000000003 0 0 1 
1 28.986999999999998 5.5499999999999998 0.42099999999999999 0 1 0 
1 28.986999999999998 5.694 0.40600000000000003 0 0 1 
2 28.939 5.5499999999999998 0.42099999999999999 0 0 1 1 0 -0 -0 1 0 0.048000000000000001
1 28.939 5.5019999999999998 0.40600000000000003 0 0 1 
1 28.795000000000002 5.5019999999999998 0.40600000000000003 0 0 1 
1 28.795000000000002 5.5019999999999998 0.42099999999999999 1 0 0 
2 28.795000000000002 5.5499999999999998 0.42099999999999999 0 0 1 1 0 -0 -0 1 0 0.048000000000000001
1 28.747 5.5499999999999998 0.40600000000000003 0 0 1 
1 28.747 5.694 0.40600000000000003 0 0 1 
1 28.747 5.694 0.42099999999999999 0 -1 0 
2 28.795000000000002 5.694 0.42099999999999999 0 0 1 1 0 -0 -0 1 0 0.048000000000000001
1 28.795000000000002 5.742 0.40600000000000003 0 0 1 
1 28.939 5.742 0.40600000000000003 0 0 1 
1 28.939 5.742 0.42099999999999999 -1 0 0 
2 28.939 5.694 0.42099999999999999 0 0 1 1 0 -0 -0 1 0 0.048000000000000001
1 29.457000000000001 5.54 0.40600000000000003 0 1 0 
2 29.408999999999999 5.6840000000000002 0.40600000000000003 0 0 1 1 0 -0 -0 1 0 0.048000000000000001
1 29.408999999999999 5.7320000000000002 0.40600000000000003 -1 0 0 
2 29.265000000000001 5.6840000000000002 0.40600000000000003 0 0 1 1 0 -0 -0 1 0 0.048000000000000001
1 29.216999999999999 5.6840000000000002 0.40600000000000003 0 -1 0 
2 29.265000000000001 5.54 0.40600000000000003 0 0 1 1 0 -0 -0 1 0 0.048000000000000001
1 29.265000000000001 5.492 0.40600000000000003 1 0 0 
2 29.408999999999999 5.54 0.40600000000000003 0 0 1 1 0 -0 -0 1 0 0.048000000000000001
1 29.457000000000001 5.54 0.40600000000000003 0 0 1 
1 29.457000000000001 5.54 0.42099999999999999 0 1 0 
1 29.457000000000001 5.6840000000000002 0.40600000000000003 0 0 1 
2 29.408999999999999 5.54 0.42099999999999999 0 0 1 1 0 -0 -0 1 0 0.048000000000000001
1 29.408999999999999 5.492 0.40600000000000003 0 0 1 
1 29.265000000000001 5.492 0.40600000000000003 0 0 1 
1 29.265000000000001 5.492 0.42099999999999999 1 0 0 
2 29.265000000000001 5.54 0.42099999999999999 0 0 1 1 0 -0 -0 1 0 0.048000000000000001
1 29.216999999999999 5.54 0.40600000000000003 0 0 1 
1 29.216999999999999 5.6840000000000002 0.40600000000000003 0 0 1 
1 29.216999999999999 5.6840000000000002 0.42099999999999999 0 -1 0 
2 29.265000000000001 5.6840000000000002 0.42099999999999999 0 0 1 1 0 -0 -0 1 0 0.048000000000000001
1 29.265000000000001 5.7320000000000002 0.40600000000000003 0 0 1 
1 29.408999999999999 5.7320000000000002 0.40600000000000003 0 0 1 
1 29.408999999999999 5.7320000000000002 0.42099999999999999 -1 0 0 
2 29.408999999999999 5.6840000000000002 0.42099999999999999 0 0 1 1 0 -0 -0 1 0 0.048000000000000001
1 29.876999999999999 5.54 0.40600000000000003 0 1 0 
2 29.829000000000001 5.6840000000000002 0.40600000000000003 0 0 1 1 0 -0 -0 1 0 0.048000000000000001
1 29.829000000000001 5.7320000000000002 0.40600000000000003 -1 0 0 
2 29.684999999999999 5.6840000000000002 0.40600000000000003 0 0 1 1 0 -0 -0 1 0 0.048000000000000001
1 29.637 5.6840000000000002 0.40600000000000003 0 -1 0 
2 29.684999999999999 5.54 0.40600000000000003 0 0 1 1 0 -0 -0 1 0 0.048000000000000001
1 29.684999999999999 5.492 0.40600000000000003 1 0 0 
2 29.829000000000001 5.54 0.40600000000000003 0 0 1 1 0 -0 -0 1 0 0.048000000000000001
1 29.876999999999999 5.54 0.40600000000000003 0 0 1 
1 29.876999999999999 5.54 0.42099999999999999 0 1 0 
1 29.876999999999999 5.6840000000000002 0.40600000000000003 0 0 1 
2 29.829000000000001 5.54 0.42099999999999999 0 0 1 1 0 -0 -0 1 0 0.048000000000000001
1 29.829000000000001 5.492 0.40600000000000003 0 0 1 
1 29.684999999999999 5.492 0.40600000000000003 0 0 1 
1 29.684999999999999 5.492 0.42099999999999999 1 0 0 
2 29.684999999999999 5.54 0.42099999999999999 0 0 1 1 0 -0 -0 1 0 0.048000000000000001
1 29.637 5.54 0.40600000000000003 0 0 1 
1 29.637 5.6840000000000002 0.40600000000000003 0 0 1 
1 29.637 5.6840000000000002 0.42099999999999999 0 -1 0 
2 29.684999999999999 5.6840000000000002 0.42099999999999999 0 0 1 1 0 -0 -0 1 0 0.048000000000000001
1 29.684999999999999 5.7320000000000002 0.40600000000000003 0 0 1 
1 29.829000000000001 5.7320000000000002 0.40600000000000003 0 0 1 
1 29.829000000000001 5.7320000000000002 0.42099999999999999 -1 0 0 
2 29.829000000000001 5.6840000000000002 0.42099999999999999 0 0 1 1 0 -0 -0 1 0 0.048000000000000001
1 25.32 7.9299999999999997 0.40600000000000003 0 -1 0 
1 25.32 7.3799999999999999 0.40600000000000003 1 0 0 
1 25.940000000000001 7.3799999999999999 0.40600000000000003 0 1 0 
1 25.940000000000001 7.9299999999999997 0.40600000000000003 -1 0 0 
1 25.32 7.9299999999999997 0.40600000000000003 0 0 1 
1 25.32 7.9299999999999997 0.42099999999999999 0 -1 0 
1 25.32 7.3799999999999999 0.40600000000000003 0 0 1 
1 25.940000000000001 7.9299999999999997 0.40600000000000003 0 0 1 
1 25.940000000000001 7.9299999999999997 0.42099999999999999 -1 0 0 
1 25.940000000000001 7.3799999999999999 0.40600000000000003 0 0 1 
1 25.940000000000001 7.3799999999999999 0.42099999999999999 0 1 0 
1 25.32 7.3799999999999999 0.42099999999999999 1 0 0 
1 25.32 8.7400000000000002 0.40600000000000003 0 -1 0 
1 25.32 8.1899999999999995 0.40600000000000003 1 0 0 
1 25.940000000000001 8.1899999999999995 0.40600000000000003 0 1 0 
1 25.940000000000001 8.7400000000000002 0.40600000000000003 -1 0 0 
1 25.32 8.7400000000000002 0.40600000000000003 0 0 1 
1 25.32 8.7400000000000002 0.42099999999999999 0 -1 0 
1 25.32 8.1899999999999995 0.40600000000000003 0 0 1 
1 25.940000000000001 8.7400000000000002 0.40600000000000003 0 0 1 
1 25.940000000000001 8.7400000000000002 0.42099999999999999 -1 0 0 
1 25.940000000000001 8.1899999999999995 0.40600000000000003 0 0 1 
1 25.940000000000001 8.1899999999999995 0.42099999999999999 0 1 0 
1 25.32 8.1899999999999995 0.42099999999999999 1 0 0 
1 26.260000000000002 7.9299999999999997 0.40600000000000003 0 -1 0 
1 26.260000000000002 7.3799999999999999 0.40600000000000003 1 0 0 
1 26.879999999999999 7.3799999999999999 0.40600000000000003 0 1 0 
1 26.879999999999999 7.9299999999999997 0.40600000000000003 -1 0 0 
1 26.260000000000002 7.9299999999999997 0.40600000000000003 0 0 1 
1 26.260000000000002 7.9299999999999997 0.42099999999999999 0 -1 0 
1 26.260000000000002 7.3799999999999999 0.40600000000000003 0 0 1 
1 26.879999999999999 7.9299999999999997 0.40600000000000003 0 0 1 
1 26.879999999999999 7.9299999999999997 0.42099999999999999 -1 0 0 
1 26.879999999999999 7.3799999999999999 0.40600000000000003 0 0 1 
1 26.879999999999999 7.3799999999999999 0.42099999999999999 0 1 0 
1 26.260000000000002 7.3799999999999999 0.42099999999999999 1 0 0 
1 26.260000000000002 8.7400000000000002 0.40600000000000003 0 -1 0 
1 26.260000000000002 8.1899999999999995 0.40600000000000003 1 0 0 
1 26.879999999999999 8.1899999999999995 0.40600000000000003 0 1 0 
1 26.879999999999999 8.7400000000000002 0.40600000000000003 -1 0 0 
1 26.260000000000002 8.7400000000000002 0.40600000000000003 0 0 1 
1 26.260000000000002 8.7400000000000002 0.42099999999999999 0 -1 0 
1 26.260000000000002 8.1899999999999995 0.40600000000000003 0 0 1 
1 26.879999999999999 8.7400000000000002 0.40600000000000003 0 0 1 
1 26.879999999999999 8.7400000000000002 0.42099999999999999 -1 0 0 
1 26.879999999999999 8.1899999999999995 0.40600000000000003 0 0 1 
1 26.879999999999999 8.1899999999999995 0.42099999999999999 0 1 0 
1 26.260000000000002 8.1899999999999995 0.42099999999999999 1 0 0 
2 25.34 9.2249999999999996 0.40600000000000003 0 0 1 1 0 -0 -0 1 0 0.105
1 25.445 9.2249999999999996 0.40600000000000003 0 0 1 
2 25.34 9.2249999999999996 0.42099999999999999 0 0 1 1 0 -0 -0 1 0 0.105
2 25.690000000000001 9.2249999999999996 0.40600000000000003 0 0 1 1 0 -0 -0 1 0 0.105
1 25.795000000000002 9.2249999999999996 0.40600000000000003 0 0 1 
2 25.690000000000001 9.2249999999999996 0.42099999999999999 0 0 1 1 0 -0 -0 1 0 0.105
2 26.039999999999999 9.2249999999999996 0.40600000000000003 0 0 1 1 0 -0 -0 1 0 0.105
1 26.145 9.2249999999999996 0.40600000000000003 0 0 1 
2 26.039999999999999 9.2249999999999996 0.42099999999999999 0 0 1 1 0 -0 -0 1 0 0.105
2 26.390000000000001 9.2249999999999996 0.40600000000000003 0 0 1 1 0 -0 -0 1 0 0.105
1 26.495000000000001 9.2249999999999996 0.40600000000000003 0 0 1 
2 26.390000000000001 9.2249999999999996 0.42099999999999999 0 0 1 1 0 -0 -0 1 0 0.105
2 25.34 9.5749999999999993 0.40600000000000003 0 0 1 1 0 -0 -0 1 0 0.105
1 25.445 9.5749999999999993 0.40600000000000003 0 0 1 
2 25.34 9.5749999999999993 0.42099999999999999 0 0 1 1 0 -0 -0 1 0 0.105
2 25.690000000000001 9.5749999999999993 0.40600000000000003 0 0 1 1 0 -0 -0 1 0 0.105
1 25.795000000000002 9.5749999999999993 0.40600000000000003 0 0 1 
2 25.690000000000001 9.5749999999999993 0.42099999999999999 0 0 1 1 0 -0 -0 1 0 0.105
2 26.039999999999999 9.5749999999999993 0.40600000000000003 0 0 1 1 0 -0 -0 1 0 0.105
1 26.145 9.5749999999999993 0.40600000000000003 0 0 1 
2 26.039999999999999 9.5749999999999993 0.42099999999999999 0 0 1 1 0 -0 -0 1 0 0.105
2 26.390000000000001 9.5749999999999993 0.40600000000000003 0 0 1 1 0 -0 -0 1 0 0.105
1 26.495000000000001 9.5749999999999993 0.40600000000000003 0 0 1 
2 26.390000000000001 9.5749999999999993 0.42099999999999999 0 0 1 1 0 -0 -0 1 0 0.105
1 27.41 8.7479999999999993 0.40600000000000003 0 1 0 
2 27.361999999999998 8.8919999999999995 0.40600000000000003 0 0 1 1 0 -0 -0 1 0 0.048000000000000001
1 27.361999999999998 8.9399999999999995 0.40600000000000003 -1 0 0 
2 27.218 8.8919999999999995 0.40600000000000003 0 0 1 1 0 -0 -0 1 0 0.048000000000000001
1 27.170000000000002 8.8919999999999995 0.40600000000000003 0 -1 0 
2 27.218 8.7479999999999993 0.40600000000000003 0 0 1 1 0 -0 -0 1 0 0.048000000000000001
1 27.218 8.6999999999999993 0.40600000000000003 1 0 0 
2 27.361999999999998 8.7479999999999993 0.40600000000000003 0 0 1 1 0 -0 -0 1 0 0.048000000000000001
1 27.41 8.7479999999999993 0.40600000000000003 0 0 1 
1 27.41 8.7479999999999993 0.42099999999999999 0 1 0 
1 27.41 8.8919999999999995 0.40600000000000003 0 0 1 
2 27.361999999999998 8.7479999999999993 0.42099999999999999 0 0 1 1 0 -0 -0 1 0 0.048000000000000001
1 27.361999999999998 8.6999999999999993 0.40600000000000003 0 0 1 
1 27.218 8.6999999999999993 0.40600000000000003 0 0 1 
1 27.218 8.6999999999999993 0.42099999999999999 1 0 0 
2 27.218 8.7479999999999993 0.42099999999999999 0 0 1 1 0 -0 -0 1 0 0.048000000000000001
1 27.170000000000002 8.7479999999999993 0.40600000000000003 0 0 1 
1 27.170000000000002 8.8919999999999995 0.40600000000000003 0 0 1 
1 27.170000000000002 8.8919999999999995 0.42099999999999999 0 -1 0 
2 27.218 8.8919999999999995 0.42099999999999999 0 0 1 1 0 -0 -0 1 0 0.048000000000000001
1 27.218 8.9399999999999995 0.40600000000000003 0 0 1 
1 27.361999999999998 8.9399999999999995 0.40600000000000003 0 0 1 
1 27.361999999999998 8.9399999999999995 0.42099999999999999 -1 0 0 
2 27.361999999999998 8.8919999999999995 0.42099999999999999 0 0 1 1 0 -0 -0 1 0 0.048000000000000001
1 26.91 9.3949999999999996 0.40600000000000003 0 -1 0 
1 26.91 9.2249999999999996 0.40600000000000003 1 0 0 
1 27.260000000000002 9.2249999999999996 0.40600000000000003 0 1 0 
1 27.260000000000002 9.3949999999999996 0.40600000000000003 -1 0 0 
1 26.91 9.3949999999999996 0.40600000000000003 0 0 1 
1 26.91 9.3949999999999996 0.42099999999999999 0 -1 0 
1 26.91 9.2249999999999996 0.40600000000000003 0 0 1 
1 27.260000000000002 9.3949999999999996 0.40600000000000003 0 0 1 
1 27.260000000000002 9.3949999999999996 0.42099999999999999 -1 0 0 
1 27.260000000000002 9.2249999999999996 0.40600000000000003 0 0 1 
1 27.260000000000002 9.2249999999999996 0.42099999999999999 0 1 0 
1 26.91 9.2249999999999996 0.42099999999999999 1 0 0 
1 26.91 9.7949999999999999 0.40600000000000003 0 -1 0 
1 26.91 9.625 0.40600000000000003 1 0 0 
1 27.260000000000002 9.625 0.40600000000000003 0 1 0 
1 27.260000000000002 9.7949999999999999 0.40600000000000003 -1 0 0 
1 26.91 9.7949999999999999 0.40600000000000003 0 0 1 
1 26.91 9.7949999999999999 0.42099999999999999 0 -1 0 
1 26.91 9.625 0.40600000000000003 0 0 1 
1 27.260000000000002 9.7949999999999999 0.40600000000000003 0 0 1 
1 27.260000000000002 9.7949999999999999 0.42099999999999999 -1 0 0 
1 27.260000000000002 9.625 0.40600000000000003 0 0 1 
1 27.260000000000002 9.625 0.42099999999999999 0 1 0 
1 26.91 9.625 0.42099999999999999 1 0 0 
1 27.829999999999998 8.7479999999999993 0.40600000000000003 0 1 0 
2 27.782 8.8919999999999995 0.40600000000000003 0 0 1 1 0 -0 -0 1 0 0.048000000000000001
1 27.782 8.9399999999999995 0.40600000000000003 -1 0 0 
2 27.638000000000002 8.8919999999999995 0.40600000000000003 0 0 1 1 0 -0 -0 1 0 0.048000000000000001
1 27.59 8.8919999999999995 0.40600000000000003 0 -1 0 
2 27.638000000000002 8.7479999999999993 0.40600000000000003 0 0 1 1 0 -0 -0 1 0 0.048000000000000001
1 27.638000000000002 8.6999999999999993 0.40600000000000003 1 0 0 
2 27.782 8.7479999999999993 0.40600000000000003 0 0 1 1 0 -0 -0 1 0 0.048000000000000001
1 27.829999999999998 8.7479999999999993 0.40600000000000003 0 0 1 
1 27.829999999999998 8.7479999999999993 0.42099999999999999 0 1 0 
1 27.829999999999998 8.8919999999999995 0.40600000000000003 0 0 1 
2 27.782 8.7479999999999993 0.42099999999999999 0 0 1 1 0 -0 -0 1 0 0.048000000000000001
1 27.782 8.6999999999999993 0.40600000000000003 0 0 1 
1 27.638000000000002 8.6999999999999993 0.40600000000000003 0 0 1 
1 27.638000000000002 8.6999999999999993 0.42099999999999999 1 0 0 
2 27.638000000000002 8.7479999999999993 0.42099999999999999 0 0 1 1 0 -0 -0 1 0 0.048000000000000001
1 27.59 8.7479999999999993 0.40600000000000003 0 0 1 
1 27.59 8.8919999999999995 0.40600000000000003 0 0 1 
1 27.59 8.8919999999999995 0.42099999999999999 0 -1 0 
2 27.638000000000002 8.8919999999999995 0.42099999999999999 0 0 1 1 0 -0 -0 1 0 0.048000000000000001
1 27.638000000000002 8.9399999999999995 0.40600000000000003 0 0 1 
1 27.782 8.9399999999999995 0.40600000000000003 0 0 1 
1 27.782 8.9399999999999995 0.42099999999999999 -1 0 0 
2 27.782 8.8919999999999995 0.42099999999999999 0 0 1 1 0 -0 -0 1 0 0.048000000000000001
1 28.059999999999999 9.1850000000000005 0.40600000000000003 0 -1 0 
1 28.059999999999999 8.9600000000000009 0.40600000000000003 1 0 0 
1 28.239999999999998 8.9600000000000009 0.40600000000000003 0 1 0 
1 28.239999999999998 9.1850000000000005 0.40600000000000003 -1 0 0 
1 28.059999999999999 9.1850000000000005 0.40600000000000003 0 0 1 
1 28.059999999999999 9.1850000000000005 0.42099999999999999 0 -1 0 
1 28.059999999999999 8.9600000000000009 0.40600000000000003 0 0 1 
1 28.239999999999998 9.1850000000000005 0.40600000000000003 0 0 1 
1 28.239999999999998 9.1850000000000005 0.42099999999999999 -1 0 0 
1 28.239999999999998 8.9600000000000009 0.40600000000000003 0 0 1 
1 28.239999999999998 8.9600000000000009 0.42099999999999999 0 1 0 
1 28.059999999999999 8.9600000000000009 0.42099999999999999 1 0 0 
1 28.440000000000001 9.1850000000000005 0.40600000000000003 0 -1 0 
1 28.440000000000001 8.9600000000000009 0.40600000000000003 1 0 0 
1 28.620000000000001 8.9600000000000009 0.40600000000000003 0 1 0 
1 28.620000000000001 9.1850000000000005 0.40600000000000003 -1 0 0 
1 28.440000000000001 9.1850000000000005 0.40600000000000003 0 0 1 
1 28.440000000000001 9.1850000000000005 0.42099999999999999 0 -1 0 
1 28.440000000000001 8.9600000000000009 0.40600000000000003 0 0 1 
1 28.620000000000001 9.1850000000000005 0.40600000000000003 0 0 1 
1 28.620000000000001 9.1850000000000005 0.42099999999999999 -1 0 0 
1 28.620000000000001 8.9600000000000009 0.40600000000000003 0 0 1 
1 28.620000000000001 8.9600000000000009 0.42099999999999999 0 1 0 
1 28.440000000000001 8.9600000000000009 0.42099999999999999 1 0 0 
1 27.460000000000001 9.3949999999999996 0.40600000000000003 0 -1 0 
1 27.460000000000001 9.2249999999999996 0.40600000000000003 1 0 0 
1 27.809999999999999 9.2249999999999996 0.40600000000000003 0 1 0 
1 27.809999999999999 9.3949999999999996 0.40600000000000003 -1 0 0 
1 27.460000000000001 9.3949999999999996 0.40600000000000003 0 0 1 
1 27.460000000000001 9.3949999999999996 0.42099999999999999 0 -1 0 
1 27.460000000000001 9.2249999999999996 0.40600000000000003 0 0 1 
1 27.809999999999999 9.3949999999999996 0.40600000000000003 0 0 1 
1 27.809999999999999 9.3949999999999996 0.42099999999999999 -1 0 0 
1 27.809999999999999 9.2249999999999996 0.40600000000000003 0 0 1 
1 27.809999999999999 9.2249999999999996 0.42099999999999999 0 1 0 
1 27.460000000000001 9.2249999999999996 0.42099999999999999 1 0 0 
1 27.460000000000001 9.7949999999999999 0.40600000000000003 0 -1 0 
1 27.460000000000001 9.625 0.40600000000000003 1 0 0 
1 27.809999999999999 9.625 0.40600000000000003 0 1 0 
1 27.809999999999999 9.7949999999999999 0.40600000000000003 -1 0 0 
1 27.460000000000001 9.7949999999999999 0.40600000000000003 0 0 1 
1 27.460000000000001 9.7949999999999999 0.42099999999999999 0 -1 0 
1 27.460000000000001 9.625 0.40600000000000003 0 0 1 
1 27.809999999999999 9.7949999999999999 0.40600000000000003 0 0 1 
1 27.809999999999999 9.7949999999999999 0.42099999999999999 -1 0 0 
1 27.809999999999999 9.625 0.40600000000000003 0 0 1 
1 27.809999999999999 9.625 0.42099999999999999 0 1 0 
1 27.460000000000001 9.625 0.42099999999999999 1 0 0 
1 28.059999999999999 9.5600000000000005 0.40600000000000003 0 -1 0 
1 28.059999999999999 9.3350000000000009 0.40600000000000003 1 0 0 
1 28.239999999999998 9.3350000000000009 0.40600000000000003 0 1 0 
1 28.239999999999998 9.5600000000000005 0.40600000000000003 -1 0 0 
1 28.059999999999999 9.5600000000000005 0.40600000000000003 0 0 1 
1 28.059999999999999 9.5600000000000005 0.42099999999999999 0 -1 0 
1 28.059999999999999 9.3350000000000009 0.40600000000000003 0 0 1 
1 28.239999999999998 9.5600000000000005 0.40600000000000003 0 0 1 
1 28.239999999999998 9.5600000000000005 0.42099999999999999 -1 0 0 
1 28.239999999999998 9.3350000000000009 0.40600000000000003 0 0 1 
1 28.239999999999998 9.3350000000000009 0.42099999999999999 0 1 0 
1 28.059999999999999 9.3350000000000009 0.42099999999999999 1 0 0 
1 28.440000000000001 9.5600000000000005 0.40600000000000003 0 -1 0 
1 28.440000000000001 9.3350000000000009 0.40600000000000003 1 0 0 
1 28.620000000000001 9.3350000000000009 0.40600000000000003 0 1 0 
1 28.620000000000001 9.5600000000000005 0.40600000000000003 -1 0 0 
1 28.440000000000001 9.5600000000000005 0.40600000000000003 0 0 1 
1 28.440000000000001 9.5600000000000005 0.42099999999999999 0 -1 0 
1 28.440000000000001 9.3350000000000009 0.40600000000000003 0 0 1 
1 28.620000000000001 9.5600000000000005 0.40600000000000003 0 0 1 
1 28.620000000000001 9.5600000000000005 0.42099999999999999 -1 0 0 
1 28.620000000000001 9.3350000000000009 0.40600000000000003 0 0 1 
1 28.620000000000001 9.3350000000000009 0.42099999999999999 0 1 0 
1 28.440000000000001 9.3350000000000009 0.42099999999999999 1 0 0 
1 28.82 9.1850000000000005 0.40600000000000003 0 -1 0 
1 28.82 8.9600000000000009 0.40600000000000003 1 0 0 
1 29 8.9600000000000009 0.40600000000000003 0 1 0 
1 29 9.1850000000000005 0.40600000000000003 -1 0 0 
1 28.82 9.1850000000000005 0.40600000000000003 0 0 1 
1 28.82 9.1850000000000005 0.42099999999999999 0 -1 0 
1 28.82 8.9600000000000009 0.40600000000000003 0 0 1 
1 29 9.1850000000000005 0.40600000000000003 0 0 1 
1 29 9.1850000000000005 0.42099999999999999 -1 0 0 
1 29 8.9600000000000009 0.40600000000000003 0 0 1 
1 29 8.9600000000000009 0.42099999999999999 0 1 0 
1 28.82 8.9600000000000009 0.42099999999999999 1 0 0 
1 28.82 9.5600000000000005 0.40600000000000003 0 -1 0 
1 28.82 9.3350000000000009 0.40600000000000003 1 0 0 
1 29 9.3350000000000009 0.40600000000000003 0 1 0 
1 29 9.5600000000000005 0.40600000000000003 -1 0 0 
1 28.82 9.5600000000000005 0.40600000000000003 0 0 1 
1 28.82 9.5600000000000005 0.42099999999999999 0 -1 0 
1 28.82 9.3350000000000009 0.40600000000000003 0 0 1 
1 29 9.5600000000000005 0.40600000000000003 0 0 1 
1 29 9.5600000000000005 0.42099999999999999 -1 0 0 
1 29 9.3350000000000009 0.40600000000000003 0 0 1 
1 29 9.3350000000000009 0.42099999999999999 0 1 0 
1 28.82 9.3350000000000009 0.42099999999999999 1 0 0 
Polygon3D 0
PolygonOnTriangulations 0
Surfaces 575
1 30 5 0 -1 0 0 0 1 0 0 0 -1 
1 27.5 7.5 0 0 0 1 1 0 -0 -0 1 0 
1 29.77 5.4900000000000002 0 0 1 0 1 0 0 0 0 -1 
1 27.5 7.5 0.014999999999999999 0 0 1 1 0 -0 -0 1 0 
1 30.170000000000002 5.6600000000000001 0 0 -1 0 -1 0 0 -0 -0 -1 
1 29.77 5.6600000000000001 0 0 -1 0 -1 0 0 -0 -0 -1 
1 29.370000000000001 5.6600000000000001 0 1 0 -0 0 -1 0 0 -0 -1 
1 29.370000000000001 5.4900000000000002 0 0 1 0 1 0 0 0 0 -1 
1 27.5 7.5 0 0 0 1 1 0 -0 -0 1 0 
1 30 10 0 0 -1 0 -1 0 0 -0 -0 -1 
1 28.879999999999999 10.06 0 1 0 -0 0 -1 0 0 -0 -1 
1 28.879999999999999 9.8350000000000009 0 0 1 0 1 0 0 0 0 -1 
1 29.059999999999999 9.8350000000000009 0 -1 0 0 0 1 0 0 0 -1 
1 27.5 7.5 0.014999999999999999 0 0 1 1 0 -0 -0 1 0 
1 27.5 7.5 0 0 0 1 1 0 -0 -0 1 0 
1 30 10 0 0 -1 0 -1 0 0 -0 -0 -1 
1 28.5 10.06 0 1 0 -0 0 -1 0 0 -0 -1 
1 28.5 9.8350000000000009 0 0 1 0 1 0 0 0 0 -1 
1 28.68 9.8350000000000009 0 -1 0 0 0 1 0 0 0 -1 
1 27.5 7.5 0.014999999999999999 0 0 1 1 0 -0 -0 1 0 
1 27.5 7.5 0 0 0 1 1 0 -0 -0 1 0 
1 30 10 0 0 -1 0 -1 0 0 -0 -0 -1 
1 29.260000000000002 10.06 0 1 0 -0 0 -1 0 0 -0 -1 
1 29.260000000000002 9.8350000000000009 0 0 1 0 1 0 0 0 0 -1 
1 29.440000000000001 9.8350000000000009 0 -1 0 0 0 1 0 0 0 -1 
1 27.5 7.5 0.014999999999999999 0 0 1 1 0 -0 -0 1 0 
1 27.5 7.5 0 0 0 1 1 0 -0 -0 1 0 
1 29.978000000000002 6.6600000000000001 0 0 1 0 1 0 0 0 0 -1 
1 30 5 0 -1 0 0 0 1 0 0 0 -1 
1 30.122 6.9000000000000004 0 0 -1 0 -1 0 0 -0 -0 -1 
2 29.978000000000002 6.8520000000000003 0 -0 -0 -1 1 0 -0 0 -1 0 0.048000000000000001
1 29.93 6.8520000000000003 0 1 0 -0 0 -1 0 0 -0 -1 
2 29.978000000000002 6.7080000000000002 0 -0 -0 -1 1 0 -0 0 -1 0 0.048000000000000001
1 27.5 7.5 0.014999999999999999 0 0 1 1 0 -0 -0 1 0 
1 27.5 7.5 0 0 0 1 1 0 -0 -0 1 0 
1 29.77 6.0899999999999999 0 0 1 0 1 0 0 0 0 -1 
1 30 5 0 -1 0 0 0 1 0 0 0 -1 
1 30.170000000000002 6.2599999999999998 0 0 -1 0 -1 0 0 -0 -0 -1 
1 29.77 6.2599999999999998 0 0 -1 0 -1 0 0 -0 -0 -1 
1 29.370000000000001 6.2599999999999998 0 1 0 -0 0 -1 0 0 -0 -1 
1 29.370000000000001 6.0899999999999999 0 0 1 0 1 0 0 0 0 -1 
1 27.5 7.5 0.014999999999999999 0 0 1 1 0 -0 -0 1 0 
1 27.5 7.5 0 0 0 1 1 0 -0 -0 1 0 
1 25.106000000000002 6.4749999999999996 0 1 0 -0 0 -1 0 0 -0 -1 
1 25.106000000000002 6.1749999999999998 0 0 1 0 1 0 0 0 0 -1 
1 25.306000000000001 6.1749999999999998 0 -1 0 0 0 1 0 0 0 -1 
1 25.306000000000001 6.4749999999999996 0 0 -1 0 -1 0 0 -0 -0 -1 
1 27.5 7.5 0.014999999999999999 0 0 1 1 0 -0 -0 1 0 
1 27.5 7.5 0 0 0 1 1 0 -0 -0 1 0 
1 25.581 6.5250000000000004 0 1 0 -0 0 -1 0 0 -0 -1 
1 25.581 6.1749999999999998 0 0 1 0 1 0 0 0 0 -1 
1 25.780999999999999 6.1749999999999998 0 -1 0 0 0 1 0 0 0 -1 
1 25.780999999999999 6.5250000000000004 0 0 -1 0 -1 0 0 -0 -0 -1 
1 27.5 7.5 0.014999999999999999 0 0 1 1 0 -0 -0 1 0 
1 27.5 7.5 0 0 0 1 1 0 -0 -0 1 0 
1 26.056000000000001 6.5250000000000004 0 1 0 -0 0 -1 0 0 -0 -1 
1 26.056000000000001 6.1749999999999998 0 0 1 0 1 0 0 0 0 -1 
1 26.256 6.1749999999999998 0 -1 0 0 0 1 0 0 0 -1 
1 26.256 6.5250000000000004 0 0 -1 0 -1 0 0 -0 -0 -1 
1 27.5 7.5 0.014999999999999999 0 0 1 1 0 -0 -0 1 0 
1 27.5 7.5 0 0 0 1 1 0 -0 -0 1 0 
1 26.530999999999999 6.5250000000000004 0 1 0 -0 0 -1 0 0 -0 -1 
1 26.530999999999999 6.1749999999999998 0 0 1 0 1 0 0 0 0 -1 
1 26.731000000000002 6.1749999999999998 0 -1 0 0 0 1 0 0 0 -1 
1 26.731000000000002 6.5250000000000004 0 0 -1 0 -1 0 0 -0 -0 -1 
1 27.5 7.5 0.014999999999999999 0 0 1 1 0 -0 -0 1 0 
1 27.5 7.5 0 0 0 1 1 0 -0 -0 1 0 
1 27.006 6.4749999999999996 0 1 0 -0 0 -1 0 0 -0 -1 
1 27.006 6.1749999999999998 0 0 1 0 1 0 0 0 0 -1 
1 27.206 6.1749999999999998 0 -1 0 0 0 1 0 0 0 -1 
1 27.206 6.4749999999999996 0 0 -1 0 -1 0 0 -0 -0 -1 
1 27.5 7.5 0.014999999999999999 0 0 1 1 0 -0 -0 1 0 
1 27.5 7.5 0 0 0 1 1 0 -0 -0 1 0 
1 28.760000000000002 5.3979999999999997 0 -1 0 0 0 1 0 0 0 -1 
2 28.712 5.5419999999999998 0 -0 -0 -1 1 0 -0 0 -1 0 0.048000000000000001
1 28.712 5.5899999999999999 0 0 -1 0 -1 0 0 -0 -0 -1 
2 28.568000000000001 5.5419999999999998 0 -0 -0 -1 1 0 -0 0 -1 0 0.048000000000000001
1 28.52 5.5419999999999998 0 1 0 -0 0 -1 0 0 -0 -1 
2 28.568000000000001 5.3979999999999997 0 -0 -0 -1 1 0 -0 0 -1 0 0.048000000000000001
1 28.568000000000001 5.3499999999999996 0 0 1 0 1 0 0 0 0 -1 
2 28.712 5.3979999999999997 0 -0 -0 -1 1 0 -0 0 -1 0 0.048000000000000001
1 27.5 7.5 0.014999999999999999 0 0 1 1 0 -0 -0 1 0 
1 27.5 7.5 0 0 0 1 1 0 -0 -0 1 0 
1 27.481000000000002 6.4749999999999996 0 1 0 -0 0 -1 0 0 -0 -1 
1 27.481000000000002 6.1749999999999998 0 0 1 0 1 0 0 0 0 -1 
1 27.681000000000001 6.1749999999999998 0 -1 0 0 0 1 0 0 0 -1 
1 27.681000000000001 6.4749999999999996 0 0 -1 0 -1 0 0 -0 -0 -1 
1 27.5 7.5 0.014999999999999999 0 0 1 1 0 -0 -0 1 0 
1 27.5 7.5 0 0 0 1 1 0 -0 -0 1 0 
1 28.760000000000002 5.8680000000000003 0 -1 0 0 0 1 0 0 0 -1 
2 28.712 6.0119999999999996 0 -0 -0 -1 1 0 -0 0 -1 0 0.048000000000000001
1 28.712 6.0599999999999996 0 0 -1 0 -1 0 0 -0 -0 -1 
2 28.568000000000001 6.0119999999999996 0 -0 -0 -1 1 0 -0 0 -1 0 0.048000000000000001
1 28.52 6.0119999999999996 0 1 0 -0 0 -1 0 0 -0 -1 
2 28.568000000000001 5.8680000000000003 0 -0 -0 -1 1 0 -0 0 -1 0 0.048000000000000001
1 28.568000000000001 5.8200000000000003 0 0 1 0 1 0 0 0 0 -1 
2 28.712 5.8680000000000003 0 -0 -0 -1 1 0 -0 0 -1 0 0.048000000000000001
1 27.5 7.5 0.014999999999999999 0 0 1 1 0 -0 -0 1 0 
1 27.5 7.5 0 0 0 1 1 0 -0 -0 1 0 
1 28.760000000000002 6.3380000000000001 0 -1 0 0 0 1 0 0 0 -1 
2 28.712 6.4820000000000002 0 -0 -0 -1 1 0 -0 0 -1 0 0.048000000000000001
1 28.712 6.5300000000000002 0 0 -1 0 -1 0 0 -0 -0 -1 
2 28.568000000000001 6.4820000000000002 0 -0 -0 -1 1 0 -0 0 -1 0 0.048000000000000001
1 28.52 6.4820000000000002 0 1 0 -0 0 -1 0 0 -0 -1 
2 28.568000000000001 6.3380000000000001 0 -0 -0 -1 1 0 -0 0 -1 0 0.048000000000000001
1 28.568000000000001 6.29 0 0 1 0 1 0 0 0 0 -1 
2 28.712 6.3380000000000001 0 -0 -0 -1 1 0 -0 0 -1 0 0.048000000000000001
1 27.5 7.5 0.014999999999999999 0 0 1 1 0 -0 -0 1 0 
1 27.5 7.5 0 0 0 1 1 0 -0 -0 1 0 
1 29.18 5.3979999999999997 0 -1 0 0 0 1 0 0 0 -1 
2 29.132000000000001 5.5419999999999998 0 -0 -0 -1 1 0 -0 0 -1 0 0.048000000000000001
1 29.132000000000001 5.5899999999999999 0 0 -1 0 -1 0 0 -0 -0 -1 
2 28.988 5.5419999999999998 0 -0 -0 -1 1 0 -0 0 -1 0 0.048000000000000001
1 28.940000000000001 5.5419999999999998 0 1 0 -0 0 -1 0 0 -0 -1 
2 28.988 5.3979999999999997 0 -0 -0 -1 1 0 -0 0 -1 0 0.048000000000000001
1 28.988 5.3499999999999996 0 0 1 0 1 0 0 0 0 -1 
2 29.132000000000001 5.3979999999999997 0 -0 -0 -1 1 0 -0 0 -1 0 0.048000000000000001
1 27.5 7.5 0.014999999999999999 0 0 1 1 0 -0 -0 1 0 
1 27.5 7.5 0 0 0 1 1 0 -0 -0 1 0 
1 29.18 5.8680000000000003 0 -1 0 0 0 1 0 0 0 -1 
2 29.132000000000001 6.0119999999999996 0 -0 -0 -1 1 0 -0 0 -1 0 0.048000000000000001
1 29.132000000000001 6.0599999999999996 0 0 -1 0 -1 0 0 -0 -0 -1 
2 28.988 6.0119999999999996 0 -0 -0 -1 1 0 -0 0 -1 0 0.048000000000000001
1 28.940000000000001 6.0119999999999996 0 1 0 -0 0 -1 0 0 -0 -1 
2 28.988 5.8680000000000003 0 -0 -0 -1 1 0 -0 0 -1 0 0.048000000000000001
1 28.988 5.8200000000000003 0 0 1 0 1 0 0 0 0 -1 
2 29.132000000000001 5.8680000000000003 0 -0 -0 -1 1 0 -0 0 -1 0 0.048000000000000001
1 27.5 7.5 0.014999999999999999 0 0 1 1 0 -0 -0 1 0 
1 27.5 7.5 0 0 0 1 1 0 -0 -0 1 0 
1 29.18 6.3380000000000001 0 -1 0 0 0 1 0 0 0 -1 
2 29.132000000000001 6.4820000000000002 0 -0 -0 -1 1 0 -0 0 -1 0 0.048000000000000001
1 29.132000000000001 6.5300000000000002 0 0 -1 0 -1 0 0 -0 -0 -1 
2 28.988 6.4820000000000002 0 -0 -0 -1 1 0 -0 0 -1 0 0.048000000000000001
1 28.940000000000001 6.4820000000000002 0 1 0 -0 0 -1 0 0 -0 -1 
2 28.988 6.3380000000000001 0 -0 -0 -1 1 0 -0 0 -1 0 0.048000000000000001
1 28.988 6.29 0 0 1 0 1 0 0 0 0 -1 
2 29.132000000000001 6.3380000000000001 0 -0 -0 -1 1 0 -0 0 -1 0 0.048000000000000001
1 27.5 7.5 0.014999999999999999 0 0 1 1 0 -0 -0 1 0 
1 27.5 7.5 0 0 0 1 1 0 -0 -0 1 0 
1 27.356000000000002 6.9450000000000003 0 1 0 -0 0 -1 0 0 -0 -1 
1 27.356000000000002 6.7050000000000001 0 0 1 0 1 0 0 0 0 -1 
1 27.706 6.7050000000000001 0 -1 0 0 0 1 0 0 0 -1 
1 27.706 6.9450000000000003 0 0 -1 0 -1 0 0 -0 -0 -1 
1 27.5 7.5 0.014999999999999999 0 0 1 1 0 -0 -0 1 0 
1 27.5 7.5 0 0 0 1 1 0 -0 -0 1 0 
1 28.309999999999999 6.4480000000000004 0 -1 0 0 0 1 0 0 0 -1 
2 28.262 6.5919999999999996 0 -0 -0 -1 1 0 -0 0 -1 0 0.048000000000000001
1 28.262 6.6399999999999997 0 0 -1 0 -1 0 0 -0 -0 -1 
2 28.117999999999999 6.5919999999999996 0 -0 -0 -1 1 0 -0 0 -1 0 0.048000000000000001
1 28.07 6.5919999999999996 0 1 0 -0 0 -1 0 0 -0 -1 
2 28.117999999999999 6.4480000000000004 0 -0 -0 -1 1 0 -0 0 -1 0 0.048000000000000001
1 28.117999999999999 6.4000000000000004 0 0 1 0 1 0 0 0 0 -1 
2 28.262 6.4480000000000004 0 -0 -0 -1 1 0 -0 0 -1 0 0.048000000000000001
1 27.5 7.5 0.014999999999999999 0 0 1 1 0 -0 -0 1 0 
1 27.5 7.5 0 0 0 1 1 0 -0 -0 1 0 
1 28.309999999999999 6.8680000000000003 0 -1 0 0 0 1 0 0 0 -1 
2 28.262 7.0119999999999996 0 -0 -0 -1 1 0 -0 0 -1 0 0.048000000000000001
1 28.262 7.0599999999999996 0 0 -1 0 -1 0 0 -0 -0 -1 
2 28.117999999999999 7.0119999999999996 0 -0 -0 -1 1 0 -0 0 -1 0 0.048000000000000001
1 28.07 7.0119999999999996 0 1 0 -0 0 -1 0 0 -0 -1 
2 28.117999999999999 6.8680000000000003 0 -0 -0 -1 1 0 -0 0 -1 0 0.048000000000000001
1 28.117999999999999 6.8200000000000003 0 0 1 0 1 0 0 0 0 -1 
2 28.262 6.8680000000000003 0 -0 -0 -1 1 0 -0 0 -1 0 0.048000000000000001
1 27.5 7.5 0.014999999999999999 0 0 1 1 0 -0 -0 1 0 
1 27.5 7.5 0 0 0 1 1 0 -0 -0 1 0 
1 27.356000000000002 7.4450000000000003 0 1 0 -0 0 -1 0 0 -0 -1 
1 27.356000000000002 7.2050000000000001 0 0 1 0 1 0 0 0 0 -1 
1 27.706 7.2050000000000001 0 -1 0 0 0 1 0 0 0 -1 
1 27.706 7.4450000000000003 0 0 -1 0 -1 0 0 -0 -0 -1 
1 27.5 7.5 0.014999999999999999 0 0 1 1 0 -0 -0 1 0 
1 27.5 7.5 0 0 0 1 1 0 -0 -0 1 0 
1 28.309999999999999 7.2779999999999996 0 -1 0 0 0 1 0 0 0 -1 
2 28.262 7.4219999999999997 0 -0 -0 -1 1 0 -0 0 -1 0 0.048000000000000001
1 28.262 7.4699999999999998 0 0 -1 0 -1 0 0 -0 -0 -1 
2 28.117999999999999 7.4219999999999997 0 -0 -0 -1 1 0 -0 0 -1 0 0.048000000000000001
1 28.07 7.4219999999999997 0 1 0 -0 0 -1 0 0 -0 -1 
2 28.117999999999999 7.2779999999999996 0 -0 -0 -1 1 0 -0 0 -1 0 0.048000000000000001
1 28.117999999999999 7.2300000000000004 0 0 1 0 1 0 0 0 0 -1 
2 28.262 7.2779999999999996 0 -0 -0 -1 1 0 -0 0 -1 0 0.048000000000000001
1 27.5 7.5 0.014999999999999999 0 0 1 1 0 -0 -0 1 0 
1 27.5 7.5 0 0 0 1 1 0 -0 -0 1 0 
1 29.75 6.7080000000000002 0 -1 0 0 0 1 0 0 0 -1 
2 29.702000000000002 6.8520000000000003 0 -0 -0 -1 1 0 -0 0 -1 0 0.048000000000000001
1 29.702000000000002 6.9000000000000004 0 0 -1 0 -1 0 0 -0 -0 -1 
2 29.558 6.8520000000000003 0 -0 -0 -1 1 0 -0 0 -1 0 0.048000000000000001
1 29.510000000000002 6.8520000000000003 0 1 0 -0 0 -1 0 0 -0 -1 
2 29.558 6.7080000000000002 0 -0 -0 -1 1 0 -0 0 -1 0 0.048000000000000001
1 29.558 6.6600000000000001 0 0 1 0 1 0 0 0 0 -1 
2 29.702000000000002 6.7080000000000002 0 -0 -0 -1 1 0 -0 0 -1 0 0.048000000000000001
1 27.5 7.5 0.014999999999999999 0 0 1 1 0 -0 -0 1 0 
1 27.5 7.5 0 0 0 1 1 0 -0 -0 1 0 
1 25.106000000000002 8.4749999999999996 0 1 0 -0 0 -1 0 0 -0 -1 
1 25.106000000000002 8.1750000000000007 0 0 1 0 1 0 0 0 0 -1 
1 25.306000000000001 8.1750000000000007 0 -1 0 0 0 1 0 0 0 -1 
1 25.306000000000001 8.4749999999999996 0 0 -1 0 -1 0 0 -0 -0 -1 
1 27.5 7.5 0.014999999999999999 0 0 1 1 0 -0 -0 1 0 
1 27.5 7.5 0 0 0 1 1 0 -0 -0 1 0 
1 25.581 8.4749999999999996 0 1 0 -0 0 -1 0 0 -0 -1 
1 25.581 8.125 0 0 1 0 1 0 0 0 0 -1 
1 25.780999999999999 8.125 0 -1 0 0 0 1 0 0 0 -1 
1 25.780999999999999 8.4749999999999996 0 0 -1 0 -1 0 0 -0 -0 -1 
1 27.5 7.5 0.014999999999999999 0 0 1 1 0 -0 -0 1 0 
1 27.5 7.5 0 0 0 1 1 0 -0 -0 1 0 
1 26.056000000000001 8.4749999999999996 0 1 0 -0 0 -1 0 0 -0 -1 
1 26.056000000000001 8.125 0 0 1 0 1 0 0 0 0 -1 
1 26.256 8.125 0 -1 0 0 0 1 0 0 0 -1 
1 26.256 8.4749999999999996 0 0 -1 0 -1 0 0 -0 -0 -1 
1 27.5 7.5 0.014999999999999999 0 0 1 1 0 -0 -0 1 0 
1 27.5 7.5 0 0 0 1 1 0 -0 -0 1 0 
1 26.530999999999999 8.4749999999999996 0 1 0 -0 0 -1 0 0 -0 -1 
1 26.530999999999999 8.125 0 0 1 0 1 0 0 0 0 -1 
1 26.731000000000002 8.125 0 -1 0 0 0 1 0 0 0 -1 
1 26.731000000000002 8.4749999999999996 0 0 -1 0 -1 0 0 -0 -0 -1 
1 27.5 7.5 0.014999999999999999 0 0 1 1 0 -0 -0 1 0 
1 27.5 7.5 0 0 0 1 1 0 -0 -0 1 0 
1 27.006 8.4749999999999996 0 1 0 -0 0 -1 0 0 -0 -1 
1 27.006 8.1750000000000007 0 0 1 0 1 0 0 0 0 -1 
1 27.206 8.1750000000000007 0 -1 0 0 0 1 0 0 0 -1 
1 27.206 8.4749999999999996 0 0 -1 0 -1 0 0 -0 -0 -1 
1 27.5 7.5 0.014999999999999999 0 0 1 1 0 -0 -0 1 0 
1 27.5 7.5 0 0 0 1 1 0 -0 -0 1 0 
1 26.710000000000001 9.3979999999999997 0 -1 0 0 0 1 0 0 0 -1 
2 26.661999999999999 9.5419999999999998 0 -0 -0 -1 1 0 -0 0 -1 0 0.048000000000000001
1 26.661999999999999 9.5899999999999999 0 0 -1 0 -1 0 0 -0 -0 -1 
2 26.518000000000001 9.5419999999999998 0 -0 -0 -1 1 0 -0 0 -1 0 0.048000000000000001
1 26.469999999999999 9.5419999999999998 0 1 0 -0 0 -1 0 0 -0 -1 
2 26.518000000000001 9.3979999999999997 0 -0 -0 -1 1 0 -0 0 -1 0 0.048000000000000001
1 26.518000000000001 9.3499999999999996 0 0 1 0 1 0 0 0 0 -1 
2 26.661999999999999 9.3979999999999997 0 -0 -0 -1 1 0 -0 0 -1 0 0.048000000000000001
1 27.5 7.5 0.014999999999999999 0 0 1 1 0 -0 -0 1 0 
1 27.5 7.5 0 0 0 1 1 0 -0 -0 1 0 
1 27.129999999999999 9.3979999999999997 0 -1 0 0 0 1 0 0 0 -1 
2 27.082000000000001 9.5419999999999998 0 -0 -0 -1 1 0 -0 0 -1 0 0.048000000000000001
1 27.082000000000001 9.5899999999999999 0 0 -1 0 -1 0 0 -0 -0 -1 
2 26.937999999999999 9.5419999999999998 0 -0 -0 -1 1 0 -0 0 -1 0 0.048000000000000001
1 26.890000000000001 9.5419999999999998 0 1 0 -0 0 -1 0 0 -0 -1 
2 26.937999999999999 9.3979999999999997 0 -0 -0 -1 1 0 -0 0 -1 0 0.048000000000000001
1 26.937999999999999 9.3499999999999996 0 0 1 0 1 0 0 0 0 -1 
2 27.082000000000001 9.3979999999999997 0 -0 -0 -1 1 0 -0 0 -1 0 0.048000000000000001
1 27.5 7.5 0.014999999999999999 0 0 1 1 0 -0 -0 1 0 
1 27.5 7.5 0 0 0 1 1 0 -0 -0 1 0 
1 27.356000000000002 7.9450000000000003 0 1 0 -0 0 -1 0 0 -0 -1 
1 27.356000000000002 7.7050000000000001 0 0 1 0 1 0 0 0 0 -1 
1 27.706 7.7050000000000001 0 -1 0 0 0 1 0 0 0 -1 
1 27.706 7.9450000000000003 0 0 -1 0 -1 0 0 -0 -0 -1 
1 27.5 7.5 0.014999999999999999 0 0 1 1 0 -0 -0 1 0 
1 27.5 7.5 0 0 0 1 1 0 -0 -0 1 0 
1 28.309999999999999 7.6980000000000004 0 -1 0 0 0 1 0 0 0 -1 
2 28.262 7.8419999999999996 0 -0 -0 -1 1 0 -0 0 -1 0 0.048000000000000001
1 28.262 7.8899999999999997 0 0 -1 0 -1 0 0 -0 -0 -1 
2 28.117999999999999 7.8419999999999996 0 -0 -0 -1 1 0 -0 0 -1 0 0.048000000000000001
1 28.07 7.8419999999999996 0 1 0 -0 0 -1 0 0 -0 -1 
2 28.117999999999999 7.6980000000000004 0 -0 -0 -1 1 0 -0 0 -1 0 0.048000000000000001
1 28.117999999999999 7.6500000000000004 0 0 1 0 1 0 0 0 0 -1 
2 28.262 7.6980000000000004 0 -0 -0 -1 1 0 -0 0 -1 0 0.048000000000000001
1 27.5 7.5 0.014999999999999999 0 0 1 1 0 -0 -0 1 0 
1 27.5 7.5 0 0 0 1 1 0 -0 -0 1 0 
1 28.530000000000001 7.6950000000000003 0 1 0 -0 0 -1 0 0 -0 -1 
1 28.530000000000001 7.5250000000000004 0 0 1 0 1 0 0 0 0 -1 
1 28.879999999999999 7.5250000000000004 0 -1 0 0 0 1 0 0 0 -1 
1 28.879999999999999 7.6950000000000003 0 0 -1 0 -1 0 0 -0 -0 -1 
1 27.5 7.5 0.014999999999999999 0 0 1 1 0 -0 -0 1 0 
1 27.5 7.5 0 0 0 1 1 0 -0 -0 1 0 
1 28.530000000000001 8.0950000000000006 0 1 0 -0 0 -1 0 0 -0 -1 
1 28.530000000000001 7.9249999999999998 0 0 1 0 1 0 0 0 0 -1 
1 28.879999999999999 7.9249999999999998 0 -1 0 0 0 1 0 0 0 -1 
1 28.879999999999999 8.0950000000000006 0 0 -1 0 -1 0 0 -0 -0 -1 
1 27.5 7.5 0.014999999999999999 0 0 1 1 0 -0 -0 1 0 
1 27.5 7.5 0 0 0 1 1 0 -0 -0 1 0 
1 27.481000000000002 8.4749999999999996 0 1 0 -0 0 -1 0 0 -0 -1 
1 27.481000000000002 8.1750000000000007 0 0 1 0 1 0 0 0 0 -1 
1 27.681000000000001 8.1750000000000007 0 -1 0 0 0 1 0 0 0 -1 
1 27.681000000000001 8.4749999999999996 0 0 -1 0 -1 0 0 -0 -0 -1 
1 27.5 7.5 0.014999999999999999 0 0 1 1 0 -0 -0 1 0 
1 27.5 7.5 0 0 0 1 1 0 -0 -0 1 0 
1 28.530000000000001 8.4949999999999992 0 1 0 -0 0 -1 0 0 -0 -1 
1 28.530000000000001 8.3249999999999993 0 0 1 0 1 0 0 0 0 -1 
1 28.879999999999999 8.3249999999999993 0 -1 0 0 0 1 0 0 0 -1 
1 28.879999999999999 8.4949999999999992 0 0 -1 0 -1 0 0 -0 -0 -1 
1 27.5 7.5 0.014999999999999999 0 0 1 1 0 -0 -0 1 0 
1 27.5 7.5 0 0 0 1 1 0 -0 -0 1 0 
1 29.079999999999998 7.6950000000000003 0 1 0 -0 0 -1 0 0 -0 -1 
1 29.079999999999998 7.5250000000000004 0 0 1 0 1 0 0 0 0 -1 
1 29.43 7.5250000000000004 0 -1 0 0 0 1 0 0 0 -1 
1 29.43 7.6950000000000003 0 0 -1 0 -1 0 0 -0 -0 -1 
1 27.5 7.5 0.014999999999999999 0 0 1 1 0 -0 -0 1 0 
1 27.5 7.5 0 0 0 1 1 0 -0 -0 1 0 
1 29.079999999999998 8.0950000000000006 0 1 0 -0 0 -1 0 0 -0 -1 
1 29.079999999999998 7.9249999999999998 0 0 1 0 1 0 0 0 0 -1 
1 29.43 7.9249999999999998 0 -1 0 0 0 1 0 0 0 -1 
1 29.43 8.0950000000000006 0 0 -1 0 -1 0 0 -0 -0 -1 
1 27.5 7.5 0.014999999999999999 0 0 1 1 0 -0 -0 1 0 
1 27.5 7.5 0 0 0 1 1 0 -0 -0 1 0 
1 29.079999999999998 8.4949999999999992 0 1 0 -0 0 -1 0 0 -0 -1 
1 29.079999999999998 8.3249999999999993 0 0 1 0 1 0 0 0 0 -1 
1 29.43 8.3249999999999993 0 -1 0 0 0 1 0 0 0 -1 
1 29.43 8.4949999999999992 0 0 -1 0 -1 0 0 -0 -0 -1 
1 27.5 7.5 0.014999999999999999 0 0 1 1 0 -0 -0 1 0 
1 27.5 7.5 0 0 0 1 1 0 -0 -0 1 0 
1 29.885000000000002 8.0679999999999996 0 -1 0 0 0 1 0 0 0 -1 
2 29.837 8.2119999999999997 0 -0 -0 -1 1 0 -0 0 -1 0 0.048000000000000001
1 29.837 8.2599999999999998 0 0 -1 0 -1 0 0 -0 -0 -1 
2 29.693000000000001 8.2119999999999997 0 -0 -0 -1 1 0 -0 0 -1 0 0.048000000000000001
1 29.645 8.2119999999999997 0 1 0 -0 0 -1 0 0 -0 -1 
2 29.693000000000001 8.0679999999999996 0 -0 -0 -1 1 0 -0 0 -1 0 0.048000000000000001
1 29.693000000000001 8.0199999999999996 0 0 1 0 1 0 0 0 0 -1 
2 29.837 8.0679999999999996 0 -0 -0 -1 1 0 -0 0 -1 0 0.048000000000000001
1 27.5 7.5 0.014999999999999999 0 0 1 1 0 -0 -0 1 0 
1 27.5 7.5 0 0 0 1 1 0 -0 -0 1 0 
1 29.885000000000002 8.4879999999999995 0 -1 0 0 0 1 0 0 0 -1 
2 29.837 8.6319999999999997 0 -0 -0 -1 1 0 -0 0 -1 0 0.048000000000000001
1 29.837 8.6799999999999997 0 0 -1 0 -1 0 0 -0 -0 -1 
2 29.693000000000001 8.6319999999999997 0 -0 -0 -1 1 0 -0 0 -1 0 0.048000000000000001
1 29.645 8.6319999999999997 0 1 0 -0 0 -1 0 0 -0 -1 
2 29.693000000000001 8.4879999999999995 0 -0 -0 -1 1 0 -0 0 -1 0 0.048000000000000001
1 29.693000000000001 8.4399999999999995 0 0 1 0 1 0 0 0 0 -1 
2 29.837 8.4879999999999995 0 -0 -0 -1 1 0 -0 0 -1 0 0.048000000000000001
1 27.5 7.5 0.014999999999999999 0 0 1 1 0 -0 -0 1 0 
1 27.5 7.5 0 0 0 1 1 0 -0 -0 1 0 
1 28.359999999999999 8.8230000000000004 0 -1 0 0 0 1 0 0 0 -1 
2 28.312000000000001 8.9670000000000005 0 -0 -0 -1 1 0 -0 0 -1 0 0.048000000000000001
1 28.312000000000001 9.0150000000000006 0 0 -1 0 -1 0 0 -0 -0 -1 
2 28.167999999999999 8.9670000000000005 0 -0 -0 -1 1 0 -0 0 -1 0 0.048000000000000001
1 28.120000000000001 8.9670000000000005 0 1 0 -0 0 -1 0 0 -0 -1 
2 28.167999999999999 8.8230000000000004 0 -0 -0 -1 1 0 -0 0 -1 0 0.048000000000000001
1 28.167999999999999 8.7750000000000004 0 0 1 0 1 0 0 0 0 -1 
2 28.312000000000001 8.8230000000000004 0 -0 -0 -1 1 0 -0 0 -1 0 0.048000000000000001
1 27.5 7.5 0.014999999999999999 0 0 1 1 0 -0 -0 1 0 
1 27.5 7.5 0 0 0 1 1 0 -0 -0 1 0 
1 28.780000000000001 8.8230000000000004 0 -1 0 0 0 1 0 0 0 -1 
2 28.731999999999999 8.9670000000000005 0 -0 -0 -1 1 0 -0 0 -1 0 0.048000000000000001
1 28.731999999999999 9.0150000000000006 0 0 -1 0 -1 0 0 -0 -0 -1 
2 28.588000000000001 8.9670000000000005 0 -0 -0 -1 1 0 -0 0 -1 0 0.048000000000000001
1 28.539999999999999 8.9670000000000005 0 1 0 -0 0 -1 0 0 -0 -1 
2 28.588000000000001 8.8230000000000004 0 -0 -0 -1 1 0 -0 0 -1 0 0.048000000000000001
1 28.588000000000001 8.7750000000000004 0 0 1 0 1 0 0 0 0 -1 
2 28.731999999999999 8.8230000000000004 0 -0 -0 -1 1 0 -0 0 -1 0 0.048000000000000001
1 27.5 7.5 0.014999999999999999 0 0 1 1 0 -0 -0 1 0 
1 27.5 7.5 0 0 0 1 1 0 -0 -0 1 0 
1 28.5 9.6850000000000005 0 1 0 -0 0 -1 0 0 -0 -1 
1 28.5 9.4600000000000009 0 0 1 0 1 0 0 0 0 -1 
1 28.68 9.4600000000000009 0 -1 0 0 0 1 0 0 0 -1 
1 28.68 9.6850000000000005 0 0 -1 0 -1 0 0 -0 -0 -1 
1 27.5 7.5 0.014999999999999999 0 0 1 1 0 -0 -0 1 0 
1 27.5 7.5 0 0 0 1 1 0 -0 -0 1 0 
1 29.484999999999999 8.923 0 -1 0 0 0 1 0 0 0 -1 
2 29.437000000000001 9.0670000000000002 0 -0 -0 -1 1 0 -0 0 -1 0 0.048000000000000001
1 29.437000000000001 9.1150000000000002 0 0 -1 0 -1 0 0 -0 -0 -1 
2 29.292999999999999 9.0670000000000002 0 -0 -0 -1 1 0 -0 0 -1 0 0.048000000000000001
1 29.245000000000001 9.0670000000000002 0 1 0 -0 0 -1 0 0 -0 -1 
2 29.292999999999999 8.923 0 -0 -0 -1 1 0 -0 0 -1 0 0.048000000000000001
1 29.292999999999999 8.875 0 0 1 0 1 0 0 0 0 -1 
2 29.437000000000001 8.923 0 -0 -0 -1 1 0 -0 0 -1 0 0.048000000000000001
1 27.5 7.5 0.014999999999999999 0 0 1 1 0 -0 -0 1 0 
1 27.5 7.5 0 0 0 1 1 0 -0 -0 1 0 
1 29.905000000000001 8.923 0 -1 0 0 0 1 0 0 0 -1 
2 29.856999999999999 9.0670000000000002 0 -0 -0 -1 1 0 -0 0 -1 0 0.048000000000000001
1 29.856999999999999 9.1150000000000002 0 0 -1 0 -1 0 0 -0 -0 -1 
2 29.713000000000001 9.0670000000000002 0 -0 -0 -1 1 0 -0 0 -1 0 0.048000000000000001
1 29.664999999999999 9.0670000000000002 0 1 0 -0 0 -1 0 0 -0 -1 
2 29.713000000000001 8.923 0 -0 -0 -1 1 0 -0 0 -1 0 0.048000000000000001
1 29.713000000000001 8.875 0 0 1 0 1 0 0 0 0 -1 
2 29.856999999999999 8.923 0 -0 -0 -1 1 0 -0 0 -1 0 0.048000000000000001
1 27.5 7.5 0.014999999999999999 0 0 1 1 0 -0 -0 1 0 
1 27.5 7.5 0 0 0 1 1 0 -0 -0 1 0 
1 28.879999999999999 9.6850000000000005 0 1 0 -0 0 -1 0 0 -0 -1 
1 28.879999999999999 9.4600000000000009 0 0 1 0 1 0 0 0 0 -1 
1 29.059999999999999 9.4600000000000009 0 -1 0 0 0 1 0 0 0 -1 
1 29.059999999999999 9.6850000000000005 0 0 -1 0 -1 0 0 -0 -0 -1 
1 27.5 7.5 0.014999999999999999 0 0 1 1 0 -0 -0 1 0 
1 27.5 7.5 0 0 0 1 1 0 -0 -0 1 0 
1 29.260000000000002 9.6850000000000005 0 1 0 -0 0 -1 0 0 -0 -1 
1 29.260000000000002 9.4600000000000009 0 0 1 0 1 0 0 0 0 -1 
1 29.440000000000001 9.4600000000000009 0 -1 0 0 0 1 0 0 0 -1 
1 29.440000000000001 9.6850000000000005 0 0 -1 0 -1 0 0 -0 -0 -1 
1 27.5 7.5 0.014999999999999999 0 0 1 1 0 -0 -0 1 0 
1 25 10 0.40600000000000003 1 0 -0 0 -1 0 0 -0 -1 
1 27.5 7.5 0.40600000000000003 0 0 1 1 0 -0 -0 1 0 
2 24.989999999999998 9.2249999999999996 0.40600000000000003 -0 -0 -1 1 0 -0 0 -1 0 0.105
1 27.5 7.5 0.42099999999999999 0 0 1 1 0 -0 -0 1 0 
2 24.989999999999998 9.2249999999999996 0.40600000000000003 -0 -0 -1 1 0 -0 0 -1 0 0.105
1 27.5 7.5 0.40600000000000003 0 0 1 1 0 -0 -0 1 0 
2 25.690000000000001 9.9250000000000007 0.40600000000000003 -0 -0 -1 1 0 -0 0 -1 0 0.105
1 30 10 0.40600000000000003 0 -1 0 -1 0 0 -0 -0 -1 
2 25.690000000000001 9.9250000000000007 0.40600000000000003 -0 -0 -1 1 0 -0 0 -1 0 0.105
1 27.5 7.5 0.42099999999999999 0 0 1 1 0 -0 -0 1 0 
1 27.5 7.5 0.40600000000000003 0 0 1 1 0 -0 -0 1 0 
2 26.390000000000001 9.9250000000000007 0.40600000000000003 -0 -0 -1 1 0 -0 0 -1 0 0.105
1 30 10 0.40600000000000003 0 -1 0 -1 0 0 -0 -0 -1 
2 26.390000000000001 9.9250000000000007 0.40600000000000003 -0 -0 -1 1 0 -0 0 -1 0 0.105
1 27.5 7.5 0.42099999999999999 0 0 1 1 0 -0 -0 1 0 
1 27.5 7.5 0.40600000000000003 0 0 1 1 0 -0 -0 1 0 
1 25 10 0.40600000000000003 1 0 -0 0 -1 0 0 -0 -1 
2 24.989999999999998 9.5749999999999993 0.40600000000000003 -0 -0 -1 1 0 -0 0 -1 0 0.105
2 24.989999999999998 9.5749999999999993 0.40600000000000003 -0 -0 -1 1 0 -0 0 -1 0 0.105
1 27.5 7.5 0.42099999999999999 0 0 1 1 0 -0 -0 1 0 
1 27.5 7.5 0.40600000000000003 0 0 1 1 0 -0 -0 1 0 
1 25 10 0.40600000000000003 1 0 -0 0 -1 0 0 -0 -1 
2 24.989999999999998 9.9250000000000007 0.40600000000000003 -0 -0 -1 1 0 -0 0 -1 0 0.105
2 24.989999999999998 9.9250000000000007 0.40600000000000003 -0 -0 -1 1 0 -0 0 -1 0 0.105
1 30 10 0.40600000000000003 0 -1 0 -1 0 0 -0 -0 -1 
1 27.5 7.5 0.42099999999999999 0 0 1 1 0 -0 -0 1 0 
1 27.5 7.5 0.40600000000000003 0 0 1 1 0 -0 -0 1 0 
2 25.34 9.9250000000000007 0.40600000000000003 -0 -0 -1 1 0 -0 0 -1 0 0.105
1 30 10 0.40600000000000003 0 -1 0 -1 0 0 -0 -0 -1 
2 25.34 9.9250000000000007 0.40600000000000003 -0 -0 -1 1 0 -0 0 -1 0 0.105
1 27.5 7.5 0.42099999999999999 0 0 1 1 0 -0 -0 1 0 
1 27.5 7.5 0.40600000000000003 0 0 1 1 0 -0 -0 1 0 
1 28.556999999999999 5.5499999999999998 0.40600000000000003 -1 0 0 0 1 0 0 0 -1 
2 28.509 5.694 0.40600000000000003 -0 -0 -1 1 0 -0 0 -1 0 0.048000000000000001
1 28.509 5.742 0.40600000000000003 0 -1 0 -1 0 0 -0 -0 -1 
2 28.364999999999998 5.694 0.40600000000000003 -0 -0 -1 1 0 -0 0 -1 0 0.048000000000000001
1 28.317 5.694 0.40600000000000003 1 0 -0 0 -1 0 0 -0 -1 
2 28.364999999999998 5.5499999999999998 0.40600000000000003 -0 -0 -1 1 0 -0 0 -1 0 0.048000000000000001
1 28.364999999999998 5.5019999999999998 0.40600000000000003 0 1 0 1 0 0 0 0 -1 
2 28.509 5.5499999999999998 0.40600000000000003 -0 -0 -1 1 0 -0 0 -1 0 0.048000000000000001
1 27.5 7.5 0.42099999999999999 0 0 1 1 0 -0 -0 1 0 
1 27.5 7.5 0.40600000000000003 0 0 1 1 0 -0 -0 1 0 
1 28.986999999999998 5.5499999999999998 0.40600000000000003 -1 0 0 0 1 0 0 0 -1 
2 28.939 5.694 0.40600000000000003 -0 -0 -1 1 0 -0 0 -1 0 0.048000000000000001
1 28.939 5.742 0.40600000000000003 0 -1 0 -1 0 0 -0 -0 -1 
2 28.795000000000002 5.694 0.40600000000000003 -0 -0 -1 1 0 -0 0 -1 0 0.048000000000000001
1 28.747 5.694 0.40600000000000003 1 0 -0 0 -1 0 0 -0 -1 
2 28.795000000000002 5.5499999999999998 0.40600000000000003 -0 -0 -1 1 0 -0 0 -1 0 0.048000000000000001
1 28.795000000000002 5.5019999999999998 0.40600000000000003 0 1 0 1 0 0 0 0 -1 
2 28.939 5.5499999999999998 0.40600000000000003 -0 -0 -1 1 0 -0 0 -1 0 0.048000000000000001
1 27.5 7.5 0.42099999999999999 0 0 1 1 0 -0 -0 1 0 
1 27.5 7.5 0.40600000000000003 0 0 1 1 0 -0 -0 1 0 
1 29.457000000000001 5.54 0.40600000000000003 -1 0 0 0 1 0 0 0 -1 
2 29.408999999999999 5.6840000000000002 0.40600000000000003 -0 -0 -1 1 0 -0 0 -1 0 0.048000000000000001
1 29.408999999999999 5.7320000000000002 0.40600000000000003 0 -1 0 -1 0 0 -0 -0 -1 
2 29.265000000000001 5.6840000000000002 0.40600000000000003 -0 -0 -1 1 0 -0 0 -1 0 0.048000000000000001
1 29.216999999999999 5.6840000000000002 0.40600000000000003 1 0 -0 0 -1 0 0 -0 -1 
2 29.265000000000001 5.54 0.40600000000000003 -0 -0 -1 1 0 -0 0 -1 0 0.048000000000000001
1 29.265000000000001 5.492 0.40600000000000003 0 1 0 1 0 0 0 0 -1 
2 29.408999999999999 5.54 0.40600000000000003 -0 -0 -1 1 0 -0 0 -1 0 0.048000000000000001
1 27.5 7.5 0.42099999999999999 0 0 1 1 0 -0 -0 1 0 
1 27.5 7.5 0.40600000000000003 0 0 1 1 0 -0 -0 1 0 
1 29.876999999999999 5.54 0.40600000000000003 -1 0 0 0 1 0 0 0 -1 
2 29.829000000000001 5.6840000000000002 0.40600000000000003 -0 -0 -1 1 0 -0 0 -1 0 0.048000000000000001
1 29.829000000000001 5.7320000000000002 0.40600000000000003 0 -1 0 -1 0 0 -0 -0 -1 
2 29.684999999999999 5.6840000000000002 0.40600000000000003 -0 -0 -1 1 0 -0 0 -1 0 0.048000000000000001
1 29.637 5.6840000000000002 0.40600000000000003 1 0 -0 0 -1 0 0 -0 -1 
2 29.684999999999999 5.54 0.40600000000000003 -0 -0 -1 1 0 -0 0 -1 0 0.048000000000000001
1 29.684999999999999 5.492 0.40600000000000003 0 1 0 1 0 0 0 0 -1 
2 29.829000000000001 5.54 0.40600000000000003 -0 -0 -1 1 0 -0 0 -1 0 0.048000000000000001
1 27.5 7.5 0.42099999999999999 0 0 1 1 0 -0 -0 1 0 
1 27.5 7.5 0.40600000000000003 0 0 1 1 0 -0 -0 1 0 
1 25.32 7.9299999999999997 0.40600000000000003 1 0 -0 0 -1 0 0 -0 -1 
1 25.32 7.3799999999999999 0.40600000000000003 0 1 0 1 0 0 0 0 -1 
1 25.940000000000001 7.3799999999999999 0.40600000000000003 -1 0 0 0 1 0 0 0 -1 
1 25.940000000000001 7.9299999999999997 0.40600000000000003 0 -1 0 -1 0 0 -0 -0 -1 
1 27.5 7.5 0.42099999999999999 0 0 1 1 0 -0 -0 1 0 
1 27.5 7.5 0.40600000000000003 0 0 1 1 0 -0 -0 1 0 
1 25.32 8.7400000000000002 0.40600000000000003 1 0 -0 0 -1 0 0 -0 -1 
1 25.32 8.1899999999999995 0.40600000000000003 0 1 0 1 0 0 0 0 -1 
1 25.940000000000001 8.1899999999999995 0.40600000000000003 -1 0 0 0 1 0 0 0 -1 
1 25.940000000000001 8.7400000000000002 0.40600000000000003 0 -1 0 -1 0 0 -0 -0 -1 
1 27.5 7.5 0.42099999999999999 0 0 1 1 0 -0 -0 1 0 
1 27.5 7.5 0.40600000000000003 0 0 1 1 0 -0 -0 1 0 
1 26.260000000000002 7.9299999999999997 0.40600000000000003 1 0 -0 0 -1 0 0 -0 -1 
1 26.260000000000002 7.3799999999999999 0.40600000000000003 0 1 0 1 0 0 0 0 -1 
1 26.879999999999999 7.3799999999999999 0.40600000000000003 -1 0 0 0 1 0 0 0 -1 
1 26.879999999999999 7.9299999999999997 0.40600000000000003 0 -1 0 -1 0 0 -0 -0 -1 
1 27.5 7.5 0.42099999999999999 0 0 1 1 0 -0 -0 1 0 
1 27.5 7.5 0.40600000000000003 0 0 1 1 0 -0 -0 1 0 
1 26.260000000000002 8.7400000000000002 0.40600000000000003 1 0 -0 0 -1 0 0 -0 -1 
1 26.260000000000002 8.1899999999999995 0.40600000000000003 0 1 0 1 0 0 0 0 -1 
1 26.879999999999999 8.1899999999999995 0.40600000000000003 -1 0 0 0 1 0 0 0 -1 
1 26.879999999999999 8.7400000000000002 0.40600000000000003 0 -1 0 -1 0 0 -0 -0 -1 
1 27.5 7.5 0.42099999999999999 0 0 1 1 0 -0 -0 1 0 
1 27.5 7.5 0.40600000000000003 0 0 1 1 0 -0 -0 1 0 
2 25.34 9.2249999999999996 0.40600000000000003 -0 -0 -1 1 0 -0 0 -1 0 0.105
1 27.5 7.5 0.42099999999999999 0 0 1 1 0 -0 -0 1 0 
1 27.5 7.5 0.40600000000000003 0 0 1 1 0 -0 -0 1 0 
2 25.690000000000001 9.2249999999999996 0.40600000000000003 -0 -0 -1 1 0 -0 0 -1 0 0.105
1 27.5 7.5 0.42099999999999999 0 0 1 1 0 -0 -0 1 0 
1 27.5 7.5 0.40600000000000003 0 0 1 1 0 -0 -0 1 0 
2 26.039999999999999 9.2249999999999996 0.40600000000000003 -0 -0 -1 1 0 -0 0 -1 0 0.105
1 27.5 7.5 0.42099999999999999 0 0 1 1 0 -0 -0 1 0 
1 27.5 7.5 0.40600000000000003 0 0 1 1 0 -0 -0 1 0 
2 26.390000000000001 9.2249999999999996 0.40600000000000003 -0 -0 -1 1 0 -0 0 -1 0 0.105
1 27.5 7.5 0.42099999999999999 0 0 1 1 0 -0 -0 1 0 
1 27.5 7.5 0.40600000000000003 0 0 1 1 0 -0 -0 1 0 
2 25.34 9.5749999999999993 0.40600000000000003 -0 -0 -1 1 0 -0 0 -1 0 0.105
1 27.5 7.5 0.42099999999999999 0 0 1 1 0 -0 -0 1 0 
1 27.5 7.5 0.40600000000000003 0 0 1 1 0 -0 -0 1 0 
2 25.690000000000001 9.5749999999999993 0.40600000000000003 -0 -0 -1 1 0 -0 0 -1 0 0.105
1 27.5 7.5 0.42099999999999999 0 0 1 1 0 -0 -0 1 0 
1 27.5 7.5 0.40600000000000003 0 0 1 1 0 -0 -0 1 0 
2 26.039999999999999 9.5749999999999993 0.40600000000000003 -0 -0 -1 1 0 -0 0 -1 0 0.105
1 27.5 7.5 0.42099999999999999 0 0 1 1 0 -0 -0 1 0 
1 27.5 7.5 0.40600000000000003 0 0 1 1 0 -0 -0 1 0 
2 26.390000000000001 9.5749999999999993 0.40600000000000003 -0 -0 -1 1 0 -0 0 -1 0 0.105
1 27.5 7.5 0.42099999999999999 0 0 1 1 0 -0 -0 1 0 
1 27.5 7.5 0.40600000000000003 0 0 1 1 0 -0 -0 1 0 
1 27.41 8.7479999999999993 0.40600000000000003 -1 0 0 0 1 0 0 0 -1 
2 27.361999999999998 8.8919999999999995 0.40600000000000003 -0 -0 -1 1 0 -0 0 -1 0 0.048000000000000001
1 27.361999999999998 8.9399999999999995 0.40600000000000003 0 -1 0 -1 0 0 -0 -0 -1 
2 27.218 8.8919999999999995 0.40600000000000003 -0 -0 -1 1 0 -0 0 -1 0 0.048000000000000001
1 27.170000000000002 8.8919999999999995 0.40600000000000003 1 0 -0 0 -1 0 0 -0 -1 
2 27.218 8.7479999999999993 0.40600000000000003 -0 -0 -1 1 0 -0 0 -1 0 0.048000000000000001
1 27.218 8.6999999999999993 0.40600000000000003 0 1 0 1 0 0 0 0 -1 
2 27.361999999999998 8.7479999999999993 0.40600000000000003 -0 -0 -1 1 0 -0 0 -1 0 0.048000000000000001
1 27.5 7.5 0.42099999999999999 0 0 1 1 0 -0 -0 1 0 
1 27.5 7.5 0.40600000000000003 0 0 1 1 0 -0 -0 1 0 
1 26.91 9.3949999999999996 0.40600000000000003 1 0 -0 0 -1 0 0 -0 -1 
1 26.91 9.2249999999999996 0.40600000000000003 0 1 0 1 0 0 0 0 -1 
1 27.260000000000002 9.2249999999999996 0.40600000000000003 -1 0 0 0 1 0 0 0 -1 
1 27.260000000000002 9.3949999999999996 0.40600000000000003 0 -1 0 -1 0 0 -0 -0 -1 
1 27.5 7.5 0.42099999999999999 0 0 1 1 0 -0 -0 1 0 
1 27.5 7.5 0.40600000000000003 0 0 1 1 0 -0 -0 1 0 
1 26.91 9.7949999999999999 0.40600000000000003 1 0 -0 0 -1 0 0 -0 -1 
1 26.91 9.625 0.40600000000000003 0 1 0 1 0 0 0 0 -1 
1 27.260000000000002 9.625 0.40600000000000003 -1 0 0 0 1 0 0 0 -1 
1 27.260000000000002 9.7949999999999999 0.40600000000000003 0 -1 0 -1 0 0 -0 -0 -1 
1 27.5 7.5 0.42099999999999999 0 0 1 1 0 -0 -0 1 0 
1 27.5 7.5 0.40600000000000003 0 0 1 1 0 -0 -0 1 0 
1 27.829999999999998 8.7479999999999993 0.40600000000000003 -1 0 0 0 1 0 0 0 -1 
2 27.782 8.8919999999999995 0.40600000000000003 -0 -0 -1 1 0 -0 0 -1 0 0.048000000000000001
1 27.782 8.9399999999999995 0.40600000000000003 0 -1 0 -1 0 0 -0 -0 -1 
2 27.638000000000002 8.8919999999999995 0.40600000000000003 -0 -0 -1 1 0 -0 0 -1 0 0.048000000000000001
1 27.59 8.8919999999999995 0.40600000000000003 1 0 -0 0 -1 0 0 -0 -1 
2 27.638000000000002 8.7479999999999993 0.40600000000000003 -0 -0 -1 1 0 -0 0 -1 0 0.048000000000000001
1 27.638000000000002 8.6999999999999993 0.40600000000000003 0 1 0 1 0 0 0 0 -1 
2 27.782 8.7479999999999993 0.40600000000000003 -0 -0 -1 1 0 -0 0 -1 0 0.048000000000000001
1 27.5 7.5 0.42099999999999999 0 0 1 1 0 -0 -0 1 0 
1 27.5 7.5 0.40600000000000003 0 0 1 1 0 -0 -0 1 0 
1 28.059999999999999 9.1850000000000005 0.40600000000000003 1 0 -0 0 -1 0 0 -0 -1 
1 28.059999999999999 8.9600000000000009 0.40600000000000003 0 1 0 1 0 0 0 0 -1 
1 28.239999999999998 8.9600000000000009 0.40600000000000003 -1 0 0 0 1 0 0 0 -1 
1 28.239999999999998 9.1850000000000005 0.40600000000000003 0 -1 0 -1 0 0 -0 -0 -1 
1 27.5 7.5 0.42099999999999999 0 0 1 1 0 -0 -0 1 0 
1 27.5 7.5 0.40600000000000003 0 0 1 1 0 -0 -0 1 0 
1 28.440000000000001 9.1850000000000005 0.40600000000000003 1 0 -0 0 -1 0 0 -0 -1 
1 28.440000000000001 8.9600000000000009 0.40600000000000003 0 1 0 1 0 0 0 0 -1 
1 28.620000000000001 8.9600000000000009 0.40600000000000003 -1 0 0 0 1 0 0 0 -1 
1 28.620000000000001 9.1850000000000005 0.40600000000000003 0 -1 0 -1 0 0 -0 -0 -1 
1 27.5 7.5 0.42099999999999999 0 0 1 1 0 -0 -0 1 0 
1 27.5 7.5 0.40600000000000003 0 0 1 1 0 -0 -0 1 0 
1 27.460000000000001 9.3949999999999996 0.40600000000000003 1 0 -0 0 -1 0 0 -0 -1 
1 27.460000000000001 9.2249999999999996 0.40600000000000003 0 1 0 1 0 0 0 0 -1 
1 27.809999999999999 9.2249999999999996 0.40600000000000003 -1 0 0 0 1 0 0 0 -1 
1 27.809999999999999 9.3949999999999996 0.40600000000000003 0 -1 0 -1 0 0 -0 -0 -1 
1 27.5 7.5 0.42099999999999999 0 0 1 1 0 -0 -0 1 0 
1 27.5 7.5 0.40600000000000003 0 0 1 1 0 -0 -0 1 0 
1 27.460000000000001 9.7949999999999999 0.40600000000000003 1 0 -0 0 -1 0 0 -0 -1 
1 27.460000000000001 9.625 0.40600000000000003 0 1 0 1 0 0 0 0 -1 
1 27.809999999999999 9.625 0.40600000000000003 -1 0 0 0 1 0 0 0 -1 
1 27.809999999999999 9.7949999999999999 0.40600000000000003 0 -1 0 -1 0 0 -0 -0 -1 
1 27.5 7.5 0.42099999999999999 0 0 1 1 0 -0 -0 1 0 
1 27.5 7.5 0.40600000000000003 0 0 1 1 0 -0 -0 1 0 
1 28.059999999999999 9.5600000000000005 0.40600000000000003 1 0 -0 0 -1 0 0 -0 -1 
1 28.059999999999999 9.3350000000000009 0.40600000000000003 0 1 0 1 0 0 0 0 -1 
1 28.239999999999998 9.3350000000000009 0.40600000000000003 -1 0 0 0 1 0 0 0 -1 
1 28.239999999999998 9.5600000000000005 0.40600000000000003 0 -1 0 -1 0 0 -0 -0 -1 
1 27.5 7.5 0.42099999999999999 0 0 1 1 0 -0 -0 1 0 
1 27.5 7.5 0.40600000000000003 0 0 1 1 0 -0 -0 1 0 
1 28.440000000000001 9.5600000000000005 0.40600000000000003 1 0 -0 0 -1 0 0 -0 -1 
1 28.440000000000001 9.3350000000000009 0.40600000000000003 0 1 0 1 0 0 0 0 -1 
1 28.620000000000001 9.3350000000000009 0.40600000000000003 -1 0 0 0 1 0 0 0 -1 
1 28.620000000000001 9.5600000000000005 0.40600000000000003 0 -1 0 -1 0 0 -0 -0 -1 
1 27.5 7.5 0.42099999999999999 0 0 1 1 0 -0 -0 1 0 
1 27.5 7.5 0.40600000000000003 0 0 1 1 0 -0 -0 1 0 
1 28.82 9.1850000000000005 0.40600000000000003 1 0 -0 0 -1 0 0 -0 -1 
1 28.82 8.9600000000000009 0.40600000000000003 0 1 0 1 0 0 0 0 -1 
1 29 8.9600000000000009 0.40600000000000003 -1 0 0 0 1 0 0 0 -1 
1 29 9.1850000000000005 0.40600000000000003 0 -1 0 -1 0 0 -0 -0 -1 
1 27.5 7.5 0.42099999999999999 0 0 1 1 0 -0 -0 1 0 
1 27.5 7.5 0.40600000000000003 0 0 1 1 0 -0 -0 1 0 
1 28.82 9.5600000000000005 0.40600000000000003 1 0 -0 0 -1 0 0 -0 -1 
1 28.82 9.3350000000000009 0.40600000000000003 0 1 0 1 0 0 0 0 -1 
1 29 9.3350000000000009 0.40600000000000003 -1 0 0 0 1 0 0 0 -1 
1 29 9.5600000000000005 0.40600000000000003 0 -1 0 -1 0 0 -0 -0 -1 
1 27.5 7.5 0.42099999999999999 0 0 1 1 0 -0 -0 1 0 
Triangulations 0

TShapes 3364
Ve
1e-07
30 5.49 0
0 0

0101101
*
Ve
1e-07
30 5.66 0
0 0

0101101
*
Ed
 1e-07 1 1 0
1  1 0 0.49 0.66
4 C0 1 0 2 0
0

0101000
+3364 0 -3363 0 *
Ve
1e-07
30 5.49 0.015
0 0

0101101
*
Ed
 1e-07 1 1 0
1  2 0 -0.015 0
4 C0 1 0 3 0
0

0101000
+3361 0 -3364 0 *
Ve
1e-07
30 5.66 0.015
0 0

0101101
*
Ed
 1e-07 1 1 0
1  3 0 0.49 0.66
4 C0 1 0 4 0
0

0101000
+3361 0 -3359 0 *
Ed
 1e-07 1 1 0
1  4 0 0 0.015
4 C0 1 0 5 0
0

0101000
+3363 0 -3359 0 *
Wi

0101100
-3362 0 -3360 0 +3358 0 -3357 0 *
Fa
0  1e-07 1 0

0111000
+3356 0 *
Ve
1e-07
29.77 5.49 0
0 0

0101101
*
Ed
 1e-07 1 1 0
1  5 0 0 0.23
4 C0 2 0 3 0
0

0101000
+3354 0 -3364 0 *
Ve
1e-07
29.77 5.66 0
0 0

0101101
*
Ed
 1e-07 1 1 0
1  6 0 0.170000000000002 0.400000000000002
4 C0 2 0 5 0
0

0101000
+3363 0 -3352 0 *
Ve
1e-07
29.37 5.66 0
0 0

0101101
*
Ed
 1e-07 1 1 0
1  7 0 0 0.399999999999999
4 C0 2 0 6 0
0

0101000
+3352 0 -3350 0 *
Ve
1e-07
29.37 5.49 0
0 0

0101101
*
Ed
 1e-07 1 1 0
1  8 0 0 0.17
4 C0 2 0 7 0
0

0101000
+3350 0 -3348 0 *
Ed
 1e-07 1 1 0
1  9 0 0 0.399999999999999
4 C0 2 0 8 0
0

0101000
+3348 0 -3354 0 *
Wi

0101100
+3353 0 +3362 0 +3351 0 +3349 0 +3347 0 +3346 0 *
Fa
0  1e-07 2 0

0111000
+3345 0 *
Ve
1e-07
29.77 5.66 0.015
0 0

0101101
*
Ed
 1e-07 1 1 0
1  10 0 0.170000000000002 0.400000000000002
4 C0 5 0 4 0
0

0101000
+3359 0 -3343 0 *
Ed
 1e-07 1 1 0
1  11 0 0 0.015
4 CN 5 0 6 0
0

0101000
+3352 0 -3343 0 *
Wi

0101100
-3351 0 +3357 0 +3342 0 -3341 0 *
Fa
0  1e-07 5 0

0111000
+3340 0 *
Ve
1e-07
29.77 5.49 0.015
0 0

0101101
*
Ed
 1e-07 1 1 0
1  12 0 0 0.23
4 C0 4 0 3 0
0

0101000
+3338 0 -3361 0 *
Ve
1e-07
29.37 5.66 0.015
0 0

0101101
*
Ed
 1e-07 1 1 0
1  13 0 0 0.399999999999999
4 C0 4 0 6 0
0

0101000
+3343 0 -3336 0 *
Ve
1e-07
29.37 5.49 0.015
0 0

0101101
*
Ed
 1e-07 1 1 0
1  14 0 0 0.17
4 C0 4 0 7 0
0

0101000
+3336 0 -3334 0 *
Ed
 1e-07 1 1 0
1  15 0 0 0.399999999999999
4 C0 4 0 8 0
0

0101000
+3334 0 -3338 0 *
Wi

0101100
+3337 0 +3358 0 +3342 0 +3335 0 +3333 0 +3332 0 *
Fa
0  1e-07 4 0

0111000
+3331 0 *
Ed
 1e-07 1 1 0
1  16 0 0 0.015
4 CN 3 0 8 0
0

0101000
+3354 0 -3338 0 *
Wi

0101100
-3353 0 +3329 0 +3337 0 +3360 0 *
Fa
0  1e-07 3 0

0111000
+3328 0 *
Ed
 1e-07 1 1 0
1  17 0 0 0.015
4 C0 8 0 7 0
0

0101000
+3348 0 -3334 0 *
Wi

0101100
+3326 0 +3332 0 -3329 0 -3346 0 *
Fa
0  1e-07 8 0

0111000
+3325 0 *
Ed
 1e-07 1 1 0
1  18 0 0 0.015
4 C0 7 0 6 0
0

0101000
+3350 0 -3336 0 *
Wi

0101100
+3323 0 +3333 0 -3326 0 -3347 0 *
Fa
0  1e-07 7 0

0111000
+3322 0 *
Wi

0101100
+3341 0 +3335 0 -3323 0 -3349 0 *
Fa
0  1e-07 6 0

0111000
+3320 0 *
Sh

0101100
-3355 0 -3344 0 -3339 0 +3330 0 -3327 0 -3324 0 -3321 0 -3319 0 *
So

0100000
+3318 0 *
Ve
1e-07
29.06 10 0
0 0

0101101
*
Ve
1e-07
28.88 10 0
0 0

0101101
*
Ed
 1e-07 1 1 0
1  19 0 0.940000000000001 1.12
4 C0 9 0 10 0
0

0101000
+3316 0 -3315 0 *
Ve
1e-07
28.88 9.835 0
0 0

0101101
*
Ed
 1e-07 1 1 0
1  20 0 0.0600000000000005 0.225
4 C0 9 0 11 0
0

0101000
+3315 0 -3313 0 *
Ve
1e-07
29.06 9.835 0
0 0

0101101
*
Ed
 1e-07 1 1 0
1  21 0 0 0.18
4 C0 9 0 12 0
0

0101000
+3313 0 -3311 0 *
Ed
 1e-07 1 1 0
1  22 0 0 0.164999999999999
4 C0 9 0 13 0
0

0101000
+3311 0 -3316 0 *
Wi

0101100
+3314 0 +3312 0 +3310 0 +3309 0 *
Fa
0  1e-07 9 0

0111000
+3308 0 *
Ve
1e-07
29.06 10 0.015
0 0

0101101
*
Ed
 1e-07 1 1 0
1  23 0 -0.015 -0
4 C0 10 0 13 0
0

0101000
+3306 0 -3316 0 *
Ve
1e-07
28.88 10 0.015
0 0

0101101
*
Ed
 1e-07 1 1 0
1  24 0 0.940000000000001 1.12
4 C0 10 0 14 0
0

0101000
+3306 0 -3304 0 *
Ed
 1e-07 1 1 0
1  25 0 0 0.015
4 C0 10 0 11 0
0

0101000
+3315 0 -3304 0 *
Wi

0101100
-3314 0 -3305 0 +3303 0 -3302 0 *
Fa
0  1e-07 10 0

0111000
+3301 0 *
Ve
1e-07
29.06 9.835 0.015
0 0

0101101
*
Ed
 1e-07 1 1 0
1  26 0 0 0.015
4 C0 13 0 12 0
0

0101000
+3311 0 -3299 0 *
Ed
 1e-07 1 1 0
1  27 0 0 0.164999999999999
4 C0 13 0 14 0
0

0101000
+3299 0 -3306 0 *
Wi

0101100
-3309 0 +3298 0 +3297 0 +3305 0 *
Fa
0  1e-07 13 0

0111000
+3296 0 *
Ve
1e-07
28.88 9.835 0.015
0 0

0101101
*
Ed
 1e-07 1 1 0
1  28 0 0 0.015
4 C0 12 0 11 0
0

0101000
+3313 0 -3294 0 *
Ed
 1e-07 1 1 0
1  29 0 0 0.18
4 C0 12 0 14 0
0

0101000
+3294 0 -3299 0 *
Wi

0101100
+3293 0 +3292 0 -3298 0 -3310 0 *
Fa
0  1e-07 12 0

0111000
+3291 0 *
Ed
 1e-07 1 1 0
1  30 0 0.0600000000000005 0.225
4 C0 11 0 14 0
0

0101000
+3304 0 -3294 0 *
Wi

0101100
-3312 0 +3302 0 +3289 0 -3293 0 *
Fa
0  1e-07 11 0

0111000
+3288 0 *
Wi

0101100
+3303 0 +3289 0 +3292 0 +3297 0 *
Fa
0  1e-07 14 0

0111000
+3286 0 *
Sh

0101100
-3307 0 -3300 0 -3295 0 -3290 0 -3287 0 +3285 0 *
So

0100000
+3284 0 *
Ve
1e-07
28.68 10 0
0 0

0101101
*
Ve
1e-07
28.5 10 0
0 0

0101101
*
Ed
 1e-07 1 1 0
1  31 0 1.32 1.5
4 C0 15 0 16 0
0

0101000
+3282 0 -3281 0 *
Ve
1e-07
28.5 9.835 0
0 0

0101101
*
Ed
 1e-07 1 1 0
1  32 0 0.0600000000000005 0.225
4 C0 15 0 17 0
0

0101000
+3281 0 -3279 0 *
Ve
1e-07
28.68 9.835 0
0 0

0101101
*
Ed
 1e-07 1 1 0
1  33 0 0 0.18
4 C0 15 0 18 0
0

0101000
+3279 0 -3277 0 *
Ed
 1e-07 1 1 0
1  34 0 0 0.164999999999999
4 C0 15 0 19 0
0

0101000
+3277 0 -3282 0 *
Wi

0101100
+3280 0 +3278 0 +3276 0 +3275 0 *
Fa
0  1e-07 15 0

0111000
+3274 0 *
Ve
1e-07
28.68 10 0.015
0 0

0101101
*
Ed
 1e-07 1 1 0
1  35 0 -0.015 -0
4 C0 16 0 19 0
0

0101000
+3272 0 -3282 0 *
Ve
1e-07
28.5 10 0.015
0 0

0101101
*
Ed
 1e-07 1 1 0
1  36 0 1.32 1.5
4 C0 16 0 20 0
0

0101000
+3272 0 -3270 0 *
Ed
 1e-07 1 1 0
1  37 0 0 0.015
4 C0 16 0 17 0
0

0101000
+3281 0 -3270 0 *
Wi

0101100
-3280 0 -3271 0 +3269 0 -3268 0 *
Fa
0  1e-07 16 0

0111000
+3267 0 *
Ve
1e-07
28.68 9.835 0.015
0 0

0101101
*
Ed
 1e-07 1 1 0
1  38 0 0 0.015
4 C0 19 0 18 0
0

0101000
+3277 0 -3265 0 *
Ed
 1e-07 1 1 0
1  39 0 0 0.164999999999999
4 C0 19 0 20 0
0

0101000
+3265 0 -3272 0 *
Wi

0101100
-3275 0 +3264 0 +3263 0 +3271 0 *
Fa
0  1e-07 19 0

0111000
+3262 0 *
Ve
1e-07
28.5 9.835 0.015
0 0

0101101
*
Ed
 1e-07 1 1 0
1  40 0 0 0.015
4 C0 18 0 17 0
0

0101000
+3279 0 -3260 0 *
Ed
 1e-07 1 1 0
1  41 0 0 0.18
4 C0 18 0 20 0
0

0101000
+3260 0 -3265 0 *
Wi

0101100
+3259 0 +3258 0 -3264 0 -3276 0 *
Fa
0  1e-07 18 0

0111000
+3257 0 *
Ed
 1e-07 1 1 0
1  42 0 0.0600000000000005 0.225
4 C0 17 0 20 0
0

0101000
+3270 0 -3260 0 *
Wi

0101100
-3278 0 +3268 0 +3255 0 -3259 0 *
Fa
0  1e-07 17 0

0111000
+3254 0 *
Wi

0101100
+3269 0 +3255 0 +3258 0 +3263 0 *
Fa
0  1e-07 20 0

0111000
+3252 0 *
Sh

0101100
-3273 0 -3266 0 -3261 0 -3256 0 -3253 0 +3251 0 *
So

0100000
+3250 0 *
Ve
1e-07
29.44 10 0
0 0

0101101
*
Ve
1e-07
29.26 10 0
0 0

0101101
*
Ed
 1e-07 1 1 0
1  43 0 0.559999999999999 0.739999999999998
4 C0 21 0 22 0
0

0101000
+3248 0 -3247 0 *
Ve
1e-07
29.26 9.835 0
0 0

0101101
*
Ed
 1e-07 1 1 0
1  44 0 0.0600000000000005 0.225
4 C0 21 0 23 0
0

0101000
+3247 0 -3245 0 *
Ve
1e-07
29.44 9.835 0
0 0

0101101
*
Ed
 1e-07 1 1 0
1  45 0 0 0.18
4 C0 21 0 24 0
0

0101000
+3245 0 -3243 0 *
Ed
 1e-07 1 1 0
1  46 0 0 0.164999999999999
4 C0 21 0 25 0
0

0101000
+3243 0 -3248 0 *
Wi

0101100
+3246 0 +3244 0 +3242 0 +3241 0 *
Fa
0  1e-07 21 0

0111000
+3240 0 *
Ve
1e-07
29.44 10 0.015
0 0

0101101
*
Ed
 1e-07 1 1 0
1  47 0 -0.015 -0
4 C0 22 0 25 0
0

0101000
+3238 0 -3248 0 *
Ve
1e-07
29.26 10 0.015
0 0

0101101
*
Ed
 1e-07 1 1 0
1  48 0 0.559999999999999 0.739999999999998
4 C0 22 0 26 0
0

0101000
+3238 0 -3236 0 *
Ed
 1e-07 1 1 0
1  49 0 0 0.015
4 C0 22 0 23 0
0

0101000
+3247 0 -3236 0 *
Wi

0101100
-3246 0 -3237 0 +3235 0 -3234 0 *
Fa
0  1e-07 22 0

0111000
+3233 0 *
Ve
1e-07
29.44 9.835 0.015
0 0

0101101
*
Ed
 1e-07 1 1 0
1  50 0 0 0.015
4 C0 25 0 24 0
0

0101000
+3243 0 -3231 0 *
Ed
 1e-07 1 1 0
1  51 0 0 0.164999999999999
4 C0 25 0 26 0
0

0101000
+3231 0 -3238 0 *
Wi

0101100
-3241 0 +3230 0 +3229 0 +3237 0 *
Fa
0  1e-07 25 0

0111000
+3228 0 *
Ve
1e-07
29.26 9.835 0.015
0 0

0101101
*
Ed
 1e-07 1 1 0
1  52 0 0 0.015
4 C0 24 0 23 0
0

0101000
+3245 0 -3226 0 *
Ed
 1e-07 1 1 0
1  53 0 0 0.18
4 C0 24 0 26 0
0

0101000
+3226 0 -3231 0 *
Wi

0101100
+3225 0 +3224 0 -3230 0 -3242 0 *
Fa
0  1e-07 24 0

0111000
+3223 0 *
Ed
 1e-07 1 1 0
1  54 0 0.0600000000000005 0.225
4 C0 23 0 26 0
0

0101000
+3236 0 -3226 0 *
Wi

0101100
-3244 0 +3234 0 +3221 0 -3225 0 *
Fa
0  1e-07 23 0

0111000
+3220 0 *
Wi

0101100
+3235 0 +3221 0 +3224 0 +3229 0 *
Fa
0  1e-07 26 0

0111000
+3218 0 *
Sh

0101100
-3239 0 -3232 0 -3227 0 -3222 0 -3219 0 +3217 0 *
So

0100000
+3216 0 *
Ve
1e-07
29.978 6.66 0
0 0

0101101
*
Ve
1e-07
30 6.66 0
0 0

0101101
*
Ed
 1e-07 1 1 0
1  55 0 0 0.0219999999999985
4 C0 27 0 28 0
0

0101000
+3214 0 -3213 0 *
Ve
1e-07
30 6.9 0
0 0

0101101
*
Ed
 1e-07 1 1 0
1  56 0 1.66 1.9
4 C0 27 0 29 0
0

0101000
+3213 0 -3211 0 *
Ve
1e-07
29.978 6.9 0
0 0

0101101
*
Ed
 1e-07 1 1 0
1  57 0 0.122 0.143999999999998
4 C0 27 0 30 0
0

0101000
+3211 0 -3209 0 *
Ve
1e-07
29.93 6.852 0
0 0

0101101
*
Ed
 1e-07 1 1 0
1  58 0 1.5707963267949 3.14159265358979
2  1 31 0 1.5707963267949 3.14159265358979
4 C0 27 0 31 0
0

0101000
+3209 0 -3207 0 *
Ve
1e-07
29.93 6.708 0
0 0

0101101
*
Ed
 1e-07 1 1 0
1  59 0 0 0.144
4 C0 27 0 32 0
0

0101000
+3207 0 -3205 0 *
Ed
 1e-07 1 1 0
1  60 0 3.14159265358979 4.71238898038469
2  2 33 0 3.14159265358979 4.71238898038469
4 C0 27 0 33 0
0

0101000
+3205 0 -3214 0 *
Wi

0101100
+3212 0 +3210 0 +3208 0 +3206 0 +3204 0 +3203 0 *
Fa
0  1e-07 27 0

0111000
+3202 0 *
Ve
1e-07
29.978 6.66 0.015
0 0

0101101
*
Ed
 1e-07 1 1 0
1  61 0 0 0.015
2  3 33 0 0 0.015
4 G1 28 0 33 0
0

0101000
+3214 0 -3200 0 *
Ve
1e-07
30 6.66 0.015
0 0

0101101
*
Ed
 1e-07 1 1 0
1  62 0 0 0.0219999999999985
4 C0 28 0 34 0
0

0101000
+3200 0 -3198 0 *
Ed
 1e-07 1 1 0
1  63 0 -0.015 0
4 C0 28 0 29 0
0

0101000
+3198 0 -3213 0 *
Wi

0101100
-3212 0 +3199 0 +3197 0 +3196 0 *
Fa
0  1e-07 28 0

0111000
+3195 0 *
Ve
1e-07
29.93 6.708 0.015
0 0

0101101
*
Ed
 1e-07 1 1 0
1  64 0 3.14159265358979 4.71238898038469
2  4 33 0 3.14159265358979 4.71238898038469
4 C0 33 0 34 0
0

0101000
+3193 0 -3200 0 *
Ed
 1e-07 1 1 0
1  65 0 0 0.015
2  5 33 0 0 0.015
4 G1 33 0 32 0
0

0101000
+3205 0 -3193 0 *
Wi

0101100
+3203 0 +3199 0 -3192 0 -3191 0 *
Fa
0  1e-07 33 0

0111000
+3190 0 *
Ve
1e-07
29.93 6.852 0.015
0 0

0101101
*
Ed
 1e-07 1 1 0
1  66 0 0 0.015
2  6 31 0 0 0.015
4 G1 32 0 31 0
0

0101000
+3207 0 -3188 0 *
Ed
 1e-07 1 1 0
1  67 0 0 0.144
4 C0 32 0 34 0
0

0101000
+3188 0 -3193 0 *
Wi

0101100
+3187 0 +3186 0 -3191 0 -3204 0 *
Fa
0  1e-07 32 0

0111000
+3185 0 *
Ve
1e-07
29.978 6.9 0.015
0 0

0101101
*
Ed
 1e-07 1 1 0
1  68 0 1.5707963267949 3.14159265358979
2  7 31 0 1.5707963267949 3.14159265358979
4 C0 31 0 34 0
0

0101000
+3183 0 -3188 0 *
Ed
 1e-07 1 1 0
1  69 0 0 0.015
2  8 31 0 0 0.015
4 G1 31 0 30 0
0

0101000
+3209 0 -3183 0 *
Wi

0101100
+3206 0 +3187 0 -3182 0 -3181 0 *
Fa
0  1e-07 31 0

0111000
+3180 0 *
Ve
1e-07
30 6.9 0.015
0 0

0101101
*
Ed
 1e-07 1 1 0
1  70 0 0 0.015
4 C0 30 0 29 0
0

0101000
+3211 0 -3178 0 *
Ed
 1e-07 1 1 0
1  71 0 0.122 0.143999999999998
4 C0 30 0 34 0
0

0101000
+3178 0 -3183 0 *
Wi

0101100
-3208 0 +3177 0 +3176 0 -3181 0 *
Fa
0  1e-07 30 0

0111000
+3175 0 *
Ed
 1e-07 1 1 0
1  72 0 1.66 1.9
4 C0 29 0 34 0
0

0101000
+3198 0 -3178 0 *
Wi

0101100
-3210 0 -3196 0 +3173 0 -3177 0 *
Fa
0  1e-07 29 0

0111000
+3172 0 *
Wi

0101100
+3197 0 +3173 0 +3176 0 +3182 0 +3186 0 +3192 0 *
Fa
0  1e-07 34 0

0111000
+3170 0 *
Sh

0101100
-3201 0 -3194 0 +3189 0 -3184 0 +3179 0 -3174 0 -3171 0 +3169 0 *
So

0100000
+3168 0 *
Ve
1e-07
29.77 6.09 0
0 0

0101101
*
Ve
1e-07
30 6.09 0
0 0

0101101
*
Ed
 1e-07 1 1 0
1  73 0 0 0.23
4 C0 35 0 36 0
0

0101000
+3166 0 -3165 0 *
Ve
1e-07
30 6.26 0
0 0

0101101
*
Ed
 1e-07 1 1 0
1  74 0 1.09 1.26
4 C0 35 0 37 0
0

0101000
+3165 0 -3163 0 *
Ve
1e-07
29.77 6.26 0
0 0

0101101
*
Ed
 1e-07 1 1 0
1  75 0 0.170000000000002 0.400000000000002
4 C0 35 0 38 0
0

0101000
+3163 0 -3161 0 *
Ve
1e-07
29.37 6.26 0
0 0

0101101
*
Ed
 1e-07 1 1 0
1  76 0 0 0.399999999999999
4 C0 35 0 39 0
0

0101000
+3161 0 -3159 0 *
Ve
1e-07
29.37 6.09 0
0 0

0101101
*
Ed
 1e-07 1 1 0
1  77 0 0 0.17
4 C0 35 0 40 0
0

0101000
+3159 0 -3157 0 *
Ed
 1e-07 1 1 0
1  78 0 0 0.399999999999999
4 C0 35 0 41 0
0

0101000
+3157 0 -3166 0 *
Wi

0101100
+3164 0 +3162 0 +3160 0 +3158 0 +3156 0 +3155 0 *
Fa
0  1e-07 35 0

0111000
+3154 0 *
Ve
1e-07
29.77 6.09 0.015
0 0

0101101
*
Ed
 1e-07 1 1 0
1  79 0 0 0.015
4 CN 36 0 41 0
0

0101000
+3166 0 -3152 0 *
Ve
1e-07
30 6.09 0.015
0 0

0101101
*
Ed
 1e-07 1 1 0
1  80 0 0 0.23
4 C0 36 0 42 0
0

0101000
+3152 0 -3150 0 *
Ed
 1e-07 1 1 0
1  81 0 -0.015 0
4 C0 36 0 37 0
0

0101000
+3150 0 -3165 0 *
Wi

0101100
-3164 0 +3151 0 +3149 0 +3148 0 *
Fa
0  1e-07 36 0

0111000
+3147 0 *
Ve
1e-07
29.37 6.09 0.015
0 0

0101101
*
Ed
 1e-07 1 1 0
1  82 0 0 0.015
4 C0 41 0 40 0
0

0101000
+3157 0 -3145 0 *
Ed
 1e-07 1 1 0
1  83 0 0 0.399999999999999
4 C0 41 0 42 0
0

0101000
+3145 0 -3152 0 *
Wi

0101100
+3144 0 +3143 0 -3151 0 -3155 0 *
Fa
0  1e-07 41 0

0111000
+3142 0 *
Ve
1e-07
29.37 6.26 0.015
0 0

0101101
*
Ed
 1e-07 1 1 0
1  84 0 0 0.015
4 C0 40 0 39 0
0

0101000
+3159 0 -3140 0 *
Ed
 1e-07 1 1 0
1  85 0 0 0.17
4 C0 40 0 42 0
0

0101000
+3140 0 -3145 0 *
Wi

0101100
+3139 0 +3138 0 -3144 0 -3156 0 *
Fa
0  1e-07 40 0

0111000
+3137 0 *
Ve
1e-07
29.77 6.26 0.015
0 0

0101101
*
Ed
 1e-07 1 1 0
1  86 0 0 0.015
4 CN 39 0 38 0
0

0101000
+3161 0 -3135 0 *
Ed
 1e-07 1 1 0
1  87 0 0 0.399999999999999
4 C0 39 0 42 0
0

0101000
+3135 0 -3140 0 *
Wi

0101100
+3134 0 +3133 0 -3139 0 -3158 0 *
Fa
0  1e-07 39 0

0111000
+3132 0 *
Ve
1e-07
30 6.26 0.015
0 0

0101101
*
Ed
 1e-07 1 1 0
1  88 0 0 0.015
4 C0 38 0 37 0
0

0101000
+3163 0 -3130 0 *
Ed
 1e-07 1 1 0
1  89 0 0.170000000000002 0.400000000000002
4 C0 38 0 42 0
0

0101000
+3130 0 -3135 0 *
Wi

0101100
-3160 0 +3129 0 +3128 0 -3134 0 *
Fa
0  1e-07 38 0

0111000
+3127 0 *
Ed
 1e-07 1 1 0
1  90 0 1.09 1.26
4 C0 37 0 42 0
0

0101000
+3150 0 -3130 0 *
Wi

0101100
-3162 0 -3148 0 +3125 0 -3129 0 *
Fa
0  1e-07 37 0

0111000
+3124 0 *
Wi

0101100
+3149 0 +3125 0 +3128 0 +3133 0 +3138 0 +3143 0 *
Fa
0  1e-07 42 0

0111000
+3122 0 *
Sh

0101100
-3153 0 -3146 0 -3141 0 -3136 0 -3131 0 -3126 0 -3123 0 +3121 0 *
So

0100000
+3120 0 *
Ve
1e-07
25.106 6.475 0
0 0

0101101
*
Ve
1e-07
25.106 6.175 0
0 0

0101101
*
Ed
 1e-07 1 1 0
1  91 0 0 0.3
4 C0 43 0 44 0
0

0101000
+3118 0 -3117 0 *
Ve
1e-07
25.306 6.175 0
0 0

0101101
*
Ed
 1e-07 1 1 0
1  92 0 0 0.199999999999999
4 C0 43 0 45 0
0

0101000
+3117 0 -3115 0 *
Ve
1e-07
25.306 6.475 0
0 0

0101101
*
Ed
 1e-07 1 1 0
1  93 0 0 0.3
4 C0 43 0 46 0
0

0101000
+3115 0 -3113 0 *
Ed
 1e-07 1 1 0
1  94 0 0 0.199999999999999
4 C0 43 0 47 0
0

0101000
+3113 0 -3118 0 *
Wi

0101100
+3116 0 +3114 0 +3112 0 +3111 0 *
Fa
0  1e-07 43 0

0111000
+3110 0 *
Ve
1e-07
25.106 6.475 0.015
0 0

0101101
*
Ed
 1e-07 1 1 0
1  95 0 0 0.015
4 C0 44 0 47 0
0

0101000
+3118 0 -3108 0 *
Ve
1e-07
25.106 6.175 0.015
0 0

0101101
*
Ed
 1e-07 1 1 0
1  96 0 0 0.3
4 C0 44 0 48 0
0

0101000
+3108 0 -3106 0 *
Ed
 1e-07 1 1 0
1  97 0 0 0.015
4 C0 44 0 45 0
0

0101000
+3117 0 -3106 0 *
Wi

0101100
+3107 0 +3105 0 -3104 0 -3116 0 *
Fa
0  1e-07 44 0

0111000
+3103 0 *
Ve
1e-07
25.306 6.475 0.015
0 0

0101101
*
Ed
 1e-07 1 1 0
1  98 0 0 0.015
4 C0 47 0 46 0
0

0101000
+3113 0 -3101 0 *
Ed
 1e-07 1 1 0
1  99 0 0 0.199999999999999
4 C0 47 0 48 0
0

0101000
+3101 0 -3108 0 *
Wi

0101100
+3100 0 +3099 0 -3107 0 -3111 0 *
Fa
0  1e-07 47 0

0111000
+3098 0 *
Ve
1e-07
25.306 6.175 0.015
0 0

0101101
*
Ed
 1e-07 1 1 0
1  100 0 0 0.015
4 C0 46 0 45 0
0

0101000
+3115 0 -3096 0 *
Ed
 1e-07 1 1 0
1  101 0 0 0.3
4 C0 46 0 48 0
0

0101000
+3096 0 -3101 0 *
Wi

0101100
+3095 0 +3094 0 -3100 0 -3112 0 *
Fa
0  1e-07 46 0

0111000
+3093 0 *
Ed
 1e-07 1 1 0
1  102 0 0 0.199999999999999
4 C0 45 0 48 0
0

0101000
+3106 0 -3096 0 *
Wi

0101100
+3104 0 +3091 0 -3095 0 -3114 0 *
Fa
0  1e-07 45 0

0111000
+3090 0 *
Wi

0101100
+3105 0 +3091 0 +3094 0 +3099 0 *
Fa
0  1e-07 48 0

0111000
+3088 0 *
Sh

0101100
-3109 0 -3102 0 -3097 0 -3092 0 -3089 0 +3087 0 *
So

0100000
+3086 0 *
Ve
1e-07
25.581 6.525 0
0 0

0101101
*
Ve
1e-07
25.581 6.175 0
0 0

0101101
*
Ed
 1e-07 1 1 0
1  103 0 0 0.350000000000001
4 C0 49 0 50 0
0

0101000
+3084 0 -3083 0 *
Ve
1e-07
25.781 6.175 0
0 0

0101101
*
Ed
 1e-07 1 1 0
1  104 0 0 0.199999999999999
4 C0 49 0 51 0
0

0101000
+3083 0 -3081 0 *
Ve
1e-07
25.781 6.525 0
0 0

0101101
*
Ed
 1e-07 1 1 0
1  105 0 0 0.350000000000001
4 C0 49 0 52 0
0

0101000
+3081 0 -3079 0 *
Ed
 1e-07 1 1 0
1  106 0 0 0.199999999999999
4 C0 49 0 53 0
0

0101000
+3079 0 -3084 0 *
Wi

0101100
+3082 0 +3080 0 +3078 0 +3077 0 *
Fa
0  1e-07 49 0

0111000
+3076 0 *
Ve
1e-07
25.581 6.525 0.015
0 0

0101101
*
Ed
 1e-07 1 1 0
1  107 0 0 0.015
4 C0 50 0 53 0
0

0101000
+3084 0 -3074 0 *
Ve
1e-07
25.581 6.175 0.015
0 0

0101101
*
Ed
 1e-07 1 1 0
1  108 0 0 0.350000000000001
4 C0 50 0 54 0
0

0101000
+3074 0 -3072 0 *
Ed
 1e-07 1 1 0
1  109 0 0 0.015
4 C0 50 0 51 0
0

0101000
+3083 0 -3072 0 *
Wi

0101100
+3073 0 +3071 0 -3070 0 -3082 0 *
Fa
0  1e-07 50 0

0111000
+3069 0 *
Ve
1e-07
25.781 6.525 0.015
0 0

0101101
*
Ed
 1e-07 1 1 0
1  110 0 0 0.015
4 C0 53 0 52 0
0

0101000
+3079 0 -3067 0 *
Ed
 1e-07 1 1 0
1  111 0 0 0.199999999999999
4 C0 53 0 54 0
0

0101000
+3067 0 -3074 0 *
Wi

0101100
+3066 0 +3065 0 -3073 0 -3077 0 *
Fa
0  1e-07 53 0

0111000
+3064 0 *
Ve
1e-07
25.781 6.175 0.015
0 0

0101101
*
Ed
 1e-07 1 1 0
1  112 0 0 0.015
4 C0 52 0 51 0
0

0101000
+3081 0 -3062 0 *
Ed
 1e-07 1 1 0
1  113 0 0 0.350000000000001
4 C0 52 0 54 0
0

0101000
+3062 0 -3067 0 *
Wi

0101100
+3061 0 +3060 0 -3066 0 -3078 0 *
Fa
0  1e-07 52 0

0111000
+3059 0 *
Ed
 1e-07 1 1 0
1  114 0 0 0.199999999999999
4 C0 51 0 54 0
0

0101000
+3072 0 -3062 0 *
Wi

0101100
+3070 0 +3057 0 -3061 0 -3080 0 *
Fa
0  1e-07 51 0

0111000
+3056 0 *
Wi

0101100
+3071 0 +3057 0 +3060 0 +3065 0 *
Fa
0  1e-07 54 0

0111000
+3054 0 *
Sh

0101100
-3075 0 -3068 0 -3063 0 -3058 0 -3055 0 +3053 0 *
So

0100000
+3052 0 *
Ve
1e-07
26.056 6.525 0
0 0

0101101
*
Ve
1e-07
26.056 6.175 0
0 0

0101101
*
Ed
 1e-07 1 1 0
1  115 0 0 0.350000000000001
4 C0 55 0 56 0
0

0101000
+3050 0 -3049 0 *
Ve
1e-07
26.256 6.175 0
0 0

0101101
*
Ed
 1e-07 1 1 0
1  116 0 0 0.199999999999999
4 C0 55 0 57 0
0

0101000
+3049 0 -3047 0 *
Ve
1e-07
26.256 6.525 0
0 0

0101101
*
Ed
 1e-07 1 1 0
1  117 0 0 0.350000000000001
4 C0 55 0 58 0
0

0101000
+3047 0 -3045 0 *
Ed
 1e-07 1 1 0
1  118 0 0 0.199999999999999
4 C0 55 0 59 0
0

0101000
+3045 0 -3050 0 *
Wi

0101100
+3048 0 +3046 0 +3044 0 +3043 0 *
Fa
0  1e-07 55 0

0111000
+3042 0 *
Ve
1e-07
26.056 6.525 0.015
0 0

0101101
*
Ed
 1e-07 1 1 0
1  119 0 0 0.015
4 C0 56 0 59 0
0

0101000
+3050 0 -3040 0 *
Ve
1e-07
26.056 6.175 0.015
0 0

0101101
*
Ed
 1e-07 1 1 0
1  120 0 0 0.350000000000001
4 C0 56 0 60 0
0

0101000
+3040 0 -3038 0 *
Ed
 1e-07 1 1 0
1  121 0 0 0.015
4 C0 56 0 57 0
0

0101000
+3049 0 -3038 0 *
Wi

0101100
+3039 0 +3037 0 -3036 0 -3048 0 *
Fa
0  1e-07 56 0

0111000
+3035 0 *
Ve
1e-07
26.256 6.525 0.015
0 0

0101101
*
Ed
 1e-07 1 1 0
1  122 0 0 0.015
4 C0 59 0 58 0
0

0101000
+3045 0 -3033 0 *
Ed
 1e-07 1 1 0
1  123 0 0 0.199999999999999
4 C0 59 0 60 0
0

0101000
+3033 0 -3040 0 *
Wi

0101100
+3032 0 +3031 0 -3039 0 -3043 0 *
Fa
0  1e-07 59 0

0111000
+3030 0 *
Ve
1e-07
26.256 6.175 0.015
0 0

0101101
*
Ed
 1e-07 1 1 0
1  124 0 0 0.015
4 C0 58 0 57 0
0

0101000
+3047 0 -3028 0 *
Ed
 1e-07 1 1 0
1  125 0 0 0.350000000000001
4 C0 58 0 60 0
0

0101000
+3028 0 -3033 0 *
Wi

0101100
+3027 0 +3026 0 -3032 0 -3044 0 *
Fa
0  1e-07 58 0

0111000
+3025 0 *
Ed
 1e-07 1 1 0
1  126 0 0 0.199999999999999
4 C0 57 0 60 0
0

0101000
+3038 0 -3028 0 *
Wi

0101100
+3036 0 +3023 0 -3027 0 -3046 0 *
Fa
0  1e-07 57 0

0111000
+3022 0 *
Wi

0101100
+3037 0 +3023 0 +3026 0 +3031 0 *
Fa
0  1e-07 60 0

0111000
+3020 0 *
Sh

0101100
-3041 0 -3034 0 -3029 0 -3024 0 -3021 0 +3019 0 *
So

0100000
+3018 0 *
Ve
1e-07
26.531 6.525 0
0 0

0101101
*
Ve
1e-07
26.531 6.175 0
0 0

0101101
*
Ed
 1e-07 1 1 0
1  127 0 0 0.350000000000001
4 C0 61 0 62 0
0

0101000
+3016 0 -3015 0 *
Ve
1e-07
26.731 6.175 0
0 0

0101101
*
Ed
 1e-07 1 1 0
1  128 0 0 0.200000000000003
4 C0 61 0 63 0
0

0101000
+3015 0 -3013 0 *
Ve
1e-07
26.731 6.525 0
0 0

0101101
*
Ed
 1e-07 1 1 0
1  129 0 0 0.350000000000001
4 C0 61 0 64 0
0

0101000
+3013 0 -3011 0 *
Ed
 1e-07 1 1 0
1  130 0 0 0.200000000000003
4 C0 61 0 65 0
0

0101000
+3011 0 -3016 0 *
Wi

0101100
+3014 0 +3012 0 +3010 0 +3009 0 *
Fa
0  1e-07 61 0

0111000
+3008 0 *
Ve
1e-07
26.531 6.525 0.015
0 0

0101101
*
Ed
 1e-07 1 1 0
1  131 0 0 0.015
4 C0 62 0 65 0
0

0101000
+3016 0 -3006 0 *
Ve
1e-07
26.531 6.175 0.015
0 0

0101101
*
Ed
 1e-07 1 1 0
1  132 0 0 0.350000000000001
4 C0 62 0 66 0
0

0101000
+3006 0 -3004 0 *
Ed
 1e-07 1 1 0
1  133 0 0 0.015
4 C0 62 0 63 0
0

0101000
+3015 0 -3004 0 *
Wi

0101100
+3005 0 +3003 0 -3002 0 -3014 0 *
Fa
0  1e-07 62 0

0111000
+3001 0 *
Ve
1e-07
26.731 6.525 0.015
0 0

0101101
*
Ed
 1e-07 1 1 0
1  134 0 0 0.015
4 C0 65 0 64 0
0

0101000
+3011 0 -2999 0 *
Ed
 1e-07 1 1 0
1  135 0 0 0.200000000000003
4 C0 65 0 66 0
0

0101000
+2999 0 -3006 0 *
Wi

0101100
+2998 0 +2997 0 -3005 0 -3009 0 *
Fa
0  1e-07 65 0

0111000
+2996 0 *
Ve
1e-07
26.731 6.175 0.015
0 0

0101101
*
Ed
 1e-07 1 1 0
1  136 0 0 0.015
4 C0 64 0 63 0
0

0101000
+3013 0 -2994 0 *
Ed
 1e-07 1 1 0
1  137 0 0 0.350000000000001
4 C0 64 0 66 0
0

0101000
+2994 0 -2999 0 *
Wi

0101100
+2993 0 +2992 0 -2998 0 -3010 0 *
Fa
0  1e-07 64 0

0111000
+2991 0 *
Ed
 1e-07 1 1 0
1  138 0 0 0.200000000000003
4 C0 63 0 66 0
0

0101000
+3004 0 -2994 0 *
Wi

0101100
+3002 0 +2989 0 -2993 0 -3012 0 *
Fa
0  1e-07 63 0

0111000
+2988 0 *
Wi

0101100
+3003 0 +2989 0 +2992 0 +2997 0 *
Fa
0  1e-07 66 0

0111000
+2986 0 *
Sh

0101100
-3007 0 -3000 0 -2995 0 -2990 0 -2987 0 +2985 0 *
So

0100000
+2984 0 *
Ve
1e-07
27.006 6.475 0
0 0

0101101
*
Ve
1e-07
27.006 6.175 0
0 0

0101101
*
Ed
 1e-07 1 1 0
1  139 0 0 0.3
4 C0 67 0 68 0
0

0101000
+2982 0 -2981 0 *
Ve
1e-07
27.206 6.175 0
0 0

0101101
*
Ed
 1e-07 1 1 0
1  140 0 0 0.199999999999999
4 C0 67 0 69 0
0

0101000
+2981 0 -2979 0 *
Ve
1e-07
27.206 6.475 0
0 0

0101101
*
Ed
 1e-07 1 1 0
1  141 0 0 0.3
4 C0 67 0 70 0
0

0101000
+2979 0 -2977 0 *
Ed
 1e-07 1 1 0
1  142 0 0 0.199999999999999
4 C0 67 0 71 0
0

0101000
+2977 0 -2982 0 *
Wi

0101100
+2980 0 +2978 0 +2976 0 +2975 0 *
Fa
0  1e-07 67 0

0111000
+2974 0 *
Ve
1e-07
27.006 6.475 0.015
0 0

0101101
*
Ed
 1e-07 1 1 0
1  143 0 0 0.015
4 C0 68 0 71 0
0

0101000
+2982 0 -2972 0 *
Ve
1e-07
27.006 6.175 0.015
0 0

0101101
*
Ed
 1e-07 1 1 0
1  144 0 0 0.3
4 C0 68 0 72 0
0

0101000
+2972 0 -2970 0 *
Ed
 1e-07 1 1 0
1  145 0 0 0.015
4 C0 68 0 69 0
0

0101000
+2981 0 -2970 0 *
Wi

0101100
+2971 0 +2969 0 -2968 0 -2980 0 *
Fa
0  1e-07 68 0

0111000
+2967 0 *
Ve
1e-07
27.206 6.475 0.015
0 0

0101101
*
Ed
 1e-07 1 1 0
1  146 0 0 0.015
4 C0 71 0 70 0
0

0101000
+2977 0 -2965 0 *
Ed
 1e-07 1 1 0
1  147 0 0 0.199999999999999
4 C0 71 0 72 0
0

0101000
+2965 0 -2972 0 *
Wi

0101100
+2964 0 +2963 0 -2971 0 -2975 0 *
Fa
0  1e-07 71 0

0111000
+2962 0 *
Ve
1e-07
27.206 6.175 0.015
0 0

0101101
*
Ed
 1e-07 1 1 0
1  148 0 0 0.015
4 C0 70 0 69 0
0

0101000
+2979 0 -2960 0 *
Ed
 1e-07 1 1 0
1  149 0 0 0.3
4 C0 70 0 72 0
0

0101000
+2960 0 -2965 0 *
Wi

0101100
+2959 0 +2958 0 -2964 0 -2976 0 *
Fa
0  1e-07 70 0

0111000
+2957 0 *
Ed
 1e-07 1 1 0
1  150 0 0 0.199999999999999
4 C0 69 0 72 0
0

0101000
+2970 0 -2960 0 *
Wi

0101100
+2968 0 +2955 0 -2959 0 -2978 0 *
Fa
0  1e-07 69 0

0111000
+2954 0 *
Wi

0101100
+2969 0 +2955 0 +2958 0 +2963 0 *
Fa
0  1e-07 72 0

0111000
+2952 0 *
Sh

0101100
-2973 0 -2966 0 -2961 0 -2956 0 -2953 0 +2951 0 *
So

0100000
+2950 0 *
Ve
1e-07
28.76 5.398 0
0 0

0101101
*
Ve
1e-07
28.76 5.542 0
0 0

0101101
*
Ed
 1e-07 1 1 0
1  151 0 0 0.144
4 C0 73 0 74 0
0

0101000
+2948 0 -2947 0 *
Ve
1e-07
28.712 5.59 0
0 0

0101101
*
Ed
 1e-07 1 1 0
1  152 0 0 1.5707963267949
2  9 75 0 0 1.5707963267949
4 C0 73 0 75 0
0

0101000
+2947 0 -2945 0 *
Ve
1e-07
28.568 5.59 0
0 0

0101101
*
Ed
 1e-07 1 1 0
1  153 0 0 0.143999999999998
4 C0 73 0 76 0
0

0101000
+2945 0 -2943 0 *
Ve
1e-07
28.52 5.542 0
0 0

0101101
*
Ed
 1e-07 1 1 0
1  154 0 1.5707963267949 3.14159265358979
2  10 77 0 1.5707963267949 3.14159265358979
4 C0 73 0 77 0
0

0101000
+2943 0 -2941 0 *
Ve
1e-07
28.52 5.398 0
0 0

0101101
*
Ed
 1e-07 1 1 0
1  155 0 0 0.144
4 C0 73 0 78 0
0

0101000
+2941 0 -2939 0 *
Ve
1e-07
28.568 5.35 0
0 0

0101101
*
Ed
 1e-07 1 1 0
1  156 0 3.14159265358979 4.71238898038469
2  11 79 0 3.14159265358979 4.71238898038469
4 C0 73 0 79 0
0

0101000
+2939 0 -2937 0 *
Ve
1e-07
28.712 5.35 0
0 0

0101101
*
Ed
 1e-07 1 1 0
1  157 0 0 0.143999999999998
4 C0 73 0 80 0
0

0101000
+2937 0 -2935 0 *
Ed
 1e-07 1 1 0
1  158 0 4.71238898038469 6.28318530717959
2  12 81 0 4.71238898038469 6.28318530717959
4 C0 73 0 81 0
0

0101000
+2935 0 -2948 0 *
Wi

0101100
+2946 0 +2944 0 +2942 0 +2940 0 +2938 0 +2936 0 +2934 0 +2933 0 *
Fa
0  1e-07 73 0

0111000
+2932 0 *
Ve
1e-07
28.76 5.398 0.015
0 0

0101101
*
Ed
 1e-07 1 1 0
1  159 0 0 0.015
2  13 81 0 0 0.015
4 G1 74 0 81 0
0

0101000
+2948 0 -2930 0 *
Ve
1e-07
28.76 5.542 0.015
0 0

0101101
*
Ed
 1e-07 1 1 0
1  160 0 0 0.144
4 C0 74 0 82 0
0

0101000
+2930 0 -2928 0 *
Ed
 1e-07 1 1 0
1  161 0 0 0.015
2  14 75 0 0 0.015
4 G1 74 0 75 0
0

0101000
+2947 0 -2928 0 *
Wi

0101100
+2929 0 +2927 0 -2926 0 -2946 0 *
Fa
0  1e-07 74 0

0111000
+2925 0 *
Ve
1e-07
28.712 5.35 0.015
0 0

0101101
*
Ed
 1e-07 1 1 0
1  162 0 4.71238898038469 6.28318530717959
2  15 81 0 4.71238898038469 6.28318530717959
4 C0 81 0 82 0
0

0101000
+2923 0 -2930 0 *
Ed
 1e-07 1 1 0
1  163 0 0 0.015
2  16 81 0 0 0.015
4 G1 81 0 80 0
0

0101000
+2935 0 -2923 0 *
Wi

0101100
+2933 0 +2929 0 -2922 0 -2921 0 *
Fa
0  1e-07 81 0

0111000
+2920 0 *
Ve
1e-07
28.568 5.35 0.015
0 0

0101101
*
Ed
 1e-07 1 1 0
1  164 0 0 0.015
2  17 79 0 0 0.015
4 G1 80 0 79 0
0

0101000
+2937 0 -2918 0 *
Ed
 1e-07 1 1 0
1  165 0 0 0.143999999999998
4 C0 80 0 82 0
0

0101000
+2918 0 -2923 0 *
Wi

0101100
+2917 0 +2916 0 -2921 0 -2934 0 *
Fa
0  1e-07 80 0

0111000
+2915 0 *
Ve
1e-07
28.52 5.398 0.015
0 0

0101101
*
Ed
 1e-07 1 1 0
1  166 0 3.14159265358979 4.71238898038469
2  18 79 0 3.14159265358979 4.71238898038469
4 C0 79 0 82 0
0

0101000
+2913 0 -2918 0 *
Ed
 1e-07 1 1 0
1  167 0 0 0.015
2  19 79 0 0 0.015
4 G1 79 0 78 0
0

0101000
+2939 0 -2913 0 *
Wi

0101100
+2936 0 +2917 0 -2912 0 -2911 0 *
Fa
0  1e-07 79 0

0111000
+2910 0 *
Ve
1e-07
28.52 5.542 0.015
0 0

0101101
*
Ed
 1e-07 1 1 0
1  168 0 0 0.015
2  20 77 0 0 0.015
4 G1 78 0 77 0
0

0101000
+2941 0 -2908 0 *
Ed
 1e-07 1 1 0
1  169 0 0 0.144
4 C0 78 0 82 0
0

0101000
+2908 0 -2913 0 *
Wi

0101100
+2907 0 +2906 0 -2911 0 -2938 0 *
Fa
0  1e-07 78 0

0111000
+2905 0 *
Ve
1e-07
28.568 5.59 0.015
0 0

0101101
*
Ed
 1e-07 1 1 0
1  170 0 1.5707963267949 3.14159265358979
2  21 77 0 1.5707963267949 3.14159265358979
4 C0 77 0 82 0
0

0101000
+2903 0 -2908 0 *
Ed
 1e-07 1 1 0
1  171 0 0 0.015
2  22 77 0 0 0.015
4 G1 77 0 76 0
0

0101000
+2943 0 -2903 0 *
Wi

0101100
+2940 0 +2907 0 -2902 0 -2901 0 *
Fa
0  1e-07 77 0

0111000
+2900 0 *
Ve
1e-07
28.712 5.59 0.015
0 0

0101101
*
Ed
 1e-07 1 1 0
1  172 0 0 0.015
2  23 75 0 0 0.015
4 G1 76 0 75 0
0

0101000
+2945 0 -2898 0 *
Ed
 1e-07 1 1 0
1  173 0 0 0.143999999999998
4 C0 76 0 82 0
0

0101000
+2898 0 -2903 0 *
Wi

0101100
+2897 0 +2896 0 -2901 0 -2942 0 *
Fa
0  1e-07 76 0

0111000
+2895 0 *
Ed
 1e-07 1 1 0
1  174 0 0 1.5707963267949
2  24 75 0 0 1.5707963267949
4 C0 75 0 82 0
0

0101000
+2928 0 -2898 0 *
Wi

0101100
+2944 0 +2897 0 -2893 0 -2926 0 *
Fa
0  1e-07 75 0

0111000
+2892 0 *
Wi

0101100
+2927 0 +2893 0 +2896 0 +2902 0 +2906 0 +2912 0 +2916 0 +2922 0 *
Fa
0  1e-07 82 0

0111000
+2890 0 *
Sh

0101100
-2931 0 -2924 0 +2919 0 -2914 0 +2909 0 -2904 0 +2899 0 -2894 0 +2891 0 +2889 0 
*
So

0100000
+2888 0 *
Ve
1e-07
27.481 6.475 0
0 0

0101101
*
Ve
1e-07
27.481 6.175 0
0 0

0101101
*
Ed
 1e-07 1 1 0
1  175 0 0 0.3
4 C0 83 0 84 0
0

0101000
+2886 0 -2885 0 *
Ve
1e-07
27.681 6.175 0
0 0

0101101
*
Ed
 1e-07 1 1 0
1  176 0 0 0.199999999999999
4 C0 83 0 85 0
0

0101000
+2885 0 -2883 0 *
Ve
1e-07
27.681 6.475 0
0 0

0101101
*
Ed
 1e-07 1 1 0
1  177 0 0 0.3
4 C0 83 0 86 0
0

0101000
+2883 0 -2881 0 *
Ed
 1e-07 1 1 0
1  178 0 0 0.199999999999999
4 C0 83 0 87 0
0

0101000
+2881 0 -2886 0 *
Wi

0101100
+2884 0 +2882 0 +2880 0 +2879 0 *
Fa
0  1e-07 83 0

0111000
+2878 0 *
Ve
1e-07
27.481 6.475 0.015
0 0

0101101
*
Ed
 1e-07 1 1 0
1  179 0 0 0.015
4 C0 84 0 87 0
0

0101000
+2886 0 -2876 0 *
Ve
1e-07
27.481 6.175 0.015
0 0

0101101
*
Ed
 1e-07 1 1 0
1  180 0 0 0.3
4 C0 84 0 88 0
0

0101000
+2876 0 -2874 0 *
Ed
 1e-07 1 1 0
1  181 0 0 0.015
4 C0 84 0 85 0
0

0101000
+2885 0 -2874 0 *
Wi

0101100
+2875 0 +2873 0 -2872 0 -2884 0 *
Fa
0  1e-07 84 0

0111000
+2871 0 *
Ve
1e-07
27.681 6.475 0.015
0 0

0101101
*
Ed
 1e-07 1 1 0
1  182 0 0 0.015
4 C0 87 0 86 0
0

0101000
+2881 0 -2869 0 *
Ed
 1e-07 1 1 0
1  183 0 0 0.199999999999999
4 C0 87 0 88 0
0

0101000
+2869 0 -2876 0 *
Wi

0101100
+2868 0 +2867 0 -2875 0 -2879 0 *
Fa
0  1e-07 87 0

0111000
+2866 0 *
Ve
1e-07
27.681 6.175 0.015
0 0

0101101
*
Ed
 1e-07 1 1 0
1  184 0 0 0.015
4 C0 86 0 85 0
0

0101000
+2883 0 -2864 0 *
Ed
 1e-07 1 1 0
1  185 0 0 0.3
4 C0 86 0 88 0
0

0101000
+2864 0 -2869 0 *
Wi

0101100
+2863 0 +2862 0 -2868 0 -2880 0 *
Fa
0  1e-07 86 0

0111000
+2861 0 *
Ed
 1e-07 1 1 0
1  186 0 0 0.199999999999999
4 C0 85 0 88 0
0

0101000
+2874 0 -2864 0 *
Wi

0101100
+2872 0 +2859 0 -2863 0 -2882 0 *
Fa
0  1e-07 85 0

0111000
+2858 0 *
Wi

0101100
+2873 0 +2859 0 +2862 0 +2867 0 *
Fa
0  1e-07 88 0

0111000
+2856 0 *
Sh

0101100
-2877 0 -2870 0 -2865 0 -2860 0 -2857 0 +2855 0 *
So

0100000
+2854 0 *
Ve
1e-07
28.76 5.868 0
0 0

0101101
*
Ve
1e-07
28.76 6.012 0
0 0

0101101
*
Ed
 1e-07 1 1 0
1  187 0 0 0.143999999999999
4 C0 89 0 90 0
0

0101000
+2852 0 -2851 0 *
Ve
1e-07
28.712 6.06 0
0 0

0101101
*
Ed
 1e-07 1 1 0
1  188 0 0 1.5707963267949
2  25 91 0 0 1.5707963267949
4 C0 89 0 91 0
0

0101000
+2851 0 -2849 0 *
Ve
1e-07
28.568 6.06 0
0 0

0101101
*
Ed
 1e-07 1 1 0
1  189 0 0 0.143999999999998
4 C0 89 0 92 0
0

0101000
+2849 0 -2847 0 *
Ve
1e-07
28.52 6.012 0
0 0

0101101
*
Ed
 1e-07 1 1 0
1  190 0 1.5707963267949 3.14159265358979
2  26 93 0 1.5707963267949 3.14159265358979
4 C0 89 0 93 0
0

0101000
+2847 0 -2845 0 *
Ve
1e-07
28.52 5.868 0
0 0

0101101
*
Ed
 1e-07 1 1 0
1  191 0 0 0.143999999999999
4 C0 89 0 94 0
0

0101000
+2845 0 -2843 0 *
Ve
1e-07
28.568 5.82 0
0 0

0101101
*
Ed
 1e-07 1 1 0
1  192 0 3.14159265358979 4.71238898038469
2  27 95 0 3.14159265358979 4.71238898038469
4 C0 89 0 95 0
0

0101000
+2843 0 -2841 0 *
Ve
1e-07
28.712 5.82 0
0 0

0101101
*
Ed
 1e-07 1 1 0
1  193 0 0 0.143999999999998
4 C0 89 0 96 0
0

0101000
+2841 0 -2839 0 *
Ed
 1e-07 1 1 0
1  194 0 4.71238898038469 6.28318530717959
2  28 97 0 4.71238898038469 6.28318530717959
4 C0 89 0 97 0
0

0101000
+2839 0 -2852 0 *
Wi

0101100
+2850 0 +2848 0 +2846 0 +2844 0 +2842 0 +2840 0 +2838 0 +2837 0 *
Fa
0  1e-07 89 0

0111000
+2836 0 *
Ve
1e-07
28.76 5.868 0.015
0 0

0101101
*
Ed
 1e-07 1 1 0
1  195 0 0 0.015
2  29 97 0 0 0.015
4 G1 90 0 97 0
0

0101000
+2852 0 -2834 0 *
Ve
1e-07
28.76 6.012 0.015
0 0

0101101
*
Ed
 1e-07 1 1 0
1  196 0 0 0.143999999999999
4 C0 90 0 98 0
0

0101000
+2834 0 -2832 0 *
Ed
 1e-07 1 1 0
1  197 0 0 0.015
2  30 91 0 0 0.015
4 G1 90 0 91 0
0

0101000
+2851 0 -2832 0 *
Wi

0101100
+2833 0 +2831 0 -2830 0 -2850 0 *
Fa
0  1e-07 90 0

0111000
+2829 0 *
Ve
1e-07
28.712 5.82 0.015
0 0

0101101
*
Ed
 1e-07 1 1 0
1  198 0 4.71238898038469 6.28318530717959
2  31 97 0 4.71238898038469 6.28318530717959
4 C0 97 0 98 0
0

0101000
+2827 0 -2834 0 *
Ed
 1e-07 1 1 0
1  199 0 0 0.015
2  32 97 0 0 0.015
4 G1 97 0 96 0
0

0101000
+2839 0 -2827 0 *
Wi

0101100
+2837 0 +2833 0 -2826 0 -2825 0 *
Fa
0  1e-07 97 0

0111000
+2824 0 *
Ve
1e-07
28.568 5.82 0.015
0 0

0101101
*
Ed
 1e-07 1 1 0
1  200 0 0 0.015
2  33 95 0 0 0.015
4 G1 96 0 95 0
0

0101000
+2841 0 -2822 0 *
Ed
 1e-07 1 1 0
1  201 0 0 0.143999999999998
4 C0 96 0 98 0
0

0101000
+2822 0 -2827 0 *
Wi

0101100
+2821 0 +2820 0 -2825 0 -2838 0 *
Fa
0  1e-07 96 0

0111000
+2819 0 *
Ve
1e-07
28.52 5.868 0.015
0 0

0101101
*
Ed
 1e-07 1 1 0
1  202 0 3.14159265358979 4.71238898038469
2  34 95 0 3.14159265358979 4.71238898038469
4 C0 95 0 98 0
0

0101000
+2817 0 -2822 0 *
Ed
 1e-07 1 1 0
1  203 0 0 0.015
2  35 95 0 0 0.015
4 G1 95 0 94 0
0

0101000
+2843 0 -2817 0 *
Wi

0101100
+2840 0 +2821 0 -2816 0 -2815 0 *
Fa
0  1e-07 95 0

0111000
+2814 0 *
Ve
1e-07
28.52 6.012 0.015
0 0

0101101
*
Ed
 1e-07 1 1 0
1  204 0 0 0.015
2  36 93 0 0 0.015
4 G1 94 0 93 0
0

0101000
+2845 0 -2812 0 *
Ed
 1e-07 1 1 0
1  205 0 0 0.143999999999999
4 C0 94 0 98 0
0

0101000
+2812 0 -2817 0 *
Wi

0101100
+2811 0 +2810 0 -2815 0 -2842 0 *
Fa
0  1e-07 94 0

0111000
+2809 0 *
Ve
1e-07
28.568 6.06 0.015
0 0

0101101
*
Ed
 1e-07 1 1 0
1  206 0 1.5707963267949 3.14159265358979
2  37 93 0 1.5707963267949 3.14159265358979
4 C0 93 0 98 0
0

0101000
+2807 0 -2812 0 *
Ed
 1e-07 1 1 0
1  207 0 0 0.015
2  38 93 0 0 0.015
4 G1 93 0 92 0
0

0101000
+2847 0 -2807 0 *
Wi

0101100
+2844 0 +2811 0 -2806 0 -2805 0 *
Fa
0  1e-07 93 0

0111000
+2804 0 *
Ve
1e-07
28.712 6.06 0.015
0 0

0101101
*
Ed
 1e-07 1 1 0
1  208 0 0 0.015
2  39 91 0 0 0.015
4 G1 92 0 91 0
0

0101000
+2849 0 -2802 0 *
Ed
 1e-07 1 1 0
1  209 0 0 0.143999999999998
4 C0 92 0 98 0
0

0101000
+2802 0 -2807 0 *
Wi

0101100
+2801 0 +2800 0 -2805 0 -2846 0 *
Fa
0  1e-07 92 0

0111000
+2799 0 *
Ed
 1e-07 1 1 0
1  210 0 0 1.5707963267949
2  40 91 0 0 1.5707963267949
4 C0 91 0 98 0
0

0101000
+2832 0 -2802 0 *
Wi

0101100
+2848 0 +2801 0 -2797 0 -2830 0 *
Fa
0  1e-07 91 0

0111000
+2796 0 *
Wi

0101100
+2831 0 +2797 0 +2800 0 +2806 0 +2810 0 +2816 0 +2820 0 +2826 0 *
Fa
0  1e-07 98 0

0111000
+2794 0 *
Sh

0101100
-2835 0 -2828 0 +2823 0 -2818 0 +2813 0 -2808 0 +2803 0 -2798 0 +2795 0 +2793 0 
*
So

0100000
+2792 0 *
Ve
1e-07
28.76 6.338 0
0 0

0101101
*
Ve
1e-07
28.76 6.482 0
0 0

0101101
*
Ed
 1e-07 1 1 0
1  211 0 0 0.144
4 C0 99 0 100 0
0

0101000
+2790 0 -2789 0 *
Ve
1e-07
28.712 6.53 0
0 0

0101101
*
Ed
 1e-07 1 1 0
1  212 0 0 1.5707963267949
2  41 101 0 0 1.5707963267949
4 C0 99 0 101 0
0

0101000
+2789 0 -2787 0 *
Ve
1e-07
28.568 6.53 0
0 0

0101101
*
Ed
 1e-07 1 1 0
1  213 0 0 0.143999999999998
4 C0 99 0 102 0
0

0101000
+2787 0 -2785 0 *
Ve
1e-07
28.52 6.482 0
0 0

0101101
*
Ed
 1e-07 1 1 0
1  214 0 1.5707963267949 3.14159265358979
2  42 103 0 1.5707963267949 3.14159265358979
4 C0 99 0 103 0
0

0101000
+2785 0 -2783 0 *
Ve
1e-07
28.52 6.338 0
0 0

0101101
*
Ed
 1e-07 1 1 0
1  215 0 0 0.144
4 C0 99 0 104 0
0

0101000
+2783 0 -2781 0 *
Ve
1e-07
28.568 6.29 0
0 0

0101101
*
Ed
 1e-07 1 1 0
1  216 0 3.14159265358979 4.71238898038469
2  43 105 0 3.14159265358979 4.71238898038469
4 C0 99 0 105 0
0

0101000
+2781 0 -2779 0 *
Ve
1e-07
28.712 6.29 0
0 0

0101101
*
Ed
 1e-07 1 1 0
1  217 0 0 0.143999999999998
4 C0 99 0 106 0
0

0101000
+2779 0 -2777 0 *
Ed
 1e-07 1 1 0
1  218 0 4.71238898038469 6.28318530717959
2  44 107 0 4.71238898038469 6.28318530717959
4 C0 99 0 107 0
0

0101000
+2777 0 -2790 0 *
Wi

0101100
+2788 0 +2786 0 +2784 0 +2782 0 +2780 0 +2778 0 +2776 0 +2775 0 *
Fa
0  1e-07 99 0

0111000
+2774 0 *
Ve
1e-07
28.76 6.338 0.015
0 0

0101101
*
Ed
 1e-07 1 1 0
1  219 0 0 0.015
2  45 107 0 0 0.015
4 G1 100 0 107 0
0

0101000
+2790 0 -2772 0 *
Ve
1e-07
28.76 6.482 0.015
0 0

0101101
*
Ed
 1e-07 1 1 0
1  220 0 0 0.144
4 C0 100 0 108 0
0

0101000
+2772 0 -2770 0 *
Ed
 1e-07 1 1 0
1  221 0 0 0.015
2  46 101 0 0 0.015
4 G1 100 0 101 0
0

0101000
+2789 0 -2770 0 *
Wi

0101100
+2771 0 +2769 0 -2768 0 -2788 0 *
Fa
0  1e-07 100 0

0111000
+2767 0 *
Ve
1e-07
28.712 6.29 0.015
0 0

0101101
*
Ed
 1e-07 1 1 0
1  222 0 4.71238898038469 6.28318530717959
2  47 107 0 4.71238898038469 6.28318530717959
4 C0 107 0 108 0
0

0101000
+2765 0 -2772 0 *
Ed
 1e-07 1 1 0
1  223 0 0 0.015
2  48 107 0 0 0.015
4 G1 107 0 106 0
0

0101000
+2777 0 -2765 0 *
Wi

0101100
+2775 0 +2771 0 -2764 0 -2763 0 *
Fa
0  1e-07 107 0

0111000
+2762 0 *
Ve
1e-07
28.568 6.29 0.015
0 0

0101101
*
Ed
 1e-07 1 1 0
1  224 0 0 0.015
2  49 105 0 0 0.015
4 G1 106 0 105 0
0

0101000
+2779 0 -2760 0 *
Ed
 1e-07 1 1 0
1  225 0 0 0.143999999999998
4 C0 106 0 108 0
0

0101000
+2760 0 -2765 0 *
Wi

0101100
+2759 0 +2758 0 -2763 0 -2776 0 *
Fa
0  1e-07 106 0

0111000
+2757 0 *
Ve
1e-07
28.52 6.338 0.015
0 0

0101101
*
Ed
 1e-07 1 1 0
1  226 0 3.14159265358979 4.71238898038469
2  50 105 0 3.14159265358979 4.71238898038469
4 C0 105 0 108 0
0

0101000
+2755 0 -2760 0 *
Ed
 1e-07 1 1 0
1  227 0 0 0.015
2  51 105 0 0 0.015
4 G1 105 0 104 0
0

0101000
+2781 0 -2755 0 *
Wi

0101100
+2778 0 +2759 0 -2754 0 -2753 0 *
Fa
0  1e-07 105 0

0111000
+2752 0 *
Ve
1e-07
28.52 6.482 0.015
0 0

0101101
*
Ed
 1e-07 1 1 0
1  228 0 0 0.015
2  52 103 0 0 0.015
4 G1 104 0 103 0
0

0101000
+2783 0 -2750 0 *
Ed
 1e-07 1 1 0
1  229 0 0 0.144
4 C0 104 0 108 0
0

0101000
+2750 0 -2755 0 *
Wi

0101100
+2749 0 +2748 0 -2753 0 -2780 0 *
Fa
0  1e-07 104 0

0111000
+2747 0 *
Ve
1e-07
28.568 6.53 0.015
0 0

0101101
*
Ed
 1e-07 1 1 0
1  230 0 1.5707963267949 3.14159265358979
2  53 103 0 1.5707963267949 3.14159265358979
4 C0 103 0 108 0
0

0101000
+2745 0 -2750 0 *
Ed
 1e-07 1 1 0
1  231 0 0 0.015
2  54 103 0 0 0.015
4 G1 103 0 102 0
0

0101000
+2785 0 -2745 0 *
Wi

0101100
+2782 0 +2749 0 -2744 0 -2743 0 *
Fa
0  1e-07 103 0

0111000
+2742 0 *
Ve
1e-07
28.712 6.53 0.015
0 0

0101101
*
Ed
 1e-07 1 1 0
1  232 0 0 0.015
2  55 101 0 0 0.015
4 G1 102 0 101 0
0

0101000
+2787 0 -2740 0 *
Ed
 1e-07 1 1 0
1  233 0 0 0.143999999999998
4 C0 102 0 108 0
0

0101000
+2740 0 -2745 0 *
Wi

0101100
+2739 0 +2738 0 -2743 0 -2784 0 *
Fa
0  1e-07 102 0

0111000
+2737 0 *
Ed
 1e-07 1 1 0
1  234 0 0 1.5707963267949
2  56 101 0 0 1.5707963267949
4 C0 101 0 108 0
0

0101000
+2770 0 -2740 0 *
Wi

0101100
+2786 0 +2739 0 -2735 0 -2768 0 *
Fa
0  1e-07 101 0

0111000
+2734 0 *
Wi

0101100
+2769 0 +2735 0 +2738 0 +2744 0 +2748 0 +2754 0 +2758 0 +2764 0 *
Fa
0  1e-07 108 0

0111000
+2732 0 *
Sh

0101100
-2773 0 -2766 0 +2761 0 -2756 0 +2751 0 -2746 0 +2741 0 -2736 0 +2733 0 +2731 0 
*
So

0100000
+2730 0 *
Ve
1e-07
29.18 5.398 0
0 0

0101101
*
Ve
1e-07
29.18 5.542 0
0 0

0101101
*
Ed
 1e-07 1 1 0
1  235 0 0 0.144
4 C0 109 0 110 0
0

0101000
+2728 0 -2727 0 *
Ve
1e-07
29.132 5.59 0
0 0

0101101
*
Ed
 1e-07 1 1 0
1  236 0 0 1.5707963267949
2  57 111 0 0 1.5707963267949
4 C0 109 0 111 0
0

0101000
+2727 0 -2725 0 *
Ve
1e-07
28.988 5.59 0
0 0

0101101
*
Ed
 1e-07 1 1 0
1  237 0 0 0.144000000000002
4 C0 109 0 112 0
0

0101000
+2725 0 -2723 0 *
Ve
1e-07
28.94 5.542 0
0 0

0101101
*
Ed
 1e-07 1 1 0
1  238 0 1.5707963267949 3.14159265358979
2  58 113 0 1.5707963267949 3.14159265358979
4 C0 109 0 113 0
0

0101000
+2723 0 -2721 0 *
Ve
1e-07
28.94 5.398 0
0 0

0101101
*
Ed
 1e-07 1 1 0
1  239 0 0 0.144
4 C0 109 0 114 0
0

0101000
+2721 0 -2719 0 *
Ve
1e-07
28.988 5.35 0
0 0

0101101
*
Ed
 1e-07 1 1 0
1  240 0 3.14159265358979 4.71238898038469
2  59 115 0 3.14159265358979 4.71238898038469
4 C0 109 0 115 0
0

0101000
+2719 0 -2717 0 *
Ve
1e-07
29.132 5.35 0
0 0

0101101
*
Ed
 1e-07 1 1 0
1  241 0 0 0.144000000000002
4 C0 109 0 116 0
0

0101000
+2717 0 -2715 0 *
Ed
 1e-07 1 1 0
1  242 0 4.71238898038469 6.28318530717959
2  60 117 0 4.71238898038469 6.28318530717959
4 C0 109 0 117 0
0

0101000
+2715 0 -2728 0 *
Wi

0101100
+2726 0 +2724 0 +2722 0 +2720 0 +2718 0 +2716 0 +2714 0 +2713 0 *
Fa
0  1e-07 109 0

0111000
+2712 0 *
Ve
1e-07
29.18 5.398 0.015
0 0

0101101
*
Ed
 1e-07 1 1 0
1  243 0 0 0.015
2  61 117 0 0 0.015
4 G1 110 0 117 0
0

0101000
+2728 0 -2710 0 *
Ve
1e-07
29.18 5.542 0.015
0 0

0101101
*
Ed
 1e-07 1 1 0
1  244 0 0 0.144
4 C0 110 0 118 0
0

0101000
+2710 0 -2708 0 *
Ed
 1e-07 1 1 0
1  245 0 0 0.015
2  62 111 0 0 0.015
4 G1 110 0 111 0
0

0101000
+2727 0 -2708 0 *
Wi

0101100
+2709 0 +2707 0 -2706 0 -2726 0 *
Fa
0  1e-07 110 0

0111000
+2705 0 *
Ve
1e-07
29.132 5.35 0.015
0 0

0101101
*
Ed
 1e-07 1 1 0
1  246 0 4.71238898038469 6.28318530717959
2  63 117 0 4.71238898038469 6.28318530717959
4 C0 117 0 118 0
0

0101000
+2703 0 -2710 0 *
Ed
 1e-07 1 1 0
1  247 0 0 0.015
2  64 117 0 0 0.015
4 G1 117 0 116 0
0

0101000
+2715 0 -2703 0 *
Wi

0101100
+2713 0 +2709 0 -2702 0 -2701 0 *
Fa
0  1e-07 117 0

0111000
+2700 0 *
Ve
1e-07
28.988 5.35 0.015
0 0

0101101
*
Ed
 1e-07 1 1 0
1  248 0 0 0.015
2  65 115 0 0 0.015
4 G1 116 0 115 0
0

0101000
+2717 0 -2698 0 *
Ed
 1e-07 1 1 0
1  249 0 0 0.144000000000002
4 C0 116 0 118 0
0

0101000
+2698 0 -2703 0 *
Wi

0101100
+2697 0 +2696 0 -2701 0 -2714 0 *
Fa
0  1e-07 116 0

0111000
+2695 0 *
Ve
1e-07
28.94 5.398 0.015
0 0

0101101
*
Ed
 1e-07 1 1 0
1  250 0 3.14159265358979 4.71238898038469
2  66 115 0 3.14159265358979 4.71238898038469
4 C0 115 0 118 0
0

0101000
+2693 0 -2698 0 *
Ed
 1e-07 1 1 0
1  251 0 0 0.015
2  67 115 0 0 0.015
4 G1 115 0 114 0
0

0101000
+2719 0 -2693 0 *
Wi

0101100
+2716 0 +2697 0 -2692 0 -2691 0 *
Fa
0  1e-07 115 0

0111000
+2690 0 *
Ve
1e-07
28.94 5.542 0.015
0 0

0101101
*
Ed
 1e-07 1 1 0
1  252 0 0 0.015
2  68 113 0 0 0.015
4 G1 114 0 113 0
0

0101000
+2721 0 -2688 0 *
Ed
 1e-07 1 1 0
1  253 0 0 0.144
4 C0 114 0 118 0
0

0101000
+2688 0 -2693 0 *
Wi

0101100
+2687 0 +2686 0 -2691 0 -2718 0 *
Fa
0  1e-07 114 0

0111000
+2685 0 *
Ve
1e-07
28.988 5.59 0.015
0 0

0101101
*
Ed
 1e-07 1 1 0
1  254 0 1.5707963267949 3.14159265358979
2  69 113 0 1.5707963267949 3.14159265358979
4 C0 113 0 118 0
0

0101000
+2683 0 -2688 0 *
Ed
 1e-07 1 1 0
1  255 0 0 0.015
2  70 113 0 0 0.015
4 G1 113 0 112 0
0

0101000
+2723 0 -2683 0 *
Wi

0101100
+2720 0 +2687 0 -2682 0 -2681 0 *
Fa
0  1e-07 113 0

0111000
+2680 0 *
Ve
1e-07
29.132 5.59 0.015
0 0

0101101
*
Ed
 1e-07 1 1 0
1  256 0 0 0.015
2  71 111 0 0 0.015
4 G1 112 0 111 0
0

0101000
+2725 0 -2678 0 *
Ed
 1e-07 1 1 0
1  257 0 0 0.144000000000002
4 C0 112 0 118 0
0

0101000
+2678 0 -2683 0 *
Wi

0101100
+2677 0 +2676 0 -2681 0 -2722 0 *
Fa
0  1e-07 112 0

0111000
+2675 0 *
Ed
 1e-07 1 1 0
1  258 0 0 1.5707963267949
2  72 111 0 0 1.5707963267949
4 C0 111 0 118 0
0

0101000
+2708 0 -2678 0 *
Wi

0101100
+2724 0 +2677 0 -2673 0 -2706 0 *
Fa
0  1e-07 111 0

0111000
+2672 0 *
Wi

0101100
+2707 0 +2673 0 +2676 0 +2682 0 +2686 0 +2692 0 +2696 0 +2702 0 *
Fa
0  1e-07 118 0

0111000
+2670 0 *
Sh

0101100
-2711 0 -2704 0 +2699 0 -2694 0 +2689 0 -2684 0 +2679 0 -2674 0 +2671 0 +2669 0 
*
So

0100000
+2668 0 *
Ve
1e-07
29.18 5.868 0
0 0

0101101
*
Ve
1e-07
29.18 6.012 0
0 0

0101101
*
Ed
 1e-07 1 1 0
1  259 0 0 0.143999999999999
4 C0 119 0 120 0
0

0101000
+2666 0 -2665 0 *
Ve
1e-07
29.132 6.06 0
0 0

0101101
*
Ed
 1e-07 1 1 0
1  260 0 0 1.5707963267949
2  73 121 0 0 1.5707963267949
4 C0 119 0 121 0
0

0101000
+2665 0 -2663 0 *
Ve
1e-07
28.988 6.06 0
0 0

0101101
*
Ed
 1e-07 1 1 0
1  261 0 0 0.144000000000002
4 C0 119 0 122 0
0

0101000
+2663 0 -2661 0 *
Ve
1e-07
28.94 6.012 0
0 0

0101101
*
Ed
 1e-07 1 1 0
1  262 0 1.5707963267949 3.14159265358979
2  74 123 0 1.5707963267949 3.14159265358979
4 C0 119 0 123 0
0

0101000
+2661 0 -2659 0 *
Ve
1e-07
28.94 5.868 0
0 0

0101101
*
Ed
 1e-07 1 1 0
1  263 0 0 0.143999999999999
4 C0 119 0 124 0
0

0101000
+2659 0 -2657 0 *
Ve
1e-07
28.988 5.82 0
0 0

0101101
*
Ed
 1e-07 1 1 0
1  264 0 3.14159265358979 4.71238898038469
2  75 125 0 3.14159265358979 4.71238898038469
4 C0 119 0 125 0
0

0101000
+2657 0 -2655 0 *
Ve
1e-07
29.132 5.82 0
0 0

0101101
*
Ed
 1e-07 1 1 0
1  265 0 0 0.144000000000002
4 C0 119 0 126 0
0

0101000
+2655 0 -2653 0 *
Ed
 1e-07 1 1 0
1  266 0 4.71238898038469 6.28318530717959
2  76 127 0 4.71238898038469 6.28318530717959
4 C0 119 0 127 0
0

0101000
+2653 0 -2666 0 *
Wi

0101100
+2664 0 +2662 0 +2660 0 +2658 0 +2656 0 +2654 0 +2652 0 +2651 0 *
Fa
0  1e-07 119 0

0111000
+2650 0 *
Ve
1e-07
29.18 5.868 0.015
0 0

0101101
*
Ed
 1e-07 1 1 0
1  267 0 0 0.015
2  77 127 0 0 0.015
4 G1 120 0 127 0
0

0101000
+2666 0 -2648 0 *
Ve
1e-07
29.18 6.012 0.015
0 0

0101101
*
Ed
 1e-07 1 1 0
1  268 0 0 0.143999999999999
4 C0 120 0 128 0
0

0101000
+2648 0 -2646 0 *
Ed
 1e-07 1 1 0
1  269 0 0 0.015
2  78 121 0 0 0.015
4 G1 120 0 121 0
0

0101000
+2665 0 -2646 0 *
Wi

0101100
+2647 0 +2645 0 -2644 0 -2664 0 *
Fa
0  1e-07 120 0

0111000
+2643 0 *
Ve
1e-07
29.132 5.82 0.015
0 0

0101101
*
Ed
 1e-07 1 1 0
1  270 0 4.71238898038469 6.28318530717959
2  79 127 0 4.71238898038469 6.28318530717959
4 C0 127 0 128 0
0

0101000
+2641 0 -2648 0 *
Ed
 1e-07 1 1 0
1  271 0 0 0.015
2  80 127 0 0 0.015
4 G1 127 0 126 0
0

0101000
+2653 0 -2641 0 *
Wi

0101100
+2651 0 +2647 0 -2640 0 -2639 0 *
Fa
0  1e-07 127 0

0111000
+2638 0 *
Ve
1e-07
28.988 5.82 0.015
0 0

0101101
*
Ed
 1e-07 1 1 0
1  272 0 0 0.015
2  81 125 0 0 0.015
4 G1 126 0 125 0
0

0101000
+2655 0 -2636 0 *
Ed
 1e-07 1 1 0
1  273 0 0 0.144000000000002
4 C0 126 0 128 0
0

0101000
+2636 0 -2641 0 *
Wi

0101100
+2635 0 +2634 0 -2639 0 -2652 0 *
Fa
0  1e-07 126 0

0111000
+2633 0 *
Ve
1e-07
28.94 5.868 0.015
0 0

0101101
*
Ed
 1e-07 1 1 0
1  274 0 3.14159265358979 4.71238898038469
2  82 125 0 3.14159265358979 4.71238898038469
4 C0 125 0 128 0
0

0101000
+2631 0 -2636 0 *
Ed
 1e-07 1 1 0
1  275 0 0 0.015
2  83 125 0 0 0.015
4 G1 125 0 124 0
0

0101000
+2657 0 -2631 0 *
Wi

0101100
+2654 0 +2635 0 -2630 0 -2629 0 *
Fa
0  1e-07 125 0

0111000
+2628 0 *
Ve
1e-07
28.94 6.012 0.015
0 0

0101101
*
Ed
 1e-07 1 1 0
1  276 0 0 0.015
2  84 123 0 0 0.015
4 G1 124 0 123 0
0

0101000
+2659 0 -2626 0 *
Ed
 1e-07 1 1 0
1  277 0 0 0.143999999999999
4 C0 124 0 128 0
0

0101000
+2626 0 -2631 0 *
Wi

0101100
+2625 0 +2624 0 -2629 0 -2656 0 *
Fa
0  1e-07 124 0

0111000
+2623 0 *
Ve
1e-07
28.988 6.06 0.015
0 0

0101101
*
Ed
 1e-07 1 1 0
1  278 0 1.5707963267949 3.14159265358979
2  85 123 0 1.5707963267949 3.14159265358979
4 C0 123 0 128 0
0

0101000
+2621 0 -2626 0 *
Ed
 1e-07 1 1 0
1  279 0 0 0.015
2  86 123 0 0 0.015
4 G1 123 0 122 0
0

0101000
+2661 0 -2621 0 *
Wi

0101100
+2658 0 +2625 0 -2620 0 -2619 0 *
Fa
0  1e-07 123 0

0111000
+2618 0 *
Ve
1e-07
29.132 6.06 0.015
0 0

0101101
*
Ed
 1e-07 1 1 0
1  280 0 0 0.015
2  87 121 0 0 0.015
4 G1 122 0 121 0
0

0101000
+2663 0 -2616 0 *
Ed
 1e-07 1 1 0
1  281 0 0 0.144000000000002
4 C0 122 0 128 0
0

0101000
+2616 0 -2621 0 *
Wi

0101100
+2615 0 +2614 0 -2619 0 -2660 0 *
Fa
0  1e-07 122 0

0111000
+2613 0 *
Ed
 1e-07 1 1 0
1  282 0 0 1.5707963267949
2  88 121 0 0 1.5707963267949
4 C0 121 0 128 0
0

0101000
+2646 0 -2616 0 *
Wi

0101100
+2662 0 +2615 0 -2611 0 -2644 0 *
Fa
0  1e-07 121 0

0111000
+2610 0 *
Wi

0101100
+2645 0 +2611 0 +2614 0 +2620 0 +2624 0 +2630 0 +2634 0 +2640 0 *
Fa
0  1e-07 128 0

0111000
+2608 0 *
Sh

0101100
-2649 0 -2642 0 +2637 0 -2632 0 +2627 0 -2622 0 +2617 0 -2612 0 +2609 0 +2607 0 
*
So

0100000
+2606 0 *
Ve
1e-07
29.18 6.338 0
0 0

0101101
*
Ve
1e-07
29.18 6.482 0
0 0

0101101
*
Ed
 1e-07 1 1 0
1  283 0 0 0.144
4 C0 129 0 130 0
0

0101000
+2604 0 -2603 0 *
Ve
1e-07
29.132 6.53 0
0 0

0101101
*
Ed
 1e-07 1 1 0
1  284 0 0 1.5707963267949
2  89 131 0 0 1.5707963267949
4 C0 129 0 131 0
0

0101000
+2603 0 -2601 0 *
Ve
1e-07
28.988 6.53 0
0 0

0101101
*
Ed
 1e-07 1 1 0
1  285 0 0 0.144000000000002
4 C0 129 0 132 0
0

0101000
+2601 0 -2599 0 *
Ve
1e-07
28.94 6.482 0
0 0

0101101
*
Ed
 1e-07 1 1 0
1  286 0 1.5707963267949 3.14159265358979
2  90 133 0 1.5707963267949 3.14159265358979
4 C0 129 0 133 0
0

0101000
+2599 0 -2597 0 *
Ve
1e-07
28.94 6.338 0
0 0

0101101
*
Ed
 1e-07 1 1 0
1  287 0 0 0.144
4 C0 129 0 134 0
0

0101000
+2597 0 -2595 0 *
Ve
1e-07
28.988 6.29 0
0 0

0101101
*
Ed
 1e-07 1 1 0
1  288 0 3.14159265358979 4.71238898038469
2  91 135 0 3.14159265358979 4.71238898038469
4 C0 129 0 135 0
0

0101000
+2595 0 -2593 0 *
Ve
1e-07
29.132 6.29 0
0 0

0101101
*
Ed
 1e-07 1 1 0
1  289 0 0 0.144000000000002
4 C0 129 0 136 0
0

0101000
+2593 0 -2591 0 *
Ed
 1e-07 1 1 0
1  290 0 4.71238898038469 6.28318530717959
2  92 137 0 4.71238898038469 6.28318530717959
4 C0 129 0 137 0
0

0101000
+2591 0 -2604 0 *
Wi

0101100
+2602 0 +2600 0 +2598 0 +2596 0 +2594 0 +2592 0 +2590 0 +2589 0 *
Fa
0  1e-07 129 0

0111000
+2588 0 *
Ve
1e-07
29.18 6.338 0.015
0 0

0101101
*
Ed
 1e-07 1 1 0
1  291 0 0 0.015
2  93 137 0 0 0.015
4 G1 130 0 137 0
0

0101000
+2604 0 -2586 0 *
Ve
1e-07
29.18 6.482 0.015
0 0

0101101
*
Ed
 1e-07 1 1 0
1  292 0 0 0.144
4 C0 130 0 138 0
0

0101000
+2586 0 -2584 0 *
Ed
 1e-07 1 1 0
1  293 0 0 0.015
2  94 131 0 0 0.015
4 G1 130 0 131 0
0

0101000
+2603 0 -2584 0 *
Wi

0101100
+2585 0 +2583 0 -2582 0 -2602 0 *
Fa
0  1e-07 130 0

0111000
+2581 0 *
Ve
1e-07
29.132 6.29 0.015
0 0

0101101
*
Ed
 1e-07 1 1 0
1  294 0 4.71238898038469 6.28318530717959
2  95 137 0 4.71238898038469 6.28318530717959
4 C0 137 0 138 0
0

0101000
+2579 0 -2586 0 *
Ed
 1e-07 1 1 0
1  295 0 0 0.015
2  96 137 0 0 0.015
4 G1 137 0 136 0
0

0101000
+2591 0 -2579 0 *
Wi

0101100
+2589 0 +2585 0 -2578 0 -2577 0 *
Fa
0  1e-07 137 0

0111000
+2576 0 *
Ve
1e-07
28.988 6.29 0.015
0 0

0101101
*
Ed
 1e-07 1 1 0
1  296 0 0 0.015
2  97 135 0 0 0.015
4 G1 136 0 135 0
0

0101000
+2593 0 -2574 0 *
Ed
 1e-07 1 1 0
1  297 0 0 0.144000000000002
4 C0 136 0 138 0
0

0101000
+2574 0 -2579 0 *
Wi

0101100
+2573 0 +2572 0 -2577 0 -2590 0 *
Fa
0  1e-07 136 0

0111000
+2571 0 *
Ve
1e-07
28.94 6.338 0.015
0 0

0101101
*
Ed
 1e-07 1 1 0
1  298 0 3.14159265358979 4.71238898038469
2  98 135 0 3.14159265358979 4.71238898038469
4 C0 135 0 138 0
0

0101000
+2569 0 -2574 0 *
Ed
 1e-07 1 1 0
1  299 0 0 0.015
2  99 135 0 0 0.015
4 G1 135 0 134 0
0

0101000
+2595 0 -2569 0 *
Wi

0101100
+2592 0 +2573 0 -2568 0 -2567 0 *
Fa
0  1e-07 135 0

0111000
+2566 0 *
Ve
1e-07
28.94 6.482 0.015
0 0

0101101
*
Ed
 1e-07 1 1 0
1  300 0 0 0.015
2  100 133 0 0 0.015
4 G1 134 0 133 0
0

0101000
+2597 0 -2564 0 *
Ed
 1e-07 1 1 0
1  301 0 0 0.144
4 C0 134 0 138 0
0

0101000
+2564 0 -2569 0 *
Wi

0101100
+2563 0 +2562 0 -2567 0 -2594 0 *
Fa
0  1e-07 134 0

0111000
+2561 0 *
Ve
1e-07
28.988 6.53 0.015
0 0

0101101
*
Ed
 1e-07 1 1 0
1  302 0 1.5707963267949 3.14159265358979
2  101 133 0 1.5707963267949 3.14159265358979
4 C0 133 0 138 0
0

0101000
+2559 0 -2564 0 *
Ed
 1e-07 1 1 0
1  303 0 0 0.015
2  102 133 0 0 0.015
4 G1 133 0 132 0
0

0101000
+2599 0 -2559 0 *
Wi

0101100
+2596 0 +2563 0 -2558 0 -2557 0 *
Fa
0  1e-07 133 0

0111000
+2556 0 *
Ve
1e-07
29.132 6.53 0.015
0 0

0101101
*
Ed
 1e-07 1 1 0
1  304 0 0 0.015
2  103 131 0 0 0.015
4 G1 132 0 131 0
0

0101000
+2601 0 -2554 0 *
Ed
 1e-07 1 1 0
1  305 0 0 0.144000000000002
4 C0 132 0 138 0
0

0101000
+2554 0 -2559 0 *
Wi

0101100
+2553 0 +2552 0 -2557 0 -2598 0 *
Fa
0  1e-07 132 0

0111000
+2551 0 *
Ed
 1e-07 1 1 0
1  306 0 0 1.5707963267949
2  104 131 0 0 1.5707963267949
4 C0 131 0 138 0
0

0101000
+2584 0 -2554 0 *
Wi

0101100
+2600 0 +2553 0 -2549 0 -2582 0 *
Fa
0  1e-07 131 0

0111000
+2548 0 *
Wi

0101100
+2583 0 +2549 0 +2552 0 +2558 0 +2562 0 +2568 0 +2572 0 +2578 0 *
Fa
0  1e-07 138 0

0111000
+2546 0 *
Sh

0101100
-2587 0 -2580 0 +2575 0 -2570 0 +2565 0 -2560 0 +2555 0 -2550 0 +2547 0 +2545 0 
*
So

0100000
+2544 0 *
Ve
1e-07
27.356 6.945 0
0 0

0101101
*
Ve
1e-07
27.356 6.705 0
0 0

0101101
*
Ed
 1e-07 1 1 0
1  307 0 0 0.24
4 C0 139 0 140 0
0

0101000
+2542 0 -2541 0 *
Ve
1e-07
27.706 6.705 0
0 0

0101101
*
Ed
 1e-07 1 1 0
1  308 0 0 0.349999999999998
4 C0 139 0 141 0
0

0101000
+2541 0 -2539 0 *
Ve
1e-07
27.706 6.945 0
0 0

0101101
*
Ed
 1e-07 1 1 0
1  309 0 0 0.24
4 C0 139 0 142 0
0

0101000
+2539 0 -2537 0 *
Ed
 1e-07 1 1 0
1  310 0 0 0.349999999999998
4 C0 139 0 143 0
0

0101000
+2537 0 -2542 0 *
Wi

0101100
+2540 0 +2538 0 +2536 0 +2535 0 *
Fa
0  1e-07 139 0

0111000
+2534 0 *
Ve
1e-07
27.356 6.945 0.015
0 0

0101101
*
Ed
 1e-07 1 1 0
1  311 0 0 0.015
4 C0 140 0 143 0
0

0101000
+2542 0 -2532 0 *
Ve
1e-07
27.356 6.705 0.015
0 0

0101101
*
Ed
 1e-07 1 1 0
1  312 0 0 0.24
4 C0 140 0 144 0
0

0101000
+2532 0 -2530 0 *
Ed
 1e-07 1 1 0
1  313 0 0 0.015
4 C0 140 0 141 0
0

0101000
+2541 0 -2530 0 *
Wi

0101100
+2531 0 +2529 0 -2528 0 -2540 0 *
Fa
0  1e-07 140 0

0111000
+2527 0 *
Ve
1e-07
27.706 6.945 0.015
0 0

0101101
*
Ed
 1e-07 1 1 0
1  314 0 0 0.015
4 C0 143 0 142 0
0

0101000
+2537 0 -2525 0 *
Ed
 1e-07 1 1 0
1  315 0 0 0.349999999999998
4 C0 143 0 144 0
0

0101000
+2525 0 -2532 0 *
Wi

0101100
+2524 0 +2523 0 -2531 0 -2535 0 *
Fa
0  1e-07 143 0

0111000
+2522 0 *
Ve
1e-07
27.706 6.705 0.015
0 0

0101101
*
Ed
 1e-07 1 1 0
1  316 0 0 0.015
4 C0 142 0 141 0
0

0101000
+2539 0 -2520 0 *
Ed
 1e-07 1 1 0
1  317 0 0 0.24
4 C0 142 0 144 0
0

0101000
+2520 0 -2525 0 *
Wi

0101100
+2519 0 +2518 0 -2524 0 -2536 0 *
Fa
0  1e-07 142 0

0111000
+2517 0 *
Ed
 1e-07 1 1 0
1  318 0 0 0.349999999999998
4 C0 141 0 144 0
0

0101000
+2530 0 -2520 0 *
Wi

0101100
+2528 0 +2515 0 -2519 0 -2538 0 *
Fa
0  1e-07 141 0

0111000
+2514 0 *
Wi

0101100
+2529 0 +2515 0 +2518 0 +2523 0 *
Fa
0  1e-07 144 0

0111000
+2512 0 *
Sh

0101100
-2533 0 -2526 0 -2521 0 -2516 0 -2513 0 +2511 0 *
So

0100000
+2510 0 *
Ve
1e-07
28.31 6.448 0
0 0

0101101
*
Ve
1e-07
28.31 6.592 0
0 0

0101101
*
Ed
 1e-07 1 1 0
1  319 0 0 0.143999999999999
4 C0 145 0 146 0
0

0101000
+2508 0 -2507 0 *
Ve
1e-07
28.262 6.64 0
0 0

0101101
*
Ed
 1e-07 1 1 0
1  320 0 0 1.5707963267949
2  105 147 0 0 1.5707963267949
4 C0 145 0 147 0
0

0101000
+2507 0 -2505 0 *
Ve
1e-07
28.118 6.64 0
0 0

0101101
*
Ed
 1e-07 1 1 0
1  321 0 0 0.144000000000002
4 C0 145 0 148 0
0

0101000
+2505 0 -2503 0 *
Ve
1e-07
28.07 6.592 0
0 0

0101101
*
Ed
 1e-07 1 1 0
1  322 0 1.5707963267949 3.14159265358979
2  106 149 0 1.5707963267949 3.14159265358979
4 C0 145 0 149 0
0

0101000
+2503 0 -2501 0 *
Ve
1e-07
28.07 6.448 0
0 0

0101101
*
Ed
 1e-07 1 1 0
1  323 0 0 0.143999999999999
4 C0 145 0 150 0
0

0101000
+2501 0 -2499 0 *
Ve
1e-07
28.118 6.4 0
0 0

0101101
*
Ed
 1e-07 1 1 0
1  324 0 3.14159265358979 4.71238898038469
2  107 151 0 3.14159265358979 4.71238898038469
4 C0 145 0 151 0
0

0101000
+2499 0 -2497 0 *
Ve
1e-07
28.262 6.4 0
0 0

0101101
*
Ed
 1e-07 1 1 0
1  325 0 0 0.144000000000002
4 C0 145 0 152 0
0

0101000
+2497 0 -2495 0 *
Ed
 1e-07 1 1 0
1  326 0 4.71238898038469 6.28318530717959
2  108 153 0 4.71238898038469 6.28318530717959
4 C0 145 0 153 0
0

0101000
+2495 0 -2508 0 *
Wi

0101100
+2506 0 +2504 0 +2502 0 +2500 0 +2498 0 +2496 0 +2494 0 +2493 0 *
Fa
0  1e-07 145 0

0111000
+2492 0 *
Ve
1e-07
28.31 6.448 0.015
0 0

0101101
*
Ed
 1e-07 1 1 0
1  327 0 0 0.015
2  109 153 0 0 0.015
4 G1 146 0 153 0
0

0101000
+2508 0 -2490 0 *
Ve
1e-07
28.31 6.592 0.015
0 0

0101101
*
Ed
 1e-07 1 1 0
1  328 0 0 0.143999999999999
4 C0 146 0 154 0
0

0101000
+2490 0 -2488 0 *
Ed
 1e-07 1 1 0
1  329 0 0 0.015
2  110 147 0 0 0.015
4 G1 146 0 147 0
0

0101000
+2507 0 -2488 0 *
Wi

0101100
+2489 0 +2487 0 -2486 0 -2506 0 *
Fa
0  1e-07 146 0

0111000
+2485 0 *
Ve
1e-07
28.262 6.4 0.015
0 0

0101101
*
Ed
 1e-07 1 1 0
1  330 0 4.71238898038469 6.28318530717959
2  111 153 0 4.71238898038469 6.28318530717959
4 C0 153 0 154 0
0

0101000
+2483 0 -2490 0 *
Ed
 1e-07 1 1 0
1  331 0 0 0.015
2  112 153 0 0 0.015
4 G1 153 0 152 0
0

0101000
+2495 0 -2483 0 *
Wi

0101100
+2493 0 +2489 0 -2482 0 -2481 0 *
Fa
0  1e-07 153 0

0111000
+2480 0 *
Ve
1e-07
28.118 6.4 0.015
0 0

0101101
*
Ed
 1e-07 1 1 0
1  332 0 0 0.015
2  113 151 0 0 0.015
4 G1 152 0 151 0
0

0101000
+2497 0 -2478 0 *
Ed
 1e-07 1 1 0
1  333 0 0 0.144000000000002
4 C0 152 0 154 0
0

0101000
+2478 0 -2483 0 *
Wi

0101100
+2477 0 +2476 0 -2481 0 -2494 0 *
Fa
0  1e-07 152 0

0111000
+2475 0 *
Ve
1e-07
28.07 6.448 0.015
0 0

0101101
*
Ed
 1e-07 1 1 0
1  334 0 3.14159265358979 4.71238898038469
2  114 151 0 3.14159265358979 4.71238898038469
4 C0 151 0 154 0
0

0101000
+2473 0 -2478 0 *
Ed
 1e-07 1 1 0
1  335 0 0 0.015
2  115 151 0 0 0.015
4 G1 151 0 150 0
0

0101000
+2499 0 -2473 0 *
Wi

0101100
+2496 0 +2477 0 -2472 0 -2471 0 *
Fa
0  1e-07 151 0

0111000
+2470 0 *
Ve
1e-07
28.07 6.592 0.015
0 0

0101101
*
Ed
 1e-07 1 1 0
1  336 0 0 0.015
2  116 149 0 0 0.015
4 G1 150 0 149 0
0

0101000
+2501 0 -2468 0 *
Ed
 1e-07 1 1 0
1  337 0 0 0.143999999999999
4 C0 150 0 154 0
0

0101000
+2468 0 -2473 0 *
Wi

0101100
+2467 0 +2466 0 -2471 0 -2498 0 *
Fa
0  1e-07 150 0

0111000
+2465 0 *
Ve
1e-07
28.118 6.64 0.015
0 0

0101101
*
Ed
 1e-07 1 1 0
1  338 0 1.5707963267949 3.14159265358979
2  117 149 0 1.5707963267949 3.14159265358979
4 C0 149 0 154 0
0

0101000
+2463 0 -2468 0 *
Ed
 1e-07 1 1 0
1  339 0 0 0.015
2  118 149 0 0 0.015
4 G1 149 0 148 0
0

0101000
+2503 0 -2463 0 *
Wi

0101100
+2500 0 +2467 0 -2462 0 -2461 0 *
Fa
0  1e-07 149 0

0111000
+2460 0 *
Ve
1e-07
28.262 6.64 0.015
0 0

0101101
*
Ed
 1e-07 1 1 0
1  340 0 0 0.015
2  119 147 0 0 0.015
4 G1 148 0 147 0
0

0101000
+2505 0 -2458 0 *
Ed
 1e-07 1 1 0
1  341 0 0 0.144000000000002
4 C0 148 0 154 0
0

0101000
+2458 0 -2463 0 *
Wi

0101100
+2457 0 +2456 0 -2461 0 -2502 0 *
Fa
0  1e-07 148 0

0111000
+2455 0 *
Ed
 1e-07 1 1 0
1  342 0 0 1.5707963267949
2  120 147 0 0 1.5707963267949
4 C0 147 0 154 0
0

0101000
+2488 0 -2458 0 *
Wi

0101100
+2504 0 +2457 0 -2453 0 -2486 0 *
Fa
0  1e-07 147 0

0111000
+2452 0 *
Wi

0101100
+2487 0 +2453 0 +2456 0 +2462 0 +2466 0 +2472 0 +2476 0 +2482 0 *
Fa
0  1e-07 154 0

0111000
+2450 0 *
Sh

0101100
-2491 0 -2484 0 +2479 0 -2474 0 +2469 0 -2464 0 +2459 0 -2454 0 +2451 0 +2449 0 
*
So

0100000
+2448 0 *
Ve
1e-07
28.31 6.868 0
0 0

0101101
*
Ve
1e-07
28.31 7.012 0
0 0

0101101
*
Ed
 1e-07 1 1 0
1  343 0 0 0.143999999999999
4 C0 155 0 156 0
0

0101000
+2446 0 -2445 0 *
Ve
1e-07
28.262 7.06 0
0 0

0101101
*
Ed
 1e-07 1 1 0
1  344 0 0 1.5707963267949
2  121 157 0 0 1.5707963267949
4 C0 155 0 157 0
0

0101000
+2445 0 -2443 0 *
Ve
1e-07
28.118 7.06 0
0 0

0101101
*
Ed
 1e-07 1 1 0
1  345 0 0 0.144000000000002
4 C0 155 0 158 0
0

0101000
+2443 0 -2441 0 *
Ve
1e-07
28.07 7.012 0
0 0

0101101
*
Ed
 1e-07 1 1 0
1  346 0 1.5707963267949 3.14159265358979
2  122 159 0 1.5707963267949 3.14159265358979
4 C0 155 0 159 0
0

0101000
+2441 0 -2439 0 *
Ve
1e-07
28.07 6.868 0
0 0

0101101
*
Ed
 1e-07 1 1 0
1  347 0 0 0.143999999999999
4 C0 155 0 160 0
0

0101000
+2439 0 -2437 0 *
Ve
1e-07
28.118 6.82 0
0 0

0101101
*
Ed
 1e-07 1 1 0
1  348 0 3.14159265358979 4.71238898038469
2  123 161 0 3.14159265358979 4.71238898038469
4 C0 155 0 161 0
0

0101000
+2437 0 -2435 0 *
Ve
1e-07
28.262 6.82 0
0 0

0101101
*
Ed
 1e-07 1 1 0
1  349 0 0 0.144000000000002
4 C0 155 0 162 0
0

0101000
+2435 0 -2433 0 *
Ed
 1e-07 1 1 0
1  350 0 4.71238898038469 6.28318530717959
2  124 163 0 4.71238898038469 6.28318530717959
4 C0 155 0 163 0
0

0101000
+2433 0 -2446 0 *
Wi

0101100
+2444 0 +2442 0 +2440 0 +2438 0 +2436 0 +2434 0 +2432 0 +2431 0 *
Fa
0  1e-07 155 0

0111000
+2430 0 *
Ve
1e-07
28.31 6.868 0.015
0 0

0101101
*
Ed
 1e-07 1 1 0
1  351 0 0 0.015
2  125 163 0 0 0.015
4 G1 156 0 163 0
0

0101000
+2446 0 -2428 0 *
Ve
1e-07
28.31 7.012 0.015
0 0

0101101
*
Ed
 1e-07 1 1 0
1  352 0 0 0.143999999999999
4 C0 156 0 164 0
0

0101000
+2428 0 -2426 0 *
Ed
 1e-07 1 1 0
1  353 0 0 0.015
2  126 157 0 0 0.015
4 G1 156 0 157 0
0

0101000
+2445 0 -2426 0 *
Wi

0101100
+2427 0 +2425 0 -2424 0 -2444 0 *
Fa
0  1e-07 156 0

0111000
+2423 0 *
Ve
1e-07
28.262 6.82 0.015
0 0

0101101
*
Ed
 1e-07 1 1 0
1  354 0 4.71238898038469 6.28318530717959
2  127 163 0 4.71238898038469 6.28318530717959
4 C0 163 0 164 0
0

0101000
+2421 0 -2428 0 *
Ed
 1e-07 1 1 0
1  355 0 0 0.015
2  128 163 0 0 0.015
4 G1 163 0 162 0
0

0101000
+2433 0 -2421 0 *
Wi

0101100
+2431 0 +2427 0 -2420 0 -2419 0 *
Fa
0  1e-07 163 0

0111000
+2418 0 *
Ve
1e-07
28.118 6.82 0.015
0 0

0101101
*
Ed
 1e-07 1 1 0
1  356 0 0 0.015
2  129 161 0 0 0.015
4 G1 162 0 161 0
0

0101000
+2435 0 -2416 0 *
Ed
 1e-07 1 1 0
1  357 0 0 0.144000000000002
4 C0 162 0 164 0
0

0101000
+2416 0 -2421 0 *
Wi

0101100
+2415 0 +2414 0 -2419 0 -2432 0 *
Fa
0  1e-07 162 0

0111000
+2413 0 *
Ve
1e-07
28.07 6.868 0.015
0 0

0101101
*
Ed
 1e-07 1 1 0
1  358 0 3.14159265358979 4.71238898038469
2  130 161 0 3.14159265358979 4.71238898038469
4 C0 161 0 164 0
0

0101000
+2411 0 -2416 0 *
Ed
 1e-07 1 1 0
1  359 0 0 0.015
2  131 161 0 0 0.015
4 G1 161 0 160 0
0

0101000
+2437 0 -2411 0 *
Wi

0101100
+2434 0 +2415 0 -2410 0 -2409 0 *
Fa
0  1e-07 161 0

0111000
+2408 0 *
Ve
1e-07
28.07 7.012 0.015
0 0

0101101
*
Ed
 1e-07 1 1 0
1  360 0 0 0.015
2  132 159 0 0 0.015
4 G1 160 0 159 0
0

0101000
+2439 0 -2406 0 *
Ed
 1e-07 1 1 0
1  361 0 0 0.143999999999999
4 C0 160 0 164 0
0

0101000
+2406 0 -2411 0 *
Wi

0101100
+2405 0 +2404 0 -2409 0 -2436 0 *
Fa
0  1e-07 160 0

0111000
+2403 0 *
Ve
1e-07
28.118 7.06 0.015
0 0

0101101
*
Ed
 1e-07 1 1 0
1  362 0 1.5707963267949 3.14159265358979
2  133 159 0 1.5707963267949 3.14159265358979
4 C0 159 0 164 0
0

0101000
+2401 0 -2406 0 *
Ed
 1e-07 1 1 0
1  363 0 0 0.015
2  134 159 0 0 0.015
4 G1 159 0 158 0
0

0101000
+2441 0 -2401 0 *
Wi

0101100
+2438 0 +2405 0 -2400 0 -2399 0 *
Fa
0  1e-07 159 0

0111000
+2398 0 *
Ve
1e-07
28.262 7.06 0.015
0 0

0101101
*
Ed
 1e-07 1 1 0
1  364 0 0 0.015
2  135 157 0 0 0.015
4 G1 158 0 157 0
0

0101000
+2443 0 -2396 0 *
Ed
 1e-07 1 1 0
1  365 0 0 0.144000000000002
4 C0 158 0 164 0
0

0101000
+2396 0 -2401 0 *
Wi

0101100
+2395 0 +2394 0 -2399 0 -2440 0 *
Fa
0  1e-07 158 0

0111000
+2393 0 *
Ed
 1e-07 1 1 0
1  366 0 0 1.5707963267949
2  136 157 0 0 1.5707963267949
4 C0 157 0 164 0
0

0101000
+2426 0 -2396 0 *
Wi

0101100
+2442 0 +2395 0 -2391 0 -2424 0 *
Fa
0  1e-07 157 0

0111000
+2390 0 *
Wi

0101100
+2425 0 +2391 0 +2394 0 +2400 0 +2404 0 +2410 0 +2414 0 +2420 0 *
Fa
0  1e-07 164 0

0111000
+2388 0 *
Sh

0101100
-2429 0 -2422 0 +2417 0 -2412 0 +2407 0 -2402 0 +2397 0 -2392 0 +2389 0 +2387 0 
*
So

0100000
+2386 0 *
Ve
1e-07
27.356 7.445 0
0 0

0101101
*
Ve
1e-07
27.356 7.205 0
0 0

0101101
*
Ed
 1e-07 1 1 0
1  367 0 0 0.24
4 C0 165 0 166 0
0

0101000
+2384 0 -2383 0 *
Ve
1e-07
27.706 7.205 0
0 0

0101101
*
Ed
 1e-07 1 1 0
1  368 0 0 0.349999999999998
4 C0 165 0 167 0
0

0101000
+2383 0 -2381 0 *
Ve
1e-07
27.706 7.445 0
0 0

0101101
*
Ed
 1e-07 1 1 0
1  369 0 0 0.24
4 C0 165 0 168 0
0

0101000
+2381 0 -2379 0 *
Ed
 1e-07 1 1 0
1  370 0 0 0.349999999999998
4 C0 165 0 169 0
0

0101000
+2379 0 -2384 0 *
Wi

0101100
+2382 0 +2380 0 +2378 0 +2377 0 *
Fa
0  1e-07 165 0

0111000
+2376 0 *
Ve
1e-07
27.356 7.445 0.015
0 0

0101101
*
Ed
 1e-07 1 1 0
1  371 0 0 0.015
4 C0 166 0 169 0
0

0101000
+2384 0 -2374 0 *
Ve
1e-07
27.356 7.205 0.015
0 0

0101101
*
Ed
 1e-07 1 1 0
1  372 0 0 0.24
4 C0 166 0 170 0
0

0101000
+2374 0 -2372 0 *
Ed
 1e-07 1 1 0
1  373 0 0 0.015
4 C0 166 0 167 0
0

0101000
+2383 0 -2372 0 *
Wi

0101100
+2373 0 +2371 0 -2370 0 -2382 0 *
Fa
0  1e-07 166 0

0111000
+2369 0 *
Ve
1e-07
27.706 7.445 0.015
0 0

0101101
*
Ed
 1e-07 1 1 0
1  374 0 0 0.015
4 C0 169 0 168 0
0

0101000
+2379 0 -2367 0 *
Ed
 1e-07 1 1 0
1  375 0 0 0.349999999999998
4 C0 169 0 170 0
0

0101000
+2367 0 -2374 0 *
Wi

0101100
+2366 0 +2365 0 -2373 0 -2377 0 *
Fa
0  1e-07 169 0

0111000
+2364 0 *
Ve
1e-07
27.706 7.205 0.015
0 0

0101101
*
Ed
 1e-07 1 1 0
1  376 0 0 0.015
4 C0 168 0 167 0
0

0101000
+2381 0 -2362 0 *
Ed
 1e-07 1 1 0
1  377 0 0 0.24
4 C0 168 0 170 0
0

0101000
+2362 0 -2367 0 *
Wi

0101100
+2361 0 +2360 0 -2366 0 -2378 0 *
Fa
0  1e-07 168 0

0111000
+2359 0 *
Ed
 1e-07 1 1 0
1  378 0 0 0.349999999999998
4 C0 167 0 170 0
0

0101000
+2372 0 -2362 0 *
Wi

0101100
+2370 0 +2357 0 -2361 0 -2380 0 *
Fa
0  1e-07 167 0

0111000
+2356 0 *
Wi

0101100
+2371 0 +2357 0 +2360 0 +2365 0 *
Fa
0  1e-07 170 0

0111000
+2354 0 *
Sh

0101100
-2375 0 -2368 0 -2363 0 -2358 0 -2355 0 +2353 0 *
So

0100000
+2352 0 *
Ve
1e-07
28.31 7.278 0
0 0

0101101
*
Ve
1e-07
28.31 7.422 0
0 0

0101101
*
Ed
 1e-07 1 1 0
1  379 0 0 0.144
4 C0 171 0 172 0
0

0101000
+2350 0 -2349 0 *
Ve
1e-07
28.262 7.47 0
0 0

0101101
*
Ed
 1e-07 1 1 0
1  380 0 0 1.5707963267949
2  137 173 0 0 1.5707963267949
4 C0 171 0 173 0
0

0101000
+2349 0 -2347 0 *
Ve
1e-07
28.118 7.47 0
0 0

0101101
*
Ed
 1e-07 1 1 0
1  381 0 0 0.144000000000002
4 C0 171 0 174 0
0

0101000
+2347 0 -2345 0 *
Ve
1e-07
28.07 7.422 0
0 0

0101101
*
Ed
 1e-07 1 1 0
1  382 0 1.5707963267949 3.14159265358979
2  138 175 0 1.5707963267949 3.14159265358979
4 C0 171 0 175 0
0

0101000
+2345 0 -2343 0 *
Ve
1e-07
28.07 7.278 0
0 0

0101101
*
Ed
 1e-07 1 1 0
1  383 0 0 0.144
4 C0 171 0 176 0
0

0101000
+2343 0 -2341 0 *
Ve
1e-07
28.118 7.23 0
0 0

0101101
*
Ed
 1e-07 1 1 0
1  384 0 3.14159265358979 4.71238898038469
2  139 177 0 3.14159265358979 4.71238898038469
4 C0 171 0 177 0
0

0101000
+2341 0 -2339 0 *
Ve
1e-07
28.262 7.23 0
0 0

0101101
*
Ed
 1e-07 1 1 0
1  385 0 0 0.144000000000002
4 C0 171 0 178 0
0

0101000
+2339 0 -2337 0 *
Ed
 1e-07 1 1 0
1  386 0 4.71238898038469 6.28318530717959
2  140 179 0 4.71238898038469 6.28318530717959
4 C0 171 0 179 0
0

0101000
+2337 0 -2350 0 *
Wi

0101100
+2348 0 +2346 0 +2344 0 +2342 0 +2340 0 +2338 0 +2336 0 +2335 0 *
Fa
0  1e-07 171 0

0111000
+2334 0 *
Ve
1e-07
28.31 7.278 0.015
0 0

0101101
*
Ed
 1e-07 1 1 0
1  387 0 0 0.015
2  141 179 0 0 0.015
4 G1 172 0 179 0
0

0101000
+2350 0 -2332 0 *
Ve
1e-07
28.31 7.422 0.015
0 0

0101101
*
Ed
 1e-07 1 1 0
1  388 0 0 0.144
4 C0 172 0 180 0
0

0101000
+2332 0 -2330 0 *
Ed
 1e-07 1 1 0
1  389 0 0 0.015
2  142 173 0 0 0.015
4 G1 172 0 173 0
0

0101000
+2349 0 -2330 0 *
Wi

0101100
+2331 0 +2329 0 -2328 0 -2348 0 *
Fa
0  1e-07 172 0

0111000
+2327 0 *
Ve
1e-07
28.262 7.23 0.015
0 0

0101101
*
Ed
 1e-07 1 1 0
1  390 0 4.71238898038469 6.28318530717959
2  143 179 0 4.71238898038469 6.28318530717959
4 C0 179 0 180 0
0

0101000
+2325 0 -2332 0 *
Ed
 1e-07 1 1 0
1  391 0 0 0.015
2  144 179 0 0 0.015
4 G1 179 0 178 0
0

0101000
+2337 0 -2325 0 *
Wi

0101100
+2335 0 +2331 0 -2324 0 -2323 0 *
Fa
0  1e-07 179 0

0111000
+2322 0 *
Ve
1e-07
28.118 7.23 0.015
0 0

0101101
*
Ed
 1e-07 1 1 0
1  392 0 0 0.015
2  145 177 0 0 0.015
4 G1 178 0 177 0
0

0101000
+2339 0 -2320 0 *
Ed
 1e-07 1 1 0
1  393 0 0 0.144000000000002
4 C0 178 0 180 0
0

0101000
+2320 0 -2325 0 *
Wi

0101100
+2319 0 +2318 0 -2323 0 -2336 0 *
Fa
0  1e-07 178 0

0111000
+2317 0 *
Ve
1e-07
28.07 7.278 0.015
0 0

0101101
*
Ed
 1e-07 1 1 0
1  394 0 3.14159265358979 4.71238898038469
2  146 177 0 3.14159265358979 4.71238898038469
4 C0 177 0 180 0
0

0101000
+2315 0 -2320 0 *
Ed
 1e-07 1 1 0
1  395 0 0 0.015
2  147 177 0 0 0.015
4 G1 177 0 176 0
0

0101000
+2341 0 -2315 0 *
Wi

0101100
+2338 0 +2319 0 -2314 0 -2313 0 *
Fa
0  1e-07 177 0

0111000
+2312 0 *
Ve
1e-07
28.07 7.422 0.015
0 0

0101101
*
Ed
 1e-07 1 1 0
1  396 0 0 0.015
2  148 175 0 0 0.015
4 G1 176 0 175 0
0

0101000
+2343 0 -2310 0 *
Ed
 1e-07 1 1 0
1  397 0 0 0.144
4 C0 176 0 180 0
0

0101000
+2310 0 -2315 0 *
Wi

0101100
+2309 0 +2308 0 -2313 0 -2340 0 *
Fa
0  1e-07 176 0

0111000
+2307 0 *
Ve
1e-07
28.118 7.47 0.015
0 0

0101101
*
Ed
 1e-07 1 1 0
1  398 0 1.5707963267949 3.14159265358979
2  149 175 0 1.5707963267949 3.14159265358979
4 C0 175 0 180 0
0

0101000
+2305 0 -2310 0 *
Ed
 1e-07 1 1 0
1  399 0 0 0.015
2  150 175 0 0 0.015
4 G1 175 0 174 0
0

0101000
+2345 0 -2305 0 *
Wi

0101100
+2342 0 +2309 0 -2304 0 -2303 0 *
Fa
0  1e-07 175 0

0111000
+2302 0 *
Ve
1e-07
28.262 7.47 0.015
0 0

0101101
*
Ed
 1e-07 1 1 0
1  400 0 0 0.015
2  151 173 0 0 0.015
4 G1 174 0 173 0
0

0101000
+2347 0 -2300 0 *
Ed
 1e-07 1 1 0
1  401 0 0 0.144000000000002
4 C0 174 0 180 0
0

0101000
+2300 0 -2305 0 *
Wi

0101100
+2299 0 +2298 0 -2303 0 -2344 0 *
Fa
0  1e-07 174 0

0111000
+2297 0 *
Ed
 1e-07 1 1 0
1  402 0 0 1.5707963267949
2  152 173 0 0 1.5707963267949
4 C0 173 0 180 0
0

0101000
+2330 0 -2300 0 *
Wi

0101100
+2346 0 +2299 0 -2295 0 -2328 0 *
Fa
0  1e-07 173 0

0111000
+2294 0 *
Wi

0101100
+2329 0 +2295 0 +2298 0 +2304 0 +2308 0 +2314 0 +2318 0 +2324 0 *
Fa
0  1e-07 180 0

0111000
+2292 0 *
Sh

0101100
-2333 0 -2326 0 +2321 0 -2316 0 +2311 0 -2306 0 +2301 0 -2296 0 +2293 0 +2291 0 
*
So

0100000
+2290 0 *
Ve
1e-07
29.75 6.708 0
0 0

0101101
*
Ve
1e-07
29.75 6.852 0
0 0

0101101
*
Ed
 1e-07 1 1 0
1  403 0 0 0.144
4 C0 181 0 182 0
0

0101000
+2288 0 -2287 0 *
Ve
1e-07
29.702 6.9 0
0 0

0101101
*
Ed
 1e-07 1 1 0
1  404 0 0 1.5707963267949
2  153 183 0 0 1.5707963267949
4 C0 181 0 183 0
0

0101000
+2287 0 -2285 0 *
Ve
1e-07
29.558 6.9 0
0 0

0101101
*
Ed
 1e-07 1 1 0
1  405 0 0 0.144000000000002
4 C0 181 0 184 0
0

0101000
+2285 0 -2283 0 *
Ve
1e-07
29.51 6.852 0
0 0

0101101
*
Ed
 1e-07 1 1 0
1  406 0 1.5707963267949 3.14159265358979
2  154 185 0 1.5707963267949 3.14159265358979
4 C0 181 0 185 0
0

0101000
+2283 0 -2281 0 *
Ve
1e-07
29.51 6.708 0
0 0

0101101
*
Ed
 1e-07 1 1 0
1  407 0 0 0.144
4 C0 181 0 186 0
0

0101000
+2281 0 -2279 0 *
Ve
1e-07
29.558 6.66 0
0 0

0101101
*
Ed
 1e-07 1 1 0
1  408 0 3.14159265358979 4.71238898038469
2  155 187 0 3.14159265358979 4.71238898038469
4 C0 181 0 187 0
0

0101000
+2279 0 -2277 0 *
Ve
1e-07
29.702 6.66 0
0 0

0101101
*
Ed
 1e-07 1 1 0
1  409 0 0 0.144000000000002
4 C0 181 0 188 0
0

0101000
+2277 0 -2275 0 *
Ed
 1e-07 1 1 0
1  410 0 4.71238898038469 6.28318530717959
2  156 189 0 4.71238898038469 6.28318530717959
4 C0 181 0 189 0
0

0101000
+2275 0 -2288 0 *
Wi

0101100
+2286 0 +2284 0 +2282 0 +2280 0 +2278 0 +2276 0 +2274 0 +2273 0 *
Fa
0  1e-07 181 0

0111000
+2272 0 *
Ve
1e-07
29.75 6.708 0.015
0 0

0101101
*
Ed
 1e-07 1 1 0
1  411 0 0 0.015
2  157 189 0 0 0.015
4 G1 182 0 189 0
0

0101000
+2288 0 -2270 0 *
Ve
1e-07
29.75 6.852 0.015
0 0

0101101
*
Ed
 1e-07 1 1 0
1  412 0 0 0.144
4 C0 182 0 190 0
0

0101000
+2270 0 -2268 0 *
Ed
 1e-07 1 1 0
1  413 0 0 0.015
2  158 183 0 0 0.015
4 G1 182 0 183 0
0

0101000
+2287 0 -2268 0 *
Wi

0101100
+2269 0 +2267 0 -2266 0 -2286 0 *
Fa
0  1e-07 182 0

0111000
+2265 0 *
Ve
1e-07
29.702 6.66 0.015
0 0

0101101
*
Ed
 1e-07 1 1 0
1  414 0 4.71238898038469 6.28318530717959
2  159 189 0 4.71238898038469 6.28318530717959
4 C0 189 0 190 0
0

0101000
+2263 0 -2270 0 *
Ed
 1e-07 1 1 0
1  415 0 0 0.015
2  160 189 0 0 0.015
4 G1 189 0 188 0
0

0101000
+2275 0 -2263 0 *
Wi

0101100
+2273 0 +2269 0 -2262 0 -2261 0 *
Fa
0  1e-07 189 0

0111000
+2260 0 *
Ve
1e-07
29.558 6.66 0.015
0 0

0101101
*
Ed
 1e-07 1 1 0
1  416 0 0 0.015
2  161 187 0 0 0.015
4 G1 188 0 187 0
0

0101000
+2277 0 -2258 0 *
Ed
 1e-07 1 1 0
1  417 0 0 0.144000000000002
4 C0 188 0 190 0
0

0101000
+2258 0 -2263 0 *
Wi

0101100
+2257 0 +2256 0 -2261 0 -2274 0 *
Fa
0  1e-07 188 0

0111000
+2255 0 *
Ve
1e-07
29.51 6.708 0.015
0 0

0101101
*
Ed
 1e-07 1 1 0
1  418 0 3.14159265358979 4.71238898038469
2  162 187 0 3.14159265358979 4.71238898038469
4 C0 187 0 190 0
0

0101000
+2253 0 -2258 0 *
Ed
 1e-07 1 1 0
1  419 0 0 0.015
2  163 187 0 0 0.015
4 G1 187 0 186 0
0

0101000
+2279 0 -2253 0 *
Wi

0101100
+2276 0 +2257 0 -2252 0 -2251 0 *
Fa
0  1e-07 187 0

0111000
+2250 0 *
Ve
1e-07
29.51 6.852 0.015
0 0

0101101
*
Ed
 1e-07 1 1 0
1  420 0 0 0.015
2  164 185 0 0 0.015
4 G1 186 0 185 0
0

0101000
+2281 0 -2248 0 *
Ed
 1e-07 1 1 0
1  421 0 0 0.144
4 C0 186 0 190 0
0

0101000
+2248 0 -2253 0 *
Wi

0101100
+2247 0 +2246 0 -2251 0 -2278 0 *
Fa
0  1e-07 186 0

0111000
+2245 0 *
Ve
1e-07
29.558 6.9 0.015
0 0

0101101
*
Ed
 1e-07 1 1 0
1  422 0 1.5707963267949 3.14159265358979
2  165 185 0 1.5707963267949 3.14159265358979
4 C0 185 0 190 0
0

0101000
+2243 0 -2248 0 *
Ed
 1e-07 1 1 0
1  423 0 0 0.015
2  166 185 0 0 0.015
4 G1 185 0 184 0
0

0101000
+2283 0 -2243 0 *
Wi

0101100
+2280 0 +2247 0 -2242 0 -2241 0 *
Fa
0  1e-07 185 0

0111000
+2240 0 *
Ve
1e-07
29.702 6.9 0.015
0 0

0101101
*
Ed
 1e-07 1 1 0
1  424 0 0 0.015
2  167 183 0 0 0.015
4 G1 184 0 183 0
0

0101000
+2285 0 -2238 0 *
Ed
 1e-07 1 1 0
1  425 0 0 0.144000000000002
4 C0 184 0 190 0
0

0101000
+2238 0 -2243 0 *
Wi

0101100
+2237 0 +2236 0 -2241 0 -2282 0 *
Fa
0  1e-07 184 0

0111000
+2235 0 *
Ed
 1e-07 1 1 0
1  426 0 0 1.5707963267949
2  168 183 0 0 1.5707963267949
4 C0 183 0 190 0
0

0101000
+2268 0 -2238 0 *
Wi

0101100
+2284 0 +2237 0 -2233 0 -2266 0 *
Fa
0  1e-07 183 0

0111000
+2232 0 *
Wi

0101100
+2267 0 +2233 0 +2236 0 +2242 0 +2246 0 +2252 0 +2256 0 +2262 0 *
Fa
0  1e-07 190 0

0111000
+2230 0 *
Sh

0101100
-2271 0 -2264 0 +2259 0 -2254 0 +2249 0 -2244 0 +2239 0 -2234 0 +2231 0 +2229 0 
*
So

0100000
+2228 0 *
Ve
1e-07
25.106 8.475 0
0 0

0101101
*
Ve
1e-07
25.106 8.175 0
0 0

0101101
*
Ed
 1e-07 1 1 0
1  427 0 0 0.299999999999999
4 C0 191 0 192 0
0

0101000
+2226 0 -2225 0 *
Ve
1e-07
25.306 8.175 0
0 0

0101101
*
Ed
 1e-07 1 1 0
1  428 0 0 0.199999999999999
4 C0 191 0 193 0
0

0101000
+2225 0 -2223 0 *
Ve
1e-07
25.306 8.475 0
0 0

0101101
*
Ed
 1e-07 1 1 0
1  429 0 0 0.299999999999999
4 C0 191 0 194 0
0

0101000
+2223 0 -2221 0 *
Ed
 1e-07 1 1 0
1  430 0 0 0.199999999999999
4 C0 191 0 195 0
0

0101000
+2221 0 -2226 0 *
Wi

0101100
+2224 0 +2222 0 +2220 0 +2219 0 *
Fa
0  1e-07 191 0

0111000
+2218 0 *
Ve
1e-07
25.106 8.475 0.015
0 0

0101101
*
Ed
 1e-07 1 1 0
1  431 0 0 0.015
4 C0 192 0 195 0
0

0101000
+2226 0 -2216 0 *
Ve
1e-07
25.106 8.175 0.015
0 0

0101101
*
Ed
 1e-07 1 1 0
1  432 0 0 0.299999999999999
4 C0 192 0 196 0
0

0101000
+2216 0 -2214 0 *
Ed
 1e-07 1 1 0
1  433 0 0 0.015
4 C0 192 0 193 0
0

0101000
+2225 0 -2214 0 *
Wi

0101100
+2215 0 +2213 0 -2212 0 -2224 0 *
Fa
0  1e-07 192 0

0111000
+2211 0 *
Ve
1e-07
25.306 8.475 0.015
0 0

0101101
*
Ed
 1e-07 1 1 0
1  434 0 0 0.015
4 C0 195 0 194 0
0

0101000
+2221 0 -2209 0 *
Ed
 1e-07 1 1 0
1  435 0 0 0.199999999999999
4 C0 195 0 196 0
0

0101000
+2209 0 -2216 0 *
Wi

0101100
+2208 0 +2207 0 -2215 0 -2219 0 *
Fa
0  1e-07 195 0

0111000
+2206 0 *
Ve
1e-07
25.306 8.175 0.015
0 0

0101101
*
Ed
 1e-07 1 1 0
1  436 0 0 0.015
4 C0 194 0 193 0
0

0101000
+2223 0 -2204 0 *
Ed
 1e-07 1 1 0
1  437 0 0 0.299999999999999
4 C0 194 0 196 0
0

0101000
+2204 0 -2209 0 *
Wi

0101100
+2203 0 +2202 0 -2208 0 -2220 0 *
Fa
0  1e-07 194 0

0111000
+2201 0 *
Ed
 1e-07 1 1 0
1  438 0 0 0.199999999999999
4 C0 193 0 196 0
0

0101000
+2214 0 -2204 0 *
Wi

0101100
+2212 0 +2199 0 -2203 0 -2222 0 *
Fa
0  1e-07 193 0

0111000
+2198 0 *
Wi

0101100
+2213 0 +2199 0 +2202 0 +2207 0 *
Fa
0  1e-07 196 0

0111000
+2196 0 *
Sh

0101100
-2217 0 -2210 0 -2205 0 -2200 0 -2197 0 +2195 0 *
So

0100000
+2194 0 *
Ve
1e-07
25.581 8.475 0
0 0

0101101
*
Ve
1e-07
25.581 8.125 0
0 0

0101101
*
Ed
 1e-07 1 1 0
1  439 0 0 0.35
4 C0 197 0 198 0
0

0101000
+2192 0 -2191 0 *
Ve
1e-07
25.781 8.125 0
0 0

0101101
*
Ed
 1e-07 1 1 0
1  440 0 0 0.199999999999999
4 C0 197 0 199 0
0

0101000
+2191 0 -2189 0 *
Ve
1e-07
25.781 8.475 0
0 0

0101101
*
Ed
 1e-07 1 1 0
1  441 0 0 0.35
4 C0 197 0 200 0
0

0101000
+2189 0 -2187 0 *
Ed
 1e-07 1 1 0
1  442 0 0 0.199999999999999
4 C0 197 0 201 0
0

0101000
+2187 0 -2192 0 *
Wi

0101100
+2190 0 +2188 0 +2186 0 +2185 0 *
Fa
0  1e-07 197 0

0111000
+2184 0 *
Ve
1e-07
25.581 8.475 0.015
0 0

0101101
*
Ed
 1e-07 1 1 0
1  443 0 0 0.015
4 C0 198 0 201 0
0

0101000
+2192 0 -2182 0 *
Ve
1e-07
25.581 8.125 0.015
0 0

0101101
*
Ed
 1e-07 1 1 0
1  444 0 0 0.35
4 C0 198 0 202 0
0

0101000
+2182 0 -2180 0 *
Ed
 1e-07 1 1 0
1  445 0 0 0.015
4 C0 198 0 199 0
0

0101000
+2191 0 -2180 0 *
Wi

0101100
+2181 0 +2179 0 -2178 0 -2190 0 *
Fa
0  1e-07 198 0

0111000
+2177 0 *
Ve
1e-07
25.781 8.475 0.015
0 0

0101101
*
Ed
 1e-07 1 1 0
1  446 0 0 0.015
4 C0 201 0 200 0
0

0101000
+2187 0 -2175 0 *
Ed
 1e-07 1 1 0
1  447 0 0 0.199999999999999
4 C0 201 0 202 0
0

0101000
+2175 0 -2182 0 *
Wi

0101100
+2174 0 +2173 0 -2181 0 -2185 0 *
Fa
0  1e-07 201 0

0111000
+2172 0 *
Ve
1e-07
25.781 8.125 0.015
0 0

0101101
*
Ed
 1e-07 1 1 0
1  448 0 0 0.015
4 C0 200 0 199 0
0

0101000
+2189 0 -2170 0 *
Ed
 1e-07 1 1 0
1  449 0 0 0.35
4 C0 200 0 202 0
0

0101000
+2170 0 -2175 0 *
Wi

0101100
+2169 0 +2168 0 -2174 0 -2186 0 *
Fa
0  1e-07 200 0

0111000
+2167 0 *
Ed
 1e-07 1 1 0
1  450 0 0 0.199999999999999
4 C0 199 0 202 0
0

0101000
+2180 0 -2170 0 *
Wi

0101100
+2178 0 +2165 0 -2169 0 -2188 0 *
Fa
0  1e-07 199 0

0111000
+2164 0 *
Wi

0101100
+2179 0 +2165 0 +2168 0 +2173 0 *
Fa
0  1e-07 202 0

0111000
+2162 0 *
Sh

0101100
-2183 0 -2176 0 -2171 0 -2166 0 -2163 0 +2161 0 *
So

0100000
+2160 0 *
Ve
1e-07
26.056 8.475 0
0 0

0101101
*
Ve
1e-07
26.056 8.125 0
0 0

0101101
*
Ed
 1e-07 1 1 0
1  451 0 0 0.35
4 C0 203 0 204 0
0

0101000
+2158 0 -2157 0 *
Ve
1e-07
26.256 8.125 0
0 0

0101101
*
Ed
 1e-07 1 1 0
1  452 0 0 0.199999999999999
4 C0 203 0 205 0
0

0101000
+2157 0 -2155 0 *
Ve
1e-07
26.256 8.475 0
0 0

0101101
*
Ed
 1e-07 1 1 0
1  453 0 0 0.35
4 C0 203 0 206 0
0

0101000
+2155 0 -2153 0 *
Ed
 1e-07 1 1 0
1  454 0 0 0.199999999999999
4 C0 203 0 207 0
0

0101000
+2153 0 -2158 0 *
Wi

0101100
+2156 0 +2154 0 +2152 0 +2151 0 *
Fa
0  1e-07 203 0

0111000
+2150 0 *
Ve
1e-07
26.056 8.475 0.015
0 0

0101101
*
Ed
 1e-07 1 1 0
1  455 0 0 0.015
4 C0 204 0 207 0
0

0101000
+2158 0 -2148 0 *
Ve
1e-07
26.056 8.125 0.015
0 0

0101101
*
Ed
 1e-07 1 1 0
1  456 0 0 0.35
4 C0 204 0 208 0
0

0101000
+2148 0 -2146 0 *
Ed
 1e-07 1 1 0
1  457 0 0 0.015
4 C0 204 0 205 0
0

0101000
+2157 0 -2146 0 *
Wi

0101100
+2147 0 +2145 0 -2144 0 -2156 0 *
Fa
0  1e-07 204 0

0111000
+2143 0 *
Ve
1e-07
26.256 8.475 0.015
0 0

0101101
*
Ed
 1e-07 1 1 0
1  458 0 0 0.015
4 C0 207 0 206 0
0

0101000
+2153 0 -2141 0 *
Ed
 1e-07 1 1 0
1  459 0 0 0.199999999999999
4 C0 207 0 208 0
0

0101000
+2141 0 -2148 0 *
Wi

0101100
+2140 0 +2139 0 -2147 0 -2151 0 *
Fa
0  1e-07 207 0

0111000
+2138 0 *
Ve
1e-07
26.256 8.125 0.015
0 0

0101101
*
Ed
 1e-07 1 1 0
1  460 0 0 0.015
4 C0 206 0 205 0
0

0101000
+2155 0 -2136 0 *
Ed
 1e-07 1 1 0
1  461 0 0 0.35
4 C0 206 0 208 0
0

0101000
+2136 0 -2141 0 *
Wi

0101100
+2135 0 +2134 0 -2140 0 -2152 0 *
Fa
0  1e-07 206 0

0111000
+2133 0 *
Ed
 1e-07 1 1 0
1  462 0 0 0.199999999999999
4 C0 205 0 208 0
0

0101000
+2146 0 -2136 0 *
Wi

0101100
+2144 0 +2131 0 -2135 0 -2154 0 *
Fa
0  1e-07 205 0

0111000
+2130 0 *
Wi

0101100
+2145 0 +2131 0 +2134 0 +2139 0 *
Fa
0  1e-07 208 0

0111000
+2128 0 *
Sh

0101100
-2149 0 -2142 0 -2137 0 -2132 0 -2129 0 +2127 0 *
So

0100000
+2126 0 *
Ve
1e-07
26.531 8.475 0
0 0

0101101
*
Ve
1e-07
26.531 8.125 0
0 0

0101101
*
Ed
 1e-07 1 1 0
1  463 0 0 0.35
4 C0 209 0 210 0
0

0101000
+2124 0 -2123 0 *
Ve
1e-07
26.731 8.125 0
0 0

0101101
*
Ed
 1e-07 1 1 0
1  464 0 0 0.200000000000003
4 C0 209 0 211 0
0

0101000
+2123 0 -2121 0 *
Ve
1e-07
26.731 8.475 0
0 0

0101101
*
Ed
 1e-07 1 1 0
1  465 0 0 0.35
4 C0 209 0 212 0
0

0101000
+2121 0 -2119 0 *
Ed
 1e-07 1 1 0
1  466 0 0 0.200000000000003
4 C0 209 0 213 0
0

0101000
+2119 0 -2124 0 *
Wi

0101100
+2122 0 +2120 0 +2118 0 +2117 0 *
Fa
0  1e-07 209 0

0111000
+2116 0 *
Ve
1e-07
26.531 8.475 0.015
0 0

0101101
*
Ed
 1e-07 1 1 0
1  467 0 0 0.015
4 C0 210 0 213 0
0

0101000
+2124 0 -2114 0 *
Ve
1e-07
26.531 8.125 0.015
0 0

0101101
*
Ed
 1e-07 1 1 0
1  468 0 0 0.35
4 C0 210 0 214 0
0

0101000
+2114 0 -2112 0 *
Ed
 1e-07 1 1 0
1  469 0 0 0.015
4 C0 210 0 211 0
0

0101000
+2123 0 -2112 0 *
Wi

0101100
+2113 0 +2111 0 -2110 0 -2122 0 *
Fa
0  1e-07 210 0

0111000
+2109 0 *
Ve
1e-07
26.731 8.475 0.015
0 0

0101101
*
Ed
 1e-07 1 1 0
1  470 0 0 0.015
4 C0 213 0 212 0
0

0101000
+2119 0 -2107 0 *
Ed
 1e-07 1 1 0
1  471 0 0 0.200000000000003
4 C0 213 0 214 0
0

0101000
+2107 0 -2114 0 *
Wi

0101100
+2106 0 +2105 0 -2113 0 -2117 0 *
Fa
0  1e-07 213 0

0111000
+2104 0 *
Ve
1e-07
26.731 8.125 0.015
0 0

0101101
*
Ed
 1e-07 1 1 0
1  472 0 0 0.015
4 C0 212 0 211 0
0

0101000
+2121 0 -2102 0 *
Ed
 1e-07 1 1 0
1  473 0 0 0.35
4 C0 212 0 214 0
0

0101000
+2102 0 -2107 0 *
Wi

0101100
+2101 0 +2100 0 -2106 0 -2118 0 *
Fa
0  1e-07 212 0

0111000
+2099 0 *
Ed
 1e-07 1 1 0
1  474 0 0 0.200000000000003
4 C0 211 0 214 0
0

0101000
+2112 0 -2102 0 *
Wi

0101100
+2110 0 +2097 0 -2101 0 -2120 0 *
Fa
0  1e-07 211 0

0111000
+2096 0 *
Wi

0101100
+2111 0 +2097 0 +2100 0 +2105 0 *
Fa
0  1e-07 214 0

0111000
+2094 0 *
Sh

0101100
-2115 0 -2108 0 -2103 0 -2098 0 -2095 0 +2093 0 *
So

0100000
+2092 0 *
Ve
1e-07
27.006 8.475 0
0 0

0101101
*
Ve
1e-07
27.006 8.175 0
0 0

0101101
*
Ed
 1e-07 1 1 0
1  475 0 0 0.299999999999999
4 C0 215 0 216 0
0

0101000
+2090 0 -2089 0 *
Ve
1e-07
27.206 8.175 0
0 0

0101101
*
Ed
 1e-07 1 1 0
1  476 0 0 0.199999999999999
4 C0 215 0 217 0
0

0101000
+2089 0 -2087 0 *
Ve
1e-07
27.206 8.475 0
0 0

0101101
*
Ed
 1e-07 1 1 0
1  477 0 0 0.299999999999999
4 C0 215 0 218 0
0

0101000
+2087 0 -2085 0 *
Ed
 1e-07 1 1 0
1  478 0 0 0.199999999999999
4 C0 215 0 219 0
0

0101000
+2085 0 -2090 0 *
Wi

0101100
+2088 0 +2086 0 +2084 0 +2083 0 *
Fa
0  1e-07 215 0

0111000
+2082 0 *
Ve
1e-07
27.006 8.475 0.015
0 0

0101101
*
Ed
 1e-07 1 1 0
1  479 0 0 0.015
4 C0 216 0 219 0
0

0101000
+2090 0 -2080 0 *
Ve
1e-07
27.006 8.175 0.015
0 0

0101101
*
Ed
 1e-07 1 1 0
1  480 0 0 0.299999999999999
4 C0 216 0 220 0
0

0101000
+2080 0 -2078 0 *
Ed
 1e-07 1 1 0
1  481 0 0 0.015
4 C0 216 0 217 0
0

0101000
+2089 0 -2078 0 *
Wi

0101100
+2079 0 +2077 0 -2076 0 -2088 0 *
Fa
0  1e-07 216 0

0111000
+2075 0 *
Ve
1e-07
27.206 8.475 0.015
0 0

0101101
*
Ed
 1e-07 1 1 0
1  482 0 0 0.015
4 C0 219 0 218 0
0

0101000
+2085 0 -2073 0 *
Ed
 1e-07 1 1 0
1  483 0 0 0.199999999999999
4 C0 219 0 220 0
0

0101000
+2073 0 -2080 0 *
Wi

0101100
+2072 0 +2071 0 -2079 0 -2083 0 *
Fa
0  1e-07 219 0

0111000
+2070 0 *
Ve
1e-07
27.206 8.175 0.015
0 0

0101101
*
Ed
 1e-07 1 1 0
1  484 0 0 0.015
4 C0 218 0 217 0
0

0101000
+2087 0 -2068 0 *
Ed
 1e-07 1 1 0
1  485 0 0 0.299999999999999
4 C0 218 0 220 0
0

0101000
+2068 0 -2073 0 *
Wi

0101100
+2067 0 +2066 0 -2072 0 -2084 0 *
Fa
0  1e-07 218 0

0111000
+2065 0 *
Ed
 1e-07 1 1 0
1  486 0 0 0.199999999999999
4 C0 217 0 220 0
0

0101000
+2078 0 -2068 0 *
Wi

0101100
+2076 0 +2063 0 -2067 0 -2086 0 *
Fa
0  1e-07 217 0

0111000
+2062 0 *
Wi

0101100
+2077 0 +2063 0 +2066 0 +2071 0 *
Fa
0  1e-07 220 0

0111000
+2060 0 *
Sh

0101100
-2081 0 -2074 0 -2069 0 -2064 0 -2061 0 +2059 0 *
So

0100000
+2058 0 *
Ve
1e-07
26.71 9.398 0
0 0

0101101
*
Ve
1e-07
26.71 9.542 0
0 0

0101101
*
Ed
 1e-07 1 1 0
1  487 0 0 0.144
4 C0 221 0 222 0
0

0101000
+2056 0 -2055 0 *
Ve
1e-07
26.662 9.59 0
0 0

0101101
*
Ed
 1e-07 1 1 0
1  488 0 0 1.5707963267949
2  169 223 0 0 1.5707963267949
4 C0 221 0 223 0
0

0101000
+2055 0 -2053 0 *
Ve
1e-07
26.518 9.59 0
0 0

0101101
*
Ed
 1e-07 1 1 0
1  489 0 0 0.143999999999998
4 C0 221 0 224 0
0

0101000
+2053 0 -2051 0 *
Ve
1e-07
26.47 9.542 0
0 0

0101101
*
Ed
 1e-07 1 1 0
1  490 0 1.5707963267949 3.14159265358979
2  170 225 0 1.5707963267949 3.14159265358979
4 C0 221 0 225 0
0

0101000
+2051 0 -2049 0 *
Ve
1e-07
26.47 9.398 0
0 0

0101101
*
Ed
 1e-07 1 1 0
1  491 0 0 0.144
4 C0 221 0 226 0
0

0101000
+2049 0 -2047 0 *
Ve
1e-07
26.518 9.35 0
0 0

0101101
*
Ed
 1e-07 1 1 0
1  492 0 3.14159265358979 4.71238898038469
2  171 227 0 3.14159265358979 4.71238898038469
4 C0 221 0 227 0
0

0101000
+2047 0 -2045 0 *
Ve
1e-07
26.662 9.35 0
0 0

0101101
*
Ed
 1e-07 1 1 0
1  493 0 0 0.143999999999998
4 C0 221 0 228 0
0

0101000
+2045 0 -2043 0 *
Ed
 1e-07 1 1 0
1  494 0 4.71238898038469 6.28318530717959
2  172 229 0 4.71238898038469 6.28318530717959
4 C0 221 0 229 0
0

0101000
+2043 0 -2056 0 *
Wi

0101100
+2054 0 +2052 0 +2050 0 +2048 0 +2046 0 +2044 0 +2042 0 +2041 0 *
Fa
0  1e-07 221 0

0111000
+2040 0 *
Ve
1e-07
26.71 9.398 0.015
0 0

0101101
*
Ed
 1e-07 1 1 0
1  495 0 0 0.015
2  173 229 0 0 0.015
4 G1 222 0 229 0
0

0101000
+2056 0 -2038 0 *
Ve
1e-07
26.71 9.542 0.015
0 0

0101101
*
Ed
 1e-07 1 1 0
1  496 0 0 0.144
4 C0 222 0 230 0
0

0101000
+2038 0 -2036 0 *
Ed
 1e-07 1 1 0
1  497 0 0 0.015
2  174 223 0 0 0.015
4 G1 222 0 223 0
0

0101000
+2055 0 -2036 0 *
Wi

0101100
+2037 0 +2035 0 -2034 0 -2054 0 *
Fa
0  1e-07 222 0

0111000
+2033 0 *
Ve
1e-07
26.662 9.35 0.015
0 0

0101101
*
Ed
 1e-07 1 1 0
1  498 0 4.71238898038469 6.28318530717959
2  175 229 0 4.71238898038469 6.28318530717959
4 C0 229 0 230 0
0

0101000
+2031 0 -2038 0 *
Ed
 1e-07 1 1 0
1  499 0 0 0.015
2  176 229 0 0 0.015
4 G1 229 0 228 0
0

0101000
+2043 0 -2031 0 *
Wi

0101100
+2041 0 +2037 0 -2030 0 -2029 0 *
Fa
0  1e-07 229 0

0111000
+2028 0 *
Ve
1e-07
26.518 9.35 0.015
0 0

0101101
*
Ed
 1e-07 1 1 0
1  500 0 0 0.015
2  177 227 0 0 0.015
4 G1 228 0 227 0
0

0101000
+2045 0 -2026 0 *
Ed
 1e-07 1 1 0
1  501 0 0 0.143999999999998
4 C0 228 0 230 0
0

0101000
+2026 0 -2031 0 *
Wi

0101100
+2025 0 +2024 0 -2029 0 -2042 0 *
Fa
0  1e-07 228 0

0111000
+2023 0 *
Ve
1e-07
26.47 9.398 0.015
0 0

0101101
*
Ed
 1e-07 1 1 0
1  502 0 3.14159265358979 4.71238898038469
2  178 227 0 3.14159265358979 4.71238898038469
4 C0 227 0 230 0
0

0101000
+2021 0 -2026 0 *
Ed
 1e-07 1 1 0
1  503 0 0 0.015
2  179 227 0 0 0.015
4 G1 227 0 226 0
0

0101000
+2047 0 -2021 0 *
Wi

0101100
+2044 0 +2025 0 -2020 0 -2019 0 *
Fa
0  1e-07 227 0

0111000
+2018 0 *
Ve
1e-07
26.47 9.542 0.015
0 0

0101101
*
Ed
 1e-07 1 1 0
1  504 0 0 0.015
2  180 225 0 0 0.015
4 G1 226 0 225 0
0

0101000
+2049 0 -2016 0 *
Ed
 1e-07 1 1 0
1  505 0 0 0.144
4 C0 226 0 230 0
0

0101000
+2016 0 -2021 0 *
Wi

0101100
+2015 0 +2014 0 -2019 0 -2046 0 *
Fa
0  1e-07 226 0

0111000
+2013 0 *
Ve
1e-07
26.518 9.59 0.015
0 0

0101101
*
Ed
 1e-07 1 1 0
1  506 0 1.5707963267949 3.14159265358979
2  181 225 0 1.5707963267949 3.14159265358979
4 C0 225 0 230 0
0

0101000
+2011 0 -2016 0 *
Ed
 1e-07 1 1 0
1  507 0 0 0.015
2  182 225 0 0 0.015
4 G1 225 0 224 0
0

0101000
+2051 0 -2011 0 *
Wi

0101100
+2048 0 +2015 0 -2010 0 -2009 0 *
Fa
0  1e-07 225 0

0111000
+2008 0 *
Ve
1e-07
26.662 9.59 0.015
0 0

0101101
*
Ed
 1e-07 1 1 0
1  508 0 0 0.015
2  183 223 0 0 0.015
4 G1 224 0 223 0
0

0101000
+2053 0 -2006 0 *
Ed
 1e-07 1 1 0
1  509 0 0 0.143999999999998
4 C0 224 0 230 0
0

0101000
+2006 0 -2011 0 *
Wi

0101100
+2005 0 +2004 0 -2009 0 -2050 0 *
Fa
0  1e-07 224 0

0111000
+2003 0 *
Ed
 1e-07 1 1 0
1  510 0 0 1.5707963267949
2  184 223 0 0 1.5707963267949
4 C0 223 0 230 0
0

0101000
+2036 0 -2006 0 *
Wi

0101100
+2052 0 +2005 0 -2001 0 -2034 0 *
Fa
0  1e-07 223 0

0111000
+2000 0 *
Wi

0101100
+2035 0 +2001 0 +2004 0 +2010 0 +2014 0 +2020 0 +2024 0 +2030 0 *
Fa
0  1e-07 230 0

0111000
+1998 0 *
Sh

0101100
-2039 0 -2032 0 +2027 0 -2022 0 +2017 0 -2012 0 +2007 0 -2002 0 +1999 0 +1997 0 
*
So

0100000
+1996 0 *
Ve
1e-07
27.13 9.398 0
0 0

0101101
*
Ve
1e-07
27.13 9.542 0
0 0

0101101
*
Ed
 1e-07 1 1 0
1  511 0 0 0.144
4 C0 231 0 232 0
0

0101000
+1994 0 -1993 0 *
Ve
1e-07
27.082 9.59 0
0 0

0101101
*
Ed
 1e-07 1 1 0
1  512 0 0 1.5707963267949
2  185 233 0 0 1.5707963267949
4 C0 231 0 233 0
0

0101000
+1993 0 -1991 0 *
Ve
1e-07
26.938 9.59 0
0 0

0101101
*
Ed
 1e-07 1 1 0
1  513 0 0 0.144000000000002
4 C0 231 0 234 0
0

0101000
+1991 0 -1989 0 *
Ve
1e-07
26.89 9.542 0
0 0

0101101
*
Ed
 1e-07 1 1 0
1  514 0 1.5707963267949 3.14159265358979
2  186 235 0 1.5707963267949 3.14159265358979
4 C0 231 0 235 0
0

0101000
+1989 0 -1987 0 *
Ve
1e-07
26.89 9.398 0
0 0

0101101
*
Ed
 1e-07 1 1 0
1  515 0 0 0.144
4 C0 231 0 236 0
0

0101000
+1987 0 -1985 0 *
Ve
1e-07
26.938 9.35 0
0 0

0101101
*
Ed
 1e-07 1 1 0
1  516 0 3.14159265358979 4.71238898038469
2  187 237 0 3.14159265358979 4.71238898038469
4 C0 231 0 237 0
0

0101000
+1985 0 -1983 0 *
Ve
1e-07
27.082 9.35 0
0 0

0101101
*
Ed
 1e-07 1 1 0
1  517 0 0 0.144000000000002
4 C0 231 0 238 0
0

0101000
+1983 0 -1981 0 *
Ed
 1e-07 1 1 0
1  518 0 4.71238898038469 6.28318530717959
2  188 239 0 4.71238898038469 6.28318530717959
4 C0 231 0 239 0
0

0101000
+1981 0 -1994 0 *
Wi

0101100
+1992 0 +1990 0 +1988 0 +1986 0 +1984 0 +1982 0 +1980 0 +1979 0 *
Fa
0  1e-07 231 0

0111000
+1978 0 *
Ve
1e-07
27.13 9.398 0.015
0 0

0101101
*
Ed
 1e-07 1 1 0
1  519 0 0 0.015
2  189 239 0 0 0.015
4 G1 232 0 239 0
0

0101000
+1994 0 -1976 0 *
Ve
1e-07
27.13 9.542 0.015
0 0

0101101
*
Ed
 1e-07 1 1 0
1  520 0 0 0.144
4 C0 232 0 240 0
0

0101000
+1976 0 -1974 0 *
Ed
 1e-07 1 1 0
1  521 0 0 0.015
2  190 233 0 0 0.015
4 G1 232 0 233 0
0

0101000
+1993 0 -1974 0 *
Wi

0101100
+1975 0 +1973 0 -1972 0 -1992 0 *
Fa
0  1e-07 232 0

0111000
+1971 0 *
Ve
1e-07
27.082 9.35 0.015
0 0

0101101
*
Ed
 1e-07 1 1 0
1  522 0 4.71238898038469 6.28318530717959
2  191 239 0 4.71238898038469 6.28318530717959
4 C0 239 0 240 0
0

0101000
+1969 0 -1976 0 *
Ed
 1e-07 1 1 0
1  523 0 0 0.015
2  192 239 0 0 0.015
4 G1 239 0 238 0
0

0101000
+1981 0 -1969 0 *
Wi

0101100
+1979 0 +1975 0 -1968 0 -1967 0 *
Fa
0  1e-07 239 0

0111000
+1966 0 *
Ve
1e-07
26.938 9.35 0.015
0 0

0101101
*
Ed
 1e-07 1 1 0
1  524 0 0 0.015
2  193 237 0 0 0.015
4 G1 238 0 237 0
0

0101000
+1983 0 -1964 0 *
Ed
 1e-07 1 1 0
1  525 0 0 0.144000000000002
4 C0 238 0 240 0
0

0101000
+1964 0 -1969 0 *
Wi

0101100
+1963 0 +1962 0 -1967 0 -1980 0 *
Fa
0  1e-07 238 0

0111000
+1961 0 *
Ve
1e-07
26.89 9.398 0.015
0 0

0101101
*
Ed
 1e-07 1 1 0
1  526 0 3.14159265358979 4.71238898038469
2  194 237 0 3.14159265358979 4.71238898038469
4 C0 237 0 240 0
0

0101000
+1959 0 -1964 0 *
Ed
 1e-07 1 1 0
1  527 0 0 0.015
2  195 237 0 0 0.015
4 G1 237 0 236 0
0

0101000
+1985 0 -1959 0 *
Wi

0101100
+1982 0 +1963 0 -1958 0 -1957 0 *
Fa
0  1e-07 237 0

0111000
+1956 0 *
Ve
1e-07
26.89 9.542 0.015
0 0

0101101
*
Ed
 1e-07 1 1 0
1  528 0 0 0.015
2  196 235 0 0 0.015
4 G1 236 0 235 0
0

0101000
+1987 0 -1954 0 *
Ed
 1e-07 1 1 0
1  529 0 0 0.144
4 C0 236 0 240 0
0

0101000
+1954 0 -1959 0 *
Wi

0101100
+1953 0 +1952 0 -1957 0 -1984 0 *
Fa
0  1e-07 236 0

0111000
+1951 0 *
Ve
1e-07
26.938 9.59 0.015
0 0

0101101
*
Ed
 1e-07 1 1 0
1  530 0 1.5707963267949 3.14159265358979
2  197 235 0 1.5707963267949 3.14159265358979
4 C0 235 0 240 0
0

0101000
+1949 0 -1954 0 *
Ed
 1e-07 1 1 0
1  531 0 0 0.015
2  198 235 0 0 0.015
4 G1 235 0 234 0
0

0101000
+1989 0 -1949 0 *
Wi

0101100
+1986 0 +1953 0 -1948 0 -1947 0 *
Fa
0  1e-07 235 0

0111000
+1946 0 *
Ve
1e-07
27.082 9.59 0.015
0 0

0101101
*
Ed
 1e-07 1 1 0
1  532 0 0 0.015
2  199 233 0 0 0.015
4 G1 234 0 233 0
0

0101000
+1991 0 -1944 0 *
Ed
 1e-07 1 1 0
1  533 0 0 0.144000000000002
4 C0 234 0 240 0
0

0101000
+1944 0 -1949 0 *
Wi

0101100
+1943 0 +1942 0 -1947 0 -1988 0 *
Fa
0  1e-07 234 0

0111000
+1941 0 *
Ed
 1e-07 1 1 0
1  534 0 0 1.5707963267949
2  200 233 0 0 1.5707963267949
4 C0 233 0 240 0
0

0101000
+1974 0 -1944 0 *
Wi

0101100
+1990 0 +1943 0 -1939 0 -1972 0 *
Fa
0  1e-07 233 0

0111000
+1938 0 *
Wi

0101100
+1973 0 +1939 0 +1942 0 +1948 0 +1952 0 +1958 0 +1962 0 +1968 0 *
Fa
0  1e-07 240 0

0111000
+1936 0 *
Sh

0101100
-1977 0 -1970 0 +1965 0 -1960 0 +1955 0 -1950 0 +1945 0 -1940 0 +1937 0 +1935 0 
*
So

0100000
+1934 0 *
Ve
1e-07
27.356 7.945 0
0 0

0101101
*
Ve
1e-07
27.356 7.705 0
0 0

0101101
*
Ed
 1e-07 1 1 0
1  535 0 0 0.24
4 C0 241 0 242 0
0

0101000
+1932 0 -1931 0 *
Ve
1e-07
27.706 7.705 0
0 0

0101101
*
Ed
 1e-07 1 1 0
1  536 0 0 0.349999999999998
4 C0 241 0 243 0
0

0101000
+1931 0 -1929 0 *
Ve
1e-07
27.706 7.945 0
0 0

0101101
*
Ed
 1e-07 1 1 0
1  537 0 0 0.24
4 C0 241 0 244 0
0

0101000
+1929 0 -1927 0 *
Ed
 1e-07 1 1 0
1  538 0 0 0.349999999999998
4 C0 241 0 245 0
0

0101000
+1927 0 -1932 0 *
Wi

0101100
+1930 0 +1928 0 +1926 0 +1925 0 *
Fa
0  1e-07 241 0

0111000
+1924 0 *
Ve
1e-07
27.356 7.945 0.015
0 0

0101101
*
Ed
 1e-07 1 1 0
1  539 0 0 0.015
4 C0 242 0 245 0
0

0101000
+1932 0 -1922 0 *
Ve
1e-07
27.356 7.705 0.015
0 0

0101101
*
Ed
 1e-07 1 1 0
1  540 0 0 0.24
4 C0 242 0 246 0
0

0101000
+1922 0 -1920 0 *
Ed
 1e-07 1 1 0
1  541 0 0 0.015
4 C0 242 0 243 0
0

0101000
+1931 0 -1920 0 *
Wi

0101100
+1921 0 +1919 0 -1918 0 -1930 0 *
Fa
0  1e-07 242 0

0111000
+1917 0 *
Ve
1e-07
27.706 7.945 0.015
0 0

0101101
*
Ed
 1e-07 1 1 0
1  542 0 0 0.015
4 C0 245 0 244 0
0

0101000
+1927 0 -1915 0 *
Ed
 1e-07 1 1 0
1  543 0 0 0.349999999999998
4 C0 245 0 246 0
0

0101000
+1915 0 -1922 0 *
Wi

0101100
+1914 0 +1913 0 -1921 0 -1925 0 *
Fa
0  1e-07 245 0

0111000
+1912 0 *
Ve
1e-07
27.706 7.705 0.015
0 0

0101101
*
Ed
 1e-07 1 1 0
1  544 0 0 0.015
4 C0 244 0 243 0
0

0101000
+1929 0 -1910 0 *
Ed
 1e-07 1 1 0
1  545 0 0 0.24
4 C0 244 0 246 0
0

0101000
+1910 0 -1915 0 *
Wi

0101100
+1909 0 +1908 0 -1914 0 -1926 0 *
Fa
0  1e-07 244 0

0111000
+1907 0 *
Ed
 1e-07 1 1 0
1  546 0 0 0.349999999999998
4 C0 243 0 246 0
0

0101000
+1920 0 -1910 0 *
Wi

0101100
+1918 0 +1905 0 -1909 0 -1928 0 *
Fa
0  1e-07 243 0

0111000
+1904 0 *
Wi

0101100
+1919 0 +1905 0 +1908 0 +1913 0 *
Fa
0  1e-07 246 0

0111000
+1902 0 *
Sh

0101100
-1923 0 -1916 0 -1911 0 -1906 0 -1903 0 +1901 0 *
So

0100000
+1900 0 *
Ve
1e-07
28.31 7.698 0
0 0

0101101
*
Ve
1e-07
28.31 7.842 0
0 0

0101101
*
Ed
 1e-07 1 1 0
1  547 0 0 0.143999999999999
4 C0 247 0 248 0
0

0101000
+1898 0 -1897 0 *
Ve
1e-07
28.262 7.89 0
0 0

0101101
*
Ed
 1e-07 1 1 0
1  548 0 0 1.5707963267949
2  201 249 0 0 1.5707963267949
4 C0 247 0 249 0
0

0101000
+1897 0 -1895 0 *
Ve
1e-07
28.118 7.89 0
0 0

0101101
*
Ed
 1e-07 1 1 0
1  549 0 0 0.144000000000002
4 C0 247 0 250 0
0

0101000
+1895 0 -1893 0 *
Ve
1e-07
28.07 7.842 0
0 0

0101101
*
Ed
 1e-07 1 1 0
1  550 0 1.5707963267949 3.14159265358979
2  202 251 0 1.5707963267949 3.14159265358979
4 C0 247 0 251 0
0

0101000
+1893 0 -1891 0 *
Ve
1e-07
28.07 7.698 0
0 0

0101101
*
Ed
 1e-07 1 1 0
1  551 0 0 0.143999999999999
4 C0 247 0 252 0
0

0101000
+1891 0 -1889 0 *
Ve
1e-07
28.118 7.65 0
0 0

0101101
*
Ed
 1e-07 1 1 0
1  552 0 3.14159265358979 4.71238898038469
2  203 253 0 3.14159265358979 4.71238898038469
4 C0 247 0 253 0
0

0101000
+1889 0 -1887 0 *
Ve
1e-07
28.262 7.65 0
0 0

0101101
*
Ed
 1e-07 1 1 0
1  553 0 0 0.144000000000002
4 C0 247 0 254 0
0

0101000
+1887 0 -1885 0 *
Ed
 1e-07 1 1 0
1  554 0 4.71238898038469 6.28318530717959
2  204 255 0 4.71238898038469 6.28318530717959
4 C0 247 0 255 0
0

0101000
+1885 0 -1898 0 *
Wi

0101100
+1896 0 +1894 0 +1892 0 +1890 0 +1888 0 +1886 0 +1884 0 +1883 0 *
Fa
0  1e-07 247 0

0111000
+1882 0 *
Ve
1e-07
28.31 7.698 0.015
0 0

0101101
*
Ed
 1e-07 1 1 0
1  555 0 0 0.015
2  205 255 0 0 0.015
4 G1 248 0 255 0
0

0101000
+1898 0 -1880 0 *
Ve
1e-07
28.31 7.842 0.015
0 0

0101101
*
Ed
 1e-07 1 1 0
1  556 0 0 0.143999999999999
4 C0 248 0 256 0
0

0101000
+1880 0 -1878 0 *
Ed
 1e-07 1 1 0
1  557 0 0 0.015
2  206 249 0 0 0.015
4 G1 248 0 249 0
0

0101000
+1897 0 -1878 0 *
Wi

0101100
+1879 0 +1877 0 -1876 0 -1896 0 *
Fa
0  1e-07 248 0

0111000
+1875 0 *
Ve
1e-07
28.262 7.65 0.015
0 0

0101101
*
Ed
 1e-07 1 1 0
1  558 0 4.71238898038469 6.28318530717959
2  207 255 0 4.71238898038469 6.28318530717959
4 C0 255 0 256 0
0

0101000
+1873 0 -1880 0 *
Ed
 1e-07 1 1 0
1  559 0 0 0.015
2  208 255 0 0 0.015
4 G1 255 0 254 0
0

0101000
+1885 0 -1873 0 *
Wi

0101100
+1883 0 +1879 0 -1872 0 -1871 0 *
Fa
0  1e-07 255 0

0111000
+1870 0 *
Ve
1e-07
28.118 7.65 0.015
0 0

0101101
*
Ed
 1e-07 1 1 0
1  560 0 0 0.015
2  209 253 0 0 0.015
4 G1 254 0 253 0
0

0101000
+1887 0 -1868 0 *
Ed
 1e-07 1 1 0
1  561 0 0 0.144000000000002
4 C0 254 0 256 0
0

0101000
+1868 0 -1873 0 *
Wi

0101100
+1867 0 +1866 0 -1871 0 -1884 0 *
Fa
0  1e-07 254 0

0111000
+1865 0 *
Ve
1e-07
28.07 7.698 0.015
0 0

0101101
*
Ed
 1e-07 1 1 0
1  562 0 3.14159265358979 4.71238898038469
2  210 253 0 3.14159265358979 4.71238898038469
4 C0 253 0 256 0
0

0101000
+1863 0 -1868 0 *
Ed
 1e-07 1 1 0
1  563 0 0 0.015
2  211 253 0 0 0.015
4 G1 253 0 252 0
0

0101000
+1889 0 -1863 0 *
Wi

0101100
+1886 0 +1867 0 -1862 0 -1861 0 *
Fa
0  1e-07 253 0

0111000
+1860 0 *
Ve
1e-07
28.07 7.842 0.015
0 0

0101101
*
Ed
 1e-07 1 1 0
1  564 0 0 0.015
2  212 251 0 0 0.015
4 G1 252 0 251 0
0

0101000
+1891 0 -1858 0 *
Ed
 1e-07 1 1 0
1  565 0 0 0.143999999999999
4 C0 252 0 256 0
0

0101000
+1858 0 -1863 0 *
Wi

0101100
+1857 0 +1856 0 -1861 0 -1888 0 *
Fa
0  1e-07 252 0

0111000
+1855 0 *
Ve
1e-07
28.118 7.89 0.015
0 0

0101101
*
Ed
 1e-07 1 1 0
1  566 0 1.5707963267949 3.14159265358979
2  213 251 0 1.5707963267949 3.14159265358979
4 C0 251 0 256 0
0

0101000
+1853 0 -1858 0 *
Ed
 1e-07 1 1 0
1  567 0 0 0.015
2  214 251 0 0 0.015
4 G1 251 0 250 0
0

0101000
+1893 0 -1853 0 *
Wi

0101100
+1890 0 +1857 0 -1852 0 -1851 0 *
Fa
0  1e-07 251 0

0111000
+1850 0 *
Ve
1e-07
28.262 7.89 0.015
0 0

0101101
*
Ed
 1e-07 1 1 0
1  568 0 0 0.015
2  215 249 0 0 0.015
4 G1 250 0 249 0
0

0101000
+1895 0 -1848 0 *
Ed
 1e-07 1 1 0
1  569 0 0 0.144000000000002
4 C0 250 0 256 0
0

0101000
+1848 0 -1853 0 *
Wi

0101100
+1847 0 +1846 0 -1851 0 -1892 0 *
Fa
0  1e-07 250 0

0111000
+1845 0 *
Ed
 1e-07 1 1 0
1  570 0 0 1.5707963267949
2  216 249 0 0 1.5707963267949
4 C0 249 0 256 0
0

0101000
+1878 0 -1848 0 *
Wi

0101100
+1894 0 +1847 0 -1843 0 -1876 0 *
Fa
0  1e-07 249 0

0111000
+1842 0 *
Wi

0101100
+1877 0 +1843 0 +1846 0 +1852 0 +1856 0 +1862 0 +1866 0 +1872 0 *
Fa
0  1e-07 256 0

0111000
+1840 0 *
Sh

0101100
-1881 0 -1874 0 +1869 0 -1864 0 +1859 0 -1854 0 +1849 0 -1844 0 +1841 0 +1839 0 
*
So

0100000
+1838 0 *
Ve
1e-07
28.53 7.695 0
0 0

0101101
*
Ve
1e-07
28.53 7.525 0
0 0

0101101
*
Ed
 1e-07 1 1 0
1  571 0 0 0.17
4 C0 257 0 258 0
0

0101000
+1836 0 -1835 0 *
Ve
1e-07
28.88 7.525 0
0 0

0101101
*
Ed
 1e-07 1 1 0
1  572 0 0 0.349999999999998
4 C0 257 0 259 0
0

0101000
+1835 0 -1833 0 *
Ve
1e-07
28.88 7.695 0
0 0

0101101
*
Ed
 1e-07 1 1 0
1  573 0 0 0.17
4 C0 257 0 260 0
0

0101000
+1833 0 -1831 0 *
Ed
 1e-07 1 1 0
1  574 0 0 0.349999999999998
4 C0 257 0 261 0
0

0101000
+1831 0 -1836 0 *
Wi

0101100
+1834 0 +1832 0 +1830 0 +1829 0 *
Fa
0  1e-07 257 0

0111000
+1828 0 *
Ve
1e-07
28.53 7.695 0.015
0 0

0101101
*
Ed
 1e-07 1 1 0
1  575 0 0 0.015
4 C0 258 0 261 0
0

0101000
+1836 0 -1826 0 *
Ve
1e-07
28.53 7.525 0.015
0 0

0101101
*
Ed
 1e-07 1 1 0
1  576 0 0 0.17
4 C0 258 0 262 0
0

0101000
+1826 0 -1824 0 *
Ed
 1e-07 1 1 0
1  577 0 0 0.015
4 C0 258 0 259 0
0

0101000
+1835 0 -1824 0 *
Wi

0101100
+1825 0 +1823 0 -1822 0 -1834 0 *
Fa
0  1e-07 258 0

0111000
+1821 0 *
Ve
1e-07
28.88 7.695 0.015
0 0

0101101
*
Ed
 1e-07 1 1 0
1  578 0 0 0.015
4 C0 261 0 260 0
0

0101000
+1831 0 -1819 0 *
Ed
 1e-07 1 1 0
1  579 0 0 0.349999999999998
4 C0 261 0 262 0
0

0101000
+1819 0 -1826 0 *
Wi

0101100
+1818 0 +1817 0 -1825 0 -1829 0 *
Fa
0  1e-07 261 0

0111000
+1816 0 *
Ve
1e-07
28.88 7.525 0.015
0 0

0101101
*
Ed
 1e-07 1 1 0
1  580 0 0 0.015
4 C0 260 0 259 0
0

0101000
+1833 0 -1814 0 *
Ed
 1e-07 1 1 0
1  581 0 0 0.17
4 C0 260 0 262 0
0

0101000
+1814 0 -1819 0 *
Wi

0101100
+1813 0 +1812 0 -1818 0 -1830 0 *
Fa
0  1e-07 260 0

0111000
+1811 0 *
Ed
 1e-07 1 1 0
1  582 0 0 0.349999999999998
4 C0 259 0 262 0
0

0101000
+1824 0 -1814 0 *
Wi

0101100
+1822 0 +1809 0 -1813 0 -1832 0 *
Fa
0  1e-07 259 0

0111000
+1808 0 *
Wi

0101100
+1823 0 +1809 0 +1812 0 +1817 0 *
Fa
0  1e-07 262 0

0111000
+1806 0 *
Sh

0101100
-1827 0 -1820 0 -1815 0 -1810 0 -1807 0 +1805 0 *
So

0100000
+1804 0 *
Ve
1e-07
28.53 8.095 0
0 0

0101101
*
Ve
1e-07
28.53 7.925 0
0 0

0101101
*
Ed
 1e-07 1 1 0
1  583 0 0 0.170000000000001
4 C0 263 0 264 0
0

0101000
+1802 0 -1801 0 *
Ve
1e-07
28.88 7.925 0
0 0

0101101
*
Ed
 1e-07 1 1 0
1  584 0 0 0.349999999999998
4 C0 263 0 265 0
0

0101000
+1801 0 -1799 0 *
Ve
1e-07
28.88 8.095 0
0 0

0101101
*
Ed
 1e-07 1 1 0
1  585 0 0 0.170000000000001
4 C0 263 0 266 0
0

0101000
+1799 0 -1797 0 *
Ed
 1e-07 1 1 0
1  586 0 0 0.349999999999998
4 C0 263 0 267 0
0

0101000
+1797 0 -1802 0 *
Wi

0101100
+1800 0 +1798 0 +1796 0 +1795 0 *
Fa
0  1e-07 263 0

0111000
+1794 0 *
Ve
1e-07
28.53 8.095 0.015
0 0

0101101
*
Ed
 1e-07 1 1 0
1  587 0 0 0.015
4 C0 264 0 267 0
0

0101000
+1802 0 -1792 0 *
Ve
1e-07
28.53 7.925 0.015
0 0

0101101
*
Ed
 1e-07 1 1 0
1  588 0 0 0.170000000000001
4 C0 264 0 268 0
0

0101000
+1792 0 -1790 0 *
Ed
 1e-07 1 1 0
1  589 0 0 0.015
4 C0 264 0 265 0
0

0101000
+1801 0 -1790 0 *
Wi

0101100
+1791 0 +1789 0 -1788 0 -1800 0 *
Fa
0  1e-07 264 0

0111000
+1787 0 *
Ve
1e-07
28.88 8.095 0.015
0 0

0101101
*
Ed
 1e-07 1 1 0
1  590 0 0 0.015
4 C0 267 0 266 0
0

0101000
+1797 0 -1785 0 *
Ed
 1e-07 1 1 0
1  591 0 0 0.349999999999998
4 C0 267 0 268 0
0

0101000
+1785 0 -1792 0 *
Wi

0101100
+1784 0 +1783 0 -1791 0 -1795 0 *
Fa
0  1e-07 267 0

0111000
+1782 0 *
Ve
1e-07
28.88 7.925 0.015
0 0

0101101
*
Ed
 1e-07 1 1 0
1  592 0 0 0.015
4 C0 266 0 265 0
0

0101000
+1799 0 -1780 0 *
Ed
 1e-07 1 1 0
1  593 0 0 0.170000000000001
4 C0 266 0 268 0
0

0101000
+1780 0 -1785 0 *
Wi

0101100
+1779 0 +1778 0 -1784 0 -1796 0 *
Fa
0  1e-07 266 0

0111000
+1777 0 *
Ed
 1e-07 1 1 0
1  594 0 0 0.349999999999998
4 C0 265 0 268 0
0

0101000
+1790 0 -1780 0 *
Wi

0101100
+1788 0 +1775 0 -1779 0 -1798 0 *
Fa
0  1e-07 265 0

0111000
+1774 0 *
Wi

0101100
+1789 0 +1775 0 +1778 0 +1783 0 *
Fa
0  1e-07 268 0

0111000
+1772 0 *
Sh

0101100
-1793 0 -1786 0 -1781 0 -1776 0 -1773 0 +1771 0 *
So

0100000
+1770 0 *
Ve
1e-07
27.481 8.475 0
0 0

0101101
*
Ve
1e-07
27.481 8.175 0
0 0

0101101
*
Ed
 1e-07 1 1 0
1  595 0 0 0.299999999999999
4 C0 269 0 270 0
0

0101000
+1768 0 -1767 0 *
Ve
1e-07
27.681 8.175 0
0 0

0101101
*
Ed
 1e-07 1 1 0
1  596 0 0 0.199999999999999
4 C0 269 0 271 0
0

0101000
+1767 0 -1765 0 *
Ve
1e-07
27.681 8.475 0
0 0

0101101
*
Ed
 1e-07 1 1 0
1  597 0 0 0.299999999999999
4 C0 269 0 272 0
0

0101000
+1765 0 -1763 0 *
Ed
 1e-07 1 1 0
1  598 0 0 0.199999999999999
4 C0 269 0 273 0
0

0101000
+1763 0 -1768 0 *
Wi

0101100
+1766 0 +1764 0 +1762 0 +1761 0 *
Fa
0  1e-07 269 0

0111000
+1760 0 *
Ve
1e-07
27.481 8.475 0.015
0 0

0101101
*
Ed
 1e-07 1 1 0
1  599 0 0 0.015
4 C0 270 0 273 0
0

0101000
+1768 0 -1758 0 *
Ve
1e-07
27.481 8.175 0.015
0 0

0101101
*
Ed
 1e-07 1 1 0
1  600 0 0 0.299999999999999
4 C0 270 0 274 0
0

0101000
+1758 0 -1756 0 *
Ed
 1e-07 1 1 0
1  601 0 0 0.015
4 C0 270 0 271 0
0

0101000
+1767 0 -1756 0 *
Wi

0101100
+1757 0 +1755 0 -1754 0 -1766 0 *
Fa
0  1e-07 270 0

0111000
+1753 0 *
Ve
1e-07
27.681 8.475 0.015
0 0

0101101
*
Ed
 1e-07 1 1 0
1  602 0 0 0.015
4 C0 273 0 272 0
0

0101000
+1763 0 -1751 0 *
Ed
 1e-07 1 1 0
1  603 0 0 0.199999999999999
4 C0 273 0 274 0
0

0101000
+1751 0 -1758 0 *
Wi

0101100
+1750 0 +1749 0 -1757 0 -1761 0 *
Fa
0  1e-07 273 0

0111000
+1748 0 *
Ve
1e-07
27.681 8.175 0.015
0 0

0101101
*
Ed
 1e-07 1 1 0
1  604 0 0 0.015
4 C0 272 0 271 0
0

0101000
+1765 0 -1746 0 *
Ed
 1e-07 1 1 0
1  605 0 0 0.299999999999999
4 C0 272 0 274 0
0

0101000
+1746 0 -1751 0 *
Wi

0101100
+1745 0 +1744 0 -1750 0 -1762 0 *
Fa
0  1e-07 272 0

0111000
+1743 0 *
Ed
 1e-07 1 1 0
1  606 0 0 0.199999999999999
4 C0 271 0 274 0
0

0101000
+1756 0 -1746 0 *
Wi

0101100
+1754 0 +1741 0 -1745 0 -1764 0 *
Fa
0  1e-07 271 0

0111000
+1740 0 *
Wi

0101100
+1755 0 +1741 0 +1744 0 +1749 0 *
Fa
0  1e-07 274 0

0111000
+1738 0 *
Sh

0101100
-1759 0 -1752 0 -1747 0 -1742 0 -1739 0 +1737 0 *
So

0100000
+1736 0 *
Ve
1e-07
28.53 8.495 0
0 0

0101101
*
Ve
1e-07
28.53 8.325 0
0 0

0101101
*
Ed
 1e-07 1 1 0
1  607 0 0 0.17
4 C0 275 0 276 0
0

0101000
+1734 0 -1733 0 *
Ve
1e-07
28.88 8.325 0
0 0

0101101
*
Ed
 1e-07 1 1 0
1  608 0 0 0.349999999999998
4 C0 275 0 277 0
0

0101000
+1733 0 -1731 0 *
Ve
1e-07
28.88 8.495 0
0 0

0101101
*
Ed
 1e-07 1 1 0
1  609 0 0 0.17
4 C0 275 0 278 0
0

0101000
+1731 0 -1729 0 *
Ed
 1e-07 1 1 0
1  610 0 0 0.349999999999998
4 C0 275 0 279 0
0

0101000
+1729 0 -1734 0 *
Wi

0101100
+1732 0 +1730 0 +1728 0 +1727 0 *
Fa
0  1e-07 275 0

0111000
+1726 0 *
Ve
1e-07
28.53 8.495 0.015
0 0

0101101
*
Ed
 1e-07 1 1 0
1  611 0 0 0.015
4 C0 276 0 279 0
0

0101000
+1734 0 -1724 0 *
Ve
1e-07
28.53 8.325 0.015
0 0

0101101
*
Ed
 1e-07 1 1 0
1  612 0 0 0.17
4 C0 276 0 280 0
0

0101000
+1724 0 -1722 0 *
Ed
 1e-07 1 1 0
1  613 0 0 0.015
4 C0 276 0 277 0
0

0101000
+1733 0 -1722 0 *
Wi

0101100
+1723 0 +1721 0 -1720 0 -1732 0 *
Fa
0  1e-07 276 0

0111000
+1719 0 *
Ve
1e-07
28.88 8.495 0.015
0 0

0101101
*
Ed
 1e-07 1 1 0
1  614 0 0 0.015
4 C0 279 0 278 0
0

0101000
+1729 0 -1717 0 *
Ed
 1e-07 1 1 0
1  615 0 0 0.349999999999998
4 C0 279 0 280 0
0

0101000
+1717 0 -1724 0 *
Wi

0101100
+1716 0 +1715 0 -1723 0 -1727 0 *
Fa
0  1e-07 279 0

0111000
+1714 0 *
Ve
1e-07
28.88 8.325 0.015
0 0

0101101
*
Ed
 1e-07 1 1 0
1  616 0 0 0.015
4 C0 278 0 277 0
0

0101000
+1731 0 -1712 0 *
Ed
 1e-07 1 1 0
1  617 0 0 0.17
4 C0 278 0 280 0
0

0101000
+1712 0 -1717 0 *
Wi

0101100
+1711 0 +1710 0 -1716 0 -1728 0 *
Fa
0  1e-07 278 0

0111000
+1709 0 *
Ed
 1e-07 1 1 0
1  618 0 0 0.349999999999998
4 C0 277 0 280 0
0

0101000
+1722 0 -1712 0 *
Wi

0101100
+1720 0 +1707 0 -1711 0 -1730 0 *
Fa
0  1e-07 277 0

0111000
+1706 0 *
Wi

0101100
+1721 0 +1707 0 +1710 0 +1715 0 *
Fa
0  1e-07 280 0

0111000
+1704 0 *
Sh

0101100
-1725 0 -1718 0 -1713 0 -1708 0 -1705 0 +1703 0 *
So

0100000
+1702 0 *
Ve
1e-07
29.08 7.695 0
0 0

0101101
*
Ve
1e-07
29.08 7.525 0
0 0

0101101
*
Ed
 1e-07 1 1 0
1  619 0 0 0.17
4 C0 281 0 282 0
0

0101000
+1700 0 -1699 0 *
Ve
1e-07
29.43 7.525 0
0 0

0101101
*
Ed
 1e-07 1 1 0
1  620 0 0 0.350000000000001
4 C0 281 0 283 0
0

0101000
+1699 0 -1697 0 *
Ve
1e-07
29.43 7.695 0
0 0

0101101
*
Ed
 1e-07 1 1 0
1  621 0 0 0.17
4 C0 281 0 284 0
0

0101000
+1697 0 -1695 0 *
Ed
 1e-07 1 1 0
1  622 0 0 0.350000000000001
4 C0 281 0 285 0
0

0101000
+1695 0 -1700 0 *
Wi

0101100
+1698 0 +1696 0 +1694 0 +1693 0 *
Fa
0  1e-07 281 0

0111000
+1692 0 *
Ve
1e-07
29.08 7.695 0.015
0 0

0101101
*
Ed
 1e-07 1 1 0
1  623 0 0 0.015
4 C0 282 0 285 0
0

0101000
+1700 0 -1690 0 *
Ve
1e-07
29.08 7.525 0.015
0 0

0101101
*
Ed
 1e-07 1 1 0
1  624 0 0 0.17
4 C0 282 0 286 0
0

0101000
+1690 0 -1688 0 *
Ed
 1e-07 1 1 0
1  625 0 0 0.015
4 C0 282 0 283 0
0

0101000
+1699 0 -1688 0 *
Wi

0101100
+1689 0 +1687 0 -1686 0 -1698 0 *
Fa
0  1e-07 282 0

0111000
+1685 0 *
Ve
1e-07
29.43 7.695 0.015
0 0

0101101
*
Ed
 1e-07 1 1 0
1  626 0 0 0.015
4 C0 285 0 284 0
0

0101000
+1695 0 -1683 0 *
Ed
 1e-07 1 1 0
1  627 0 0 0.350000000000001
4 C0 285 0 286 0
0

0101000
+1683 0 -1690 0 *
Wi

0101100
+1682 0 +1681 0 -1689 0 -1693 0 *
Fa
0  1e-07 285 0

0111000
+1680 0 *
Ve
1e-07
29.43 7.525 0.015
0 0

0101101
*
Ed
 1e-07 1 1 0
1  628 0 0 0.015
4 C0 284 0 283 0
0

0101000
+1697 0 -1678 0 *
Ed
 1e-07 1 1 0
1  629 0 0 0.17
4 C0 284 0 286 0
0

0101000
+1678 0 -1683 0 *
Wi

0101100
+1677 0 +1676 0 -1682 0 -1694 0 *
Fa
0  1e-07 284 0

0111000
+1675 0 *
Ed
 1e-07 1 1 0
1  630 0 0 0.350000000000001
4 C0 283 0 286 0
0

0101000
+1688 0 -1678 0 *
Wi

0101100
+1686 0 +1673 0 -1677 0 -1696 0 *
Fa
0  1e-07 283 0

0111000
+1672 0 *
Wi

0101100
+1687 0 +1673 0 +1676 0 +1681 0 *
Fa
0  1e-07 286 0

0111000
+1670 0 *
Sh

0101100
-1691 0 -1684 0 -1679 0 -1674 0 -1671 0 +1669 0 *
So

0100000
+1668 0 *
Ve
1e-07
29.08 8.095 0
0 0

0101101
*
Ve
1e-07
29.08 7.925 0
0 0

0101101
*
Ed
 1e-07 1 1 0
1  631 0 0 0.170000000000001
4 C0 287 0 288 0
0

0101000
+1666 0 -1665 0 *
Ve
1e-07
29.43 7.925 0
0 0

0101101
*
Ed
 1e-07 1 1 0
1  632 0 0 0.350000000000001
4 C0 287 0 289 0
0

0101000
+1665 0 -1663 0 *
Ve
1e-07
29.43 8.095 0
0 0

0101101
*
Ed
 1e-07 1 1 0
1  633 0 0 0.170000000000001
4 C0 287 0 290 0
0

0101000
+1663 0 -1661 0 *
Ed
 1e-07 1 1 0
1  634 0 0 0.350000000000001
4 C0 287 0 291 0
0

0101000
+1661 0 -1666 0 *
Wi

0101100
+1664 0 +1662 0 +1660 0 +1659 0 *
Fa
0  1e-07 287 0

0111000
+1658 0 *
Ve
1e-07
29.08 8.095 0.015
0 0

0101101
*
Ed
 1e-07 1 1 0
1  635 0 0 0.015
4 C0 288 0 291 0
0

0101000
+1666 0 -1656 0 *
Ve
1e-07
29.08 7.925 0.015
0 0

0101101
*
Ed
 1e-07 1 1 0
1  636 0 0 0.170000000000001
4 C0 288 0 292 0
0

0101000
+1656 0 -1654 0 *
Ed
 1e-07 1 1 0
1  637 0 0 0.015
4 C0 288 0 289 0
0

0101000
+1665 0 -1654 0 *
Wi

0101100
+1655 0 +1653 0 -1652 0 -1664 0 *
Fa
0  1e-07 288 0

0111000
+1651 0 *
Ve
1e-07
29.43 8.095 0.015
0 0

0101101
*
Ed
 1e-07 1 1 0
1  638 0 0 0.015
4 C0 291 0 290 0
0

0101000
+1661 0 -1649 0 *
Ed
 1e-07 1 1 0
1  639 0 0 0.350000000000001
4 C0 291 0 292 0
0

0101000
+1649 0 -1656 0 *
Wi

0101100
+1648 0 +1647 0 -1655 0 -1659 0 *
Fa
0  1e-07 291 0

0111000
+1646 0 *
Ve
1e-07
29.43 7.925 0.015
0 0

0101101
*
Ed
 1e-07 1 1 0
1  640 0 0 0.015
4 C0 290 0 289 0
0

0101000
+1663 0 -1644 0 *
Ed
 1e-07 1 1 0
1  641 0 0 0.170000000000001
4 C0 290 0 292 0
0

0101000
+1644 0 -1649 0 *
Wi

0101100
+1643 0 +1642 0 -1648 0 -1660 0 *
Fa
0  1e-07 290 0

0111000
+1641 0 *
Ed
 1e-07 1 1 0
1  642 0 0 0.350000000000001
4 C0 289 0 292 0
0

0101000
+1654 0 -1644 0 *
Wi

0101100
+1652 0 +1639 0 -1643 0 -1662 0 *
Fa
0  1e-07 289 0

0111000
+1638 0 *
Wi

0101100
+1653 0 +1639 0 +1642 0 +1647 0 *
Fa
0  1e-07 292 0

0111000
+1636 0 *
Sh

0101100
-1657 0 -1650 0 -1645 0 -1640 0 -1637 0 +1635 0 *
So

0100000
+1634 0 *
Ve
1e-07
29.08 8.495 0
0 0

0101101
*
Ve
1e-07
29.08 8.325 0
0 0

0101101
*
Ed
 1e-07 1 1 0
1  643 0 0 0.17
4 C0 293 0 294 0
0

0101000
+1632 0 -1631 0 *
Ve
1e-07
29.43 8.325 0
0 0

0101101
*
Ed
 1e-07 1 1 0
1  644 0 0 0.350000000000001
4 C0 293 0 295 0
0

0101000
+1631 0 -1629 0 *
Ve
1e-07
29.43 8.495 0
0 0

0101101
*
Ed
 1e-07 1 1 0
1  645 0 0 0.17
4 C0 293 0 296 0
0

0101000
+1629 0 -1627 0 *
Ed
 1e-07 1 1 0
1  646 0 0 0.350000000000001
4 C0 293 0 297 0
0

0101000
+1627 0 -1632 0 *
Wi

0101100
+1630 0 +1628 0 +1626 0 +1625 0 *
Fa
0  1e-07 293 0

0111000
+1624 0 *
Ve
1e-07
29.08 8.495 0.015
0 0

0101101
*
Ed
 1e-07 1 1 0
1  647 0 0 0.015
4 C0 294 0 297 0
0

0101000
+1632 0 -1622 0 *
Ve
1e-07
29.08 8.325 0.015
0 0

0101101
*
Ed
 1e-07 1 1 0
1  648 0 0 0.17
4 C0 294 0 298 0
0

0101000
+1622 0 -1620 0 *
Ed
 1e-07 1 1 0
1  649 0 0 0.015
4 C0 294 0 295 0
0

0101000
+1631 0 -1620 0 *
Wi

0101100
+1621 0 +1619 0 -1618 0 -1630 0 *
Fa
0  1e-07 294 0

0111000
+1617 0 *
Ve
1e-07
29.43 8.495 0.015
0 0

0101101
*
Ed
 1e-07 1 1 0
1  650 0 0 0.015
4 C0 297 0 296 0
0

0101000
+1627 0 -1615 0 *
Ed
 1e-07 1 1 0
1  651 0 0 0.350000000000001
4 C0 297 0 298 0
0

0101000
+1615 0 -1622 0 *
Wi

0101100
+1614 0 +1613 0 -1621 0 -1625 0 *
Fa
0  1e-07 297 0

0111000
+1612 0 *
Ve
1e-07
29.43 8.325 0.015
0 0

0101101
*
Ed
 1e-07 1 1 0
1  652 0 0 0.015
4 C0 296 0 295 0
0

0101000
+1629 0 -1610 0 *
Ed
 1e-07 1 1 0
1  653 0 0 0.17
4 C0 296 0 298 0
0

0101000
+1610 0 -1615 0 *
Wi

0101100
+1609 0 +1608 0 -1614 0 -1626 0 *
Fa
0  1e-07 296 0

0111000
+1607 0 *
Ed
 1e-07 1 1 0
1  654 0 0 0.350000000000001
4 C0 295 0 298 0
0

0101000
+1620 0 -1610 0 *
Wi

0101100
+1618 0 +1605 0 -1609 0 -1628 0 *
Fa
0  1e-07 295 0

0111000
+1604 0 *
Wi

0101100
+1619 0 +1605 0 +1608 0 +1613 0 *
Fa
0  1e-07 298 0

0111000
+1602 0 *
Sh

0101100
-1623 0 -1616 0 -1611 0 -1606 0 -1603 0 +1601 0 *
So

0100000
+1600 0 *
Ve
1e-07
29.885 8.068 0
0 0

0101101
*
Ve
1e-07
29.885 8.212 0
0 0

0101101
*
Ed
 1e-07 1 1 0
1  655 0 0 0.144
4 C0 299 0 300 0
0

0101000
+1598 0 -1597 0 *
Ve
1e-07
29.837 8.26 0
0 0

0101101
*
Ed
 1e-07 1 1 0
1  656 0 0 1.5707963267949
2  217 301 0 0 1.5707963267949
4 C0 299 0 301 0
0

0101000
+1597 0 -1595 0 *
Ve
1e-07
29.693 8.26 0
0 0

0101101
*
Ed
 1e-07 1 1 0
1  657 0 0 0.143999999999998
4 C0 299 0 302 0
0

0101000
+1595 0 -1593 0 *
Ve
1e-07
29.645 8.212 0
0 0

0101101
*
Ed
 1e-07 1 1 0
1  658 0 1.5707963267949 3.14159265358979
2  218 303 0 1.5707963267949 3.14159265358979
4 C0 299 0 303 0
0

0101000
+1593 0 -1591 0 *
Ve
1e-07
29.645 8.068 0
0 0

0101101
*
Ed
 1e-07 1 1 0
1  659 0 0 0.144
4 C0 299 0 304 0
0

0101000
+1591 0 -1589 0 *
Ve
1e-07
29.693 8.02 0
0 0

0101101
*
Ed
 1e-07 1 1 0
1  660 0 3.14159265358979 4.71238898038469
2  219 305 0 3.14159265358979 4.71238898038469
4 C0 299 0 305 0
0

0101000
+1589 0 -1587 0 *
Ve
1e-07
29.837 8.02 0
0 0

0101101
*
Ed
 1e-07 1 1 0
1  661 0 0 0.143999999999998
4 C0 299 0 306 0
0

0101000
+1587 0 -1585 0 *
Ed
 1e-07 1 1 0
1  662 0 4.71238898038469 6.28318530717959
2  220 307 0 4.71238898038469 6.28318530717959
4 C0 299 0 307 0
0

0101000
+1585 0 -1598 0 *
Wi

0101100
+1596 0 +1594 0 +1592 0 +1590 0 +1588 0 +1586 0 +1584 0 +1583 0 *
Fa
0  1e-07 299 0

0111000
+1582 0 *
Ve
1e-07
29.885 8.068 0.015
0 0

0101101
*
Ed
 1e-07 1 1 0
1  663 0 0 0.015
2  221 307 0 0 0.015
4 G1 300 0 307 0
0

0101000
+1598 0 -1580 0 *
Ve
1e-07
29.885 8.212 0.015
0 0

0101101
*
Ed
 1e-07 1 1 0
1  664 0 0 0.144
4 C0 300 0 308 0
0

0101000
+1580 0 -1578 0 *
Ed
 1e-07 1 1 0
1  665 0 0 0.015
2  222 301 0 0 0.015
4 G1 300 0 301 0
0

0101000
+1597 0 -1578 0 *
Wi

0101100
+1579 0 +1577 0 -1576 0 -1596 0 *
Fa
0  1e-07 300 0

0111000
+1575 0 *
Ve
1e-07
29.837 8.02 0.015
0 0

0101101
*
Ed
 1e-07 1 1 0
1  666 0 4.71238898038469 6.28318530717959
2  223 307 0 4.71238898038469 6.28318530717959
4 C0 307 0 308 0
0

0101000
+1573 0 -1580 0 *
Ed
 1e-07 1 1 0
1  667 0 0 0.015
2  224 307 0 0 0.015
4 G1 307 0 306 0
0

0101000
+1585 0 -1573 0 *
Wi

0101100
+1583 0 +1579 0 -1572 0 -1571 0 *
Fa
0  1e-07 307 0

0111000
+1570 0 *
Ve
1e-07
29.693 8.02 0.015
0 0

0101101
*
Ed
 1e-07 1 1 0
1  668 0 0 0.015
2  225 305 0 0 0.015
4 G1 306 0 305 0
0

0101000
+1587 0 -1568 0 *
Ed
 1e-07 1 1 0
1  669 0 0 0.143999999999998
4 C0 306 0 308 0
0

0101000
+1568 0 -1573 0 *
Wi

0101100
+1567 0 +1566 0 -1571 0 -1584 0 *
Fa
0  1e-07 306 0

0111000
+1565 0 *
Ve
1e-07
29.645 8.068 0.015
0 0

0101101
*
Ed
 1e-07 1 1 0
1  670 0 3.14159265358979 4.71238898038469
2  226 305 0 3.14159265358979 4.71238898038469
4 C0 305 0 308 0
0

0101000
+1563 0 -1568 0 *
Ed
 1e-07 1 1 0
1  671 0 0 0.015
2  227 305 0 0 0.015
4 G1 305 0 304 0
0

0101000
+1589 0 -1563 0 *
Wi

0101100
+1586 0 +1567 0 -1562 0 -1561 0 *
Fa
0  1e-07 305 0

0111000
+1560 0 *
Ve
1e-07
29.645 8.212 0.015
0 0

0101101
*
Ed
 1e-07 1 1 0
1  672 0 0 0.015
2  228 303 0 0 0.015
4 G1 304 0 303 0
0

0101000
+1591 0 -1558 0 *
Ed
 1e-07 1 1 0
1  673 0 0 0.144
4 C0 304 0 308 0
0

0101000
+1558 0 -1563 0 *
Wi

0101100
+1557 0 +1556 0 -1561 0 -1588 0 *
Fa
0  1e-07 304 0

0111000
+1555 0 *
Ve
1e-07
29.693 8.26 0.015
0 0

0101101
*
Ed
 1e-07 1 1 0
1  674 0 1.5707963267949 3.14159265358979
2  229 303 0 1.5707963267949 3.14159265358979
4 C0 303 0 308 0
0

0101000
+1553 0 -1558 0 *
Ed
 1e-07 1 1 0
1  675 0 0 0.015
2  230 303 0 0 0.015
4 G1 303 0 302 0
0

0101000
+1593 0 -1553 0 *
Wi

0101100
+1590 0 +1557 0 -1552 0 -1551 0 *
Fa
0  1e-07 303 0

0111000
+1550 0 *
Ve
1e-07
29.837 8.26 0.015
0 0

0101101
*
Ed
 1e-07 1 1 0
1  676 0 0 0.015
2  231 301 0 0 0.015
4 G1 302 0 301 0
0

0101000
+1595 0 -1548 0 *
Ed
 1e-07 1 1 0
1  677 0 0 0.143999999999998
4 C0 302 0 308 0
0

0101000
+1548 0 -1553 0 *
Wi

0101100
+1547 0 +1546 0 -1551 0 -1592 0 *
Fa
0  1e-07 302 0

0111000
+1545 0 *
Ed
 1e-07 1 1 0
1  678 0 0 1.5707963267949
2  232 301 0 0 1.5707963267949
4 C0 301 0 308 0
0

0101000
+1578 0 -1548 0 *
Wi

0101100
+1594 0 +1547 0 -1543 0 -1576 0 *
Fa
0  1e-07 301 0

0111000
+1542 0 *
Wi

0101100
+1577 0 +1543 0 +1546 0 +1552 0 +1556 0 +1562 0 +1566 0 +1572 0 *
Fa
0  1e-07 308 0

0111000
+1540 0 *
Sh

0101100
-1581 0 -1574 0 +1569 0 -1564 0 +1559 0 -1554 0 +1549 0 -1544 0 +1541 0 +1539 0 
*
So

0100000
+1538 0 *
Ve
1e-07
29.885 8.488 0
0 0

0101101
*
Ve
1e-07
29.885 8.632 0
0 0

0101101
*
Ed
 1e-07 1 1 0
1  679 0 0 0.144
4 C0 309 0 310 0
0

0101000
+1536 0 -1535 0 *
Ve
1e-07
29.837 8.68 0
0 0

0101101
*
Ed
 1e-07 1 1 0
1  680 0 0 1.5707963267949
2  233 311 0 0 1.5707963267949
4 C0 309 0 311 0
0

0101000
+1535 0 -1533 0 *
Ve
1e-07
29.693 8.68 0
0 0

0101101
*
Ed
 1e-07 1 1 0
1  681 0 0 0.143999999999998
4 C0 309 0 312 0
0

0101000
+1533 0 -1531 0 *
Ve
1e-07
29.645 8.632 0
0 0

0101101
*
Ed
 1e-07 1 1 0
1  682 0 1.5707963267949 3.14159265358979
2  234 313 0 1.5707963267949 3.14159265358979
4 C0 309 0 313 0
0

0101000
+1531 0 -1529 0 *
Ve
1e-07
29.645 8.488 0
0 0

0101101
*
Ed
 1e-07 1 1 0
1  683 0 0 0.144
4 C0 309 0 314 0
0

0101000
+1529 0 -1527 0 *
Ve
1e-07
29.693 8.44 0
0 0

0101101
*
Ed
 1e-07 1 1 0
1  684 0 3.14159265358979 4.71238898038469
2  235 315 0 3.14159265358979 4.71238898038469
4 C0 309 0 315 0
0

0101000
+1527 0 -1525 0 *
Ve
1e-07
29.837 8.44 0
0 0

0101101
*
Ed
 1e-07 1 1 0
1  685 0 0 0.143999999999998
4 C0 309 0 316 0
0

0101000
+1525 0 -1523 0 *
Ed
 1e-07 1 1 0
1  686 0 4.71238898038469 6.28318530717959
2  236 317 0 4.71238898038469 6.28318530717959
4 C0 309 0 317 0
0

0101000
+1523 0 -1536 0 *
Wi

0101100
+1534 0 +1532 0 +1530 0 +1528 0 +1526 0 +1524 0 +1522 0 +1521 0 *
Fa
0  1e-07 309 0

0111000
+1520 0 *
Ve
1e-07
29.885 8.488 0.015
0 0

0101101
*
Ed
 1e-07 1 1 0
1  687 0 0 0.015
2  237 317 0 0 0.015
4 G1 310 0 317 0
0

0101000
+1536 0 -1518 0 *
Ve
1e-07
29.885 8.632 0.015
0 0

0101101
*
Ed
 1e-07 1 1 0
1  688 0 0 0.144
4 C0 310 0 318 0
0

0101000
+1518 0 -1516 0 *
Ed
 1e-07 1 1 0
1  689 0 0 0.015
2  238 311 0 0 0.015
4 G1 310 0 311 0
0

0101000
+1535 0 -1516 0 *
Wi

0101100
+1517 0 +1515 0 -1514 0 -1534 0 *
Fa
0  1e-07 310 0

0111000
+1513 0 *
Ve
1e-07
29.837 8.44 0.015
0 0

0101101
*
Ed
 1e-07 1 1 0
1  690 0 4.71238898038469 6.28318530717959
2  239 317 0 4.71238898038469 6.28318530717959
4 C0 317 0 318 0
0

0101000
+1511 0 -1518 0 *
Ed
 1e-07 1 1 0
1  691 0 0 0.015
2  240 317 0 0 0.015
4 G1 317 0 316 0
0

0101000
+1523 0 -1511 0 *
Wi

0101100
+1521 0 +1517 0 -1510 0 -1509 0 *
Fa
0  1e-07 317 0

0111000
+1508 0 *
Ve
1e-07
29.693 8.44 0.015
0 0

0101101
*
Ed
 1e-07 1 1 0
1  692 0 0 0.015
2  241 315 0 0 0.015
4 G1 316 0 315 0
0

0101000
+1525 0 -1506 0 *
Ed
 1e-07 1 1 0
1  693 0 0 0.143999999999998
4 C0 316 0 318 0
0

0101000
+1506 0 -1511 0 *
Wi

0101100
+1505 0 +1504 0 -1509 0 -1522 0 *
Fa
0  1e-07 316 0

0111000
+1503 0 *
Ve
1e-07
29.645 8.488 0.015
0 0

0101101
*
Ed
 1e-07 1 1 0
1  694 0 3.14159265358979 4.71238898038469
2  242 315 0 3.14159265358979 4.71238898038469
4 C0 315 0 318 0
0

0101000
+1501 0 -1506 0 *
Ed
 1e-07 1 1 0
1  695 0 0 0.015
2  243 315 0 0 0.015
4 G1 315 0 314 0
0

0101000
+1527 0 -1501 0 *
Wi

0101100
+1524 0 +1505 0 -1500 0 -1499 0 *
Fa
0  1e-07 315 0

0111000
+1498 0 *
Ve
1e-07
29.645 8.632 0.015
0 0

0101101
*
Ed
 1e-07 1 1 0
1  696 0 0 0.015
2  244 313 0 0 0.015
4 G1 314 0 313 0
0

0101000
+1529 0 -1496 0 *
Ed
 1e-07 1 1 0
1  697 0 0 0.144
4 C0 314 0 318 0
0

0101000
+1496 0 -1501 0 *
Wi

0101100
+1495 0 +1494 0 -1499 0 -1526 0 *
Fa
0  1e-07 314 0

0111000
+1493 0 *
Ve
1e-07
29.693 8.68 0.015
0 0

0101101
*
Ed
 1e-07 1 1 0
1  698 0 1.5707963267949 3.14159265358979
2  245 313 0 1.5707963267949 3.14159265358979
4 C0 313 0 318 0
0

0101000
+1491 0 -1496 0 *
Ed
 1e-07 1 1 0
1  699 0 0 0.015
2  246 313 0 0 0.015
4 G1 313 0 312 0
0

0101000
+1531 0 -1491 0 *
Wi

0101100
+1528 0 +1495 0 -1490 0 -1489 0 *
Fa
0  1e-07 313 0

0111000
+1488 0 *
Ve
1e-07
29.837 8.68 0.015
0 0

0101101
*
Ed
 1e-07 1 1 0
1  700 0 0 0.015
2  247 311 0 0 0.015
4 G1 312 0 311 0
0

0101000
+1533 0 -1486 0 *
Ed
 1e-07 1 1 0
1  701 0 0 0.143999999999998
4 C0 312 0 318 0
0

0101000
+1486 0 -1491 0 *
Wi

0101100
+1485 0 +1484 0 -1489 0 -1530 0 *
Fa
0  1e-07 312 0

0111000
+1483 0 *
Ed
 1e-07 1 1 0
1  702 0 0 1.5707963267949
2  248 311 0 0 1.5707963267949
4 C0 311 0 318 0
0

0101000
+1516 0 -1486 0 *
Wi

0101100
+1532 0 +1485 0 -1481 0 -1514 0 *
Fa
0  1e-07 311 0

0111000
+1480 0 *
Wi

0101100
+1515 0 +1481 0 +1484 0 +1490 0 +1494 0 +1500 0 +1504 0 +1510 0 *
Fa
0  1e-07 318 0

0111000
+1478 0 *
Sh

0101100
-1519 0 -1512 0 +1507 0 -1502 0 +1497 0 -1492 0 +1487 0 -1482 0 +1479 0 +1477 0 
*
So

0100000
+1476 0 *
Ve
1e-07
28.36 8.823 0
0 0

0101101
*
Ve
1e-07
28.36 8.967 0
0 0

0101101
*
Ed
 1e-07 1 1 0
1  703 0 0 0.144
4 C0 319 0 320 0
0

0101000
+1474 0 -1473 0 *
Ve
1e-07
28.312 9.015 0
0 0

0101101
*
Ed
 1e-07 1 1 0
1  704 0 0 1.5707963267949
2  249 321 0 0 1.5707963267949
4 C0 319 0 321 0
0

0101000
+1473 0 -1471 0 *
Ve
1e-07
28.168 9.015 0
0 0

0101101
*
Ed
 1e-07 1 1 0
1  705 0 0 0.144000000000002
4 C0 319 0 322 0
0

0101000
+1471 0 -1469 0 *
Ve
1e-07
28.12 8.967 0
0 0

0101101
*
Ed
 1e-07 1 1 0
1  706 0 1.5707963267949 3.14159265358979
2  250 323 0 1.5707963267949 3.14159265358979
4 C0 319 0 323 0
0

0101000
+1469 0 -1467 0 *
Ve
1e-07
28.12 8.823 0
0 0

0101101
*
Ed
 1e-07 1 1 0
1  707 0 0 0.144
4 C0 319 0 324 0
0

0101000
+1467 0 -1465 0 *
Ve
1e-07
28.168 8.775 0
0 0

0101101
*
Ed
 1e-07 1 1 0
1  708 0 3.14159265358979 4.71238898038469
2  251 325 0 3.14159265358979 4.71238898038469
4 C0 319 0 325 0
0

0101000
+1465 0 -1463 0 *
Ve
1e-07
28.312 8.775 0
0 0

0101101
*
Ed
 1e-07 1 1 0
1  709 0 0 0.144000000000002
4 C0 319 0 326 0
0

0101000
+1463 0 -1461 0 *
Ed
 1e-07 1 1 0
1  710 0 4.71238898038469 6.28318530717959
2  252 327 0 4.71238898038469 6.28318530717959
4 C0 319 0 327 0
0

0101000
+1461 0 -1474 0 *
Wi

0101100
+1472 0 +1470 0 +1468 0 +1466 0 +1464 0 +1462 0 +1460 0 +1459 0 *
Fa
0  1e-07 319 0

0111000
+1458 0 *
Ve
1e-07
28.36 8.823 0.015
0 0

0101101
*
Ed
 1e-07 1 1 0
1  711 0 0 0.015
2  253 327 0 0 0.015
4 G1 320 0 327 0
0

0101000
+1474 0 -1456 0 *
Ve
1e-07
28.36 8.967 0.015
0 0

0101101
*
Ed
 1e-07 1 1 0
1  712 0 0 0.144
4 C0 320 0 328 0
0

0101000
+1456 0 -1454 0 *
Ed
 1e-07 1 1 0
1  713 0 0 0.015
2  254 321 0 0 0.015
4 G1 320 0 321 0
0

0101000
+1473 0 -1454 0 *
Wi

0101100
+1455 0 +1453 0 -1452 0 -1472 0 *
Fa
0  1e-07 320 0

0111000
+1451 0 *
Ve
1e-07
28.312 8.775 0.015
0 0

0101101
*
Ed
 1e-07 1 1 0
1  714 0 4.71238898038469 6.28318530717959
2  255 327 0 4.71238898038469 6.28318530717959
4 C0 327 0 328 0
0

0101000
+1449 0 -1456 0 *
Ed
 1e-07 1 1 0
1  715 0 0 0.015
2  256 327 0 0 0.015
4 G1 327 0 326 0
0

0101000
+1461 0 -1449 0 *
Wi

0101100
+1459 0 +1455 0 -1448 0 -1447 0 *
Fa
0  1e-07 327 0

0111000
+1446 0 *
Ve
1e-07
28.168 8.775 0.015
0 0

0101101
*
Ed
 1e-07 1 1 0
1  716 0 0 0.015
2  257 325 0 0 0.015
4 G1 326 0 325 0
0

0101000
+1463 0 -1444 0 *
Ed
 1e-07 1 1 0
1  717 0 0 0.144000000000002
4 C0 326 0 328 0
0

0101000
+1444 0 -1449 0 *
Wi

0101100
+1443 0 +1442 0 -1447 0 -1460 0 *
Fa
0  1e-07 326 0

0111000
+1441 0 *
Ve
1e-07
28.12 8.823 0.015
0 0

0101101
*
Ed
 1e-07 1 1 0
1  718 0 3.14159265358979 4.71238898038469
2  258 325 0 3.14159265358979 4.71238898038469
4 C0 325 0 328 0
0

0101000
+1439 0 -1444 0 *
Ed
 1e-07 1 1 0
1  719 0 0 0.015
2  259 325 0 0 0.015
4 G1 325 0 324 0
0

0101000
+1465 0 -1439 0 *
Wi

0101100
+1462 0 +1443 0 -1438 0 -1437 0 *
Fa
0  1e-07 325 0

0111000
+1436 0 *
Ve
1e-07
28.12 8.967 0.015
0 0

0101101
*
Ed
 1e-07 1 1 0
1  720 0 0 0.015
2  260 323 0 0 0.015
4 G1 324 0 323 0
0

0101000
+1467 0 -1434 0 *
Ed
 1e-07 1 1 0
1  721 0 0 0.144
4 C0 324 0 328 0
0

0101000
+1434 0 -1439 0 *
Wi

0101100
+1433 0 +1432 0 -1437 0 -1464 0 *
Fa
0  1e-07 324 0

0111000
+1431 0 *
Ve
1e-07
28.168 9.015 0.015
0 0

0101101
*
Ed
 1e-07 1 1 0
1  722 0 1.5707963267949 3.14159265358979
2  261 323 0 1.5707963267949 3.14159265358979
4 C0 323 0 328 0
0

0101000
+1429 0 -1434 0 *
Ed
 1e-07 1 1 0
1  723 0 0 0.015
2  262 323 0 0 0.015
4 G1 323 0 322 0
0

0101000
+1469 0 -1429 0 *
Wi

0101100
+1466 0 +1433 0 -1428 0 -1427 0 *
Fa
0  1e-07 323 0

0111000
+1426 0 *
Ve
1e-07
28.312 9.015 0.015
0 0

0101101
*
Ed
 1e-07 1 1 0
1  724 0 0 0.015
2  263 321 0 0 0.015
4 G1 322 0 321 0
0

0101000
+1471 0 -1424 0 *
Ed
 1e-07 1 1 0
1  725 0 0 0.144000000000002
4 C0 322 0 328 0
0

0101000
+1424 0 -1429 0 *
Wi

0101100
+1423 0 +1422 0 -1427 0 -1468 0 *
Fa
0  1e-07 322 0

0111000
+1421 0 *
Ed
 1e-07 1 1 0
1  726 0 0 1.5707963267949
2  264 321 0 0 1.5707963267949
4 C0 321 0 328 0
0

0101000
+1454 0 -1424 0 *
Wi

0101100
+1470 0 +1423 0 -1419 0 -1452 0 *
Fa
0  1e-07 321 0

0111000
+1418 0 *
Wi

0101100
+1453 0 +1419 0 +1422 0 +1428 0 +1432 0 +1438 0 +1442 0 +1448 0 *
Fa
0  1e-07 328 0

0111000
+1416 0 *
Sh

0101100
-1457 0 -1450 0 +1445 0 -1440 0 +1435 0 -1430 0 +1425 0 -1420 0 +1417 0 +1415 0 
*
So

0100000
+1414 0 *
Ve
1e-07
28.78 8.823 0
0 0

0101101
*
Ve
1e-07
28.78 8.967 0
0 0

0101101
*
Ed
 1e-07 1 1 0
1  727 0 0 0.144
4 C0 329 0 330 0
0

0101000
+1412 0 -1411 0 *
Ve
1e-07
28.732 9.015 0
0 0

0101101
*
Ed
 1e-07 1 1 0
1  728 0 0 1.5707963267949
2  265 331 0 0 1.5707963267949
4 C0 329 0 331 0
0

0101000
+1411 0 -1409 0 *
Ve
1e-07
28.588 9.015 0
0 0

0101101
*
Ed
 1e-07 1 1 0
1  729 0 0 0.143999999999998
4 C0 329 0 332 0
0

0101000
+1409 0 -1407 0 *
Ve
1e-07
28.54 8.967 0
0 0

0101101
*
Ed
 1e-07 1 1 0
1  730 0 1.5707963267949 3.14159265358979
2  266 333 0 1.5707963267949 3.14159265358979
4 C0 329 0 333 0
0

0101000
+1407 0 -1405 0 *
Ve
1e-07
28.54 8.823 0
0 0

0101101
*
Ed
 1e-07 1 1 0
1  731 0 0 0.144
4 C0 329 0 334 0
0

0101000
+1405 0 -1403 0 *
Ve
1e-07
28.588 8.775 0
0 0

0101101
*
Ed
 1e-07 1 1 0
1  732 0 3.14159265358979 4.71238898038469
2  267 335 0 3.14159265358979 4.71238898038469
4 C0 329 0 335 0
0

0101000
+1403 0 -1401 0 *
Ve
1e-07
28.732 8.775 0
0 0

0101101
*
Ed
 1e-07 1 1 0
1  733 0 0 0.143999999999998
4 C0 329 0 336 0
0

0101000
+1401 0 -1399 0 *
Ed
 1e-07 1 1 0
1  734 0 4.71238898038469 6.28318530717959
2  268 337 0 4.71238898038469 6.28318530717959
4 C0 329 0 337 0
0

0101000
+1399 0 -1412 0 *
Wi

0101100
+1410 0 +1408 0 +1406 0 +1404 0 +1402 0 +1400 0 +1398 0 +1397 0 *
Fa
0  1e-07 329 0

0111000
+1396 0 *
Ve
1e-07
28.78 8.823 0.015
0 0

0101101
*
Ed
 1e-07 1 1 0
1  735 0 0 0.015
2  269 337 0 0 0.015
4 G1 330 0 337 0
0

0101000
+1412 0 -1394 0 *
Ve
1e-07
28.78 8.967 0.015
0 0

0101101
*
Ed
 1e-07 1 1 0
1  736 0 0 0.144
4 C0 330 0 338 0
0

0101000
+1394 0 -1392 0 *
Ed
 1e-07 1 1 0
1  737 0 0 0.015
2  270 331 0 0 0.015
4 G1 330 0 331 0
0

0101000
+1411 0 -1392 0 *
Wi

0101100
+1393 0 +1391 0 -1390 0 -1410 0 *
Fa
0  1e-07 330 0

0111000
+1389 0 *
Ve
1e-07
28.732 8.775 0.015
0 0

0101101
*
Ed
 1e-07 1 1 0
1  738 0 4.71238898038469 6.28318530717959
2  271 337 0 4.71238898038469 6.28318530717959
4 C0 337 0 338 0
0

0101000
+1387 0 -1394 0 *
Ed
 1e-07 1 1 0
1  739 0 0 0.015
2  272 337 0 0 0.015
4 G1 337 0 336 0
0

0101000
+1399 0 -1387 0 *
Wi

0101100
+1397 0 +1393 0 -1386 0 -1385 0 *
Fa
0  1e-07 337 0

0111000
+1384 0 *
Ve
1e-07
28.588 8.775 0.015
0 0

0101101
*
Ed
 1e-07 1 1 0
1  740 0 0 0.015
2  273 335 0 0 0.015
4 G1 336 0 335 0
0

0101000
+1401 0 -1382 0 *
Ed
 1e-07 1 1 0
1  741 0 0 0.143999999999998
4 C0 336 0 338 0
0

0101000
+1382 0 -1387 0 *
Wi

0101100
+1381 0 +1380 0 -1385 0 -1398 0 *
Fa
0  1e-07 336 0

0111000
+1379 0 *
Ve
1e-07
28.54 8.823 0.015
0 0

0101101
*
Ed
 1e-07 1 1 0
1  742 0 3.14159265358979 4.71238898038469
2  274 335 0 3.14159265358979 4.71238898038469
4 C0 335 0 338 0
0

0101000
+1377 0 -1382 0 *
Ed
 1e-07 1 1 0
1  743 0 0 0.015
2  275 335 0 0 0.015
4 G1 335 0 334 0
0

0101000
+1403 0 -1377 0 *
Wi

0101100
+1400 0 +1381 0 -1376 0 -1375 0 *
Fa
0  1e-07 335 0

0111000
+1374 0 *
Ve
1e-07
28.54 8.967 0.015
0 0

0101101
*
Ed
 1e-07 1 1 0
1  744 0 0 0.015
2  276 333 0 0 0.015
4 G1 334 0 333 0
0

0101000
+1405 0 -1372 0 *
Ed
 1e-07 1 1 0
1  745 0 0 0.144
4 C0 334 0 338 0
0

0101000
+1372 0 -1377 0 *
Wi

0101100
+1371 0 +1370 0 -1375 0 -1402 0 *
Fa
0  1e-07 334 0

0111000
+1369 0 *
Ve
1e-07
28.588 9.015 0.015
0 0

0101101
*
Ed
 1e-07 1 1 0
1  746 0 1.5707963267949 3.14159265358979
2  277 333 0 1.5707963267949 3.14159265358979
4 C0 333 0 338 0
0

0101000
+1367 0 -1372 0 *
Ed
 1e-07 1 1 0
1  747 0 0 0.015
2  278 333 0 0 0.015
4 G1 333 0 332 0
0

0101000
+1407 0 -1367 0 *
Wi

0101100
+1404 0 +1371 0 -1366 0 -1365 0 *
Fa
0  1e-07 333 0

0111000
+1364 0 *
Ve
1e-07
28.732 9.015 0.015
0 0

0101101
*
Ed
 1e-07 1 1 0
1  748 0 0 0.015
2  279 331 0 0 0.015
4 G1 332 0 331 0
0

0101000
+1409 0 -1362 0 *
Ed
 1e-07 1 1 0
1  749 0 0 0.143999999999998
4 C0 332 0 338 0
0

0101000
+1362 0 -1367 0 *
Wi

0101100
+1361 0 +1360 0 -1365 0 -1406 0 *
Fa
0  1e-07 332 0

0111000
+1359 0 *
Ed
 1e-07 1 1 0
1  750 0 0 1.5707963267949
2  280 331 0 0 1.5707963267949
4 C0 331 0 338 0
0

0101000
+1392 0 -1362 0 *
Wi

0101100
+1408 0 +1361 0 -1357 0 -1390 0 *
Fa
0  1e-07 331 0

0111000
+1356 0 *
Wi

0101100
+1391 0 +1357 0 +1360 0 +1366 0 +1370 0 +1376 0 +1380 0 +1386 0 *
Fa
0  1e-07 338 0

0111000
+1354 0 *
Sh

0101100
-1395 0 -1388 0 +1383 0 -1378 0 +1373 0 -1368 0 +1363 0 -1358 0 +1355 0 +1353 0 
*
So

0100000
+1352 0 *
Ve
1e-07
28.5 9.685 0
0 0

0101101
*
Ve
1e-07
28.5 9.46 0
0 0

0101101
*
Ed
 1e-07 1 1 0
1  751 0 0 0.225
4 C0 339 0 340 0
0

0101000
+1350 0 -1349 0 *
Ve
1e-07
28.68 9.46 0
0 0

0101101
*
Ed
 1e-07 1 1 0
1  752 0 0 0.18
4 C0 339 0 341 0
0

0101000
+1349 0 -1347 0 *
Ve
1e-07
28.68 9.685 0
0 0

0101101
*
Ed
 1e-07 1 1 0
1  753 0 0 0.225
4 C0 339 0 342 0
0

0101000
+1347 0 -1345 0 *
Ed
 1e-07 1 1 0
1  754 0 0 0.18
4 C0 339 0 343 0
0

0101000
+1345 0 -1350 0 *
Wi

0101100
+1348 0 +1346 0 +1344 0 +1343 0 *
Fa
0  1e-07 339 0

0111000
+1342 0 *
Ve
1e-07
28.5 9.685 0.015
0 0

0101101
*
Ed
 1e-07 1 1 0
1  755 0 0 0.015
4 C0 340 0 343 0
0

0101000
+1350 0 -1340 0 *
Ve
1e-07
28.5 9.46 0.015
0 0

0101101
*
Ed
 1e-07 1 1 0
1  756 0 0 0.225
4 C0 340 0 344 0
0

0101000
+1340 0 -1338 0 *
Ed
 1e-07 1 1 0
1  757 0 0 0.015
4 C0 340 0 341 0
0

0101000
+1349 0 -1338 0 *
Wi

0101100
+1339 0 +1337 0 -1336 0 -1348 0 *
Fa
0  1e-07 340 0

0111000
+1335 0 *
Ve
1e-07
28.68 9.685 0.015
0 0

0101101
*
Ed
 1e-07 1 1 0
1  758 0 0 0.015
4 C0 343 0 342 0
0

0101000
+1345 0 -1333 0 *
Ed
 1e-07 1 1 0
1  759 0 0 0.18
4 C0 343 0 344 0
0

0101000
+1333 0 -1340 0 *
Wi

0101100
+1332 0 +1331 0 -1339 0 -1343 0 *
Fa
0  1e-07 343 0

0111000
+1330 0 *
Ve
1e-07
28.68 9.46 0.015
0 0

0101101
*
Ed
 1e-07 1 1 0
1  760 0 0 0.015
4 C0 342 0 341 0
0

0101000
+1347 0 -1328 0 *
Ed
 1e-07 1 1 0
1  761 0 0 0.225
4 C0 342 0 344 0
0

0101000
+1328 0 -1333 0 *
Wi

0101100
+1327 0 +1326 0 -1332 0 -1344 0 *
Fa
0  1e-07 342 0

0111000
+1325 0 *
Ed
 1e-07 1 1 0
1  762 0 0 0.18
4 C0 341 0 344 0
0

0101000
+1338 0 -1328 0 *
Wi

0101100
+1336 0 +1323 0 -1327 0 -1346 0 *
Fa
0  1e-07 341 0

0111000
+1322 0 *
Wi

0101100
+1337 0 +1323 0 +1326 0 +1331 0 *
Fa
0  1e-07 344 0

0111000
+1320 0 *
Sh

0101100
-1341 0 -1334 0 -1329 0 -1324 0 -1321 0 +1319 0 *
So

0100000
+1318 0 *
Ve
1e-07
29.485 8.923 0
0 0

0101101
*
Ve
1e-07
29.485 9.067 0
0 0

0101101
*
Ed
 1e-07 1 1 0
1  763 0 0 0.144
4 C0 345 0 346 0
0

0101000
+1316 0 -1315 0 *
Ve
1e-07
29.437 9.115 0
0 0

0101101
*
Ed
 1e-07 1 1 0
1  764 0 0 1.5707963267949
2  281 347 0 0 1.5707963267949
4 C0 345 0 347 0
0

0101000
+1315 0 -1313 0 *
Ve
1e-07
29.293 9.115 0
0 0

0101101
*
Ed
 1e-07 1 1 0
1  765 0 0 0.144000000000002
4 C0 345 0 348 0
0

0101000
+1313 0 -1311 0 *
Ve
1e-07
29.245 9.067 0
0 0

0101101
*
Ed
 1e-07 1 1 0
1  766 0 1.5707963267949 3.14159265358979
2  282 349 0 1.5707963267949 3.14159265358979
4 C0 345 0 349 0
0

0101000
+1311 0 -1309 0 *
Ve
1e-07
29.245 8.923 0
0 0

0101101
*
Ed
 1e-07 1 1 0
1  767 0 0 0.144
4 C0 345 0 350 0
0

0101000
+1309 0 -1307 0 *
Ve
1e-07
29.293 8.875 0
0 0

0101101
*
Ed
 1e-07 1 1 0
1  768 0 3.14159265358979 4.71238898038469
2  283 351 0 3.14159265358979 4.71238898038469
4 C0 345 0 351 0
0

0101000
+1307 0 -1305 0 *
Ve
1e-07
29.437 8.875 0
0 0

0101101
*
Ed
 1e-07 1 1 0
1  769 0 0 0.144000000000002
4 C0 345 0 352 0
0

0101000
+1305 0 -1303 0 *
Ed
 1e-07 1 1 0
1  770 0 4.71238898038469 6.28318530717959
2  284 353 0 4.71238898038469 6.28318530717959
4 C0 345 0 353 0
0

0101000
+1303 0 -1316 0 *
Wi

0101100
+1314 0 +1312 0 +1310 0 +1308 0 +1306 0 +1304 0 +1302 0 +1301 0 *
Fa
0  1e-07 345 0

0111000
+1300 0 *
Ve
1e-07
29.485 8.923 0.015
0 0

0101101
*
Ed
 1e-07 1 1 0
1  771 0 0 0.015
2  285 353 0 0 0.015
4 G1 346 0 353 0
0

0101000
+1316 0 -1298 0 *
Ve
1e-07
29.485 9.067 0.015
0 0

0101101
*
Ed
 1e-07 1 1 0
1  772 0 0 0.144
4 C0 346 0 354 0
0

0101000
+1298 0 -1296 0 *
Ed
 1e-07 1 1 0
1  773 0 0 0.015
2  286 347 0 0 0.015
4 G1 346 0 347 0
0

0101000
+1315 0 -1296 0 *
Wi

0101100
+1297 0 +1295 0 -1294 0 -1314 0 *
Fa
0  1e-07 346 0

0111000
+1293 0 *
Ve
1e-07
29.437 8.875 0.015
0 0

0101101
*
Ed
 1e-07 1 1 0
1  774 0 4.71238898038469 6.28318530717959
2  287 353 0 4.71238898038469 6.28318530717959
4 C0 353 0 354 0
0

0101000
+1291 0 -1298 0 *
Ed
 1e-07 1 1 0
1  775 0 0 0.015
2  288 353 0 0 0.015
4 G1 353 0 352 0
0

0101000
+1303 0 -1291 0 *
Wi

0101100
+1301 0 +1297 0 -1290 0 -1289 0 *
Fa
0  1e-07 353 0

0111000
+1288 0 *
Ve
1e-07
29.293 8.875 0.015
0 0

0101101
*
Ed
 1e-07 1 1 0
1  776 0 0 0.015
2  289 351 0 0 0.015
4 G1 352 0 351 0
0

0101000
+1305 0 -1286 0 *
Ed
 1e-07 1 1 0
1  777 0 0 0.144000000000002
4 C0 352 0 354 0
0

0101000
+1286 0 -1291 0 *
Wi

0101100
+1285 0 +1284 0 -1289 0 -1302 0 *
Fa
0  1e-07 352 0

0111000
+1283 0 *
Ve
1e-07
29.245 8.923 0.015
0 0

0101101
*
Ed
 1e-07 1 1 0
1  778 0 3.14159265358979 4.71238898038469
2  290 351 0 3.14159265358979 4.71238898038469
4 C0 351 0 354 0
0

0101000
+1281 0 -1286 0 *
Ed
 1e-07 1 1 0
1  779 0 0 0.015
2  291 351 0 0 0.015
4 G1 351 0 350 0
0

0101000
+1307 0 -1281 0 *
Wi

0101100
+1304 0 +1285 0 -1280 0 -1279 0 *
Fa
0  1e-07 351 0

0111000
+1278 0 *
Ve
1e-07
29.245 9.067 0.015
0 0

0101101
*
Ed
 1e-07 1 1 0
1  780 0 0 0.015
2  292 349 0 0 0.015
4 G1 350 0 349 0
0

0101000
+1309 0 -1276 0 *
Ed
 1e-07 1 1 0
1  781 0 0 0.144
4 C0 350 0 354 0
0

0101000
+1276 0 -1281 0 *
Wi

0101100
+1275 0 +1274 0 -1279 0 -1306 0 *
Fa
0  1e-07 350 0

0111000
+1273 0 *
Ve
1e-07
29.293 9.115 0.015
0 0

0101101
*
Ed
 1e-07 1 1 0
1  782 0 1.5707963267949 3.14159265358979
2  293 349 0 1.5707963267949 3.14159265358979
4 C0 349 0 354 0
0

0101000
+1271 0 -1276 0 *
Ed
 1e-07 1 1 0
1  783 0 0 0.015
2  294 349 0 0 0.015
4 G1 349 0 348 0
0

0101000
+1311 0 -1271 0 *
Wi

0101100
+1308 0 +1275 0 -1270 0 -1269 0 *
Fa
0  1e-07 349 0

0111000
+1268 0 *
Ve
1e-07
29.437 9.115 0.015
0 0

0101101
*
Ed
 1e-07 1 1 0
1  784 0 0 0.015
2  295 347 0 0 0.015
4 G1 348 0 347 0
0

0101000
+1313 0 -1266 0 *
Ed
 1e-07 1 1 0
1  785 0 0 0.144000000000002
4 C0 348 0 354 0
0

0101000
+1266 0 -1271 0 *
Wi

0101100
+1265 0 +1264 0 -1269 0 -1310 0 *
Fa
0  1e-07 348 0

0111000
+1263 0 *
Ed
 1e-07 1 1 0
1  786 0 0 1.5707963267949
2  296 347 0 0 1.5707963267949
4 C0 347 0 354 0
0

0101000
+1296 0 -1266 0 *
Wi

0101100
+1312 0 +1265 0 -1261 0 -1294 0 *
Fa
0  1e-07 347 0

0111000
+1260 0 *
Wi

0101100
+1295 0 +1261 0 +1264 0 +1270 0 +1274 0 +1280 0 +1284 0 +1290 0 *
Fa
0  1e-07 354 0

0111000
+1258 0 *
Sh

0101100
-1299 0 -1292 0 +1287 0 -1282 0 +1277 0 -1272 0 +1267 0 -1262 0 +1259 0 +1257 0 
*
So

0100000
+1256 0 *
Ve
1e-07
29.905 8.923 0
0 0

0101101
*
Ve
1e-07
29.905 9.067 0
0 0

0101101
*
Ed
 1e-07 1 1 0
1  787 0 0 0.144
4 C0 355 0 356 0
0

0101000
+1254 0 -1253 0 *
Ve
1e-07
29.857 9.115 0
0 0

0101101
*
Ed
 1e-07 1 1 0
1  788 0 0 1.5707963267949
2  297 357 0 0 1.5707963267949
4 C0 355 0 357 0
0

0101000
+1253 0 -1251 0 *
Ve
1e-07
29.713 9.115 0
0 0

0101101
*
Ed
 1e-07 1 1 0
1  789 0 0 0.143999999999998
4 C0 355 0 358 0
0

0101000
+1251 0 -1249 0 *
Ve
1e-07
29.665 9.067 0
0 0

0101101
*
Ed
 1e-07 1 1 0
1  790 0 1.5707963267949 3.14159265358979
2  298 359 0 1.5707963267949 3.14159265358979
4 C0 355 0 359 0
0

0101000
+1249 0 -1247 0 *
Ve
1e-07
29.665 8.923 0
0 0

0101101
*
Ed
 1e-07 1 1 0
1  791 0 0 0.144
4 C0 355 0 360 0
0

0101000
+1247 0 -1245 0 *
Ve
1e-07
29.713 8.875 0
0 0

0101101
*
Ed
 1e-07 1 1 0
1  792 0 3.14159265358979 4.71238898038469
2  299 361 0 3.14159265358979 4.71238898038469
4 C0 355 0 361 0
0

0101000
+1245 0 -1243 0 *
Ve
1e-07
29.857 8.875 0
0 0

0101101
*
Ed
 1e-07 1 1 0
1  793 0 0 0.143999999999998
4 C0 355 0 362 0
0

0101000
+1243 0 -1241 0 *
Ed
 1e-07 1 1 0
1  794 0 4.71238898038469 6.28318530717959
2  300 363 0 4.71238898038469 6.28318530717959
4 C0 355 0 363 0
0

0101000
+1241 0 -1254 0 *
Wi

0101100
+1252 0 +1250 0 +1248 0 +1246 0 +1244 0 +1242 0 +1240 0 +1239 0 *
Fa
0  1e-07 355 0

0111000
+1238 0 *
Ve
1e-07
29.905 8.923 0.015
0 0

0101101
*
Ed
 1e-07 1 1 0
1  795 0 0 0.015
2  301 363 0 0 0.015
4 G1 356 0 363 0
0

0101000
+1254 0 -1236 0 *
Ve
1e-07
29.905 9.067 0.015
0 0

0101101
*
Ed
 1e-07 1 1 0
1  796 0 0 0.144
4 C0 356 0 364 0
0

0101000
+1236 0 -1234 0 *
Ed
 1e-07 1 1 0
1  797 0 0 0.015
2  302 357 0 0 0.015
4 G1 356 0 357 0
0

0101000
+1253 0 -1234 0 *
Wi

0101100
+1235 0 +1233 0 -1232 0 -1252 0 *
Fa
0  1e-07 356 0

0111000
+1231 0 *
Ve
1e-07
29.857 8.875 0.015
0 0

0101101
*
Ed
 1e-07 1 1 0
1  798 0 4.71238898038469 6.28318530717959
2  303 363 0 4.71238898038469 6.28318530717959
4 C0 363 0 364 0
0

0101000
+1229 0 -1236 0 *
Ed
 1e-07 1 1 0
1  799 0 0 0.015
2  304 363 0 0 0.015
4 G1 363 0 362 0
0

0101000
+1241 0 -1229 0 *
Wi

0101100
+1239 0 +1235 0 -1228 0 -1227 0 *
Fa
0  1e-07 363 0

0111000
+1226 0 *
Ve
1e-07
29.713 8.875 0.015
0 0

0101101
*
Ed
 1e-07 1 1 0
1  800 0 0 0.015
2  305 361 0 0 0.015
4 G1 362 0 361 0
0

0101000
+1243 0 -1224 0 *
Ed
 1e-07 1 1 0
1  801 0 0 0.143999999999998
4 C0 362 0 364 0
0

0101000
+1224 0 -1229 0 *
Wi

0101100
+1223 0 +1222 0 -1227 0 -1240 0 *
Fa
0  1e-07 362 0

0111000
+1221 0 *
Ve
1e-07
29.665 8.923 0.015
0 0

0101101
*
Ed
 1e-07 1 1 0
1  802 0 3.14159265358979 4.71238898038469
2  306 361 0 3.14159265358979 4.71238898038469
4 C0 361 0 364 0
0

0101000
+1219 0 -1224 0 *
Ed
 1e-07 1 1 0
1  803 0 0 0.015
2  307 361 0 0 0.015
4 G1 361 0 360 0
0

0101000
+1245 0 -1219 0 *
Wi

0101100
+1242 0 +1223 0 -1218 0 -1217 0 *
Fa
0  1e-07 361 0

0111000
+1216 0 *
Ve
1e-07
29.665 9.067 0.015
0 0

0101101
*
Ed
 1e-07 1 1 0
1  804 0 0 0.015
2  308 359 0 0 0.015
4 G1 360 0 359 0
0

0101000
+1247 0 -1214 0 *
Ed
 1e-07 1 1 0
1  805 0 0 0.144
4 C0 360 0 364 0
0

0101000
+1214 0 -1219 0 *
Wi

0101100
+1213 0 +1212 0 -1217 0 -1244 0 *
Fa
0  1e-07 360 0

0111000
+1211 0 *
Ve
1e-07
29.713 9.115 0.015
0 0

0101101
*
Ed
 1e-07 1 1 0
1  806 0 1.5707963267949 3.14159265358979
2  309 359 0 1.5707963267949 3.14159265358979
4 C0 359 0 364 0
0

0101000
+1209 0 -1214 0 *
Ed
 1e-07 1 1 0
1  807 0 0 0.015
2  310 359 0 0 0.015
4 G1 359 0 358 0
0

0101000
+1249 0 -1209 0 *
Wi

0101100
+1246 0 +1213 0 -1208 0 -1207 0 *
Fa
0  1e-07 359 0

0111000
+1206 0 *
Ve
1e-07
29.857 9.115 0.015
0 0

0101101
*
Ed
 1e-07 1 1 0
1  808 0 0 0.015
2  311 357 0 0 0.015
4 G1 358 0 357 0
0

0101000
+1251 0 -1204 0 *
Ed
 1e-07 1 1 0
1  809 0 0 0.143999999999998
4 C0 358 0 364 0
0

0101000
+1204 0 -1209 0 *
Wi

0101100
+1203 0 +1202 0 -1207 0 -1248 0 *
Fa
0  1e-07 358 0

0111000
+1201 0 *
Ed
 1e-07 1 1 0
1  810 0 0 1.5707963267949
2  312 357 0 0 1.5707963267949
4 C0 357 0 364 0
0

0101000
+1234 0 -1204 0 *
Wi

0101100
+1250 0 +1203 0 -1199 0 -1232 0 *
Fa
0  1e-07 357 0

0111000
+1198 0 *
Wi

0101100
+1233 0 +1199 0 +1202 0 +1208 0 +1212 0 +1218 0 +1222 0 +1228 0 *
Fa
0  1e-07 364 0

0111000
+1196 0 *
Sh

0101100
-1237 0 -1230 0 +1225 0 -1220 0 +1215 0 -1210 0 +1205 0 -1200 0 +1197 0 +1195 0 
*
So

0100000
+1194 0 *
Ve
1e-07
28.88 9.685 0
0 0

0101101
*
Ve
1e-07
28.88 9.46 0
0 0

0101101
*
Ed
 1e-07 1 1 0
1  811 0 0 0.225
4 C0 365 0 366 0
0

0101000
+1192 0 -1191 0 *
Ve
1e-07
29.06 9.46 0
0 0

0101101
*
Ed
 1e-07 1 1 0
1  812 0 0 0.18
4 C0 365 0 367 0
0

0101000
+1191 0 -1189 0 *
Ve
1e-07
29.06 9.685 0
0 0

0101101
*
Ed
 1e-07 1 1 0
1  813 0 0 0.225
4 C0 365 0 368 0
0

0101000
+1189 0 -1187 0 *
Ed
 1e-07 1 1 0
1  814 0 0 0.18
4 C0 365 0 369 0
0

0101000
+1187 0 -1192 0 *
Wi

0101100
+1190 0 +1188 0 +1186 0 +1185 0 *
Fa
0  1e-07 365 0

0111000
+1184 0 *
Ve
1e-07
28.88 9.685 0.015
0 0

0101101
*
Ed
 1e-07 1 1 0
1  815 0 0 0.015
4 C0 366 0 369 0
0

0101000
+1192 0 -1182 0 *
Ve
1e-07
28.88 9.46 0.015
0 0

0101101
*
Ed
 1e-07 1 1 0
1  816 0 0 0.225
4 C0 366 0 370 0
0

0101000
+1182 0 -1180 0 *
Ed
 1e-07 1 1 0
1  817 0 0 0.015
4 C0 366 0 367 0
0

0101000
+1191 0 -1180 0 *
Wi

0101100
+1181 0 +1179 0 -1178 0 -1190 0 *
Fa
0  1e-07 366 0

0111000
+1177 0 *
Ve
1e-07
29.06 9.685 0.015
0 0

0101101
*
Ed
 1e-07 1 1 0
1  818 0 0 0.015
4 C0 369 0 368 0
0

0101000
+1187 0 -1175 0 *
Ed
 1e-07 1 1 0
1  819 0 0 0.18
4 C0 369 0 370 0
0

0101000
+1175 0 -1182 0 *
Wi

0101100
+1174 0 +1173 0 -1181 0 -1185 0 *
Fa
0  1e-07 369 0

0111000
+1172 0 *
Ve
1e-07
29.06 9.46 0.015
0 0

0101101
*
Ed
 1e-07 1 1 0
1  820 0 0 0.015
4 C0 368 0 367 0
0

0101000
+1189 0 -1170 0 *
Ed
 1e-07 1 1 0
1  821 0 0 0.225
4 C0 368 0 370 0
0

0101000
+1170 0 -1175 0 *
Wi

0101100
+1169 0 +1168 0 -1174 0 -1186 0 *
Fa
0  1e-07 368 0

0111000
+1167 0 *
Ed
 1e-07 1 1 0
1  822 0 0 0.18
4 C0 367 0 370 0
0

0101000
+1180 0 -1170 0 *
Wi

0101100
+1178 0 +1165 0 -1169 0 -1188 0 *
Fa
0  1e-07 367 0

0111000
+1164 0 *
Wi

0101100
+1179 0 +1165 0 +1168 0 +1173 0 *
Fa
0  1e-07 370 0

0111000
+1162 0 *
Sh

0101100
-1183 0 -1176 0 -1171 0 -1166 0 -1163 0 +1161 0 *
So

0100000
+1160 0 *
Ve
1e-07
29.26 9.685 0
0 0

0101101
*
Ve
1e-07
29.26 9.46 0
0 0

0101101
*
Ed
 1e-07 1 1 0
1  823 0 0 0.225
4 C0 371 0 372 0
0

0101000
+1158 0 -1157 0 *
Ve
1e-07
29.44 9.46 0
0 0

0101101
*
Ed
 1e-07 1 1 0
1  824 0 0 0.18
4 C0 371 0 373 0
0

0101000
+1157 0 -1155 0 *
Ve
1e-07
29.44 9.685 0
0 0

0101101
*
Ed
 1e-07 1 1 0
1  825 0 0 0.225
4 C0 371 0 374 0
0

0101000
+1155 0 -1153 0 *
Ed
 1e-07 1 1 0
1  826 0 0 0.18
4 C0 371 0 375 0
0

0101000
+1153 0 -1158 0 *
Wi

0101100
+1156 0 +1154 0 +1152 0 +1151 0 *
Fa
0  1e-07 371 0

0111000
+1150 0 *
Ve
1e-07
29.26 9.685 0.015
0 0

0101101
*
Ed
 1e-07 1 1 0
1  827 0 0 0.015
4 C0 372 0 375 0
0

0101000
+1158 0 -1148 0 *
Ve
1e-07
29.26 9.46 0.015
0 0

0101101
*
Ed
 1e-07 1 1 0
1  828 0 0 0.225
4 C0 372 0 376 0
0

0101000
+1148 0 -1146 0 *
Ed
 1e-07 1 1 0
1  829 0 0 0.015
4 C0 372 0 373 0
0

0101000
+1157 0 -1146 0 *
Wi

0101100
+1147 0 +1145 0 -1144 0 -1156 0 *
Fa
0  1e-07 372 0

0111000
+1143 0 *
Ve
1e-07
29.44 9.685 0.015
0 0

0101101
*
Ed
 1e-07 1 1 0
1  830 0 0 0.015
4 C0 375 0 374 0
0

0101000
+1153 0 -1141 0 *
Ed
 1e-07 1 1 0
1  831 0 0 0.18
4 C0 375 0 376 0
0

0101000
+1141 0 -1148 0 *
Wi

0101100
+1140 0 +1139 0 -1147 0 -1151 0 *
Fa
0  1e-07 375 0

0111000
+1138 0 *
Ve
1e-07
29.44 9.46 0.015
0 0

0101101
*
Ed
 1e-07 1 1 0
1  832 0 0 0.015
4 C0 374 0 373 0
0

0101000
+1155 0 -1136 0 *
Ed
 1e-07 1 1 0
1  833 0 0 0.225
4 C0 374 0 376 0
0

0101000
+1136 0 -1141 0 *
Wi

0101100
+1135 0 +1134 0 -1140 0 -1152 0 *
Fa
0  1e-07 374 0

0111000
+1133 0 *
Ed
 1e-07 1 1 0
1  834 0 0 0.18
4 C0 373 0 376 0
0

0101000
+1146 0 -1136 0 *
Wi

0101100
+1144 0 +1131 0 -1135 0 -1154 0 *
Fa
0  1e-07 373 0

0111000
+1130 0 *
Wi

0101100
+1145 0 +1131 0 +1134 0 +1139 0 *
Fa
0  1e-07 376 0

0111000
+1128 0 *
Sh

0101100
-1149 0 -1142 0 -1137 0 -1132 0 -1129 0 +1127 0 *
So

0100000
+1126 0 *
Co

0100000
+3317 2 +3283 3 +3249 4 +3215 5 +3167 6 +3119 7 +3085 8 +3051 9 +3017 10 +2983 11 
+2949 12 +2887 13 +2853 14 +2791 15 +2729 16 +2667 17 +2605 18 +2543 19 +2509 20 +2447 21 
+2385 22 +2351 23 +2289 24 +2227 25 +2193 26 +2159 27 +2125 28 +2091 29 +2057 30 +1995 31 
+1933 32 +1899 33 +1837 34 +1803 35 +1769 36 +1735 37 +1701 38 +1667 39 +1633 40 +1599 41 
+1537 42 +1475 43 +1413 44 +1351 45 +1317 46 +1255 47 +1193 48 +1159 49 +1125 50 *
Ve
1e-07
25 9.329522724802 0.406
0 0

0101101
*
Ve
1e-07
25 9.120477275198 0.406
0 0

0101101
*
Ed
 1e-07 1 1 0
1  835 0 0.670477275197999 0.879522724801999
4 C0 377 0 378 0
0

0101000
+1123 0 -1122 0 *
Ve
1e-07
25 9.329522724802 0.421
0 0

0101101
*
Ed
 1e-07 1 1 0
1  836 0 -0.015 -0
2  313 379 0 -0.015 -0
4 C0 377 0 379 0
0

0101000
+1120 0 -1123 0 *
Ve
1e-07
25 9.120477275198 0.421
0 0

0101101
*
Ed
 1e-07 1 1 0
1  837 0 0.670477275197999 0.879522724801999
4 C0 377 0 380 0
0

0101000
+1120 0 -1118 0 *
Ed
 1e-07 1 1 0
1  838 0 -0.015 -0
2  314 381 0 -0.015 -0
4 C0 377 0 381 0
0

0101000
+1118 0 -1122 0 *
Wi

0101100
-1121 0 -1119 0 +1117 0 +1116 0 *
Fa
0  1e-07 377 0

0111000
+1115 0 *
Ve
1e-07
25.095 9.225 0.406
0 0

0101101
*
Ed
 1e-07 1 1 0
1  839 0 4.80777163939276 6.28318530717959
2  315 381 0 4.80777163939276 6.28318530717959
4 C0 378 0 381 0
0

0101000
+1122 0 -1113 0 *
Ed
 1e-07 1 1 0
1  840 0 0 1.47541366778682
2  316 379 0 0 1.47541366778682
4 C0 378 0 379 0
0

0101000
+1113 0 -1123 0 *
Wi

0101100
+1121 0 +1112 0 +1111 0 *
Fa
0  1e-07 378 0

0111000
+1110 0 *
Ve
1e-07
25.095 9.225 0.421
0 0

0101101
*
Ed
 1e-07 1 1 0
1  841 0 4.80777163939276 6.28318530717959
2  317 381 0 4.80777163939276 6.28318530717959
4 C0 381 0 380 0
0

0101000
+1118 0 -1108 0 *
Ed
 1e-07 1 1 0
1  842 0 0 0.015
2  318 381 0 0 0.015
2  319 379 0 0 0.015
4 CN 381 0 379 0
0

0101000
+1113 0 -1108 0 *
Wi

0101100
-1107 0 +1116 0 +1112 0 +1106 0 *
Fa
0  1e-07 381 0

0111000
+1105 0 *
Ed
 1e-07 1 1 0
1  843 0 0 1.47541366778682
2  320 379 0 0 1.47541366778682
4 C0 380 0 379 0
0

0101000
+1108 0 -1120 0 *
Wi

0101100
+1117 0 +1107 0 +1103 0 *
Fa
0  1e-07 380 0

0111000
+1102 0 *
Wi

0101100
-1119 0 -1103 0 -1106 0 +1111 0 *
Fa
0  1e-07 379 0

0111000
+1100 0 *
Sh

0101100
-1114 0 -1109 0 +1104 0 +1101 0 +1099 0 *
So

0100000
+1098 0 *
Ve
1e-07
25.795 9.925 0.406
0 0

0101101
*
Ve
1e-07
25.763484692283 10 0.406
0 0

0101101
*
Ed
 1e-07 1 1 0
1  844 0 0 0.795602953487904
2  321 383 0 0 0.795602953487904
4 C0 382 0 383 0
0

0101000
+1096 0 -1095 0 *
Ve
1e-07
25.616515307717 10 0.406
0 0

0101101
*
Ed
 1e-07 1 1 0
1  845 0 4.236515307717 4.383484692283
4 C0 382 0 384 0
0

0101000
+1095 0 -1093 0 *
Ed
 1e-07 1 1 0
1  846 0 2.34598970010191 6.28318530717959
2  322 385 0 2.34598970010191 6.28318530717959
4 C0 382 0 385 0
0

0101000
+1093 0 -1096 0 *
Wi

0101100
+1094 0 +1092 0 +1091 0 *
Fa
0  1e-07 382 0

0111000
+1090 0 *
Ve
1e-07
25.763484692283 10 0.421
0 0

0101101
*
Ed
 1e-07 1 1 0
1  847 0 -0.015 -0
2  323 383 0 -0.015 -0
4 C0 383 0 384 0
0

0101000
+1088 0 -1095 0 *
Ve
1e-07
25.795 9.925 0.421
0 0

0101101
*
Ed
 1e-07 1 1 0
1  848 0 0 0.795602953487904
2  324 383 0 0 0.795602953487904
4 C0 383 0 386 0
0

0101000
+1086 0 -1088 0 *
Ed
 1e-07 1 1 0
1  849 0 0 0.015
2  325 383 0 0 0.015
2  326 385 0 0 0.015
4 CN 383 0 385 0
0

0101000
+1096 0 -1086 0 *
Wi

0101100
-1087 0 -1085 0 -1084 0 +1094 0 *
Fa
0  1e-07 383 0

0111000
+1083 0 *
Ve
1e-07
25.616515307717 10 0.421
0 0

0101101
*
Ed
 1e-07 1 1 0
1  850 0 2.34598970010191 6.28318530717959
2  327 385 0 2.34598970010191 6.28318530717959
4 C0 385 0 386 0
0

0101000
+1081 0 -1086 0 *
Ed
 1e-07 1 1 0
1  851 0 -0.015 -0
2  328 385 0 -0.015 -0
4 C0 385 0 384 0
0

0101000
+1081 0 -1093 0 *
Wi

0101100
-1080 0 +1079 0 +1091 0 +1084 0 *
Fa
0  1e-07 385 0

0111000
+1078 0 *
Ed
 1e-07 1 1 0
1  852 0 4.236515307717 4.383484692283
4 C0 384 0 386 0
0

0101000
+1088 0 -1081 0 *
Wi

0101100
-1092 0 -1087 0 +1076 0 +1079 0 *
Fa
0  1e-07 384 0

0111000
+1075 0 *
Wi

0101100
+1085 0 +1076 0 +1080 0 *
Fa
0  1e-07 386 0

0111000
+1073 0 *
Sh

0101100
-1089 0 +1082 0 +1077 0 -1074 0 +1072 0 *
So

0100000
+1071 0 *
Ve
1e-07
26.495 9.925 0.406
0 0

0101101
*
Ve
1e-07
26.463484692283 10 0.406
0 0

0101101
*
Ed
 1e-07 1 1 0
1  853 0 0 0.795602953487904
2  329 388 0 0 0.795602953487904
4 C0 387 0 388 0
0

0101000
+1069 0 -1068 0 *
Ve
1e-07
26.316515307717 10 0.406
0 0

0101101
*
Ed
 1e-07 1 1 0
1  854 0 3.536515307717 3.683484692283
4 C0 387 0 389 0
0

0101000
+1068 0 -1066 0 *
Ed
 1e-07 1 1 0
1  855 0 2.34598970010189 6.28318530717959
2  330 390 0 2.34598970010189 6.28318530717959
4 C0 387 0 390 0
0

0101000
+1066 0 -1069 0 *
Wi

0101100
+1067 0 +1065 0 +1064 0 *
Fa
0  1e-07 387 0

0111000
+1063 0 *
Ve
1e-07
26.463484692283 10 0.421
0 0

0101101
*
Ed
 1e-07 1 1 0
1  856 0 -0.015 -0
2  331 388 0 -0.015 -0
4 C0 388 0 389 0
0

0101000
+1061 0 -1068 0 *
Ve
1e-07
26.495 9.925 0.421
0 0

0101101
*
Ed
 1e-07 1 1 0
1  857 0 0 0.795602953487904
2  332 388 0 0 0.795602953487904
4 C0 388 0 391 0
0

0101000
+1059 0 -1061 0 *
Ed
 1e-07 1 1 0
1  858 0 0 0.015
2  333 388 0 0 0.015
2  334 390 0 0 0.015
4 CN 388 0 390 0
0

0101000
+1069 0 -1059 0 *
Wi

0101100
-1060 0 -1058 0 -1057 0 +1067 0 *
Fa
0  1e-07 388 0

0111000
+1056 0 *
Ve
1e-07
26.316515307717 10 0.421
0 0

0101101
*
Ed
 1e-07 1 1 0
1  859 0 2.34598970010189 6.28318530717959
2  335 390 0 2.34598970010189 6.28318530717959
4 C0 390 0 391 0
0

0101000
+1054 0 -1059 0 *
Ed
 1e-07 1 1 0
1  860 0 -0.015 -0
2  336 390 0 -0.015 -0
4 C0 390 0 389 0
0

0101000
+1054 0 -1066 0 *
Wi

0101100
-1053 0 +1052 0 +1064 0 +1057 0 *
Fa
0  1e-07 390 0

0111000
+1051 0 *
Ed
 1e-07 1 1 0
1  861 0 3.536515307717 3.683484692283
4 C0 389 0 391 0
0

0101000
+1061 0 -1054 0 *
Wi

0101100
-1065 0 -1060 0 +1049 0 +1052 0 *
Fa
0  1e-07 389 0

0111000
+1048 0 *
Wi

0101100
+1058 0 +1049 0 +1053 0 *
Fa
0  1e-07 391 0

0111000
+1046 0 *
Sh

0101100
-1062 0 +1055 0 +1050 0 -1047 0 +1045 0 *
So

0100000
+1044 0 *
Ve
1e-07
25 9.679522724802 0.406
0 0

0101101
*
Ve
1e-07
25 9.470477275198 0.406
0 0

0101101
*
Ed
 1e-07 1 1 0
1  862 0 0.320477275198 0.529522724802
4 C0 392 0 393 0
0

0101000
+1042 0 -1041 0 *
Ve
1e-07
25.095 9.575 0.406
0 0

0101101
*
Ed
 1e-07 1 1 0
1  863 0 4.80777163939276 6.28318530717959
2  337 394 0 4.80777163939276 6.28318530717959
4 C0 392 0 394 0
0

0101000
+1041 0 -1039 0 *
Ed
 1e-07 1 1 0
1  864 0 0 1.47541366778682
2  338 395 0 0 1.47541366778682
4 C0 392 0 395 0
0

0101000
+1039 0 -1042 0 *
Wi

0101100
+1040 0 +1038 0 +1037 0 *
Fa
0  1e-07 392 0

0111000
+1036 0 *
Ve
1e-07
25 9.679522724802 0.421
0 0

0101101
*
Ed
 1e-07 1 1 0
1  865 0 -0.015 -0
2  339 395 0 -0.015 -0
4 C0 393 0 395 0
0

0101000
+1034 0 -1042 0 *
Ve
1e-07
25 9.470477275198 0.421
0 0

0101101
*
Ed
 1e-07 1 1 0
1  866 0 0.320477275198 0.529522724802
4 C0 393 0 396 0
0

0101000
+1034 0 -1032 0 *
Ed
 1e-07 1 1 0
1  867 0 -0.015 -0
2  340 394 0 -0.015 -0
4 C0 393 0 394 0
0

0101000
+1032 0 -1041 0 *
Wi

0101100
-1040 0 -1033 0 +1031 0 +1030 0 *
Fa
0  1e-07 393 0

0111000
+1029 0 *
Ve
1e-07
25.095 9.575 0.421
0 0

0101101
*
Ed
 1e-07 1 1 0
1  868 0 0 1.47541366778682
2  341 395 0 0 1.47541366778682
4 C0 395 0 396 0
0

0101000
+1027 0 -1034 0 *
Ed
 1e-07 1 1 0
1  869 0 0 0.015
2  342 395 0 0 0.015
2  343 394 0 0 0.015
4 CN 395 0 394 0
0

0101000
+1039 0 -1027 0 *
Wi

0101100
-1033 0 -1026 0 -1025 0 +1037 0 *
Fa
0  1e-07 395 0

0111000
+1024 0 *
Ed
 1e-07 1 1 0
1  870 0 4.80777163939276 6.28318530717959
2  344 394 0 4.80777163939276 6.28318530717959
4 C0 394 0 396 0
0

0101000
+1032 0 -1027 0 *
Wi

0101100
-1022 0 +1030 0 +1038 0 +1025 0 *
Fa
0  1e-07 394 0

0111000
+1021 0 *
Wi

0101100
+1031 0 +1022 0 +1026 0 *
Fa
0  1e-07 396 0

0111000
+1019 0 *
Sh

0101100
-1035 0 -1028 0 +1023 0 +1020 0 +1018 0 *
So

0100000
+1017 0 *
Ve
1e-07
25 10 0.406
0 0

0101101
*
Ve
1e-07
25 9.820477275198 0.406
0 0

0101101
*
Ed
 1e-07 1 1 0
1  871 0 0 0.179522724802
4 C0 397 0 398 0
0

0101000
+1015 0 -1014 0 *
Ve
1e-07
25.095 9.925 0.406
0 0

0101101
*
Ed
 1e-07 1 1 0
1  872 0 4.80777163939276 6.28318530717959
2  345 399 0 4.80777163939276 6.28318530717959
4 C0 397 0 399 0
0

0101000
+1014 0 -1012 0 *
Ve
1e-07
25.063484692283 10 0.406
0 0

0101101
*
Ed
 1e-07 1 1 0
1  873 0 0 0.79560295348788
2  346 400 0 0 0.79560295348788
4 C0 397 0 400 0
0

0101000
+1012 0 -1010 0 *
Ed
 1e-07 1 1 0
1  874 0 4.936515307717 5
4 C0 397 0 401 0
0

0101000
+1010 0 -1015 0 *
Wi

0101100
+1013 0 +1011 0 +1009 0 +1008 0 *
Fa
0  1e-07 397 0

0111000
+1007 0 *
Ve
1e-07
25 10 0.421
0 0

0101101
*
Ed
 1e-07 1 1 0
1  875 0 0 0.015
4 C0 398 0 401 0
0

0101000
+1015 0 -1005 0 *
Ve
1e-07
25 9.820477275198 0.421
0 0

0101101
*
Ed
 1e-07 1 1 0
1  876 0 0 0.179522724802
4 C0 398 0 402 0
0

0101000
+1005 0 -1003 0 *
Ed
 1e-07 1 1 0
1  877 0 -0.015 -0
2  347 399 0 -0.015 -0
4 C0 398 0 399 0
0

0101000
+1003 0 -1014 0 *
Wi

0101100
-1013 0 +1004 0 +1002 0 +1001 0 *
Fa
0  1e-07 398 0

0111000
+1000 0 *
Ve
1e-07
25.063484692283 10 0.421
0 0

0101101
*
Ed
 1e-07 1 1 0
1  878 0 -0.015 -0
2  348 400 0 -0.015 -0
4 C0 401 0 400 0
0

0101000
+998 0 -1010 0 *
Ed
 1e-07 1 1 0
1  879 0 4.936515307717 5
4 C0 401 0 402 0
0

0101000
+998 0 -1005 0 *
Wi

0101100
-1008 0 -997 0 +996 0 -1004 0 *
Fa
0  1e-07 401 0

0111000
+995 0 *
Ve
1e-07
25.095 9.925 0.421
0 0

0101101
*
Ed
 1e-07 1 1 0
1  880 0 0 0.79560295348788
2  349 400 0 0 0.79560295348788
4 C0 400 0 402 0
0

0101000
+993 0 -998 0 *
Ed
 1e-07 1 1 0
1  881 0 0 0.015
2  350 400 0 0 0.015
2  351 399 0 0 0.015
4 CN 400 0 399 0
0

0101000
+1012 0 -993 0 *
Wi

0101100
-997 0 -992 0 -991 0 +1009 0 *
Fa
0  1e-07 400 0

0111000
+990 0 *
Ed
 1e-07 1 1 0
1  882 0 4.80777163939276 6.28318530717959
2  352 399 0 4.80777163939276 6.28318530717959
4 C0 399 0 402 0
0

0101000
+1003 0 -993 0 *
Wi

0101100
-988 0 +1001 0 +1011 0 +991 0 *
Fa
0  1e-07 399 0

0111000
+987 0 *
Wi

0101100
+1002 0 +988 0 +992 0 +996 0 *
Fa
0  1e-07 402 0

0111000
+985 0 *
Sh

0101100
-1006 0 -999 0 -994 0 +989 0 +986 0 +984 0 *
So

0100000
+983 0 *
Ve
1e-07
25.445 9.925 0.406
0 0

0101101
*
Ve
1e-07
25.413484692283 10 0.406
0 0

0101101
*
Ed
 1e-07 1 1 0
1  883 0 0 0.795602953487904
2  353 404 0 0 0.795602953487904
4 C0 403 0 404 0
0

0101000
+981 0 -980 0 *
Ve
1e-07
25.266515307717 10 0.406
0 0

0101101
*
Ed
 1e-07 1 1 0
1  884 0 4.586515307717 4.733484692283
4 C0 403 0 405 0
0

0101000
+980 0 -978 0 *
Ed
 1e-07 1 1 0
1  885 0 2.34598970010189 6.28318530717959
2  354 406 0 2.34598970010189 6.28318530717959
4 C0 403 0 406 0
0

0101000
+978 0 -981 0 *
Wi

0101100
+979 0 +977 0 +976 0 *
Fa
0  1e-07 403 0

0111000
+975 0 *
Ve
1e-07
25.413484692283 10 0.421
0 0

0101101
*
Ed
 1e-07 1 1 0
1  886 0 -0.015 -0
2  355 404 0 -0.015 -0
4 C0 404 0 405 0
0

0101000
+973 0 -980 0 *
Ve
1e-07
25.445 9.925 0.421
0 0

0101101
*
Ed
 1e-07 1 1 0
1  887 0 0 0.795602953487904
2  356 404 0 0 0.795602953487904
4 C0 404 0 407 0
0

0101000
+971 0 -973 0 *
Ed
 1e-07 1 1 0
1  888 0 0 0.015
2  357 404 0 0 0.015
2  358 406 0 0 0.015
4 CN 404 0 406 0
0

0101000
+981 0 -971 0 *
Wi

0101100
-972 0 -970 0 -969 0 +979 0 *
Fa
0  1e-07 404 0

0111000
+968 0 *
Ve
1e-07
25.266515307717 10 0.421
0 0

0101101
*
Ed
 1e-07 1 1 0
1  889 0 2.34598970010189 6.28318530717959
2  359 406 0 2.34598970010189 6.28318530717959
4 C0 406 0 407 0
0

0101000
+966 0 -971 0 *
Ed
 1e-07 1 1 0
1  890 0 -0.015 -0
2  360 406 0 -0.015 -0
4 C0 406 0 405 0
0

0101000
+966 0 -978 0 *
Wi

0101100
-965 0 +964 0 +976 0 +969 0 *
Fa
0  1e-07 406 0

0111000
+963 0 *
Ed
 1e-07 1 1 0
1  891 0 4.586515307717 4.733484692283
4 C0 405 0 407 0
0

0101000
+973 0 -966 0 *
Wi

0101100
-977 0 -972 0 +961 0 +964 0 *
Fa
0  1e-07 405 0

0111000
+960 0 *
Wi

0101100
+970 0 +961 0 +965 0 *
Fa
0  1e-07 407 0

0111000
+958 0 *
Sh

0101100
-974 0 +967 0 +962 0 -959 0 +957 0 *
So

0100000
+956 0 *
Ve
1e-07
28.557 5.55 0.406
0 0

0101101
*
Ve
1e-07
28.557 5.694 0.406
0 0

0101101
*
Ed
 1e-07 1 1 0
1  892 0 0 0.144
4 C0 408 0 409 0
0

0101000
+954 0 -953 0 *
Ve
1e-07
28.509 5.742 0.406
0 0

0101101
*
Ed
 1e-07 1 1 0
1  893 0 0 1.5707963267949
2  361 410 0 0 1.5707963267949
4 C0 408 0 410 0
0

0101000
+953 0 -951 0 *
Ve
1e-07
28.365 5.742 0.406
0 0

0101101
*
Ed
 1e-07 1 1 0
1  894 0 0 0.144000000000002
4 C0 408 0 411 0
0

0101000
+951 0 -949 0 *
Ve
1e-07
28.317 5.694 0.406
0 0

0101101
*
Ed
 1e-07 1 1 0
1  895 0 1.5707963267949 3.14159265358979
2  362 412 0 1.5707963267949 3.14159265358979
4 C0 408 0 412 0
0

0101000
+949 0 -947 0 *
Ve
1e-07
28.317 5.55 0.406
0 0

0101101
*
Ed
 1e-07 1 1 0
1  896 0 0 0.144
4 C0 408 0 413 0
0

0101000
+947 0 -945 0 *
Ve
1e-07
28.365 5.502 0.406
0 0

0101101
*
Ed
 1e-07 1 1 0
1  897 0 3.14159265358979 4.71238898038469
2  363 414 0 3.14159265358979 4.71238898038469
4 C0 408 0 414 0
0

0101000
+945 0 -943 0 *
Ve
1e-07
28.509 5.502 0.406
0 0

0101101
*
Ed
 1e-07 1 1 0
1  898 0 0 0.144000000000002
4 C0 408 0 415 0
0

0101000
+943 0 -941 0 *
Ed
 1e-07 1 1 0
1  899 0 4.71238898038469 6.28318530717959
2  364 416 0 4.71238898038469 6.28318530717959
4 C0 408 0 416 0
0

0101000
+941 0 -954 0 *
Wi

0101100
+952 0 +950 0 +948 0 +946 0 +944 0 +942 0 +940 0 +939 0 *
Fa
0  1e-07 408 0

0111000
+938 0 *
Ve
1e-07
28.557 5.55 0.421
0 0

0101101
*
Ed
 1e-07 1 1 0
1  900 0 0 0.015
2  365 416 0 0 0.015
4 G1 409 0 416 0
0

0101000
+954 0 -936 0 *
Ve
1e-07
28.557 5.694 0.421
0 0

0101101
*
Ed
 1e-07 1 1 0
1  901 0 0 0.144
4 C0 409 0 417 0
0

0101000
+936 0 -934 0 *
Ed
 1e-07 1 1 0
1  902 0 0 0.015
2  366 410 0 0 0.015
4 G1 409 0 410 0
0

0101000
+953 0 -934 0 *
Wi

0101100
+935 0 +933 0 -932 0 -952 0 *
Fa
0  1e-07 409 0

0111000
+931 0 *
Ve
1e-07
28.509 5.502 0.421
0 0

0101101
*
Ed
 1e-07 1 1 0
1  903 0 4.71238898038469 6.28318530717959
2  367 416 0 4.71238898038469 6.28318530717959
4 C0 416 0 417 0
0

0101000
+929 0 -936 0 *
Ed
 1e-07 1 1 0
1  904 0 0 0.015
2  368 416 0 0 0.015
4 G1 416 0 415 0
0

0101000
+941 0 -929 0 *
Wi

0101100
+939 0 +935 0 -928 0 -927 0 *
Fa
0  1e-07 416 0

0111000
+926 0 *
Ve
1e-07
28.365 5.502 0.421
0 0

0101101
*
Ed
 1e-07 1 1 0
1  905 0 0 0.015
2  369 414 0 0 0.015
4 G1 415 0 414 0
0

0101000
+943 0 -924 0 *
Ed
 1e-07 1 1 0
1  906 0 0 0.144000000000002
4 C0 415 0 417 0
0

0101000
+924 0 -929 0 *
Wi

0101100
+923 0 +922 0 -927 0 -940 0 *
Fa
0  1e-07 415 0

0111000
+921 0 *
Ve
1e-07
28.317 5.55 0.421
0 0

0101101
*
Ed
 1e-07 1 1 0
1  907 0 3.14159265358979 4.71238898038469
2  370 414 0 3.14159265358979 4.71238898038469
4 C0 414 0 417 0
0

0101000
+919 0 -924 0 *
Ed
 1e-07 1 1 0
1  908 0 0 0.015
2  371 414 0 0 0.015
4 G1 414 0 413 0
0

0101000
+945 0 -919 0 *
Wi

0101100
+942 0 +923 0 -918 0 -917 0 *
Fa
0  1e-07 414 0

0111000
+916 0 *
Ve
1e-07
28.317 5.694 0.421
0 0

0101101
*
Ed
 1e-07 1 1 0
1  909 0 0 0.015
2  372 412 0 0 0.015
4 G1 413 0 412 0
0

0101000
+947 0 -914 0 *
Ed
 1e-07 1 1 0
1  910 0 0 0.144
4 C0 413 0 417 0
0

0101000
+914 0 -919 0 *
Wi

0101100
+913 0 +912 0 -917 0 -944 0 *
Fa
0  1e-07 413 0

0111000
+911 0 *
Ve
1e-07
28.365 5.742 0.421
0 0

0101101
*
Ed
 1e-07 1 1 0
1  911 0 1.5707963267949 3.14159265358979
2  373 412 0 1.5707963267949 3.14159265358979
4 C0 412 0 417 0
0

0101000
+909 0 -914 0 *
Ed
 1e-07 1 1 0
1  912 0 0 0.015
2  374 412 0 0 0.015
4 G1 412 0 411 0
0

0101000
+949 0 -909 0 *
Wi

0101100
+946 0 +913 0 -908 0 -907 0 *
Fa
0  1e-07 412 0

0111000
+906 0 *
Ve
1e-07
28.509 5.742 0.421
0 0

0101101
*
Ed
 1e-07 1 1 0
1  913 0 0 0.015
2  375 410 0 0 0.015
4 G1 411 0 410 0
0

0101000
+951 0 -904 0 *
Ed
 1e-07 1 1 0
1  914 0 0 0.144000000000002
4 C0 411 0 417 0
0

0101000
+904 0 -909 0 *
Wi

0101100
+903 0 +902 0 -907 0 -948 0 *
Fa
0  1e-07 411 0

0111000
+901 0 *
Ed
 1e-07 1 1 0
1  915 0 0 1.5707963267949
2  376 410 0 0 1.5707963267949
4 C0 410 0 417 0
0

0101000
+934 0 -904 0 *
Wi

0101100
+950 0 +903 0 -899 0 -932 0 *
Fa
0  1e-07 410 0

0111000
+898 0 *
Wi

0101100
+933 0 +899 0 +902 0 +908 0 +912 0 +918 0 +922 0 +928 0 *
Fa
0  1e-07 417 0

0111000
+896 0 *
Sh

0101100
-937 0 -930 0 +925 0 -920 0 +915 0 -910 0 +905 0 -900 0 +897 0 +895 0 
*
So

0100000
+894 0 *
Ve
1e-07
28.987 5.55 0.406
0 0

0101101
*
Ve
1e-07
28.987 5.694 0.406
0 0

0101101
*
Ed
 1e-07 1 1 0
1  916 0 0 0.144
4 C0 418 0 419 0
0

0101000
+892 0 -891 0 *
Ve
1e-07
28.939 5.742 0.406
0 0

0101101
*
Ed
 1e-07 1 1 0
1  917 0 0 1.5707963267949
2  377 420 0 0 1.5707963267949
4 C0 418 0 420 0
0

0101000
+891 0 -889 0 *
Ve
1e-07
28.795 5.742 0.406
0 0

0101101
*
Ed
 1e-07 1 1 0
1  918 0 0 0.143999999999998
4 C0 418 0 421 0
0

0101000
+889 0 -887 0 *
Ve
1e-07
28.747 5.694 0.406
0 0

0101101
*
Ed
 1e-07 1 1 0
1  919 0 1.5707963267949 3.14159265358979
2  378 422 0 1.5707963267949 3.14159265358979
4 C0 418 0 422 0
0

0101000
+887 0 -885 0 *
Ve
1e-07
28.747 5.55 0.406
0 0

0101101
*
Ed
 1e-07 1 1 0
1  920 0 0 0.144
4 C0 418 0 423 0
0

0101000
+885 0 -883 0 *
Ve
1e-07
28.795 5.502 0.406
0 0

0101101
*
Ed
 1e-07 1 1 0
1  921 0 3.14159265358979 4.71238898038469
2  379 424 0 3.14159265358979 4.71238898038469
4 C0 418 0 424 0
0

0101000
+883 0 -881 0 *
Ve
1e-07
28.939 5.502 0.406
0 0

0101101
*
Ed
 1e-07 1 1 0
1  922 0 0 0.143999999999998
4 C0 418 0 425 0
0

0101000
+881 0 -879 0 *
Ed
 1e-07 1 1 0
1  923 0 4.71238898038469 6.28318530717959
2  380 426 0 4.71238898038469 6.28318530717959
4 C0 418 0 426 0
0

0101000
+879 0 -892 0 *
Wi

0101100
+890 0 +888 0 +886 0 +884 0 +882 0 +880 0 +878 0 +877 0 *
Fa
0  1e-07 418 0

0111000
+876 0 *
Ve
1e-07
28.987 5.55 0.421
0 0

0101101
*
Ed
 1e-07 1 1 0
1  924 0 0 0.015
2  381 426 0 0 0.015
4 G1 419 0 426 0
0

0101000
+892 0 -874 0 *
Ve
1e-07
28.987 5.694 0.421
0 0

0101101
*
Ed
 1e-07 1 1 0
1  925 0 0 0.144
4 C0 419 0 427 0
0

0101000
+874 0 -872 0 *
Ed
 1e-07 1 1 0
1  926 0 0 0.015
2  382 420 0 0 0.015
4 G1 419 0 420 0
0

0101000
+891 0 -872 0 *
Wi

0101100
+873 0 +871 0 -870 0 -890 0 *
Fa
0  1e-07 419 0

0111000
+869 0 *
Ve
1e-07
28.939 5.502 0.421
0 0

0101101
*
Ed
 1e-07 1 1 0
1  927 0 4.71238898038469 6.28318530717959
2  383 426 0 4.71238898038469 6.28318530717959
4 C0 426 0 427 0
0

0101000
+867 0 -874 0 *
Ed
 1e-07 1 1 0
1  928 0 0 0.015
2  384 426 0 0 0.015
4 G1 426 0 425 0
0

0101000
+879 0 -867 0 *
Wi

0101100
+877 0 +873 0 -866 0 -865 0 *
Fa
0  1e-07 426 0

0111000
+864 0 *
Ve
1e-07
28.795 5.502 0.421
0 0

0101101
*
Ed
 1e-07 1 1 0
1  929 0 0 0.015
2  385 424 0 0 0.015
4 G1 425 0 424 0
0

0101000
+881 0 -862 0 *
Ed
 1e-07 1 1 0
1  930 0 0 0.143999999999998
4 C0 425 0 427 0
0

0101000
+862 0 -867 0 *
Wi

0101100
+861 0 +860 0 -865 0 -878 0 *
Fa
0  1e-07 425 0

0111000
+859 0 *
Ve
1e-07
28.747 5.55 0.421
0 0

0101101
*
Ed
 1e-07 1 1 0
1  931 0 3.14159265358979 4.71238898038469
2  386 424 0 3.14159265358979 4.71238898038469
4 C0 424 0 427 0
0

0101000
+857 0 -862 0 *
Ed
 1e-07 1 1 0
1  932 0 0 0.015
2  387 424 0 0 0.015
4 G1 424 0 423 0
0

0101000
+883 0 -857 0 *
Wi

0101100
+880 0 +861 0 -856 0 -855 0 *
Fa
0  1e-07 424 0

0111000
+854 0 *
Ve
1e-07
28.747 5.694 0.421
0 0

0101101
*
Ed
 1e-07 1 1 0
1  933 0 0 0.015
2  388 422 0 0 0.015
4 G1 423 0 422 0
0

0101000
+885 0 -852 0 *
Ed
 1e-07 1 1 0
1  934 0 0 0.144
4 C0 423 0 427 0
0

0101000
+852 0 -857 0 *
Wi

0101100
+851 0 +850 0 -855 0 -882 0 *
Fa
0  1e-07 423 0

0111000
+849 0 *
Ve
1e-07
28.795 5.742 0.421
0 0

0101101
*
Ed
 1e-07 1 1 0
1  935 0 1.5707963267949 3.14159265358979
2  389 422 0 1.5707963267949 3.14159265358979
4 C0 422 0 427 0
0

0101000
+847 0 -852 0 *
Ed
 1e-07 1 1 0
1  936 0 0 0.015
2  390 422 0 0 0.015
4 G1 422 0 421 0
0

0101000
+887 0 -847 0 *
Wi

0101100
+884 0 +851 0 -846 0 -845 0 *
Fa
0  1e-07 422 0

0111000
+844 0 *
Ve
1e-07
28.939 5.742 0.421
0 0

0101101
*
Ed
 1e-07 1 1 0
1  937 0 0 0.015
2  391 420 0 0 0.015
4 G1 421 0 420 0
0

0101000
+889 0 -842 0 *
Ed
 1e-07 1 1 0
1  938 0 0 0.143999999999998
4 C0 421 0 427 0
0

0101000
+842 0 -847 0 *
Wi

0101100
+841 0 +840 0 -845 0 -886 0 *
Fa
0  1e-07 421 0

0111000
+839 0 *
Ed
 1e-07 1 1 0
1  939 0 0 1.5707963267949
2  392 420 0 0 1.5707963267949
4 C0 420 0 427 0
0

0101000
+872 0 -842 0 *
Wi

0101100
+888 0 +841 0 -837 0 -870 0 *
Fa
0  1e-07 420 0

0111000
+836 0 *
Wi

0101100
+871 0 +837 0 +840 0 +846 0 +850 0 +856 0 +860 0 +866 0 *
Fa
0  1e-07 427 0

0111000
+834 0 *
Sh

0101100
-875 0 -868 0 +863 0 -858 0 +853 0 -848 0 +843 0 -838 0 +835 0 +833 0 
*
So

0100000
+832 0 *
Ve
1e-07
29.457 5.54 0.406
0 0

0101101
*
Ve
1e-07
29.457 5.684 0.406
0 0

0101101
*
Ed
 1e-07 1 1 0
1  940 0 0 0.144
4 C0 428 0 429 0
0

0101000
+830 0 -829 0 *
Ve
1e-07
29.409 5.732 0.406
0 0

0101101
*
Ed
 1e-07 1 1 0
1  941 0 0 1.5707963267949
2  393 430 0 0 1.5707963267949
4 C0 428 0 430 0
0

0101000
+829 0 -827 0 *
Ve
1e-07
29.265 5.732 0.406
0 0

0101101
*
Ed
 1e-07 1 1 0
1  942 0 0 0.143999999999998
4 C0 428 0 431 0
0

0101000
+827 0 -825 0 *
Ve
1e-07
29.217 5.684 0.406
0 0

0101101
*
Ed
 1e-07 1 1 0
1  943 0 1.5707963267949 3.14159265358979
2  394 432 0 1.5707963267949 3.14159265358979
4 C0 428 0 432 0
0

0101000
+825 0 -823 0 *
Ve
1e-07
29.217 5.54 0.406
0 0

0101101
*
Ed
 1e-07 1 1 0
1  944 0 0 0.144
4 C0 428 0 433 0
0

0101000
+823 0 -821 0 *
Ve
1e-07
29.265 5.492 0.406
0 0

0101101
*
Ed
 1e-07 1 1 0
1  945 0 3.14159265358979 4.71238898038469
2  395 434 0 3.14159265358979 4.71238898038469
4 C0 428 0 434 0
0

0101000
+821 0 -819 0 *
Ve
1e-07
29.409 5.492 0.406
0 0

0101101
*
Ed
 1e-07 1 1 0
1  946 0 0 0.143999999999998
4 C0 428 0 435 0
0

0101000
+819 0 -817 0 *
Ed
 1e-07 1 1 0
1  947 0 4.71238898038469 6.28318530717959
2  396 436 0 4.71238898038469 6.28318530717959
4 C0 428 0 436 0
0

0101000
+817 0 -830 0 *
Wi

0101100
+828 0 +826 0 +824 0 +822 0 +820 0 +818 0 +816 0 +815 0 *
Fa
0  1e-07 428 0

0111000
+814 0 *
Ve
1e-07
29.457 5.54 0.421
0 0

0101101
*
Ed
 1e-07 1 1 0
1  948 0 0 0.015
2  397 436 0 0 0.015
4 G1 429 0 436 0
0

0101000
+830 0 -812 0 *
Ve
1e-07
29.457 5.684 0.421
0 0

0101101
*
Ed
 1e-07 1 1 0
1  949 0 0 0.144
4 C0 429 0 437 0
0

0101000
+812 0 -810 0 *
Ed
 1e-07 1 1 0
1  950 0 0 0.015
2  398 430 0 0 0.015
4 G1 429 0 430 0
0

0101000
+829 0 -810 0 *
Wi

0101100
+811 0 +809 0 -808 0 -828 0 *
Fa
0  1e-07 429 0

0111000
+807 0 *
Ve
1e-07
29.409 5.492 0.421
0 0

0101101
*
Ed
 1e-07 1 1 0
1  951 0 4.71238898038469 6.28318530717959
2  399 436 0 4.71238898038469 6.28318530717959
4 C0 436 0 437 0
0

0101000
+805 0 -812 0 *
Ed
 1e-07 1 1 0
1  952 0 0 0.015
2  400 436 0 0 0.015
4 G1 436 0 435 0
0

0101000
+817 0 -805 0 *
Wi

0101100
+815 0 +811 0 -804 0 -803 0 *
Fa
0  1e-07 436 0

0111000
+802 0 *
Ve
1e-07
29.265 5.492 0.421
0 0

0101101
*
Ed
 1e-07 1 1 0
1  953 0 0 0.015
2  401 434 0 0 0.015
4 G1 435 0 434 0
0

0101000
+819 0 -800 0 *
Ed
 1e-07 1 1 0
1  954 0 0 0.143999999999998
4 C0 435 0 437 0
0

0101000
+800 0 -805 0 *
Wi

0101100
+799 0 +798 0 -803 0 -816 0 *
Fa
0  1e-07 435 0

0111000
+797 0 *
Ve
1e-07
29.217 5.54 0.421
0 0

0101101
*
Ed
 1e-07 1 1 0
1  955 0 3.14159265358979 4.71238898038469
2  402 434 0 3.14159265358979 4.71238898038469
4 C0 434 0 437 0
0

0101000
+795 0 -800 0 *
Ed
 1e-07 1 1 0
1  956 0 0 0.015
2  403 434 0 0 0.015
4 G1 434 0 433 0
0

0101000
+821 0 -795 0 *
Wi

0101100
+818 0 +799 0 -794 0 -793 0 *
Fa
0  1e-07 434 0

0111000
+792 0 *
Ve
1e-07
29.217 5.684 0.421
0 0

0101101
*
Ed
 1e-07 1 1 0
1  957 0 0 0.015
2  404 432 0 0 0.015
4 G1 433 0 432 0
0

0101000
+823 0 -790 0 *
Ed
 1e-07 1 1 0
1  958 0 0 0.144
4 C0 433 0 437 0
0

0101000
+790 0 -795 0 *
Wi

0101100
+789 0 +788 0 -793 0 -820 0 *
Fa
0  1e-07 433 0

0111000
+787 0 *
Ve
1e-07
29.265 5.732 0.421
0 0

0101101
*
Ed
 1e-07 1 1 0
1  959 0 1.5707963267949 3.14159265358979
2  405 432 0 1.5707963267949 3.14159265358979
4 C0 432 0 437 0
0

0101000
+785 0 -790 0 *
Ed
 1e-07 1 1 0
1  960 0 0 0.015
2  406 432 0 0 0.015
4 G1 432 0 431 0
0

0101000
+825 0 -785 0 *
Wi

0101100
+822 0 +789 0 -784 0 -783 0 *
Fa
0  1e-07 432 0

0111000
+782 0 *
Ve
1e-07
29.409 5.732 0.421
0 0

0101101
*
Ed
 1e-07 1 1 0
1  961 0 0 0.015
2  407 430 0 0 0.015
4 G1 431 0 430 0
0

0101000
+827 0 -780 0 *
Ed
 1e-07 1 1 0
1  962 0 0 0.143999999999998
4 C0 431 0 437 0
0

0101000
+780 0 -785 0 *
Wi

0101100
+779 0 +778 0 -783 0 -824 0 *
Fa
0  1e-07 431 0

0111000
+777 0 *
Ed
 1e-07 1 1 0
1  963 0 0 1.5707963267949
2  408 430 0 0 1.5707963267949
4 C0 430 0 437 0
0

0101000
+810 0 -780 0 *
Wi

0101100
+826 0 +779 0 -775 0 -808 0 *
Fa
0  1e-07 430 0

0111000
+774 0 *
Wi

0101100
+809 0 +775 0 +778 0 +784 0 +788 0 +794 0 +798 0 +804 0 *
Fa
0  1e-07 437 0

0111000
+772 0 *
Sh

0101100
-813 0 -806 0 +801 0 -796 0 +791 0 -786 0 +781 0 -776 0 +773 0 +771 0 
*
So

0100000
+770 0 *
Ve
1e-07
29.877 5.54 0.406
0 0

0101101
*
Ve
1e-07
29.877 5.684 0.406
0 0

0101101
*
Ed
 1e-07 1 1 0
1  964 0 0 0.144
4 C0 438 0 439 0
0

0101000
+768 0 -767 0 *
Ve
1e-07
29.829 5.732 0.406
0 0

0101101
*
Ed
 1e-07 1 1 0
1  965 0 0 1.5707963267949
2  409 440 0 0 1.5707963267949
4 C0 438 0 440 0
0

0101000
+767 0 -765 0 *
Ve
1e-07
29.685 5.732 0.406
0 0

0101101
*
Ed
 1e-07 1 1 0
1  966 0 0 0.144000000000002
4 C0 438 0 441 0
0

0101000
+765 0 -763 0 *
Ve
1e-07
29.637 5.684 0.406
0 0

0101101
*
Ed
 1e-07 1 1 0
1  967 0 1.5707963267949 3.14159265358979
2  410 442 0 1.5707963267949 3.14159265358979
4 C0 438 0 442 0
0

0101000
+763 0 -761 0 *
Ve
1e-07
29.637 5.54 0.406
0 0

0101101
*
Ed
 1e-07 1 1 0
1  968 0 0 0.144
4 C0 438 0 443 0
0

0101000
+761 0 -759 0 *
Ve
1e-07
29.685 5.492 0.406
0 0

0101101
*
Ed
 1e-07 1 1 0
1  969 0 3.14159265358979 4.71238898038469
2  411 444 0 3.14159265358979 4.71238898038469
4 C0 438 0 444 0
0

0101000
+759 0 -757 0 *
Ve
1e-07
29.829 5.492 0.406
0 0

0101101
*
Ed
 1e-07 1 1 0
1  970 0 0 0.144000000000002
4 C0 438 0 445 0
0

0101000
+757 0 -755 0 *
Ed
 1e-07 1 1 0
1  971 0 4.71238898038469 6.28318530717959
2  412 446 0 4.71238898038469 6.28318530717959
4 C0 438 0 446 0
0

0101000
+755 0 -768 0 *
Wi

0101100
+766 0 +764 0 +762 0 +760 0 +758 0 +756 0 +754 0 +753 0 *
Fa
0  1e-07 438 0

0111000
+752 0 *
Ve
1e-07
29.877 5.54 0.421
0 0

0101101
*
Ed
 1e-07 1 1 0
1  972 0 0 0.015
2  413 446 0 0 0.015
4 G1 439 0 446 0
0

0101000
+768 0 -750 0 *
Ve
1e-07
29.877 5.684 0.421
0 0

0101101
*
Ed
 1e-07 1 1 0
1  973 0 0 0.144
4 C0 439 0 447 0
0

0101000
+750 0 -748 0 *
Ed
 1e-07 1 1 0
1  974 0 0 0.015
2  414 440 0 0 0.015
4 G1 439 0 440 0
0

0101000
+767 0 -748 0 *
Wi

0101100
+749 0 +747 0 -746 0 -766 0 *
Fa
0  1e-07 439 0

0111000
+745 0 *
Ve
1e-07
29.829 5.492 0.421
0 0

0101101
*
Ed
 1e-07 1 1 0
1  975 0 4.71238898038469 6.28318530717959
2  415 446 0 4.71238898038469 6.28318530717959
4 C0 446 0 447 0
0

0101000
+743 0 -750 0 *
Ed
 1e-07 1 1 0
1  976 0 0 0.015
2  416 446 0 0 0.015
4 G1 446 0 445 0
0

0101000
+755 0 -743 0 *
Wi

0101100
+753 0 +749 0 -742 0 -741 0 *
Fa
0  1e-07 446 0

0111000
+740 0 *
Ve
1e-07
29.685 5.492 0.421
0 0

0101101
*
Ed
 1e-07 1 1 0
1  977 0 0 0.015
2  417 444 0 0 0.015
4 G1 445 0 444 0
0

0101000
+757 0 -738 0 *
Ed
 1e-07 1 1 0
1  978 0 0 0.144000000000002
4 C0 445 0 447 0
0

0101000
+738 0 -743 0 *
Wi

0101100
+737 0 +736 0 -741 0 -754 0 *
Fa
0  1e-07 445 0

0111000
+735 0 *
Ve
1e-07
29.637 5.54 0.421
0 0

0101101
*
Ed
 1e-07 1 1 0
1  979 0 3.14159265358979 4.71238898038469
2  418 444 0 3.14159265358979 4.71238898038469
4 C0 444 0 447 0
0

0101000
+733 0 -738 0 *
Ed
 1e-07 1 1 0
1  980 0 0 0.015
2  419 444 0 0 0.015
4 G1 444 0 443 0
0

0101000
+759 0 -733 0 *
Wi

0101100
+756 0 +737 0 -732 0 -731 0 *
Fa
0  1e-07 444 0

0111000
+730 0 *
Ve
1e-07
29.637 5.684 0.421
0 0

0101101
*
Ed
 1e-07 1 1 0
1  981 0 0 0.015
2  420 442 0 0 0.015
4 G1 443 0 442 0
0

0101000
+761 0 -728 0 *
Ed
 1e-07 1 1 0
1  982 0 0 0.144
4 C0 443 0 447 0
0

0101000
+728 0 -733 0 *
Wi

0101100
+727 0 +726 0 -731 0 -758 0 *
Fa
0  1e-07 443 0

0111000
+725 0 *
Ve
1e-07
29.685 5.732 0.421
0 0

0101101
*
Ed
 1e-07 1 1 0
1  983 0 1.5707963267949 3.14159265358979
2  421 442 0 1.5707963267949 3.14159265358979
4 C0 442 0 447 0
0

0101000
+723 0 -728 0 *
Ed
 1e-07 1 1 0
1  984 0 0 0.015
2  422 442 0 0 0.015
4 G1 442 0 441 0
0

0101000
+763 0 -723 0 *
Wi

0101100
+760 0 +727 0 -722 0 -721 0 *
Fa
0  1e-07 442 0

0111000
+720 0 *
Ve
1e-07
29.829 5.732 0.421
0 0

0101101
*
Ed
 1e-07 1 1 0
1  985 0 0 0.015
2  423 440 0 0 0.015
4 G1 441 0 440 0
0

0101000
+765 0 -718 0 *
Ed
 1e-07 1 1 0
1  986 0 0 0.144000000000002
4 C0 441 0 447 0
0

0101000
+718 0 -723 0 *
Wi

0101100
+717 0 +716 0 -721 0 -762 0 *
Fa
0  1e-07 441 0

0111000
+715 0 *
Ed
 1e-07 1 1 0
1  987 0 0 1.5707963267949
2  424 440 0 0 1.5707963267949
4 C0 440 0 447 0
0

0101000
+748 0 -718 0 *
Wi

0101100
+764 0 +717 0 -713 0 -746 0 *
Fa
0  1e-07 440 0

0111000
+712 0 *
Wi

0101100
+747 0 +713 0 +716 0 +722 0 +726 0 +732 0 +736 0 +742 0 *
Fa
0  1e-07 447 0

0111000
+710 0 *
Sh

0101100
-751 0 -744 0 +739 0 -734 0 +729 0 -724 0 +719 0 -714 0 +711 0 +709 0 
*
So

0100000
+708 0 *
Ve
1e-07
25.32 7.93 0.406
0 0

0101101
*
Ve
1e-07
25.32 7.38 0.406
0 0

0101101
*
Ed
 1e-07 1 1 0
1  988 0 0 0.55
4 C0 448 0 449 0
0

0101000
+706 0 -705 0 *
Ve
1e-07
25.94 7.38 0.406
0 0

0101101
*
Ed
 1e-07 1 1 0
1  989 0 0 0.620000000000001
4 C0 448 0 450 0
0

0101000
+705 0 -703 0 *
Ve
1e-07
25.94 7.93 0.406
0 0

0101101
*
Ed
 1e-07 1 1 0
1  990 0 0 0.55
4 C0 448 0 451 0
0

0101000
+703 0 -701 0 *
Ed
 1e-07 1 1 0
1  991 0 0 0.620000000000001
4 C0 448 0 452 0
0

0101000
+701 0 -706 0 *
Wi

0101100
+704 0 +702 0 +700 0 +699 0 *
Fa
0  1e-07 448 0

0111000
+698 0 *
Ve
1e-07
25.32 7.93 0.421
0 0

0101101
*
Ed
 1e-07 1 1 0
1  992 0 0 0.015
4 C0 449 0 452 0
0

0101000
+706 0 -696 0 *
Ve
1e-07
25.32 7.38 0.421
0 0

0101101
*
Ed
 1e-07 1 1 0
1  993 0 0 0.55
4 C0 449 0 453 0
0

0101000
+696 0 -694 0 *
Ed
 1e-07 1 1 0
1  994 0 0 0.015
4 C0 449 0 450 0
0

0101000
+705 0 -694 0 *
Wi

0101100
+695 0 +693 0 -692 0 -704 0 *
Fa
0  1e-07 449 0

0111000
+691 0 *
Ve
1e-07
25.94 7.93 0.421
0 0

0101101
*
Ed
 1e-07 1 1 0
1  995 0 0 0.015
4 C0 452 0 451 0
0

0101000
+701 0 -689 0 *
Ed
 1e-07 1 1 0
1  996 0 0 0.620000000000001
4 C0 452 0 453 0
0

0101000
+689 0 -696 0 *
Wi

0101100
+688 0 +687 0 -695 0 -699 0 *
Fa
0  1e-07 452 0

0111000
+686 0 *
Ve
1e-07
25.94 7.38 0.421
0 0

0101101
*
Ed
 1e-07 1 1 0
1  997 0 0 0.015
4 C0 451 0 450 0
0

0101000
+703 0 -684 0 *
Ed
 1e-07 1 1 0
1  998 0 0 0.55
4 C0 451 0 453 0
0

0101000
+684 0 -689 0 *
Wi

0101100
+683 0 +682 0 -688 0 -700 0 *
Fa
0  1e-07 451 0

0111000
+681 0 *
Ed
 1e-07 1 1 0
1  999 0 0 0.620000000000001
4 C0 450 0 453 0
0

0101000
+694 0 -684 0 *
Wi

0101100
+692 0 +679 0 -683 0 -702 0 *
Fa
0  1e-07 450 0

0111000
+678 0 *
Wi

0101100
+693 0 +679 0 +682 0 +687 0 *
Fa
0  1e-07 453 0

0111000
+676 0 *
Sh

0101100
-697 0 -690 0 -685 0 -680 0 -677 0 +675 0 *
So

0100000
+674 0 *
Ve
1e-07
25.32 8.74 0.406
0 0

0101101
*
Ve
1e-07
25.32 8.19 0.406
0 0

0101101
*
Ed
 1e-07 1 1 0
1  1000 0 0 0.550000000000001
4 C0 454 0 455 0
0

0101000
+672 0 -671 0 *
Ve
1e-07
25.94 8.19 0.406
0 0

0101101
*
Ed
 1e-07 1 1 0
1  1001 0 0 0.620000000000001
4 C0 454 0 456 0
0

0101000
+671 0 -669 0 *
Ve
1e-07
25.94 8.74 0.406
0 0

0101101
*
Ed
 1e-07 1 1 0
1  1002 0 0 0.550000000000001
4 C0 454 0 457 0
0

0101000
+669 0 -667 0 *
Ed
 1e-07 1 1 0
1  1003 0 0 0.620000000000001
4 C0 454 0 458 0
0

0101000
+667 0 -672 0 *
Wi

0101100
+670 0 +668 0 +666 0 +665 0 *
Fa
0  1e-07 454 0

0111000
+664 0 *
Ve
1e-07
25.32 8.74 0.421
0 0

0101101
*
Ed
 1e-07 1 1 0
1  1004 0 0 0.015
4 C0 455 0 458 0
0

0101000
+672 0 -662 0 *
Ve
1e-07
25.32 8.19 0.421
0 0

0101101
*
Ed
 1e-07 1 1 0
1  1005 0 0 0.550000000000001
4 C0 455 0 459 0
0

0101000
+662 0 -660 0 *
Ed
 1e-07 1 1 0
1  1006 0 0 0.015
4 C0 455 0 456 0
0

0101000
+671 0 -660 0 *
Wi

0101100
+661 0 +659 0 -658 0 -670 0 *
Fa
0  1e-07 455 0

0111000
+657 0 *
Ve
1e-07
25.94 8.74 0.421
0 0

0101101
*
Ed
 1e-07 1 1 0
1  1007 0 0 0.015
4 C0 458 0 457 0
0

0101000
+667 0 -655 0 *
Ed
 1e-07 1 1 0
1  1008 0 0 0.620000000000001
4 C0 458 0 459 0
0

0101000
+655 0 -662 0 *
Wi

0101100
+654 0 +653 0 -661 0 -665 0 *
Fa
0  1e-07 458 0

0111000
+652 0 *
Ve
1e-07
25.94 8.19 0.421
0 0

0101101
*
Ed
 1e-07 1 1 0
1  1009 0 0 0.015
4 C0 457 0 456 0
0

0101000
+669 0 -650 0 *
Ed
 1e-07 1 1 0
1  1010 0 0 0.550000000000001
4 C0 457 0 459 0
0

0101000
+650 0 -655 0 *
Wi

0101100
+649 0 +648 0 -654 0 -666 0 *
Fa
0  1e-07 457 0

0111000
+647 0 *
Ed
 1e-07 1 1 0
1  1011 0 0 0.620000000000001
4 C0 456 0 459 0
0

0101000
+660 0 -650 0 *
Wi

0101100
+658 0 +645 0 -649 0 -668 0 *
Fa
0  1e-07 456 0

0111000
+644 0 *
Wi

0101100
+659 0 +645 0 +648 0 +653 0 *
Fa
0  1e-07 459 0

0111000
+642 0 *
Sh

0101100
-663 0 -656 0 -651 0 -646 0 -643 0 +641 0 *
So

0100000
+640 0 *
Ve
1e-07
26.26 7.93 0.406
0 0

0101101
*
Ve
1e-07
26.26 7.38 0.406
0 0

0101101
*
Ed
 1e-07 1 1 0
1  1012 0 0 0.55
4 C0 460 0 461 0
0

0101000
+638 0 -637 0 *
Ve
1e-07
26.88 7.38 0.406
0 0

0101101
*
Ed
 1e-07 1 1 0
1  1013 0 0 0.619999999999997
4 C0 460 0 462 0
0

0101000
+637 0 -635 0 *
Ve
1e-07
26.88 7.93 0.406
0 0

0101101
*
Ed
 1e-07 1 1 0
1  1014 0 0 0.55
4 C0 460 0 463 0
0

0101000
+635 0 -633 0 *
Ed
 1e-07 1 1 0
1  1015 0 0 0.619999999999997
4 C0 460 0 464 0
0

0101000
+633 0 -638 0 *
Wi

0101100
+636 0 +634 0 +632 0 +631 0 *
Fa
0  1e-07 460 0

0111000
+630 0 *
Ve
1e-07
26.26 7.93 0.421
0 0

0101101
*
Ed
 1e-07 1 1 0
1  1016 0 0 0.015
4 C0 461 0 464 0
0

0101000
+638 0 -628 0 *
Ve
1e-07
26.26 7.38 0.421
0 0

0101101
*
Ed
 1e-07 1 1 0
1  1017 0 0 0.55
4 C0 461 0 465 0
0

0101000
+628 0 -626 0 *
Ed
 1e-07 1 1 0
1  1018 0 0 0.015
4 C0 461 0 462 0
0

0101000
+637 0 -626 0 *
Wi

0101100
+627 0 +625 0 -624 0 -636 0 *
Fa
0  1e-07 461 0

0111000
+623 0 *
Ve
1e-07
26.88 7.93 0.421
0 0

0101101
*
Ed
 1e-07 1 1 0
1  1019 0 0 0.015
4 C0 464 0 463 0
0

0101000
+633 0 -621 0 *
Ed
 1e-07 1 1 0
1  1020 0 0 0.619999999999997
4 C0 464 0 465 0
0

0101000
+621 0 -628 0 *
Wi

0101100
+620 0 +619 0 -627 0 -631 0 *
Fa
0  1e-07 464 0

0111000
+618 0 *
Ve
1e-07
26.88 7.38 0.421
0 0

0101101
*
Ed
 1e-07 1 1 0
1  1021 0 0 0.015
4 C0 463 0 462 0
0

0101000
+635 0 -616 0 *
Ed
 1e-07 1 1 0
1  1022 0 0 0.55
4 C0 463 0 465 0
0

0101000
+616 0 -621 0 *
Wi

0101100
+615 0 +614 0 -620 0 -632 0 *
Fa
0  1e-07 463 0

0111000
+613 0 *
Ed
 1e-07 1 1 0
1  1023 0 0 0.619999999999997
4 C0 462 0 465 0
0

0101000
+626 0 -616 0 *
Wi

0101100
+624 0 +611 0 -615 0 -634 0 *
Fa
0  1e-07 462 0

0111000
+610 0 *
Wi

0101100
+625 0 +611 0 +614 0 +619 0 *
Fa
0  1e-07 465 0

0111000
+608 0 *
Sh

0101100
-629 0 -622 0 -617 0 -612 0 -609 0 +607 0 *
So

0100000
+606 0 *
Ve
1e-07
26.26 8.74 0.406
0 0

0101101
*
Ve
1e-07
26.26 8.19 0.406
0 0

0101101
*
Ed
 1e-07 1 1 0
1  1024 0 0 0.550000000000001
4 C0 466 0 467 0
0

0101000
+604 0 -603 0 *
Ve
1e-07
26.88 8.19 0.406
0 0

0101101
*
Ed
 1e-07 1 1 0
1  1025 0 0 0.619999999999997
4 C0 466 0 468 0
0

0101000
+603 0 -601 0 *
Ve
1e-07
26.88 8.74 0.406
0 0

0101101
*
Ed
 1e-07 1 1 0
1  1026 0 0 0.550000000000001
4 C0 466 0 469 0
0

0101000
+601 0 -599 0 *
Ed
 1e-07 1 1 0
1  1027 0 0 0.619999999999997
4 C0 466 0 470 0
0

0101000
+599 0 -604 0 *
Wi

0101100
+602 0 +600 0 +598 0 +597 0 *
Fa
0  1e-07 466 0

0111000
+596 0 *
Ve
1e-07
26.26 8.74 0.421
0 0

0101101
*
Ed
 1e-07 1 1 0
1  1028 0 0 0.015
4 C0 467 0 470 0
0

0101000
+604 0 -594 0 *
Ve
1e-07
26.26 8.19 0.421
0 0

0101101
*
Ed
 1e-07 1 1 0
1  1029 0 0 0.550000000000001
4 C0 467 0 471 0
0

0101000
+594 0 -592 0 *
Ed
 1e-07 1 1 0
1  1030 0 0 0.015
4 C0 467 0 468 0
0

0101000
+603 0 -592 0 *
Wi

0101100
+593 0 +591 0 -590 0 -602 0 *
Fa
0  1e-07 467 0

0111000
+589 0 *
Ve
1e-07
26.88 8.74 0.421
0 0

0101101
*
Ed
 1e-07 1 1 0
1  1031 0 0 0.015
4 C0 470 0 469 0
0

0101000
+599 0 -587 0 *
Ed
 1e-07 1 1 0
1  1032 0 0 0.619999999999997
4 C0 470 0 471 0
0

0101000
+587 0 -594 0 *
Wi

0101100
+586 0 +585 0 -593 0 -597 0 *
Fa
0  1e-07 470 0

0111000
+584 0 *
Ve
1e-07
26.88 8.19 0.421
0 0

0101101
*
Ed
 1e-07 1 1 0
1  1033 0 0 0.015
4 C0 469 0 468 0
0

0101000
+601 0 -582 0 *
Ed
 1e-07 1 1 0
1  1034 0 0 0.550000000000001
4 C0 469 0 471 0
0

0101000
+582 0 -587 0 *
Wi

0101100
+581 0 +580 0 -586 0 -598 0 *
Fa
0  1e-07 469 0

0111000
+579 0 *
Ed
 1e-07 1 1 0
1  1035 0 0 0.619999999999997
4 C0 468 0 471 0
0

0101000
+592 0 -582 0 *
Wi

0101100
+590 0 +577 0 -581 0 -600 0 *
Fa
0  1e-07 468 0

0111000
+576 0 *
Wi

0101100
+591 0 +577 0 +580 0 +585 0 *
Fa
0  1e-07 471 0

0111000
+574 0 *
Sh

0101100
-595 0 -588 0 -583 0 -578 0 -575 0 +573 0 *
So

0100000
+572 0 *
Ve
1e-07
25.445 9.225 0.406
0 0

0101101
*
Ed
 1e-07 1 1 0
1  1036 0 0 6.28318530717959
2  425 473 0 0 6.28318530717959
4 C0 472 0 473 0
0

0101100
+570 0 -570 0 *
Wi

0101100
+569 0 *
Fa
0  1e-07 472 0

0111000
+568 0 *
Ve
1e-07
25.445 9.225 0.421
0 0

0101101
*
Ed
 1e-07 1 1 0
1  1037 0 0 0.015
3  426 427CN 473 0 0 0.015
0

0101000
+570 0 -566 0 *
Ed
 1e-07 1 1 0
1  1038 0 0 6.28318530717959
2  428 473 0 0 6.28318530717959
4 C0 473 0 474 0
0

0101100
+566 0 -566 0 *
Wi

0101100
+569 0 +565 0 -564 0 -565 0 *
Fa
0  1e-07 473 0

0111000
+563 0 *
Wi

0101100
+564 0 *
Fa
0  1e-07 474 0

0111000
+561 0 *
Sh

0101100
-567 0 +562 0 +560 0 *
So

0100000
+559 0 *
Ve
1e-07
25.795 9.225 0.406
0 0

0101101
*
Ed
 1e-07 1 1 0
1  1039 0 0 6.28318530717959
2  429 476 0 0 6.28318530717959
4 C0 475 0 476 0
0

0101100
+557 0 -557 0 *
Wi

0101100
+556 0 *
Fa
0  1e-07 475 0

0111000
+555 0 *
Ve
1e-07
25.795 9.225 0.421
0 0

0101101
*
Ed
 1e-07 1 1 0
1  1040 0 0 0.015
3  430 431CN 476 0 0 0.015
0

0101000
+557 0 -553 0 *
Ed
 1e-07 1 1 0
1  1041 0 0 6.28318530717959
2  432 476 0 0 6.28318530717959
4 C0 476 0 477 0
0

0101100
+553 0 -553 0 *
Wi

0101100
+556 0 +552 0 -551 0 -552 0 *
Fa
0  1e-07 476 0

0111000
+550 0 *
Wi

0101100
+551 0 *
Fa
0  1e-07 477 0

0111000
+548 0 *
Sh

0101100
-554 0 +549 0 +547 0 *
So

0100000
+546 0 *
Ve
1e-07
26.145 9.225 0.406
0 0

0101101
*
Ed
 1e-07 1 1 0
1  1042 0 0 6.28318530717959
2  433 479 0 0 6.28318530717959
4 C0 478 0 479 0
0

0101100
+544 0 -544 0 *
Wi

0101100
+543 0 *
Fa
0  1e-07 478 0

0111000
+542 0 *
Ve
1e-07
26.145 9.225 0.421
0 0

0101101
*
Ed
 1e-07 1 1 0
1  1043 0 0 0.015
3  434 435CN 479 0 0 0.015
0

0101000
+544 0 -540 0 *
Ed
 1e-07 1 1 0
1  1044 0 0 6.28318530717959
2  436 479 0 0 6.28318530717959
4 C0 479 0 480 0
0

0101100
+540 0 -540 0 *
Wi

0101100
+543 0 +539 0 -538 0 -539 0 *
Fa
0  1e-07 479 0

0111000
+537 0 *
Wi

0101100
+538 0 *
Fa
0  1e-07 480 0

0111000
+535 0 *
Sh

0101100
-541 0 +536 0 +534 0 *
So

0100000
+533 0 *
Ve
1e-07
26.495 9.225 0.406
0 0

0101101
*
Ed
 1e-07 1 1 0
1  1045 0 0 6.28318530717959
2  437 482 0 0 6.28318530717959
4 C0 481 0 482 0
0

0101100
+531 0 -531 0 *
Wi

0101100
+530 0 *
Fa
0  1e-07 481 0

0111000
+529 0 *
Ve
1e-07
26.495 9.225 0.421
0 0

0101101
*
Ed
 1e-07 1 1 0
1  1046 0 0 0.015
3  438 439CN 482 0 0 0.015
0

0101000
+531 0 -527 0 *
Ed
 1e-07 1 1 0
1  1047 0 0 6.28318530717959
2  440 482 0 0 6.28318530717959
4 C0 482 0 483 0
0

0101100
+527 0 -527 0 *
Wi

0101100
+530 0 +526 0 -525 0 -526 0 *
Fa
0  1e-07 482 0

0111000
+524 0 *
Wi

0101100
+525 0 *
Fa
0  1e-07 483 0

0111000
+522 0 *
Sh

0101100
-528 0 +523 0 +521 0 *
So

0100000
+520 0 *
Ve
1e-07
25.445 9.575 0.406
0 0

0101101
*
Ed
 1e-07 1 1 0
1  1048 0 0 6.28318530717959
2  441 485 0 0 6.28318530717959
4 C0 484 0 485 0
0

0101100
+518 0 -518 0 *
Wi

0101100
+517 0 *
Fa
0  1e-07 484 0

0111000
+516 0 *
Ve
1e-07
25.445 9.575 0.421
0 0

0101101
*
Ed
 1e-07 1 1 0
1  1049 0 0 0.015
3  442 443CN 485 0 0 0.015
0

0101000
+518 0 -514 0 *
Ed
 1e-07 1 1 0
1  1050 0 0 6.28318530717959
2  444 485 0 0 6.28318530717959
4 C0 485 0 486 0
0

0101100
+514 0 -514 0 *
Wi

0101100
+517 0 +513 0 -512 0 -513 0 *
Fa
0  1e-07 485 0

0111000
+511 0 *
Wi

0101100
+512 0 *
Fa
0  1e-07 486 0

0111000
+509 0 *
Sh

0101100
-515 0 +510 0 +508 0 *
So

0100000
+507 0 *
Ve
1e-07
25.795 9.575 0.406
0 0

0101101
*
Ed
 1e-07 1 1 0
1  1051 0 0 6.28318530717959
2  445 488 0 0 6.28318530717959
4 C0 487 0 488 0
0

0101100
+505 0 -505 0 *
Wi

0101100
+504 0 *
Fa
0  1e-07 487 0

0111000
+503 0 *
Ve
1e-07
25.795 9.575 0.421
0 0

0101101
*
Ed
 1e-07 1 1 0
1  1052 0 0 0.015
3  446 447CN 488 0 0 0.015
0

0101000
+505 0 -501 0 *
Ed
 1e-07 1 1 0
1  1053 0 0 6.28318530717959
2  448 488 0 0 6.28318530717959
4 C0 488 0 489 0
0

0101100
+501 0 -501 0 *
Wi

0101100
+504 0 +500 0 -499 0 -500 0 *
Fa
0  1e-07 488 0

0111000
+498 0 *
Wi

0101100
+499 0 *
Fa
0  1e-07 489 0

0111000
+496 0 *
Sh

0101100
-502 0 +497 0 +495 0 *
So

0100000
+494 0 *
Ve
1e-07
26.145 9.575 0.406
0 0

0101101
*
Ed
 1e-07 1 1 0
1  1054 0 0 6.28318530717959
2  449 491 0 0 6.28318530717959
4 C0 490 0 491 0
0

0101100
+492 0 -492 0 *
Wi

0101100
+491 0 *
Fa
0  1e-07 490 0

0111000
+490 0 *
Ve
1e-07
26.145 9.575 0.421
0 0

0101101
*
Ed
 1e-07 1 1 0
1  1055 0 0 0.015
3  450 451CN 491 0 0 0.015
0

0101000
+492 0 -488 0 *
Ed
 1e-07 1 1 0
1  1056 0 0 6.28318530717959
2  452 491 0 0 6.28318530717959
4 C0 491 0 492 0
0

0101100
+488 0 -488 0 *
Wi

0101100
+491 0 +487 0 -486 0 -487 0 *
Fa
0  1e-07 491 0

0111000
+485 0 *
Wi

0101100
+486 0 *
Fa
0  1e-07 492 0

0111000
+483 0 *
Sh

0101100
-489 0 +484 0 +482 0 *
So

0100000
+481 0 *
Ve
1e-07
26.495 9.575 0.406
0 0

0101101
*
Ed
 1e-07 1 1 0
1  1057 0 0 6.28318530717959
2  453 494 0 0 6.28318530717959
4 C0 493 0 494 0
0

0101100
+479 0 -479 0 *
Wi

0101100
+478 0 *
Fa
0  1e-07 493 0

0111000
+477 0 *
Ve
1e-07
26.495 9.575 0.421
0 0

0101101
*
Ed
 1e-07 1 1 0
1  1058 0 0 0.015
3  454 455CN 494 0 0 0.015
0

0101000
+479 0 -475 0 *
Ed
 1e-07 1 1 0
1  1059 0 0 6.28318530717959
2  456 494 0 0 6.28318530717959
4 C0 494 0 495 0
0

0101100
+475 0 -475 0 *
Wi

0101100
+478 0 +474 0 -473 0 -474 0 *
Fa
0  1e-07 494 0

0111000
+472 0 *
Wi

0101100
+473 0 *
Fa
0  1e-07 495 0

0111000
+470 0 *
Sh

0101100
-476 0 +471 0 +469 0 *
So

0100000
+468 0 *
Ve
1e-07
27.41 8.748 0.406
0 0

0101101
*
Ve
1e-07
27.41 8.892 0.406
0 0

0101101
*
Ed
 1e-07 1 1 0
1  1060 0 0 0.144
4 C0 496 0 497 0
0

0101000
+466 0 -465 0 *
Ve
1e-07
27.362 8.94 0.406
0 0

0101101
*
Ed
 1e-07 1 1 0
1  1061 0 0 1.5707963267949
2  457 498 0 0 1.5707963267949
4 C0 496 0 498 0
0

0101000
+465 0 -463 0 *
Ve
1e-07
27.218 8.94 0.406
0 0

0101101
*
Ed
 1e-07 1 1 0
1  1062 0 0 0.143999999999998
4 C0 496 0 499 0
0

0101000
+463 0 -461 0 *
Ve
1e-07
27.17 8.892 0.406
0 0

0101101
*
Ed
 1e-07 1 1 0
1  1063 0 1.5707963267949 3.14159265358979
2  458 500 0 1.5707963267949 3.14159265358979
4 C0 496 0 500 0
0

0101000
+461 0 -459 0 *
Ve
1e-07
27.17 8.748 0.406
0 0

0101101
*
Ed
 1e-07 1 1 0
1  1064 0 0 0.144
4 C0 496 0 501 0
0

0101000
+459 0 -457 0 *
Ve
1e-07
27.218 8.7 0.406
0 0

0101101
*
Ed
 1e-07 1 1 0
1  1065 0 3.14159265358979 4.71238898038469
2  459 502 0 3.14159265358979 4.71238898038469
4 C0 496 0 502 0
0

0101000
+457 0 -455 0 *
Ve
1e-07
27.362 8.7 0.406
0 0

0101101
*
Ed
 1e-07 1 1 0
1  1066 0 0 0.143999999999998
4 C0 496 0 503 0
0

0101000
+455 0 -453 0 *
Ed
 1e-07 1 1 0
1  1067 0 4.71238898038469 6.28318530717959
2  460 504 0 4.71238898038469 6.28318530717959
4 C0 496 0 504 0
0

0101000
+453 0 -466 0 *
Wi

0101100
+464 0 +462 0 +460 0 +458 0 +456 0 +454 0 +452 0 +451 0 *
Fa
0  1e-07 496 0

0111000
+450 0 *
Ve
1e-07
27.41 8.748 0.421
0 0

0101101
*
Ed
 1e-07 1 1 0
1  1068 0 0 0.015
2  461 504 0 0 0.015
4 G1 497 0 504 0
0

0101000
+466 0 -448 0 *
Ve
1e-07
27.41 8.892 0.421
0 0

0101101
*
Ed
 1e-07 1 1 0
1  1069 0 0 0.144
4 C0 497 0 505 0
0

0101000
+448 0 -446 0 *
Ed
 1e-07 1 1 0
1  1070 0 0 0.015
2  462 498 0 0 0.015
4 G1 497 0 498 0
0

0101000
+465 0 -446 0 *
Wi

0101100
+447 0 +445 0 -444 0 -464 0 *
Fa
0  1e-07 497 0

0111000
+443 0 *
Ve
1e-07
27.362 8.7 0.421
0 0

0101101
*
Ed
 1e-07 1 1 0
1  1071 0 4.71238898038469 6.28318530717959
2  463 504 0 4.71238898038469 6.28318530717959
4 C0 504 0 505 0
0

0101000
+441 0 -448 0 *
Ed
 1e-07 1 1 0
1  1072 0 0 0.015
2  464 504 0 0 0.015
4 G1 504 0 503 0
0

0101000
+453 0 -441 0 *
Wi

0101100
+451 0 +447 0 -440 0 -439 0 *
Fa
0  1e-07 504 0

0111000
+438 0 *
Ve
1e-07
27.218 8.7 0.421
0 0

0101101
*
Ed
 1e-07 1 1 0
1  1073 0 0 0.015
2  465 502 0 0 0.015
4 G1 503 0 502 0
0

0101000
+455 0 -436 0 *
Ed
 1e-07 1 1 0
1  1074 0 0 0.143999999999998
4 C0 503 0 505 0
0

0101000
+436 0 -441 0 *
Wi

0101100
+435 0 +434 0 -439 0 -452 0 *
Fa
0  1e-07 503 0

0111000
+433 0 *
Ve
1e-07
27.17 8.748 0.421
0 0

0101101
*
Ed
 1e-07 1 1 0
1  1075 0 3.14159265358979 4.71238898038469
2  466 502 0 3.14159265358979 4.71238898038469
4 C0 502 0 505 0
0

0101000
+431 0 -436 0 *
Ed
 1e-07 1 1 0
1  1076 0 0 0.015
2  467 502 0 0 0.015
4 G1 502 0 501 0
0

0101000
+457 0 -431 0 *
Wi

0101100
+454 0 +435 0 -430 0 -429 0 *
Fa
0  1e-07 502 0

0111000
+428 0 *
Ve
1e-07
27.17 8.892 0.421
0 0

0101101
*
Ed
 1e-07 1 1 0
1  1077 0 0 0.015
2  468 500 0 0 0.015
4 G1 501 0 500 0
0

0101000
+459 0 -426 0 *
Ed
 1e-07 1 1 0
1  1078 0 0 0.144
4 C0 501 0 505 0
0

0101000
+426 0 -431 0 *
Wi

0101100
+425 0 +424 0 -429 0 -456 0 *
Fa
0  1e-07 501 0

0111000
+423 0 *
Ve
1e-07
27.218 8.94 0.421
0 0

0101101
*
Ed
 1e-07 1 1 0
1  1079 0 1.5707963267949 3.14159265358979
2  469 500 0 1.5707963267949 3.14159265358979
4 C0 500 0 505 0
0

0101000
+421 0 -426 0 *
Ed
 1e-07 1 1 0
1  1080 0 0 0.015
2  470 500 0 0 0.015
4 G1 500 0 499 0
0

0101000
+461 0 -421 0 *
Wi

0101100
+458 0 +425 0 -420 0 -419 0 *
Fa
0  1e-07 500 0

0111000
+418 0 *
Ve
1e-07
27.362 8.94 0.421
0 0

0101101
*
Ed
 1e-07 1 1 0
1  1081 0 0 0.015
2  471 498 0 0 0.015
4 G1 499 0 498 0
0

0101000
+463 0 -416 0 *
Ed
 1e-07 1 1 0
1  1082 0 0 0.143999999999998
4 C0 499 0 505 0
0

0101000
+416 0 -421 0 *
Wi

0101100
+415 0 +414 0 -419 0 -460 0 *
Fa
0  1e-07 499 0

0111000
+413 0 *
Ed
 1e-07 1 1 0
1  1083 0 0 1.5707963267949
2  472 498 0 0 1.5707963267949
4 C0 498 0 505 0
0

0101000
+446 0 -416 0 *
Wi

0101100
+462 0 +415 0 -411 0 -444 0 *
Fa
0  1e-07 498 0

0111000
+410 0 *
Wi

0101100
+445 0 +411 0 +414 0 +420 0 +424 0 +430 0 +434 0 +440 0 *
Fa
0  1e-07 505 0

0111000
+408 0 *
Sh

0101100
-449 0 -442 0 +437 0 -432 0 +427 0 -422 0 +417 0 -412 0 +409 0 +407 0 
*
So

0100000
+406 0 *
Ve
1e-07
26.91 9.395 0.406
0 0

0101101
*
Ve
1e-07
26.91 9.225 0.406
0 0

0101101
*
Ed
 1e-07 1 1 0
1  1084 0 0 0.17
4 C0 506 0 507 0
0

0101000
+404 0 -403 0 *
Ve
1e-07
27.26 9.225 0.406
0 0

0101101
*
Ed
 1e-07 1 1 0
1  1085 0 0 0.350000000000001
4 C0 506 0 508 0
0

0101000
+403 0 -401 0 *
Ve
1e-07
27.26 9.395 0.406
0 0

0101101
*
Ed
 1e-07 1 1 0
1  1086 0 0 0.17
4 C0 506 0 509 0
0

0101000
+401 0 -399 0 *
Ed
 1e-07 1 1 0
1  1087 0 0 0.350000000000001
4 C0 506 0 510 0
0

0101000
+399 0 -404 0 *
Wi

0101100
+402 0 +400 0 +398 0 +397 0 *
Fa
0  1e-07 506 0

0111000
+396 0 *
Ve
1e-07
26.91 9.395 0.421
0 0

0101101
*
Ed
 1e-07 1 1 0
1  1088 0 0 0.015
4 C0 507 0 510 0
0

0101000
+404 0 -394 0 *
Ve
1e-07
26.91 9.225 0.421
0 0

0101101
*
Ed
 1e-07 1 1 0
1  1089 0 0 0.17
4 C0 507 0 511 0
0

0101000
+394 0 -392 0 *
Ed
 1e-07 1 1 0
1  1090 0 0 0.015
4 C0 507 0 508 0
0

0101000
+403 0 -392 0 *
Wi

0101100
+393 0 +391 0 -390 0 -402 0 *
Fa
0  1e-07 507 0

0111000
+389 0 *
Ve
1e-07
27.26 9.395 0.421
0 0

0101101
*
Ed
 1e-07 1 1 0
1  1091 0 0 0.015
4 C0 510 0 509 0
0

0101000
+399 0 -387 0 *
Ed
 1e-07 1 1 0
1  1092 0 0 0.350000000000001
4 C0 510 0 511 0
0

0101000
+387 0 -394 0 *
Wi

0101100
+386 0 +385 0 -393 0 -397 0 *
Fa
0  1e-07 510 0

0111000
+384 0 *
Ve
1e-07
27.26 9.225 0.421
0 0

0101101
*
Ed
 1e-07 1 1 0
1  1093 0 0 0.015
4 C0 509 0 508 0
0

0101000
+401 0 -382 0 *
Ed
 1e-07 1 1 0
1  1094 0 0 0.17
4 C0 509 0 511 0
0

0101000
+382 0 -387 0 *
Wi

0101100
+381 0 +380 0 -386 0 -398 0 *
Fa
0  1e-07 509 0

0111000
+379 0 *
Ed
 1e-07 1 1 0
1  1095 0 0 0.350000000000001
4 C0 508 0 511 0
0

0101000
+392 0 -382 0 *
Wi

0101100
+390 0 +377 0 -381 0 -400 0 *
Fa
0  1e-07 508 0

0111000
+376 0 *
Wi

0101100
+391 0 +377 0 +380 0 +385 0 *
Fa
0  1e-07 511 0

0111000
+374 0 *
Sh

0101100
-395 0 -388 0 -383 0 -378 0 -375 0 +373 0 *
So

0100000
+372 0 *
Ve
1e-07
26.91 9.795 0.406
0 0

0101101
*
Ve
1e-07
26.91 9.625 0.406
0 0

0101101
*
Ed
 1e-07 1 1 0
1  1096 0 0 0.17
4 C0 512 0 513 0
0

0101000
+370 0 -369 0 *
Ve
1e-07
27.26 9.625 0.406
0 0

0101101
*
Ed
 1e-07 1 1 0
1  1097 0 0 0.350000000000001
4 C0 512 0 514 0
0

0101000
+369 0 -367 0 *
Ve
1e-07
27.26 9.795 0.406
0 0

0101101
*
Ed
 1e-07 1 1 0
1  1098 0 0 0.17
4 C0 512 0 515 0
0

0101000
+367 0 -365 0 *
Ed
 1e-07 1 1 0
1  1099 0 0 0.350000000000001
4 C0 512 0 516 0
0

0101000
+365 0 -370 0 *
Wi

0101100
+368 0 +366 0 +364 0 +363 0 *
Fa
0  1e-07 512 0

0111000
+362 0 *
Ve
1e-07
26.91 9.795 0.421
0 0

0101101
*
Ed
 1e-07 1 1 0
1  1100 0 0 0.015
4 C0 513 0 516 0
0

0101000
+370 0 -360 0 *
Ve
1e-07
26.91 9.625 0.421
0 0

0101101
*
Ed
 1e-07 1 1 0
1  1101 0 0 0.17
4 C0 513 0 517 0
0

0101000
+360 0 -358 0 *
Ed
 1e-07 1 1 0
1  1102 0 0 0.015
4 C0 513 0 514 0
0

0101000
+369 0 -358 0 *
Wi

0101100
+359 0 +357 0 -356 0 -368 0 *
Fa
0  1e-07 513 0

0111000
+355 0 *
Ve
1e-07
27.26 9.795 0.421
0 0

0101101
*
Ed
 1e-07 1 1 0
1  1103 0 0 0.015
4 C0 516 0 515 0
0

0101000
+365 0 -353 0 *
Ed
 1e-07 1 1 0
1  1104 0 0 0.350000000000001
4 C0 516 0 517 0
0

0101000
+353 0 -360 0 *
Wi

0101100
+352 0 +351 0 -359 0 -363 0 *
Fa
0  1e-07 516 0

0111000
+350 0 *
Ve
1e-07
27.26 9.625 0.421
0 0

0101101
*
Ed
 1e-07 1 1 0
1  1105 0 0 0.015
4 C0 515 0 514 0
0

0101000
+367 0 -348 0 *
Ed
 1e-07 1 1 0
1  1106 0 0 0.17
4 C0 515 0 517 0
0

0101000
+348 0 -353 0 *
Wi

0101100
+347 0 +346 0 -352 0 -364 0 *
Fa
0  1e-07 515 0

0111000
+345 0 *
Ed
 1e-07 1 1 0
1  1107 0 0 0.350000000000001
4 C0 514 0 517 0
0

0101000
+358 0 -348 0 *
Wi

0101100
+356 0 +343 0 -347 0 -366 0 *
Fa
0  1e-07 514 0

0111000
+342 0 *
Wi

0101100
+357 0 +343 0 +346 0 +351 0 *
Fa
0  1e-07 517 0

0111000
+340 0 *
Sh

0101100
-361 0 -354 0 -349 0 -344 0 -341 0 +339 0 *
So

0100000
+338 0 *
Ve
1e-07
27.83 8.748 0.406
0 0

0101101
*
Ve
1e-07
27.83 8.892 0.406
0 0

0101101
*
Ed
 1e-07 1 1 0
1  1108 0 0 0.144
4 C0 518 0 519 0
0

0101000
+336 0 -335 0 *
Ve
1e-07
27.782 8.94 0.406
0 0

0101101
*
Ed
 1e-07 1 1 0
1  1109 0 0 1.5707963267949
2  473 520 0 0 1.5707963267949
4 C0 518 0 520 0
0

0101000
+335 0 -333 0 *
Ve
1e-07
27.638 8.94 0.406
0 0

0101101
*
Ed
 1e-07 1 1 0
1  1110 0 0 0.143999999999998
4 C0 518 0 521 0
0

0101000
+333 0 -331 0 *
Ve
1e-07
27.59 8.892 0.406
0 0

0101101
*
Ed
 1e-07 1 1 0
1  1111 0 1.5707963267949 3.14159265358979
2  474 522 0 1.5707963267949 3.14159265358979
4 C0 518 0 522 0
0

0101000
+331 0 -329 0 *
Ve
1e-07
27.59 8.748 0.406
0 0

0101101
*
Ed
 1e-07 1 1 0
1  1112 0 0 0.144
4 C0 518 0 523 0
0

0101000
+329 0 -327 0 *
Ve
1e-07
27.638 8.7 0.406
0 0

0101101
*
Ed
 1e-07 1 1 0
1  1113 0 3.14159265358979 4.71238898038469
2  475 524 0 3.14159265358979 4.71238898038469
4 C0 518 0 524 0
0

0101000
+327 0 -325 0 *
Ve
1e-07
27.782 8.7 0.406
0 0

0101101
*
Ed
 1e-07 1 1 0
1  1114 0 0 0.143999999999998
4 C0 518 0 525 0
0

0101000
+325 0 -323 0 *
Ed
 1e-07 1 1 0
1  1115 0 4.71238898038469 6.28318530717959
2  476 526 0 4.71238898038469 6.28318530717959
4 C0 518 0 526 0
0

0101000
+323 0 -336 0 *
Wi

0101100
+334 0 +332 0 +330 0 +328 0 +326 0 +324 0 +322 0 +321 0 *
Fa
0  1e-07 518 0

0111000
+320 0 *
Ve
1e-07
27.83 8.748 0.421
0 0

0101101
*
Ed
 1e-07 1 1 0
1  1116 0 0 0.015
2  477 526 0 0 0.015
4 G1 519 0 526 0
0

0101000
+336 0 -318 0 *
Ve
1e-07
27.83 8.892 0.421
0 0

0101101
*
Ed
 1e-07 1 1 0
1  1117 0 0 0.144
4 C0 519 0 527 0
0

0101000
+318 0 -316 0 *
Ed
 1e-07 1 1 0
1  1118 0 0 0.015
2  478 520 0 0 0.015
4 G1 519 0 520 0
0

0101000
+335 0 -316 0 *
Wi

0101100
+317 0 +315 0 -314 0 -334 0 *
Fa
0  1e-07 519 0

0111000
+313 0 *
Ve
1e-07
27.782 8.7 0.421
0 0

0101101
*
Ed
 1e-07 1 1 0
1  1119 0 4.71238898038469 6.28318530717959
2  479 526 0 4.71238898038469 6.28318530717959
4 C0 526 0 527 0
0

0101000
+311 0 -318 0 *
Ed
 1e-07 1 1 0
1  1120 0 0 0.015
2  480 526 0 0 0.015
4 G1 526 0 525 0
0

0101000
+323 0 -311 0 *
Wi

0101100
+321 0 +317 0 -310 0 -309 0 *
Fa
0  1e-07 526 0

0111000
+308 0 *
Ve
1e-07
27.638 8.7 0.421
0 0

0101101
*
Ed
 1e-07 1 1 0
1  1121 0 0 0.015
2  481 524 0 0 0.015
4 G1 525 0 524 0
0

0101000
+325 0 -306 0 *
Ed
 1e-07 1 1 0
1  1122 0 0 0.143999999999998
4 C0 525 0 527 0
0

0101000
+306 0 -311 0 *
Wi

0101100
+305 0 +304 0 -309 0 -322 0 *
Fa
0  1e-07 525 0

0111000
+303 0 *
Ve
1e-07
27.59 8.748 0.421
0 0

0101101
*
Ed
 1e-07 1 1 0
1  1123 0 3.14159265358979 4.71238898038469
2  482 524 0 3.14159265358979 4.71238898038469
4 C0 524 0 527 0
0

0101000
+301 0 -306 0 *
Ed
 1e-07 1 1 0
1  1124 0 0 0.015
2  483 524 0 0 0.015
4 G1 524 0 523 0
0

0101000
+327 0 -301 0 *
Wi

0101100
+324 0 +305 0 -300 0 -299 0 *
Fa
0  1e-07 524 0

0111000
+298 0 *
Ve
1e-07
27.59 8.892 0.421
0 0

0101101
*
Ed
 1e-07 1 1 0
1  1125 0 0 0.015
2  484 522 0 0 0.015
4 G1 523 0 522 0
0

0101000
+329 0 -296 0 *
Ed
 1e-07 1 1 0
1  1126 0 0 0.144
4 C0 523 0 527 0
0

0101000
+296 0 -301 0 *
Wi

0101100
+295 0 +294 0 -299 0 -326 0 *
Fa
0  1e-07 523 0

0111000
+293 0 *
Ve
1e-07
27.638 8.94 0.421
0 0

0101101
*
Ed
 1e-07 1 1 0
1  1127 0 1.5707963267949 3.14159265358979
2  485 522 0 1.5707963267949 3.14159265358979
4 C0 522 0 527 0
0

0101000
+291 0 -296 0 *
Ed
 1e-07 1 1 0
1  1128 0 0 0.015
2  486 522 0 0 0.015
4 G1 522 0 521 0
0

0101000
+331 0 -291 0 *
Wi

0101100
+328 0 +295 0 -290 0 -289 0 *
Fa
0  1e-07 522 0

0111000
+288 0 *
Ve
1e-07
27.782 8.94 0.421
0 0

0101101
*
Ed
 1e-07 1 1 0
1  1129 0 0 0.015
2  487 520 0 0 0.015
4 G1 521 0 520 0
0

0101000
+333 0 -286 0 *
Ed
 1e-07 1 1 0
1  1130 0 0 0.143999999999998
4 C0 521 0 527 0
0

0101000
+286 0 -291 0 *
Wi

0101100
+285 0 +284 0 -289 0 -330 0 *
Fa
0  1e-07 521 0

0111000
+283 0 *
Ed
 1e-07 1 1 0
1  1131 0 0 1.5707963267949
2  488 520 0 0 1.5707963267949
4 C0 520 0 527 0
0

0101000
+316 0 -286 0 *
Wi

0101100
+332 0 +285 0 -281 0 -314 0 *
Fa
0  1e-07 520 0

0111000
+280 0 *
Wi

0101100
+315 0 +281 0 +284 0 +290 0 +294 0 +300 0 +304 0 +310 0 *
Fa
0  1e-07 527 0

0111000
+278 0 *
Sh

0101100
-319 0 -312 0 +307 0 -302 0 +297 0 -292 0 +287 0 -282 0 +279 0 +277 0 
*
So

0100000
+276 0 *
Ve
1e-07
28.06 9.185 0.406
0 0

0101101
*
Ve
1e-07
28.06 8.96 0.406
0 0

0101101
*
Ed
 1e-07 1 1 0
1  1132 0 0 0.225
4 C0 528 0 529 0
0

0101000
+274 0 -273 0 *
Ve
1e-07
28.24 8.96 0.406
0 0

0101101
*
Ed
 1e-07 1 1 0
1  1133 0 0 0.18
4 C0 528 0 530 0
0

0101000
+273 0 -271 0 *
Ve
1e-07
28.24 9.185 0.406
0 0

0101101
*
Ed
 1e-07 1 1 0
1  1134 0 0 0.225
4 C0 528 0 531 0
0

0101000
+271 0 -269 0 *
Ed
 1e-07 1 1 0
1  1135 0 0 0.18
4 C0 528 0 532 0
0

0101000
+269 0 -274 0 *
Wi

0101100
+272 0 +270 0 +268 0 +267 0 *
Fa
0  1e-07 528 0

0111000
+266 0 *
Ve
1e-07
28.06 9.185 0.421
0 0

0101101
*
Ed
 1e-07 1 1 0
1  1136 0 0 0.015
4 C0 529 0 532 0
0

0101000
+274 0 -264 0 *
Ve
1e-07
28.06 8.96 0.421
0 0

0101101
*
Ed
 1e-07 1 1 0
1  1137 0 0 0.225
4 C0 529 0 533 0
0

0101000
+264 0 -262 0 *
Ed
 1e-07 1 1 0
1  1138 0 0 0.015
4 C0 529 0 530 0
0

0101000
+273 0 -262 0 *
Wi

0101100
+263 0 +261 0 -260 0 -272 0 *
Fa
0  1e-07 529 0

0111000
+259 0 *
Ve
1e-07
28.24 9.185 0.421
0 0

0101101
*
Ed
 1e-07 1 1 0
1  1139 0 0 0.015
4 C0 532 0 531 0
0

0101000
+269 0 -257 0 *
Ed
 1e-07 1 1 0
1  1140 0 0 0.18
4 C0 532 0 533 0
0

0101000
+257 0 -264 0 *
Wi

0101100
+256 0 +255 0 -263 0 -267 0 *
Fa
0  1e-07 532 0

0111000
+254 0 *
Ve
1e-07
28.24 8.96 0.421
0 0

0101101
*
Ed
 1e-07 1 1 0
1  1141 0 0 0.015
4 C0 531 0 530 0
0

0101000
+271 0 -252 0 *
Ed
 1e-07 1 1 0
1  1142 0 0 0.225
4 C0 531 0 533 0
0

0101000
+252 0 -257 0 *
Wi

0101100
+251 0 +250 0 -256 0 -268 0 *
Fa
0  1e-07 531 0

0111000
+249 0 *
Ed
 1e-07 1 1 0
1  1143 0 0 0.18
4 C0 530 0 533 0
0

0101000
+262 0 -252 0 *
Wi

0101100
+260 0 +247 0 -251 0 -270 0 *
Fa
0  1e-07 530 0

0111000
+246 0 *
Wi

0101100
+261 0 +247 0 +250 0 +255 0 *
Fa
0  1e-07 533 0

0111000
+244 0 *
Sh

0101100
-265 0 -258 0 -253 0 -248 0 -245 0 +243 0 *
So

0100000
+242 0 *
Ve
1e-07
28.44 9.185 0.406
0 0

0101101
*
Ve
1e-07
28.44 8.96 0.406
0 0

0101101
*
Ed
 1e-07 1 1 0
1  1144 0 0 0.225
4 C0 534 0 535 0
0

0101000
+240 0 -239 0 *
Ve
1e-07
28.62 8.96 0.406
0 0

0101101
*
Ed
 1e-07 1 1 0
1  1145 0 0 0.18
4 C0 534 0 536 0
0

0101000
+239 0 -237 0 *
Ve
1e-07
28.62 9.185 0.406
0 0

0101101
*
Ed
 1e-07 1 1 0
1  1146 0 0 0.225
4 C0 534 0 537 0
0

0101000
+237 0 -235 0 *
Ed
 1e-07 1 1 0
1  1147 0 0 0.18
4 C0 534 0 538 0
0

0101000
+235 0 -240 0 *
Wi

0101100
+238 0 +236 0 +234 0 +233 0 *
Fa
0  1e-07 534 0

0111000
+232 0 *
Ve
1e-07
28.44 9.185 0.421
0 0

0101101
*
Ed
 1e-07 1 1 0
1  1148 0 0 0.015
4 C0 535 0 538 0
0

0101000
+240 0 -230 0 *
Ve
1e-07
28.44 8.96 0.421
0 0

0101101
*
Ed
 1e-07 1 1 0
1  1149 0 0 0.225
4 C0 535 0 539 0
0

0101000
+230 0 -228 0 *
Ed
 1e-07 1 1 0
1  1150 0 0 0.015
4 C0 535 0 536 0
0

0101000
+239 0 -228 0 *
Wi

0101100
+229 0 +227 0 -226 0 -238 0 *
Fa
0  1e-07 535 0

0111000
+225 0 *
Ve
1e-07
28.62 9.185 0.421
0 0

0101101
*
Ed
 1e-07 1 1 0
1  1151 0 0 0.015
4 C0 538 0 537 0
0

0101000
+235 0 -223 0 *
Ed
 1e-07 1 1 0
1  1152 0 0 0.18
4 C0 538 0 539 0
0

0101000
+223 0 -230 0 *
Wi

0101100
+222 0 +221 0 -229 0 -233 0 *
Fa
0  1e-07 538 0

0111000
+220 0 *
Ve
1e-07
28.62 8.96 0.421
0 0

0101101
*
Ed
 1e-07 1 1 0
1  1153 0 0 0.015
4 C0 537 0 536 0
0

0101000
+237 0 -218 0 *
Ed
 1e-07 1 1 0
1  1154 0 0 0.225
4 C0 537 0 539 0
0

0101000
+218 0 -223 0 *
Wi

0101100
+217 0 +216 0 -222 0 -234 0 *
Fa
0  1e-07 537 0

0111000
+215 0 *
Ed
 1e-07 1 1 0
1  1155 0 0 0.18
4 C0 536 0 539 0
0

0101000
+228 0 -218 0 *
Wi

0101100
+226 0 +213 0 -217 0 -236 0 *
Fa
0  1e-07 536 0

0111000
+212 0 *
Wi

0101100
+227 0 +213 0 +216 0 +221 0 *
Fa
0  1e-07 539 0

0111000
+210 0 *
Sh

0101100
-231 0 -224 0 -219 0 -214 0 -211 0 +209 0 *
So

0100000
+208 0 *
Ve
1e-07
27.46 9.395 0.406
0 0

0101101
*
Ve
1e-07
27.46 9.225 0.406
0 0

0101101
*
Ed
 1e-07 1 1 0
1  1156 0 0 0.17
4 C0 540 0 541 0
0

0101000
+206 0 -205 0 *
Ve
1e-07
27.81 9.225 0.406
0 0

0101101
*
Ed
 1e-07 1 1 0
1  1157 0 0 0.349999999999998
4 C0 540 0 542 0
0

0101000
+205 0 -203 0 *
Ve
1e-07
27.81 9.395 0.406
0 0

0101101
*
Ed
 1e-07 1 1 0
1  1158 0 0 0.17
4 C0 540 0 543 0
0

0101000
+203 0 -201 0 *
Ed
 1e-07 1 1 0
1  1159 0 0 0.349999999999998
4 C0 540 0 544 0
0

0101000
+201 0 -206 0 *
Wi

0101100
+204 0 +202 0 +200 0 +199 0 *
Fa
0  1e-07 540 0

0111000
+198 0 *
Ve
1e-07
27.46 9.395 0.421
0 0

0101101
*
Ed
 1e-07 1 1 0
1  1160 0 0 0.015
4 C0 541 0 544 0
0

0101000
+206 0 -196 0 *
Ve
1e-07
27.46 9.225 0.421
0 0

0101101
*
Ed
 1e-07 1 1 0
1  1161 0 0 0.17
4 C0 541 0 545 0
0

0101000
+196 0 -194 0 *
Ed
 1e-07 1 1 0
1  1162 0 0 0.015
4 C0 541 0 542 0
0

0101000
+205 0 -194 0 *
Wi

0101100
+195 0 +193 0 -192 0 -204 0 *
Fa
0  1e-07 541 0

0111000
+191 0 *
Ve
1e-07
27.81 9.395 0.421
0 0

0101101
*
Ed
 1e-07 1 1 0
1  1163 0 0 0.015
4 C0 544 0 543 0
0

0101000
+201 0 -189 0 *
Ed
 1e-07 1 1 0
1  1164 0 0 0.349999999999998
4 C0 544 0 545 0
0

0101000
+189 0 -196 0 *
Wi

0101100
+188 0 +187 0 -195 0 -199 0 *
Fa
0  1e-07 544 0

0111000
+186 0 *
Ve
1e-07
27.81 9.225 0.421
0 0

0101101
*
Ed
 1e-07 1 1 0
1  1165 0 0 0.015
4 C0 543 0 542 0
0

0101000
+203 0 -184 0 *
Ed
 1e-07 1 1 0
1  1166 0 0 0.17
4 C0 543 0 545 0
0

0101000
+184 0 -189 0 *
Wi

0101100
+183 0 +182 0 -188 0 -200 0 *
Fa
0  1e-07 543 0

0111000
+181 0 *
Ed
 1e-07 1 1 0
1  1167 0 0 0.349999999999998
4 C0 542 0 545 0
0

0101000
+194 0 -184 0 *
Wi

0101100
+192 0 +179 0 -183 0 -202 0 *
Fa
0  1e-07 542 0

0111000
+178 0 *
Wi

0101100
+193 0 +179 0 +182 0 +187 0 *
Fa
0  1e-07 545 0

0111000
+176 0 *
Sh

0101100
-197 0 -190 0 -185 0 -180 0 -177 0 +175 0 *
So

0100000
+174 0 *
Ve
1e-07
27.46 9.795 0.406
0 0

0101101
*
Ve
1e-07
27.46 9.625 0.406
0 0

0101101
*
Ed
 1e-07 1 1 0
1  1168 0 0 0.17
4 C0 546 0 547 0
0

0101000
+172 0 -171 0 *
Ve
1e-07
27.81 9.625 0.406
0 0

0101101
*
Ed
 1e-07 1 1 0
1  1169 0 0 0.349999999999998
4 C0 546 0 548 0
0

0101000
+171 0 -169 0 *
Ve
1e-07
27.81 9.795 0.406
0 0

0101101
*
Ed
 1e-07 1 1 0
1  1170 0 0 0.17
4 C0 546 0 549 0
0

0101000
+169 0 -167 0 *
Ed
 1e-07 1 1 0
1  1171 0 0 0.349999999999998
4 C0 546 0 550 0
0

0101000
+167 0 -172 0 *
Wi

0101100
+170 0 +168 0 +166 0 +165 0 *
Fa
0  1e-07 546 0

0111000
+164 0 *
Ve
1e-07
27.46 9.795 0.421
0 0

0101101
*
Ed
 1e-07 1 1 0
1  1172 0 0 0.015
4 C0 547 0 550 0
0

0101000
+172 0 -162 0 *
Ve
1e-07
27.46 9.625 0.421
0 0

0101101
*
Ed
 1e-07 1 1 0
1  1173 0 0 0.17
4 C0 547 0 551 0
0

0101000
+162 0 -160 0 *
Ed
 1e-07 1 1 0
1  1174 0 0 0.015
4 C0 547 0 548 0
0

0101000
+171 0 -160 0 *
Wi

0101100
+161 0 +159 0 -158 0 -170 0 *
Fa
0  1e-07 547 0

0111000
+157 0 *
Ve
1e-07
27.81 9.795 0.421
0 0

0101101
*
Ed
 1e-07 1 1 0
1  1175 0 0 0.015
4 C0 550 0 549 0
0

0101000
+167 0 -155 0 *
Ed
 1e-07 1 1 0
1  1176 0 0 0.349999999999998
4 C0 550 0 551 0
0

0101000
+155 0 -162 0 *
Wi

0101100
+154 0 +153 0 -161 0 -165 0 *
Fa
0  1e-07 550 0

0111000
+152 0 *
Ve
1e-07
27.81 9.625 0.421
0 0

0101101
*
Ed
 1e-07 1 1 0
1  1177 0 0 0.015
4 C0 549 0 548 0
0

0101000
+169 0 -150 0 *
Ed
 1e-07 1 1 0
1  1178 0 0 0.17
4 C0 549 0 551 0
0

0101000
+150 0 -155 0 *
Wi

0101100
+149 0 +148 0 -154 0 -166 0 *
Fa
0  1e-07 549 0

0111000
+147 0 *
Ed
 1e-07 1 1 0
1  1179 0 0 0.349999999999998
4 C0 548 0 551 0
0

0101000
+160 0 -150 0 *
Wi

0101100
+158 0 +145 0 -149 0 -168 0 *
Fa
0  1e-07 548 0

0111000
+144 0 *
Wi

0101100
+159 0 +145 0 +148 0 +153 0 *
Fa
0  1e-07 551 0

0111000
+142 0 *
Sh

0101100
-163 0 -156 0 -151 0 -146 0 -143 0 +141 0 *
So

0100000
+140 0 *
Ve
1e-07
28.06 9.56 0.406
0 0

0101101
*
Ve
1e-07
28.06 9.335 0.406
0 0

0101101
*
Ed
 1e-07 1 1 0
1  1180 0 0 0.225
4 C0 552 0 553 0
0

0101000
+138 0 -137 0 *
Ve
1e-07
28.24 9.335 0.406
0 0

0101101
*
Ed
 1e-07 1 1 0
1  1181 0 0 0.18
4 C0 552 0 554 0
0

0101000
+137 0 -135 0 *
Ve
1e-07
28.24 9.56 0.406
0 0

0101101
*
Ed
 1e-07 1 1 0
1  1182 0 0 0.225
4 C0 552 0 555 0
0

0101000
+135 0 -133 0 *
Ed
 1e-07 1 1 0
1  1183 0 0 0.18
4 C0 552 0 556 0
0

0101000
+133 0 -138 0 *
Wi

0101100
+136 0 +134 0 +132 0 +131 0 *
Fa
0  1e-07 552 0

0111000
+130 0 *
Ve
1e-07
28.06 9.56 0.421
0 0

0101101
*
Ed
 1e-07 1 1 0
1  1184 0 0 0.015
4 C0 553 0 556 0
0

0101000
+138 0 -128 0 *
Ve
1e-07
28.06 9.335 0.421
0 0

0101101
*
Ed
 1e-07 1 1 0
1  1185 0 0 0.225
4 C0 553 0 557 0
0

0101000
+128 0 -126 0 *
Ed
 1e-07 1 1 0
1  1186 0 0 0.015
4 C0 553 0 554 0
0

0101000
+137 0 -126 0 *
Wi

0101100
+127 0 +125 0 -124 0 -136 0 *
Fa
0  1e-07 553 0

0111000
+123 0 *
Ve
1e-07
28.24 9.56 0.421
0 0

0101101
*
Ed
 1e-07 1 1 0
1  1187 0 0 0.015
4 C0 556 0 555 0
0

0101000
+133 0 -121 0 *
Ed
 1e-07 1 1 0
1  1188 0 0 0.18
4 C0 556 0 557 0
0

0101000
+121 0 -128 0 *
Wi

0101100
+120 0 +119 0 -127 0 -131 0 *
Fa
0  1e-07 556 0

0111000
+118 0 *
Ve
1e-07
28.24 9.335 0.421
0 0

0101101
*
Ed
 1e-07 1 1 0
1  1189 0 0 0.015
4 C0 555 0 554 0
0

0101000
+135 0 -116 0 *
Ed
 1e-07 1 1 0
1  1190 0 0 0.225
4 C0 555 0 557 0
0

0101000
+116 0 -121 0 *
Wi

0101100
+115 0 +114 0 -120 0 -132 0 *
Fa
0  1e-07 555 0

0111000
+113 0 *
Ed
 1e-07 1 1 0
1  1191 0 0 0.18
4 C0 554 0 557 0
0

0101000
+126 0 -116 0 *
Wi

0101100
+124 0 +111 0 -115 0 -134 0 *
Fa
0  1e-07 554 0

0111000
+110 0 *
Wi

0101100
+125 0 +111 0 +114 0 +119 0 *
Fa
0  1e-07 557 0

0111000
+108 0 *
Sh

0101100
-129 0 -122 0 -117 0 -112 0 -109 0 +107 0 *
So

0100000
+106 0 *
Ve
1e-07
28.44 9.56 0.406
0 0

0101101
*
Ve
1e-07
28.44 9.335 0.406
0 0

0101101
*
Ed
 1e-07 1 1 0
1  1192 0 0 0.225
4 C0 558 0 559 0
0

0101000
+104 0 -103 0 *
Ve
1e-07
28.62 9.335 0.406
0 0

0101101
*
Ed
 1e-07 1 1 0
1  1193 0 0 0.18
4 C0 558 0 560 0
0

0101000
+103 0 -101 0 *
Ve
1e-07
28.62 9.56 0.406
0 0

0101101
*
Ed
 1e-07 1 1 0
1  1194 0 0 0.225
4 C0 558 0 561 0
0

0101000
+101 0 -99 0 *
Ed
 1e-07 1 1 0
1  1195 0 0 0.18
4 C0 558 0 562 0
0

0101000
+99 0 -104 0 *
Wi

0101100
+102 0 +100 0 +98 0 +97 0 *
Fa
0  1e-07 558 0

0111000
+96 0 *
Ve
1e-07
28.44 9.56 0.421
0 0

0101101
*
Ed
 1e-07 1 1 0
1  1196 0 0 0.015
4 C0 559 0 562 0
0

0101000
+104 0 -94 0 *
Ve
1e-07
28.44 9.335 0.421
0 0

0101101
*
Ed
 1e-07 1 1 0
1  1197 0 0 0.225
4 C0 559 0 563 0
0

0101000
+94 0 -92 0 *
Ed
 1e-07 1 1 0
1  1198 0 0 0.015
4 C0 559 0 560 0
0

0101000
+103 0 -92 0 *
Wi

0101100
+93 0 +91 0 -90 0 -102 0 *
Fa
0  1e-07 559 0

0111000
+89 0 *
Ve
1e-07
28.62 9.56 0.421
0 0

0101101
*
Ed
 1e-07 1 1 0
1  1199 0 0 0.015
4 C0 562 0 561 0
0

0101000
+99 0 -87 0 *
Ed
 1e-07 1 1 0
1  1200 0 0 0.18
4 C0 562 0 563 0
0

0101000
+87 0 -94 0 *
Wi

0101100
+86 0 +85 0 -93 0 -97 0 *
Fa
0  1e-07 562 0

0111000
+84 0 *
Ve
1e-07
28.62 9.335 0.421
0 0

0101101
*
Ed
 1e-07 1 1 0
1  1201 0 0 0.015
4 C0 561 0 560 0
0

0101000
+101 0 -82 0 *
Ed
 1e-07 1 1 0
1  1202 0 0 0.225
4 C0 561 0 563 0
0

0101000
+82 0 -87 0 *
Wi

0101100
+81 0 +80 0 -86 0 -98 0 *
Fa
0  1e-07 561 0

0111000
+79 0 *
Ed
 1e-07 1 1 0
1  1203 0 0 0.18
4 C0 560 0 563 0
0

0101000
+92 0 -82 0 *
Wi

0101100
+90 0 +77 0 -81 0 -100 0 *
Fa
0  1e-07 560 0

0111000
+76 0 *
Wi

0101100
+91 0 +77 0 +80 0 +85 0 *
Fa
0  1e-07 563 0

0111000
+74 0 *
Sh

0101100
-95 0 -88 0 -83 0 -78 0 -75 0 +73 0 *
So

0100000
+72 0 *
Ve
1e-07
28.82 9.185 0.406
0 0

0101101
*
Ve
1e-07
28.82 8.96 0.406
0 0

0101101
*
Ed
 1e-07 1 1 0
1  1204 0 0 0.225
4 C0 564 0 565 0
0

0101000
+70 0 -69 0 *
Ve
1e-07
29 8.96 0.406
0 0

0101101
*
Ed
 1e-07 1 1 0
1  1205 0 0 0.18
4 C0 564 0 566 0
0

0101000
+69 0 -67 0 *
Ve
1e-07
29 9.185 0.406
0 0

0101101
*
Ed
 1e-07 1 1 0
1  1206 0 0 0.225
4 C0 564 0 567 0
0

0101000
+67 0 -65 0 *
Ed
 1e-07 1 1 0
1  1207 0 0 0.18
4 C0 564 0 568 0
0

0101000
+65 0 -70 0 *
Wi

0101100
+68 0 +66 0 +64 0 +63 0 *
Fa
0  1e-07 564 0

0111000
+62 0 *
Ve
1e-07
28.82 9.185 0.421
0 0

0101101
*
Ed
 1e-07 1 1 0
1  1208 0 0 0.015
4 C0 565 0 568 0
0

0101000
+70 0 -60 0 *
Ve
1e-07
28.82 8.96 0.421
0 0

0101101
*
Ed
 1e-07 1 1 0
1  1209 0 0 0.225
4 C0 565 0 569 0
0

0101000
+60 0 -58 0 *
Ed
 1e-07 1 1 0
1  1210 0 0 0.015
4 C0 565 0 566 0
0

0101000
+69 0 -58 0 *
Wi

0101100
+59 0 +57 0 -56 0 -68 0 *
Fa
0  1e-07 565 0

0111000
+55 0 *
Ve
1e-07
29 9.185 0.421
0 0

0101101
*
Ed
 1e-07 1 1 0
1  1211 0 0 0.015
4 C0 568 0 567 0
0

0101000
+65 0 -53 0 *
Ed
 1e-07 1 1 0
1  1212 0 0 0.18
4 C0 568 0 569 0
0

0101000
+53 0 -60 0 *
Wi

0101100
+52 0 +51 0 -59 0 -63 0 *
Fa
0  1e-07 568 0

0111000
+50 0 *
Ve
1e-07
29 8.96 0.421
0 0

0101101
*
Ed
 1e-07 1 1 0
1  1213 0 0 0.015
4 C0 567 0 566 0
0

0101000
+67 0 -48 0 *
Ed
 1e-07 1 1 0
1  1214 0 0 0.225
4 C0 567 0 569 0
0

0101000
+48 0 -53 0 *
Wi

0101100
+47 0 +46 0 -52 0 -64 0 *
Fa
0  1e-07 567 0

0111000
+45 0 *
Ed
 1e-07 1 1 0
1  1215 0 0 0.18
4 C0 566 0 569 0
0

0101000
+58 0 -48 0 *
Wi

0101100
+56 0 +43 0 -47 0 -66 0 *
Fa
0  1e-07 566 0

0111000
+42 0 *
Wi

0101100
+57 0 +43 0 +46 0 +51 0 *
Fa
0  1e-07 569 0

0111000
+40 0 *
Sh

0101100
-61 0 -54 0 -49 0 -44 0 -41 0 +39 0 *
So

0100000
+38 0 *
Ve
1e-07
28.82 9.56 0.406
0 0

0101101
*
Ve
1e-07
28.82 9.335 0.406
0 0

0101101
*
Ed
 1e-07 1 1 0
1  1216 0 0 0.225
4 C0 570 0 571 0
0

0101000
+36 0 -35 0 *
Ve
1e-07
29 9.335 0.406
0 0

0101101
*
Ed
 1e-07 1 1 0
1  1217 0 0 0.18
4 C0 570 0 572 0
0

0101000
+35 0 -33 0 *
Ve
1e-07
29 9.56 0.406
0 0

0101101
*
Ed
 1e-07 1 1 0
1  1218 0 0 0.225
4 C0 570 0 573 0
0

0101000
+33 0 -31 0 *
Ed
 1e-07 1 1 0
1  1219 0 0 0.18
4 C0 570 0 574 0
0

0101000
+31 0 -36 0 *
Wi

0101100
+34 0 +32 0 +30 0 +29 0 *
Fa
0  1e-07 570 0

0111000
+28 0 *
Ve
1e-07
28.82 9.56 0.421
0 0

0101101
*
Ed
 1e-07 1 1 0
1  1220 0 0 0.015
4 C0 571 0 574 0
0

0101000
+36 0 -26 0 *
Ve
1e-07
28.82 9.335 0.421
0 0

0101101
*
Ed
 1e-07 1 1 0
1  1221 0 0 0.225
4 C0 571 0 575 0
0

0101000
+26 0 -24 0 *
Ed
 1e-07 1 1 0
1  1222 0 0 0.015
4 C0 571 0 572 0
0

0101000
+35 0 -24 0 *
Wi

0101100
+25 0 +23 0 -22 0 -34 0 *
Fa
0  1e-07 571 0

0111000
+21 0 *
Ve
1e-07
29 9.56 0.421
0 0

0101101
*
Ed
 1e-07 1 1 0
1  1223 0 0 0.015
4 C0 574 0 573 0
0

0101000
+31 0 -19 0 *
Ed
 1e-07 1 1 0
1  1224 0 0 0.18
4 C0 574 0 575 0
0

0101000
+19 0 -26 0 *
Wi

0101100
+18 0 +17 0 -25 0 -29 0 *
Fa
0  1e-07 574 0

0111000
+16 0 *
Ve
1e-07
29 9.335 0.421
0 0

0101101
*
Ed
 1e-07 1 1 0
1  1225 0 0 0.015
4 C0 573 0 572 0
0

0101000
+33 0 -14 0 *
Ed
 1e-07 1 1 0
1  1226 0 0 0.225
4 C0 573 0 575 0
0

0101000
+14 0 -19 0 *
Wi

0101100
+13 0 +12 0 -18 0 -30 0 *
Fa
0  1e-07 573 0

0111000
+11 0 *
Ed
 1e-07 1 1 0
1  1227 0 0 0.18
4 C0 572 0 575 0
0

0101000
+24 0 -14 0 *
Wi

0101100
+22 0 +9 0 -13 0 -32 0 *
Fa
0  1e-07 572 0

0111000
+8 0 *
Wi

0101100
+23 0 +9 0 +12 0 +17 0 *
Fa
0  1e-07 575 0

0111000
+6 0 *
Sh

0101100
-27 0 -20 0 -15 0 -10 0 -7 0 +5 0 *
So

0100000
+4 0 *
Co

0100000
+1097 52 +1070 53 +1043 54 +1016 55 +982 56 +955 57 +893 58 +831 59 +769 60 +707 61 
+673 62 +639 63 +605 64 +571 65 +558 66 +545 67 +532 68 +519 69 +506 70 +493 71 
+480 72 +467 73 +405 74 +371 75 +337 76 +275 77 +241 78 +207 79 +173 80 +139 81 
+105 82 +71 83 +37 84 +3 85 *
Co

1100000
+1124 1 +2 51 *

+1 0 